
*** Running vivado
    with args -log dma_system_axis_clock_converter_0_0.vds -m64 -product Vivado -mode batch -messageDb vivado.pb -notrace -source dma_system_axis_clock_converter_0_0.tcl


****** Vivado v2025.2 (64-bit)
  **** SW Build 6299465 on Fri Nov 14 12:34:56 MST 2025
  **** IP Build 6300035 on Fri Nov 14 10:48:45 MST 2025
  **** SharedData Build 6298862 on Thu Nov 13 04:50:51 MST 2025
  **** Start of session at: Thu Aug  6 08:52:05 2026
    ** Copyright 1986-2022 Xilinx, Inc. All Rights Reserved.
    ** Copyright 2022-2025 Advanced Micro Devices, Inc. All Rights Reserved.

source dma_system_axis_clock_converter_0_0.tcl -notrace
create_project: Time (s): cpu = 00:00:12 ; elapsed = 00:00:05 . Memory (MB): peak = 1613.148 ; gain = 64.059 ; free physical = 256 ; free virtual = 1732
Command: synth_design -top dma_system_axis_clock_converter_0_0 -part xck26-sfvc784-2LV-c -incremental_mode off -mode out_of_context
Starting synth_design
Attempting to get a license for feature 'Synthesis' and/or device 'xck26'
INFO: [Common 17-349] Got license for feature 'Synthesis' and/or device 'xck26'
INFO: [Device 21-403] Loading part xck26-sfvc784-2LV-c
INFO: [Synth 8-7079] Multithreading enabled for synth_design using a maximum of 7 processes.
INFO: [Synth 8-7078] Launching helper process for spawning children vivado processes
INFO: [Synth 8-7075] Helper process launched with PID 3808156

*** Running vivado
    with args -log dma_system_axis_clock_converter_0_0.vds -m64 -product Vivado -mode batch -messageDb vivado.pb -notrace -source dma_system_axis_clock_converter_0_0.tcl


****** Vivado v2025.2 (64-bit)
  **** SW Build 6299465 on Fri Nov 14 12:34:56 MST 2025
  **** IP Build 6300035 on Fri Nov 14 10:48:45 MST 2025
  **** SharedData Build 6298862 on Thu Nov 13 04:50:51 MST 2025
  **** Start of session at: Thu Aug  6 09:09:47 2026
    ** Copyright 1986-2022 Xilinx, Inc. All Rights Reserved.
    ** Copyright 2022-2025 Advanced Micro Devices, Inc. All Rights Reserved.

source dma_system_axis_clock_converter_0_0.tcl -notrace
Command: synth_design -top dma_system_axis_clock_converter_0_0 -part xck26-sfvc784-2LV-c -incremental_mode off -mode out_of_context
Starting synth_design
Attempting to get a license for feature 'Synthesis' and/or device 'xck26'
INFO: [Common 17-349] Got license for feature 'Synthesis' and/or device 'xck26'
INFO: [Device 21-403] Loading part xck26-sfvc784-2LV-c
INFO: [Synth 8-7079] Multithreading enabled for synth_design using a maximum of 7 processes.
INFO: [Synth 8-7078] Launching helper process for spawning children vivado processes
INFO: [Synth 8-7075] Helper process launched with PID 11978
---------------------------------------------------------------------------------
Starting RTL Elaboration : Time (s): cpu = 00:00:05 ; elapsed = 00:00:09 . Memory (MB): peak = 2745.738 ; gain = 143.688 ; free physical = 269 ; free virtual = 2289
---------------------------------------------------------------------------------
INFO: [Synth 8-6157] synthesizing module 'dma_system_axis_clock_converter_0_0' [/home/kuszman/Magisterka/Intelligent-Vibroacoustic-Machine-Diagnostic-System-on-FPGA/spi/spi_true/spi_accelerometer_true/spi_accelerometer_true.gen/sources_1/bd/dma_system/ip/dma_system_axis_clock_converter_0_0/synth/dma_system_axis_clock_converter_0_0.v:53]
INFO: [Synth 8-6157] synthesizing module 'axis_clock_converter_v1_1_36_axis_clock_converter' [/home/kuszman/Magisterka/Intelligent-Vibroacoustic-Machine-Diagnostic-System-on-FPGA/spi/spi_true/spi_accelerometer_true/spi_accelerometer_true.gen/sources_1/bd/dma_system/ipshared/c5c7/hdl/axis_clock_converter_v1_1_vl_rfs.v:920]
INFO: [Synth 8-6157] synthesizing module 'axis_clock_converter_v1_1_36_axisc_async_clock_converter' [/home/kuszman/Magisterka/Intelligent-Vibroacoustic-Machine-Diagnostic-System-on-FPGA/spi/spi_true/spi_accelerometer_true/spi_accelerometer_true.gen/sources_1/bd/dma_system/ipshared/c5c7/hdl/axis_clock_converter_v1_1_vl_rfs.v:338]
INFO: [Synth 8-6157] synthesizing module 'xpm_cdc_sync_rst' [/home/kuszman/Xilinx/2025.2/data/ip/xpm/xpm_cdc/hdl/xpm_cdc.sv:1059]
INFO: [Synth 8-6155] done synthesizing module 'xpm_cdc_sync_rst' (0#1) [/home/kuszman/Xilinx/2025.2/data/ip/xpm/xpm_cdc/hdl/xpm_cdc.sv:1059]
INFO: [Synth 8-6157] synthesizing module 'xpm_fifo_async' [/home/kuszman/Xilinx/2025.2/data/ip/xpm/xpm_fifo/hdl/xpm_fifo.sv:2173]
INFO: [Synth 8-6157] synthesizing module 'xpm_fifo_base' [/home/kuszman/Xilinx/2025.2/data/ip/xpm/xpm_fifo/hdl/xpm_fifo.sv:53]
INFO: [Synth 8-6157] synthesizing module 'xpm_memory_base' [/home/kuszman/Xilinx/2025.2/data/ip/xpm/xpm_memory/hdl/xpm_memory.sv:54]
INFO: [Synth 8-6155] done synthesizing module 'xpm_memory_base' (0#1) [/home/kuszman/Xilinx/2025.2/data/ip/xpm/xpm_memory/hdl/xpm_memory.sv:54]
INFO: [Synth 8-6157] synthesizing module 'xpm_cdc_gray' [/home/kuszman/Xilinx/2025.2/data/ip/xpm/xpm_cdc/hdl/xpm_cdc.sv:283]
INFO: [Synth 8-6155] done synthesizing module 'xpm_cdc_gray' (0#1) [/home/kuszman/Xilinx/2025.2/data/ip/xpm/xpm_cdc/hdl/xpm_cdc.sv:283]
INFO: [Synth 8-6157] synthesizing module 'xpm_fifo_reg_vec' [/home/kuszman/Xilinx/2025.2/data/ip/xpm/xpm_fifo/hdl/xpm_fifo.sv:1905]
INFO: [Synth 8-6155] done synthesizing module 'xpm_fifo_reg_vec' (0#1) [/home/kuszman/Xilinx/2025.2/data/ip/xpm/xpm_fifo/hdl/xpm_fifo.sv:1905]
INFO: [Synth 8-6157] synthesizing module 'xpm_cdc_gray__parameterized0' [/home/kuszman/Xilinx/2025.2/data/ip/xpm/xpm_cdc/hdl/xpm_cdc.sv:283]
INFO: [Synth 8-6155] done synthesizing module 'xpm_cdc_gray__parameterized0' (0#1) [/home/kuszman/Xilinx/2025.2/data/ip/xpm/xpm_cdc/hdl/xpm_cdc.sv:283]
INFO: [Synth 8-6157] synthesizing module 'xpm_fifo_reg_vec__parameterized0' [/home/kuszman/Xilinx/2025.2/data/ip/xpm/xpm_fifo/hdl/xpm_fifo.sv:1905]
INFO: [Synth 8-6155] done synthesizing module 'xpm_fifo_reg_vec__parameterized0' (0#1) [/home/kuszman/Xilinx/2025.2/data/ip/xpm/xpm_fifo/hdl/xpm_fifo.sv:1905]
INFO: [Synth 8-6157] synthesizing module 'xpm_cdc_gray__parameterized1' [/home/kuszman/Xilinx/2025.2/data/ip/xpm/xpm_cdc/hdl/xpm_cdc.sv:283]
INFO: [Synth 8-6155] done synthesizing module 'xpm_cdc_gray__parameterized1' (0#1) [/home/kuszman/Xilinx/2025.2/data/ip/xpm/xpm_cdc/hdl/xpm_cdc.sv:283]
INFO: [Synth 8-226] default block is never used [/home/kuszman/Xilinx/2025.2/data/ip/xpm/xpm_fifo/hdl/xpm_fifo.sv:1220]
INFO: [Synth 8-226] default block is never used [/home/kuszman/Xilinx/2025.2/data/ip/xpm/xpm_fifo/hdl/xpm_fifo.sv:1287]
INFO: [Synth 8-226] default block is never used [/home/kuszman/Xilinx/2025.2/data/ip/xpm/xpm_fifo/hdl/xpm_fifo.sv:1309]
INFO: [Synth 8-6157] synthesizing module 'xpm_fifo_reg_bit' [/home/kuszman/Xilinx/2025.2/data/ip/xpm/xpm_fifo/hdl/xpm_fifo.sv:1927]
INFO: [Synth 8-6155] done synthesizing module 'xpm_fifo_reg_bit' (0#1) [/home/kuszman/Xilinx/2025.2/data/ip/xpm/xpm_fifo/hdl/xpm_fifo.sv:1927]
INFO: [Synth 8-6157] synthesizing module 'xpm_counter_updn' [/home/kuszman/Xilinx/2025.2/data/ip/xpm/xpm_fifo/hdl/xpm_fifo.sv:1879]
INFO: [Synth 8-6155] done synthesizing module 'xpm_counter_updn' (0#1) [/home/kuszman/Xilinx/2025.2/data/ip/xpm/xpm_fifo/hdl/xpm_fifo.sv:1879]
INFO: [Synth 8-6157] synthesizing module 'xpm_fifo_rst' [/home/kuszman/Xilinx/2025.2/data/ip/xpm/xpm_fifo/hdl/xpm_fifo.sv:1639]
INFO: [Synth 8-6157] synthesizing module 'xpm_cdc_sync_rst__parameterized0' [/home/kuszman/Xilinx/2025.2/data/ip/xpm/xpm_cdc/hdl/xpm_cdc.sv:1059]
INFO: [Synth 8-6155] done synthesizing module 'xpm_cdc_sync_rst__parameterized0' (0#1) [/home/kuszman/Xilinx/2025.2/data/ip/xpm/xpm_cdc/hdl/xpm_cdc.sv:1059]
INFO: [Synth 8-6155] done synthesizing module 'xpm_fifo_rst' (0#1) [/home/kuszman/Xilinx/2025.2/data/ip/xpm/xpm_fifo/hdl/xpm_fifo.sv:1639]
INFO: [Synth 8-6157] synthesizing module 'xpm_counter_updn__parameterized0' [/home/kuszman/Xilinx/2025.2/data/ip/xpm/xpm_fifo/hdl/xpm_fifo.sv:1879]
INFO: [Synth 8-6155] done synthesizing module 'xpm_counter_updn__parameterized0' (0#1) [/home/kuszman/Xilinx/2025.2/data/ip/xpm/xpm_fifo/hdl/xpm_fifo.sv:1879]
INFO: [Synth 8-6157] synthesizing module 'xpm_counter_updn__parameterized1' [/home/kuszman/Xilinx/2025.2/data/ip/xpm/xpm_fifo/hdl/xpm_fifo.sv:1879]
INFO: [Synth 8-6155] done synthesizing module 'xpm_counter_updn__parameterized1' (0#1) [/home/kuszman/Xilinx/2025.2/data/ip/xpm/xpm_fifo/hdl/xpm_fifo.sv:1879]
INFO: [Synth 8-6157] synthesizing module 'xpm_counter_updn__parameterized2' [/home/kuszman/Xilinx/2025.2/data/ip/xpm/xpm_fifo/hdl/xpm_fifo.sv:1879]
INFO: [Synth 8-6155] done synthesizing module 'xpm_counter_updn__parameterized2' (0#1) [/home/kuszman/Xilinx/2025.2/data/ip/xpm/xpm_fifo/hdl/xpm_fifo.sv:1879]
INFO: [Synth 8-6155] done synthesizing module 'xpm_fifo_base' (0#1) [/home/kuszman/Xilinx/2025.2/data/ip/xpm/xpm_fifo/hdl/xpm_fifo.sv:53]
INFO: [Synth 8-6155] done synthesizing module 'xpm_fifo_async' (0#1) [/home/kuszman/Xilinx/2025.2/data/ip/xpm/xpm_fifo/hdl/xpm_fifo.sv:2173]
INFO: [Synth 8-6155] done synthesizing module 'axis_clock_converter_v1_1_36_axisc_async_clock_converter' (0#1) [/home/kuszman/Magisterka/Intelligent-Vibroacoustic-Machine-Diagnostic-System-on-FPGA/spi/spi_true/spi_accelerometer_true/spi_accelerometer_true.gen/sources_1/bd/dma_system/ipshared/c5c7/hdl/axis_clock_converter_v1_1_vl_rfs.v:338]
INFO: [Synth 8-6157] synthesizing module 'axis_infrastructure_v1_1_1_util_axis2vector' [/home/kuszman/Magisterka/Intelligent-Vibroacoustic-Machine-Diagnostic-System-on-FPGA/spi/spi_true/spi_accelerometer_true/spi_accelerometer_true.gen/sources_1/bd/dma_system/ipshared/434f/hdl/axis_infrastructure_v1_1_vl_rfs.v:805]
INFO: [Synth 8-6155] done synthesizing module 'axis_infrastructure_v1_1_1_util_axis2vector' (0#1) [/home/kuszman/Magisterka/Intelligent-Vibroacoustic-Machine-Diagnostic-System-on-FPGA/spi/spi_true/spi_accelerometer_true/spi_accelerometer_true.gen/sources_1/bd/dma_system/ipshared/434f/hdl/axis_infrastructure_v1_1_vl_rfs.v:805]
INFO: [Synth 8-6157] synthesizing module 'axis_infrastructure_v1_1_1_util_vector2axis' [/home/kuszman/Magisterka/Intelligent-Vibroacoustic-Machine-Diagnostic-System-on-FPGA/spi/spi_true/spi_accelerometer_true/spi_accelerometer_true.gen/sources_1/bd/dma_system/ipshared/434f/hdl/axis_infrastructure_v1_1_vl_rfs.v:986]
INFO: [Synth 8-6155] done synthesizing module 'axis_infrastructure_v1_1_1_util_vector2axis' (0#1) [/home/kuszman/Magisterka/Intelligent-Vibroacoustic-Machine-Diagnostic-System-on-FPGA/spi/spi_true/spi_accelerometer_true/spi_accelerometer_true.gen/sources_1/bd/dma_system/ipshared/434f/hdl/axis_infrastructure_v1_1_vl_rfs.v:986]
INFO: [Synth 8-6155] done synthesizing module 'axis_clock_converter_v1_1_36_axis_clock_converter' (0#1) [/home/kuszman/Magisterka/Intelligent-Vibroacoustic-Machine-Diagnostic-System-on-FPGA/spi/spi_true/spi_accelerometer_true/spi_accelerometer_true.gen/sources_1/bd/dma_system/ipshared/c5c7/hdl/axis_clock_converter_v1_1_vl_rfs.v:920]
INFO: [Synth 8-6155] done synthesizing module 'dma_system_axis_clock_converter_0_0' (0#1) [/home/kuszman/Magisterka/Intelligent-Vibroacoustic-Machine-Diagnostic-System-on-FPGA/spi/spi_true/spi_accelerometer_true/spi_accelerometer_true.gen/sources_1/bd/dma_system/ip/dma_system_axis_clock_converter_0_0/synth/dma_system_axis_clock_converter_0_0.v:53]
WARNING: [Synth 8-6014] Unused sequential element gen_rd_b.gen_doutb_pipe.enb_pipe_reg[0] was removed.  [/home/kuszman/Xilinx/2025.2/data/ip/xpm/xpm_memory/hdl/xpm_memory.sv:3087]
WARNING: [Synth 8-6014] Unused sequential element dest_out_bin_ff_reg was removed.  [/home/kuszman/Xilinx/2025.2/data/ip/xpm/xpm_cdc/hdl/xpm_cdc.sv:417]
WARNING: [Synth 8-6014] Unused sequential element dest_out_bin_ff_reg was removed.  [/home/kuszman/Xilinx/2025.2/data/ip/xpm/xpm_cdc/hdl/xpm_cdc.sv:417]
WARNING: [Synth 8-6014] Unused sequential element dest_out_bin_ff_reg was removed.  [/home/kuszman/Xilinx/2025.2/data/ip/xpm/xpm_cdc/hdl/xpm_cdc.sv:417]
WARNING: [Synth 8-6014] Unused sequential element gdvld.data_valid_std_reg was removed.  [/home/kuszman/Xilinx/2025.2/data/ip/xpm/xpm_fifo/hdl/xpm_fifo.sv:550]
WARNING: [Synth 8-6014] Unused sequential element gen_fwft.empty_fwft_fb_reg was removed.  [/home/kuszman/Xilinx/2025.2/data/ip/xpm/xpm_fifo/hdl/xpm_fifo.sv:1404]
INFO: [Synth 8-7129] Port TSTRB[1] in module axis_infrastructure_v1_1_1_util_axis2vector is either unconnected or has no load
INFO: [Synth 8-7129] Port TSTRB[0] in module axis_infrastructure_v1_1_1_util_axis2vector is either unconnected or has no load
INFO: [Synth 8-7129] Port TID[0] in module axis_infrastructure_v1_1_1_util_axis2vector is either unconnected or has no load
INFO: [Synth 8-7129] Port TDEST[0] in module axis_infrastructure_v1_1_1_util_axis2vector is either unconnected or has no load
INFO: [Synth 8-7129] Port TUSER[0] in module axis_infrastructure_v1_1_1_util_axis2vector is either unconnected or has no load
INFO: [Synth 8-7129] Port sleep in module xpm_memory_base is either unconnected or has no load
INFO: [Synth 8-7129] Port rsta in module xpm_memory_base is either unconnected or has no load
INFO: [Synth 8-7129] Port regcea in module xpm_memory_base is either unconnected or has no load
INFO: [Synth 8-7129] Port injectsbiterra in module xpm_memory_base is either unconnected or has no load
INFO: [Synth 8-7129] Port injectdbiterra in module xpm_memory_base is either unconnected or has no load
INFO: [Synth 8-7129] Port web[0] in module xpm_memory_base is either unconnected or has no load
INFO: [Synth 8-7129] Port dinb[18] in module xpm_memory_base is either unconnected or has no load
INFO: [Synth 8-7129] Port dinb[17] in module xpm_memory_base is either unconnected or has no load
INFO: [Synth 8-7129] Port dinb[16] in module xpm_memory_base is either unconnected or has no load
INFO: [Synth 8-7129] Port dinb[15] in module xpm_memory_base is either unconnected or has no load
INFO: [Synth 8-7129] Port dinb[14] in module xpm_memory_base is either unconnected or has no load
INFO: [Synth 8-7129] Port dinb[13] in module xpm_memory_base is either unconnected or has no load
INFO: [Synth 8-7129] Port dinb[12] in module xpm_memory_base is either unconnected or has no load
INFO: [Synth 8-7129] Port dinb[11] in module xpm_memory_base is either unconnected or has no load
INFO: [Synth 8-7129] Port dinb[10] in module xpm_memory_base is either unconnected or has no load
INFO: [Synth 8-7129] Port dinb[9] in module xpm_memory_base is either unconnected or has no load
INFO: [Synth 8-7129] Port dinb[8] in module xpm_memory_base is either unconnected or has no load
INFO: [Synth 8-7129] Port dinb[7] in module xpm_memory_base is either unconnected or has no load
INFO: [Synth 8-7129] Port dinb[6] in module xpm_memory_base is either unconnected or has no load
INFO: [Synth 8-7129] Port dinb[5] in module xpm_memory_base is either unconnected or has no load
INFO: [Synth 8-7129] Port dinb[4] in module xpm_memory_base is either unconnected or has no load
INFO: [Synth 8-7129] Port dinb[3] in module xpm_memory_base is either unconnected or has no load
INFO: [Synth 8-7129] Port dinb[2] in module xpm_memory_base is either unconnected or has no load
INFO: [Synth 8-7129] Port dinb[1] in module xpm_memory_base is either unconnected or has no load
INFO: [Synth 8-7129] Port dinb[0] in module xpm_memory_base is either unconnected or has no load
INFO: [Synth 8-7129] Port injectsbiterrb in module xpm_memory_base is either unconnected or has no load
INFO: [Synth 8-7129] Port injectdbiterrb in module xpm_memory_base is either unconnected or has no load
INFO: [Synth 8-7129] Port s_axis_aclken in module axis_clock_converter_v1_1_36_axis_clock_converter is either unconnected or has no load
INFO: [Synth 8-7129] Port m_axis_aclken in module axis_clock_converter_v1_1_36_axis_clock_converter is either unconnected or has no load
---------------------------------------------------------------------------------
Finished RTL Elaboration : Time (s): cpu = 00:00:07 ; elapsed = 00:00:12 . Memory (MB): peak = 2839.707 ; gain = 237.656 ; free physical = 183 ; free virtual = 1677
---------------------------------------------------------------------------------
---------------------------------------------------------------------------------
Start Handling Custom Attributes
---------------------------------------------------------------------------------
---------------------------------------------------------------------------------
Finished Handling Custom Attributes : Time (s): cpu = 00:00:07 ; elapsed = 00:00:12 . Memory (MB): peak = 2839.707 ; gain = 237.656 ; free physical = 166 ; free virtual = 1659
---------------------------------------------------------------------------------
---------------------------------------------------------------------------------
Finished RTL Optimization Phase 1 : Time (s): cpu = 00:00:07 ; elapsed = 00:00:12 . Memory (MB): peak = 2839.707 ; gain = 237.656 ; free physical = 166 ; free virtual = 1659
---------------------------------------------------------------------------------
Netlist sorting complete. Time (s): cpu = 00:00:00.01 ; elapsed = 00:00:00 . Memory (MB): peak = 2839.707 ; gain = 0.000 ; free physical = 164 ; free virtual = 1643
INFO: [Project 1-570] Preparing netlist for logic optimization

Processing XDC Constraints
Initializing timing engine
Parsing XDC File [/home/kuszman/Magisterka/Intelligent-Vibroacoustic-Machine-Diagnostic-System-on-FPGA/spi/spi_true/spi_accelerometer_true/spi_accelerometer_true.gen/sources_1/bd/dma_system/ip/dma_system_axis_clock_converter_0_0/dma_system_axis_clock_converter_0_0_ooc.xdc] for cell 'inst'
Finished Parsing XDC File [/home/kuszman/Magisterka/Intelligent-Vibroacoustic-Machine-Diagnostic-System-on-FPGA/spi/spi_true/spi_accelerometer_true/spi_accelerometer_true.gen/sources_1/bd/dma_system/ip/dma_system_axis_clock_converter_0_0/dma_system_axis_clock_converter_0_0_ooc.xdc] for cell 'inst'
Parsing XDC File [/home/kuszman/Magisterka/Intelligent-Vibroacoustic-Machine-Diagnostic-System-on-FPGA/spi/spi_true/spi_accelerometer_true/spi_accelerometer_true.runs/dma_system_axis_clock_converter_0_0_synth_1/dont_touch.xdc]
Finished Parsing XDC File [/home/kuszman/Magisterka/Intelligent-Vibroacoustic-Machine-Diagnostic-System-on-FPGA/spi/spi_true/spi_accelerometer_true/spi_accelerometer_true.runs/dma_system_axis_clock_converter_0_0_synth_1/dont_touch.xdc]
INFO: [Project 1-236] Implementation specific constraints were found while reading constraint file [/home/kuszman/Xilinx/2025.2/data/ip/xpm/xpm_cdc/tcl/xpm_cdc_gray.tcl]. These constraints will be ignored for synthesis but will be used in implementation. Impacted constraints are listed in the file [.Xil/dma_system_axis_clock_converter_0_0_propImpl.xdc].
Resolution: To avoid this warning, move constraints listed in [.Xil/dma_system_axis_clock_converter_0_0_propImpl.xdc] to another XDC file and exclude this new file from synthesis with the used_in_synthesis property (File Properties dialog in GUI) and re-run elaboration/synthesis.
INFO: [Project 1-236] Implementation specific constraints were found while reading constraint file [/home/kuszman/Xilinx/2025.2/data/ip/xpm/xpm_fifo/tcl/xpm_fifo_rst.tcl]. These constraints will be ignored for synthesis but will be used in implementation. Impacted constraints are listed in the file [.Xil/dma_system_axis_clock_converter_0_0_propImpl.xdc].
Resolution: To avoid this warning, move constraints listed in [.Xil/dma_system_axis_clock_converter_0_0_propImpl.xdc] to another XDC file and exclude this new file from synthesis with the used_in_synthesis property (File Properties dialog in GUI) and re-run elaboration/synthesis.
INFO: [Project 1-1714] 8 XPM XDC files have been applied to the design.
Completed Processing XDC Constraints

Netlist sorting complete. Time (s): cpu = 00:00:00 ; elapsed = 00:00:00 . Memory (MB): peak = 2938.945 ; gain = 0.000 ; free physical = 281 ; free virtual = 1327
INFO: [Project 1-111] Unisim Transformation Summary:
No Unisim elements were transformed.

Constraint Validation Runtime : Time (s): cpu = 00:00:00.01 ; elapsed = 00:00:00.02 . Memory (MB): peak = 2938.980 ; gain = 0.000 ; free physical = 272 ; free virtual = 1329
INFO: [Designutils 20-5008] Incremental synthesis strategy off
---------------------------------------------------------------------------------
Finished Constraint Validation : Time (s): cpu = 00:00:18 ; elapsed = 00:00:24 . Memory (MB): peak = 2938.980 ; gain = 336.930 ; free physical = 225 ; free virtual = 1237
---------------------------------------------------------------------------------
---------------------------------------------------------------------------------
Start Loading Part and Timing Information
---------------------------------------------------------------------------------
Loading part: xck26-sfvc784-2LV-c
INFO: [Synth 8-6742] Reading net delay rules and data
---------------------------------------------------------------------------------
Finished Loading Part and Timing Information : Time (s): cpu = 00:00:18 ; elapsed = 00:00:24 . Memory (MB): peak = 2946.949 ; gain = 344.898 ; free physical = 224 ; free virtual = 1237
---------------------------------------------------------------------------------
---------------------------------------------------------------------------------
Start Applying 'set_property' XDC Constraints
---------------------------------------------------------------------------------
---------------------------------------------------------------------------------
Finished applying 'set_property' XDC Constraints : Time (s): cpu = 00:00:18 ; elapsed = 00:00:24 . Memory (MB): peak = 2946.949 ; gain = 344.898 ; free physical = 220 ; free virtual = 1236
---------------------------------------------------------------------------------
INFO: [Synth 8-802] inferred FSM for state register 'gen_rst_ic.curr_wrst_state_reg' in module 'xpm_fifo_rst'
INFO: [Synth 8-802] inferred FSM for state register 'gen_rst_ic.curr_rrst_state_reg' in module 'xpm_fifo_rst'
INFO: [Synth 8-802] inferred FSM for state register 'gen_fwft.curr_fwft_state_reg' in module 'xpm_fifo_base'
INFO: [Synth 8-5552] Implemented safe state 'default_state' for state register 'gen_rst_ic.curr_wrst_state_reg' in module 'xpm_fifo_rst'
---------------------------------------------------------------------------------------------------
                   State |                     New Encoding |                Previous Encoding 
---------------------------------------------------------------------------------------------------
*
               WRST_IDLE |                            00001 |                              000
                 WRST_IN |                            00010 |                              010
                WRST_OUT |                            00100 |                              111
               WRST_EXIT |                            01000 |                              110
            WRST_GO2IDLE |                            10000 |                              100
---------------------------------------------------------------------------------------------------
INFO: [Synth 8-3354] encoded FSM with state register 'gen_rst_ic.curr_wrst_state_reg' using encoding 'one-hot' in module 'xpm_fifo_rst'
INFO: [Synth 8-5552] Implemented safe state 'default_state' for state register 'gen_rst_ic.curr_rrst_state_reg' in module 'xpm_fifo_rst'
---------------------------------------------------------------------------------------------------
                   State |                     New Encoding |                Previous Encoding 
---------------------------------------------------------------------------------------------------
*
               RRST_IDLE |                               00 |                               00
                 RRST_IN |                               01 |                               10
                RRST_OUT |                               10 |                               11
               RRST_EXIT |                               11 |                               01
---------------------------------------------------------------------------------------------------
INFO: [Synth 8-3354] encoded FSM with state register 'gen_rst_ic.curr_rrst_state_reg' using encoding 'sequential' in module 'xpm_fifo_rst'
---------------------------------------------------------------------------------------------------
                   State |                     New Encoding |                Previous Encoding 
---------------------------------------------------------------------------------------------------
                 invalid |                               00 |                               00
            stage1_valid |                               01 |                               10
       both_stages_valid |                               10 |                               11
            stage2_valid |                               11 |                               01
---------------------------------------------------------------------------------------------------
INFO: [Synth 8-3354] encoded FSM with state register 'gen_fwft.curr_fwft_state_reg' using encoding 'sequential' in module 'xpm_fifo_base'
---------------------------------------------------------------------------------
Finished RTL Optimization Phase 2 : Time (s): cpu = 00:00:19 ; elapsed = 00:00:25 . Memory (MB): peak = 2946.949 ; gain = 344.898 ; free physical = 210 ; free virtual = 1231
---------------------------------------------------------------------------------
---------------------------------------------------------------------------------
Start RTL Component Statistics 
---------------------------------------------------------------------------------
Detailed RTL Component Info : 
+---Adders : 
	   4 Input    6 Bit       Adders := 2     
	   2 Input    6 Bit       Adders := 2     
	   4 Input    5 Bit       Adders := 3     
	   4 Input    2 Bit       Adders := 1     
+---XORs : 
	   2 Input      6 Bit         XORs := 2     
	   2 Input      5 Bit         XORs := 2     
	   2 Input      1 Bit         XORs := 18    
+---Registers : 
	               19 Bit    Registers := 2     
	                6 Bit    Registers := 12    
	                5 Bit    Registers := 11    
	                2 Bit    Registers := 5     
	                1 Bit    Registers := 15    
+---Muxes : 
	   6 Input    5 Bit        Muxes := 1     
	   2 Input    5 Bit        Muxes := 8     
	   5 Input    2 Bit        Muxes := 1     
	   2 Input    2 Bit        Muxes := 33    
	   4 Input    2 Bit        Muxes := 7     
	   2 Input    1 Bit        Muxes := 5     
	   6 Input    1 Bit        Muxes := 2     
	   5 Input    1 Bit        Muxes := 3     
	   4 Input    1 Bit        Muxes := 2     
---------------------------------------------------------------------------------
Finished RTL Component Statistics 
---------------------------------------------------------------------------------
---------------------------------------------------------------------------------
Start Part Resource Summary
---------------------------------------------------------------------------------
Part Resources:
DSPs: 1248 (col length:96)
BRAMs: 288 (col length: RAMB18 96 RAMB36 48)
---------------------------------------------------------------------------------
Finished Part Resource Summary
---------------------------------------------------------------------------------
---------------------------------------------------------------------------------
Start Cross Boundary and Area Optimization
---------------------------------------------------------------------------------
INFO: [Synth 8-7129] Port rsta in module xpm_memory_base is either unconnected or has no load
INFO: [Synth 8-7129] Port regcea in module xpm_memory_base is either unconnected or has no load
INFO: [Synth 8-7129] Port injectsbiterra in module xpm_memory_base is either unconnected or has no load
INFO: [Synth 8-7129] Port injectdbiterra in module xpm_memory_base is either unconnected or has no load
INFO: [Synth 8-7129] Port web[0] in module xpm_memory_base is either unconnected or has no load
INFO: [Synth 8-7129] Port dinb[18] in module xpm_memory_base is either unconnected or has no load
INFO: [Synth 8-7129] Port dinb[17] in module xpm_memory_base is either unconnected or has no load
INFO: [Synth 8-7129] Port dinb[16] in module xpm_memory_base is either unconnected or has no load
INFO: [Synth 8-7129] Port dinb[15] in module xpm_memory_base is either unconnected or has no load
INFO: [Synth 8-7129] Port dinb[14] in module xpm_memory_base is either unconnected or has no load
INFO: [Synth 8-7129] Port dinb[13] in module xpm_memory_base is either unconnected or has no load
INFO: [Synth 8-7129] Port dinb[12] in module xpm_memory_base is either unconnected or has no load
INFO: [Synth 8-7129] Port dinb[11] in module xpm_memory_base is either unconnected or has no load
INFO: [Synth 8-7129] Port dinb[10] in module xpm_memory_base is either unconnected or has no load
INFO: [Synth 8-7129] Port dinb[9] in module xpm_memory_base is either unconnected or has no load
INFO: [Synth 8-7129] Port dinb[8] in module xpm_memory_base is either unconnected or has no load
INFO: [Synth 8-7129] Port dinb[7] in module xpm_memory_base is either unconnected or has no load
INFO: [Synth 8-7129] Port dinb[6] in module xpm_memory_base is either unconnected or has no load
INFO: [Synth 8-7129] Port dinb[5] in module xpm_memory_base is either unconnected or has no load
INFO: [Synth 8-7129] Port dinb[4] in module xpm_memory_base is either unconnected or has no load
INFO: [Synth 8-7129] Port dinb[3] in module xpm_memory_base is either unconnected or has no load
INFO: [Synth 8-7129] Port dinb[2] in module xpm_memory_base is either unconnected or has no load
INFO: [Synth 8-7129] Port dinb[1] in module xpm_memory_base is either unconnected or has no load
INFO: [Synth 8-7129] Port dinb[0] in module xpm_memory_base is either unconnected or has no load
INFO: [Synth 8-7129] Port injectsbiterrb in module xpm_memory_base is either unconnected or has no load
INFO: [Synth 8-7129] Port injectdbiterrb in module xpm_memory_base is either unconnected or has no load
INFO: [Synth 8-7129] Port s_axis_aclken in module axis_clock_converter_v1_1_36_axis_clock_converter is either unconnected or has no load
INFO: [Synth 8-7129] Port m_axis_aclken in module axis_clock_converter_v1_1_36_axis_clock_converter is either unconnected or has no load
INFO: [Synth 8-7129] Port s_axis_tstrb[1] in module axis_clock_converter_v1_1_36_axis_clock_converter is either unconnected or has no load
INFO: [Synth 8-7129] Port s_axis_tstrb[0] in module axis_clock_converter_v1_1_36_axis_clock_converter is either unconnected or has no load
INFO: [Synth 8-7129] Port s_axis_tid[0] in module axis_clock_converter_v1_1_36_axis_clock_converter is either unconnected or has no load
INFO: [Synth 8-7129] Port s_axis_tdest[0] in module axis_clock_converter_v1_1_36_axis_clock_converter is either unconnected or has no load
INFO: [Synth 8-7129] Port s_axis_tuser[0] in module axis_clock_converter_v1_1_36_axis_clock_converter is either unconnected or has no load
---------------------------------------------------------------------------------
Finished Cross Boundary and Area Optimization : Time (s): cpu = 00:00:20 ; elapsed = 00:00:27 . Memory (MB): peak = 2946.949 ; gain = 344.898 ; free physical = 305 ; free virtual = 1208
---------------------------------------------------------------------------------
---------------------------------------------------------------------------------
Start ROM, RAM, DSP, Shift Register and Retiming Reporting
---------------------------------------------------------------------------------

Distributed RAM: Preliminary Mapping Report (see note below)
+-------------------------------------------------------------------------------------------------------------------------------------------------+----------------------------------+----------------+----------------------+---------------+
|Module Name                                                                                                                                      | RTL Object                       | Inference      | Size (Depth x Width) | Primitives    | 
+-------------------------------------------------------------------------------------------------------------------------------------------------+----------------------------------+----------------+----------------------+---------------+
|inst/\gen_async_conv.axisc_async_clock_converter_0/xpm_fifo_async_inst /\gnuram_async_fifo.xpm_fifo_base_inst /\gen_sdpram.xpm_memory_base_inst  | gen_wr_a.gen_word_narrow.mem_reg | User Attribute | 32 x 19              | RAM32M16 x 2  | 
+-------------------------------------------------------------------------------------------------------------------------------------------------+----------------------------------+----------------+----------------------+---------------+

Note: The table above is a preliminary report that shows the Distributed RAMs at the current stage of the synthesis flow. Some Distributed RAMs may be reimplemented as non Distributed RAM primitives later in the synthesis flow. Multiple instantiated RAMs are reported only once.
---------------------------------------------------------------------------------
Finished ROM, RAM, DSP, Shift Register and Retiming Reporting
---------------------------------------------------------------------------------

*** Running vivado
    with args -log dma_system_axis_clock_converter_0_0.vds -m64 -product Vivado -mode batch -messageDb vivado.pb -notrace -source dma_system_axis_clock_converter_0_0.tcl


****** Vivado v2025.2 (64-bit)
  **** SW Build 6299465 on Fri Nov 14 12:34:56 MST 2025
  **** IP Build 6300035 on Fri Nov 14 10:48:45 MST 2025
  **** SharedData Build 6298862 on Thu Nov 13 04:50:51 MST 2025
  **** Start of session at: Thu Aug  6 09:15:32 2026
    ** Copyright 1986-2022 Xilinx, Inc. All Rights Reserved.
    ** Copyright 2022-2025 Advanced Micro Devices, Inc. All Rights Reserved.

source dma_system_axis_clock_converter_0_0.tcl -notrace
Command: synth_design -top dma_system_axis_clock_converter_0_0 -part xck26-sfvc784-2LV-c -incremental_mode off -mode out_of_context
Starting synth_design
Attempting to get a license for feature 'Synthesis' and/or device 'xck26'
INFO: [Common 17-349] Got license for feature 'Synthesis' and/or device 'xck26'
INFO: [Device 21-403] Loading part xck26-sfvc784-2LV-c
INFO: [Synth 8-7079] Multithreading enabled for synth_design using a maximum of 7 processes.
INFO: [Synth 8-7078] Launching helper process for spawning children vivado processes
INFO: [Synth 8-7075] Helper process launched with PID 15975
---------------------------------------------------------------------------------
Starting RTL Elaboration : Time (s): cpu = 00:00:06 ; elapsed = 00:00:06 . Memory (MB): peak = 2746.570 ; gain = 143.688 ; free physical = 199 ; free virtual = 2950
---------------------------------------------------------------------------------
INFO: [Synth 8-6157] synthesizing module 'dma_system_axis_clock_converter_0_0' [/home/kuszman/Magisterka/Intelligent-Vibroacoustic-Machine-Diagnostic-System-on-FPGA/spi/spi_true/spi_accelerometer_true/spi_accelerometer_true.gen/sources_1/bd/dma_system/ip/dma_system_axis_clock_converter_0_0/synth/dma_system_axis_clock_converter_0_0.v:53]
INFO: [Synth 8-6157] synthesizing module 'axis_clock_converter_v1_1_36_axis_clock_converter' [/home/kuszman/Magisterka/Intelligent-Vibroacoustic-Machine-Diagnostic-System-on-FPGA/spi/spi_true/spi_accelerometer_true/spi_accelerometer_true.gen/sources_1/bd/dma_system/ipshared/c5c7/hdl/axis_clock_converter_v1_1_vl_rfs.v:920]
INFO: [Synth 8-6157] synthesizing module 'axis_clock_converter_v1_1_36_axisc_async_clock_converter' [/home/kuszman/Magisterka/Intelligent-Vibroacoustic-Machine-Diagnostic-System-on-FPGA/spi/spi_true/spi_accelerometer_true/spi_accelerometer_true.gen/sources_1/bd/dma_system/ipshared/c5c7/hdl/axis_clock_converter_v1_1_vl_rfs.v:338]
INFO: [Synth 8-6157] synthesizing module 'xpm_cdc_sync_rst' [/home/kuszman/Xilinx/2025.2/data/ip/xpm/xpm_cdc/hdl/xpm_cdc.sv:1059]
INFO: [Synth 8-6155] done synthesizing module 'xpm_cdc_sync_rst' (0#1) [/home/kuszman/Xilinx/2025.2/data/ip/xpm/xpm_cdc/hdl/xpm_cdc.sv:1059]
INFO: [Synth 8-6157] synthesizing module 'xpm_fifo_async' [/home/kuszman/Xilinx/2025.2/data/ip/xpm/xpm_fifo/hdl/xpm_fifo.sv:2173]
INFO: [Synth 8-6157] synthesizing module 'xpm_fifo_base' [/home/kuszman/Xilinx/2025.2/data/ip/xpm/xpm_fifo/hdl/xpm_fifo.sv:53]
INFO: [Synth 8-6157] synthesizing module 'xpm_memory_base' [/home/kuszman/Xilinx/2025.2/data/ip/xpm/xpm_memory/hdl/xpm_memory.sv:54]
INFO: [Synth 8-6155] done synthesizing module 'xpm_memory_base' (0#1) [/home/kuszman/Xilinx/2025.2/data/ip/xpm/xpm_memory/hdl/xpm_memory.sv:54]
INFO: [Synth 8-6157] synthesizing module 'xpm_cdc_gray' [/home/kuszman/Xilinx/2025.2/data/ip/xpm/xpm_cdc/hdl/xpm_cdc.sv:283]
INFO: [Synth 8-6155] done synthesizing module 'xpm_cdc_gray' (0#1) [/home/kuszman/Xilinx/2025.2/data/ip/xpm/xpm_cdc/hdl/xpm_cdc.sv:283]
INFO: [Synth 8-6157] synthesizing module 'xpm_fifo_reg_vec' [/home/kuszman/Xilinx/2025.2/data/ip/xpm/xpm_fifo/hdl/xpm_fifo.sv:1905]
INFO: [Synth 8-6155] done synthesizing module 'xpm_fifo_reg_vec' (0#1) [/home/kuszman/Xilinx/2025.2/data/ip/xpm/xpm_fifo/hdl/xpm_fifo.sv:1905]
INFO: [Synth 8-6157] synthesizing module 'xpm_cdc_gray__parameterized0' [/home/kuszman/Xilinx/2025.2/data/ip/xpm/xpm_cdc/hdl/xpm_cdc.sv:283]
INFO: [Synth 8-6155] done synthesizing module 'xpm_cdc_gray__parameterized0' (0#1) [/home/kuszman/Xilinx/2025.2/data/ip/xpm/xpm_cdc/hdl/xpm_cdc.sv:283]
INFO: [Synth 8-6157] synthesizing module 'xpm_fifo_reg_vec__parameterized0' [/home/kuszman/Xilinx/2025.2/data/ip/xpm/xpm_fifo/hdl/xpm_fifo.sv:1905]
INFO: [Synth 8-6155] done synthesizing module 'xpm_fifo_reg_vec__parameterized0' (0#1) [/home/kuszman/Xilinx/2025.2/data/ip/xpm/xpm_fifo/hdl/xpm_fifo.sv:1905]
INFO: [Synth 8-6157] synthesizing module 'xpm_cdc_gray__parameterized1' [/home/kuszman/Xilinx/2025.2/data/ip/xpm/xpm_cdc/hdl/xpm_cdc.sv:283]
INFO: [Synth 8-6155] done synthesizing module 'xpm_cdc_gray__parameterized1' (0#1) [/home/kuszman/Xilinx/2025.2/data/ip/xpm/xpm_cdc/hdl/xpm_cdc.sv:283]
INFO: [Synth 8-226] default block is never used [/home/kuszman/Xilinx/2025.2/data/ip/xpm/xpm_fifo/hdl/xpm_fifo.sv:1220]
INFO: [Synth 8-226] default block is never used [/home/kuszman/Xilinx/2025.2/data/ip/xpm/xpm_fifo/hdl/xpm_fifo.sv:1287]
INFO: [Synth 8-226] default block is never used [/home/kuszman/Xilinx/2025.2/data/ip/xpm/xpm_fifo/hdl/xpm_fifo.sv:1309]
INFO: [Synth 8-6157] synthesizing module 'xpm_fifo_reg_bit' [/home/kuszman/Xilinx/2025.2/data/ip/xpm/xpm_fifo/hdl/xpm_fifo.sv:1927]
INFO: [Synth 8-6155] done synthesizing module 'xpm_fifo_reg_bit' (0#1) [/home/kuszman/Xilinx/2025.2/data/ip/xpm/xpm_fifo/hdl/xpm_fifo.sv:1927]
INFO: [Synth 8-6157] synthesizing module 'xpm_counter_updn' [/home/kuszman/Xilinx/2025.2/data/ip/xpm/xpm_fifo/hdl/xpm_fifo.sv:1879]
INFO: [Synth 8-6155] done synthesizing module 'xpm_counter_updn' (0#1) [/home/kuszman/Xilinx/2025.2/data/ip/xpm/xpm_fifo/hdl/xpm_fifo.sv:1879]
INFO: [Synth 8-6157] synthesizing module 'xpm_fifo_rst' [/home/kuszman/Xilinx/2025.2/data/ip/xpm/xpm_fifo/hdl/xpm_fifo.sv:1639]
INFO: [Synth 8-6157] synthesizing module 'xpm_cdc_sync_rst__parameterized0' [/home/kuszman/Xilinx/2025.2/data/ip/xpm/xpm_cdc/hdl/xpm_cdc.sv:1059]
INFO: [Synth 8-6155] done synthesizing module 'xpm_cdc_sync_rst__parameterized0' (0#1) [/home/kuszman/Xilinx/2025.2/data/ip/xpm/xpm_cdc/hdl/xpm_cdc.sv:1059]
INFO: [Synth 8-6155] done synthesizing module 'xpm_fifo_rst' (0#1) [/home/kuszman/Xilinx/2025.2/data/ip/xpm/xpm_fifo/hdl/xpm_fifo.sv:1639]
INFO: [Synth 8-6157] synthesizing module 'xpm_counter_updn__parameterized0' [/home/kuszman/Xilinx/2025.2/data/ip/xpm/xpm_fifo/hdl/xpm_fifo.sv:1879]
INFO: [Synth 8-6155] done synthesizing module 'xpm_counter_updn__parameterized0' (0#1) [/home/kuszman/Xilinx/2025.2/data/ip/xpm/xpm_fifo/hdl/xpm_fifo.sv:1879]
INFO: [Synth 8-6157] synthesizing module 'xpm_counter_updn__parameterized1' [/home/kuszman/Xilinx/2025.2/data/ip/xpm/xpm_fifo/hdl/xpm_fifo.sv:1879]
INFO: [Synth 8-6155] done synthesizing module 'xpm_counter_updn__parameterized1' (0#1) [/home/kuszman/Xilinx/2025.2/data/ip/xpm/xpm_fifo/hdl/xpm_fifo.sv:1879]
INFO: [Synth 8-6157] synthesizing module 'xpm_counter_updn__parameterized2' [/home/kuszman/Xilinx/2025.2/data/ip/xpm/xpm_fifo/hdl/xpm_fifo.sv:1879]
INFO: [Synth 8-6155] done synthesizing module 'xpm_counter_updn__parameterized2' (0#1) [/home/kuszman/Xilinx/2025.2/data/ip/xpm/xpm_fifo/hdl/xpm_fifo.sv:1879]
INFO: [Synth 8-6155] done synthesizing module 'xpm_fifo_base' (0#1) [/home/kuszman/Xilinx/2025.2/data/ip/xpm/xpm_fifo/hdl/xpm_fifo.sv:53]
INFO: [Synth 8-6155] done synthesizing module 'xpm_fifo_async' (0#1) [/home/kuszman/Xilinx/2025.2/data/ip/xpm/xpm_fifo/hdl/xpm_fifo.sv:2173]
INFO: [Synth 8-6155] done synthesizing module 'axis_clock_converter_v1_1_36_axisc_async_clock_converter' (0#1) [/home/kuszman/Magisterka/Intelligent-Vibroacoustic-Machine-Diagnostic-System-on-FPGA/spi/spi_true/spi_accelerometer_true/spi_accelerometer_true.gen/sources_1/bd/dma_system/ipshared/c5c7/hdl/axis_clock_converter_v1_1_vl_rfs.v:338]
INFO: [Synth 8-6157] synthesizing module 'axis_infrastructure_v1_1_1_util_axis2vector' [/home/kuszman/Magisterka/Intelligent-Vibroacoustic-Machine-Diagnostic-System-on-FPGA/spi/spi_true/spi_accelerometer_true/spi_accelerometer_true.gen/sources_1/bd/dma_system/ipshared/434f/hdl/axis_infrastructure_v1_1_vl_rfs.v:805]
INFO: [Synth 8-6155] done synthesizing module 'axis_infrastructure_v1_1_1_util_axis2vector' (0#1) [/home/kuszman/Magisterka/Intelligent-Vibroacoustic-Machine-Diagnostic-System-on-FPGA/spi/spi_true/spi_accelerometer_true/spi_accelerometer_true.gen/sources_1/bd/dma_system/ipshared/434f/hdl/axis_infrastructure_v1_1_vl_rfs.v:805]
INFO: [Synth 8-6157] synthesizing module 'axis_infrastructure_v1_1_1_util_vector2axis' [/home/kuszman/Magisterka/Intelligent-Vibroacoustic-Machine-Diagnostic-System-on-FPGA/spi/spi_true/spi_accelerometer_true/spi_accelerometer_true.gen/sources_1/bd/dma_system/ipshared/434f/hdl/axis_infrastructure_v1_1_vl_rfs.v:986]
INFO: [Synth 8-6155] done synthesizing module 'axis_infrastructure_v1_1_1_util_vector2axis' (0#1) [/home/kuszman/Magisterka/Intelligent-Vibroacoustic-Machine-Diagnostic-System-on-FPGA/spi/spi_true/spi_accelerometer_true/spi_accelerometer_true.gen/sources_1/bd/dma_system/ipshared/434f/hdl/axis_infrastructure_v1_1_vl_rfs.v:986]
INFO: [Synth 8-6155] done synthesizing module 'axis_clock_converter_v1_1_36_axis_clock_converter' (0#1) [/home/kuszman/Magisterka/Intelligent-Vibroacoustic-Machine-Diagnostic-System-on-FPGA/spi/spi_true/spi_accelerometer_true/spi_accelerometer_true.gen/sources_1/bd/dma_system/ipshared/c5c7/hdl/axis_clock_converter_v1_1_vl_rfs.v:920]
INFO: [Synth 8-6155] done synthesizing module 'dma_system_axis_clock_converter_0_0' (0#1) [/home/kuszman/Magisterka/Intelligent-Vibroacoustic-Machine-Diagnostic-System-on-FPGA/spi/spi_true/spi_accelerometer_true/spi_accelerometer_true.gen/sources_1/bd/dma_system/ip/dma_system_axis_clock_converter_0_0/synth/dma_system_axis_clock_converter_0_0.v:53]
WARNING: [Synth 8-6014] Unused sequential element gen_rd_b.gen_doutb_pipe.enb_pipe_reg[0] was removed.  [/home/kuszman/Xilinx/2025.2/data/ip/xpm/xpm_memory/hdl/xpm_memory.sv:3087]
WARNING: [Synth 8-6014] Unused sequential element dest_out_bin_ff_reg was removed.  [/home/kuszman/Xilinx/2025.2/data/ip/xpm/xpm_cdc/hdl/xpm_cdc.sv:417]
WARNING: [Synth 8-6014] Unused sequential element dest_out_bin_ff_reg was removed.  [/home/kuszman/Xilinx/2025.2/data/ip/xpm/xpm_cdc/hdl/xpm_cdc.sv:417]
WARNING: [Synth 8-6014] Unused sequential element dest_out_bin_ff_reg was removed.  [/home/kuszman/Xilinx/2025.2/data/ip/xpm/xpm_cdc/hdl/xpm_cdc.sv:417]
WARNING: [Synth 8-6014] Unused sequential element gdvld.data_valid_std_reg was removed.  [/home/kuszman/Xilinx/2025.2/data/ip/xpm/xpm_fifo/hdl/xpm_fifo.sv:550]
WARNING: [Synth 8-6014] Unused sequential element gen_fwft.empty_fwft_fb_reg was removed.  [/home/kuszman/Xilinx/2025.2/data/ip/xpm/xpm_fifo/hdl/xpm_fifo.sv:1404]
INFO: [Synth 8-7129] Port TSTRB[1] in module axis_infrastructure_v1_1_1_util_axis2vector is either unconnected or has no load
INFO: [Synth 8-7129] Port TSTRB[0] in module axis_infrastructure_v1_1_1_util_axis2vector is either unconnected or has no load
INFO: [Synth 8-7129] Port TID[0] in module axis_infrastructure_v1_1_1_util_axis2vector is either unconnected or has no load
INFO: [Synth 8-7129] Port TDEST[0] in module axis_infrastructure_v1_1_1_util_axis2vector is either unconnected or has no load
INFO: [Synth 8-7129] Port TUSER[0] in module axis_infrastructure_v1_1_1_util_axis2vector is either unconnected or has no load
INFO: [Synth 8-7129] Port sleep in module xpm_memory_base is either unconnected or has no load
INFO: [Synth 8-7129] Port rsta in module xpm_memory_base is either unconnected or has no load
INFO: [Synth 8-7129] Port regcea in module xpm_memory_base is either unconnected or has no load
INFO: [Synth 8-7129] Port injectsbiterra in module xpm_memory_base is either unconnected or has no load
INFO: [Synth 8-7129] Port injectdbiterra in module xpm_memory_base is either unconnected or has no load
INFO: [Synth 8-7129] Port web[0] in module xpm_memory_base is either unconnected or has no load
INFO: [Synth 8-7129] Port dinb[18] in module xpm_memory_base is either unconnected or has no load
INFO: [Synth 8-7129] Port dinb[17] in module xpm_memory_base is either unconnected or has no load
INFO: [Synth 8-7129] Port dinb[16] in module xpm_memory_base is either unconnected or has no load
INFO: [Synth 8-7129] Port dinb[15] in module xpm_memory_base is either unconnected or has no load
INFO: [Synth 8-7129] Port dinb[14] in module xpm_memory_base is either unconnected or has no load
INFO: [Synth 8-7129] Port dinb[13] in module xpm_memory_base is either unconnected or has no load
INFO: [Synth 8-7129] Port dinb[12] in module xpm_memory_base is either unconnected or has no load
INFO: [Synth 8-7129] Port dinb[11] in module xpm_memory_base is either unconnected or has no load
INFO: [Synth 8-7129] Port dinb[10] in module xpm_memory_base is either unconnected or has no load
INFO: [Synth 8-7129] Port dinb[9] in module xpm_memory_base is either unconnected or has no load
INFO: [Synth 8-7129] Port dinb[8] in module xpm_memory_base is either unconnected or has no load
INFO: [Synth 8-7129] Port dinb[7] in module xpm_memory_base is either unconnected or has no load
INFO: [Synth 8-7129] Port dinb[6] in module xpm_memory_base is either unconnected or has no load
INFO: [Synth 8-7129] Port dinb[5] in module xpm_memory_base is either unconnected or has no load
INFO: [Synth 8-7129] Port dinb[4] in module xpm_memory_base is either unconnected or has no load
INFO: [Synth 8-7129] Port dinb[3] in module xpm_memory_base is either unconnected or has no load
INFO: [Synth 8-7129] Port dinb[2] in module xpm_memory_base is either unconnected or has no load
INFO: [Synth 8-7129] Port dinb[1] in module xpm_memory_base is either unconnected or has no load
INFO: [Synth 8-7129] Port dinb[0] in module xpm_memory_base is either unconnected or has no load
INFO: [Synth 8-7129] Port injectsbiterrb in module xpm_memory_base is either unconnected or has no load
INFO: [Synth 8-7129] Port injectdbiterrb in module xpm_memory_base is either unconnected or has no load
INFO: [Synth 8-7129] Port s_axis_aclken in module axis_clock_converter_v1_1_36_axis_clock_converter is either unconnected or has no load
INFO: [Synth 8-7129] Port m_axis_aclken in module axis_clock_converter_v1_1_36_axis_clock_converter is either unconnected or has no load
---------------------------------------------------------------------------------
Finished RTL Elaboration : Time (s): cpu = 00:00:07 ; elapsed = 00:00:08 . Memory (MB): peak = 2839.539 ; gain = 236.656 ; free physical = 211 ; free virtual = 2432
---------------------------------------------------------------------------------
---------------------------------------------------------------------------------
Start Handling Custom Attributes
---------------------------------------------------------------------------------
---------------------------------------------------------------------------------
Finished Handling Custom Attributes : Time (s): cpu = 00:00:07 ; elapsed = 00:00:09 . Memory (MB): peak = 2839.539 ; gain = 236.656 ; free physical = 202 ; free virtual = 2353
---------------------------------------------------------------------------------
---------------------------------------------------------------------------------
Finished RTL Optimization Phase 1 : Time (s): cpu = 00:00:07 ; elapsed = 00:00:09 . Memory (MB): peak = 2839.539 ; gain = 236.656 ; free physical = 202 ; free virtual = 2353
---------------------------------------------------------------------------------
Netlist sorting complete. Time (s): cpu = 00:00:00 ; elapsed = 00:00:00.01 . Memory (MB): peak = 2839.539 ; gain = 0.000 ; free physical = 275 ; free virtual = 2198
INFO: [Project 1-570] Preparing netlist for logic optimization

Processing XDC Constraints
Initializing timing engine
Parsing XDC File [/home/kuszman/Magisterka/Intelligent-Vibroacoustic-Machine-Diagnostic-System-on-FPGA/spi/spi_true/spi_accelerometer_true/spi_accelerometer_true.gen/sources_1/bd/dma_system/ip/dma_system_axis_clock_converter_0_0/dma_system_axis_clock_converter_0_0_ooc.xdc] for cell 'inst'
Finished Parsing XDC File [/home/kuszman/Magisterka/Intelligent-Vibroacoustic-Machine-Diagnostic-System-on-FPGA/spi/spi_true/spi_accelerometer_true/spi_accelerometer_true.gen/sources_1/bd/dma_system/ip/dma_system_axis_clock_converter_0_0/dma_system_axis_clock_converter_0_0_ooc.xdc] for cell 'inst'
Parsing XDC File [/home/kuszman/Magisterka/Intelligent-Vibroacoustic-Machine-Diagnostic-System-on-FPGA/spi/spi_true/spi_accelerometer_true/spi_accelerometer_true.runs/dma_system_axis_clock_converter_0_0_synth_1/dont_touch.xdc]
Finished Parsing XDC File [/home/kuszman/Magisterka/Intelligent-Vibroacoustic-Machine-Diagnostic-System-on-FPGA/spi/spi_true/spi_accelerometer_true/spi_accelerometer_true.runs/dma_system_axis_clock_converter_0_0_synth_1/dont_touch.xdc]
INFO: [Project 1-236] Implementation specific constraints were found while reading constraint file [/home/kuszman/Xilinx/2025.2/data/ip/xpm/xpm_cdc/tcl/xpm_cdc_gray.tcl]. These constraints will be ignored for synthesis but will be used in implementation. Impacted constraints are listed in the file [.Xil/dma_system_axis_clock_converter_0_0_propImpl.xdc].
Resolution: To avoid this warning, move constraints listed in [.Xil/dma_system_axis_clock_converter_0_0_propImpl.xdc] to another XDC file and exclude this new file from synthesis with the used_in_synthesis property (File Properties dialog in GUI) and re-run elaboration/synthesis.
INFO: [Project 1-236] Implementation specific constraints were found while reading constraint file [/home/kuszman/Xilinx/2025.2/data/ip/xpm/xpm_fifo/tcl/xpm_fifo_rst.tcl]. These constraints will be ignored for synthesis but will be used in implementation. Impacted constraints are listed in the file [.Xil/dma_system_axis_clock_converter_0_0_propImpl.xdc].
Resolution: To avoid this warning, move constraints listed in [.Xil/dma_system_axis_clock_converter_0_0_propImpl.xdc] to another XDC file and exclude this new file from synthesis with the used_in_synthesis property (File Properties dialog in GUI) and re-run elaboration/synthesis.
INFO: [Project 1-1714] 8 XPM XDC files have been applied to the design.
Completed Processing XDC Constraints

Netlist sorting complete. Time (s): cpu = 00:00:00 ; elapsed = 00:00:00 . Memory (MB): peak = 2931.777 ; gain = 0.000 ; free physical = 157 ; free virtual = 1752
INFO: [Project 1-111] Unisim Transformation Summary:
No Unisim elements were transformed.

Constraint Validation Runtime : Time (s): cpu = 00:00:00.02 ; elapsed = 00:00:00.01 . Memory (MB): peak = 2931.812 ; gain = 0.000 ; free physical = 155 ; free virtual = 1752
INFO: [Designutils 20-5008] Incremental synthesis strategy off
---------------------------------------------------------------------------------
Finished Constraint Validation : Time (s): cpu = 00:00:18 ; elapsed = 00:00:21 . Memory (MB): peak = 2931.812 ; gain = 328.930 ; free physical = 172 ; free virtual = 1746
---------------------------------------------------------------------------------
---------------------------------------------------------------------------------
Start Loading Part and Timing Information
---------------------------------------------------------------------------------
Loading part: xck26-sfvc784-2LV-c
INFO: [Synth 8-6742] Reading net delay rules and data
---------------------------------------------------------------------------------
Finished Loading Part and Timing Information : Time (s): cpu = 00:00:18 ; elapsed = 00:00:21 . Memory (MB): peak = 2939.781 ; gain = 336.898 ; free physical = 172 ; free virtual = 1747
---------------------------------------------------------------------------------
---------------------------------------------------------------------------------
Start Applying 'set_property' XDC Constraints
---------------------------------------------------------------------------------
---------------------------------------------------------------------------------
Finished applying 'set_property' XDC Constraints : Time (s): cpu = 00:00:18 ; elapsed = 00:00:21 . Memory (MB): peak = 2939.781 ; gain = 336.898 ; free physical = 169 ; free virtual = 1746
---------------------------------------------------------------------------------
INFO: [Synth 8-802] inferred FSM for state register 'gen_rst_ic.curr_wrst_state_reg' in module 'xpm_fifo_rst'
INFO: [Synth 8-802] inferred FSM for state register 'gen_rst_ic.curr_rrst_state_reg' in module 'xpm_fifo_rst'
INFO: [Synth 8-802] inferred FSM for state register 'gen_fwft.curr_fwft_state_reg' in module 'xpm_fifo_base'
INFO: [Synth 8-5552] Implemented safe state 'default_state' for state register 'gen_rst_ic.curr_wrst_state_reg' in module 'xpm_fifo_rst'
---------------------------------------------------------------------------------------------------
                   State |                     New Encoding |                Previous Encoding 
---------------------------------------------------------------------------------------------------
*
               WRST_IDLE |                            00001 |                              000
                 WRST_IN |                            00010 |                              010
                WRST_OUT |                            00100 |                              111
               WRST_EXIT |                            01000 |                              110
            WRST_GO2IDLE |                            10000 |                              100
---------------------------------------------------------------------------------------------------
INFO: [Synth 8-3354] encoded FSM with state register 'gen_rst_ic.curr_wrst_state_reg' using encoding 'one-hot' in module 'xpm_fifo_rst'
INFO: [Synth 8-5552] Implemented safe state 'default_state' for state register 'gen_rst_ic.curr_rrst_state_reg' in module 'xpm_fifo_rst'
---------------------------------------------------------------------------------------------------
                   State |                     New Encoding |                Previous Encoding 
---------------------------------------------------------------------------------------------------
*
               RRST_IDLE |                               00 |                               00
                 RRST_IN |                               01 |                               10
                RRST_OUT |                               10 |                               11
               RRST_EXIT |                               11 |                               01
---------------------------------------------------------------------------------------------------
INFO: [Synth 8-3354] encoded FSM with state register 'gen_rst_ic.curr_rrst_state_reg' using encoding 'sequential' in module 'xpm_fifo_rst'
---------------------------------------------------------------------------------------------------
                   State |                     New Encoding |                Previous Encoding 
---------------------------------------------------------------------------------------------------
                 invalid |                               00 |                               00
            stage1_valid |                               01 |                               10
       both_stages_valid |                               10 |                               11
            stage2_valid |                               11 |                               01
---------------------------------------------------------------------------------------------------
INFO: [Synth 8-3354] encoded FSM with state register 'gen_fwft.curr_fwft_state_reg' using encoding 'sequential' in module 'xpm_fifo_base'
---------------------------------------------------------------------------------
Finished RTL Optimization Phase 2 : Time (s): cpu = 00:00:19 ; elapsed = 00:00:22 . Memory (MB): peak = 2939.781 ; gain = 336.898 ; free physical = 162 ; free virtual = 1740
---------------------------------------------------------------------------------
---------------------------------------------------------------------------------
Start RTL Component Statistics 
---------------------------------------------------------------------------------
Detailed RTL Component Info : 
+---Adders : 
	   4 Input    6 Bit       Adders := 2     
	   2 Input    6 Bit       Adders := 2     
	   4 Input    5 Bit       Adders := 3     
	   4 Input    2 Bit       Adders := 1     
+---XORs : 
	   2 Input      6 Bit         XORs := 2     
	   2 Input      5 Bit         XORs := 2     
	   2 Input      1 Bit         XORs := 18    
+---Registers : 
	               19 Bit    Registers := 2     
	                6 Bit    Registers := 12    
	                5 Bit    Registers := 11    
	                2 Bit    Registers := 5     
	                1 Bit    Registers := 15    
+---Muxes : 
	   6 Input    5 Bit        Muxes := 1     
	   2 Input    5 Bit        Muxes := 8     
	   5 Input    2 Bit        Muxes := 1     
	   2 Input    2 Bit        Muxes := 33    
	   4 Input    2 Bit        Muxes := 7     
	   2 Input    1 Bit        Muxes := 5     
	   6 Input    1 Bit        Muxes := 2     
	   5 Input    1 Bit        Muxes := 3     
	   4 Input    1 Bit        Muxes := 2     
---------------------------------------------------------------------------------
Finished RTL Component Statistics 
---------------------------------------------------------------------------------
---------------------------------------------------------------------------------
Start Part Resource Summary
---------------------------------------------------------------------------------
Part Resources:
DSPs: 1248 (col length:96)
BRAMs: 288 (col length: RAMB18 96 RAMB36 48)
---------------------------------------------------------------------------------
Finished Part Resource Summary
---------------------------------------------------------------------------------
---------------------------------------------------------------------------------
Start Cross Boundary and Area Optimization
---------------------------------------------------------------------------------
INFO: [Synth 8-7129] Port rsta in module xpm_memory_base is either unconnected or has no load
INFO: [Synth 8-7129] Port regcea in module xpm_memory_base is either unconnected or has no load
INFO: [Synth 8-7129] Port injectsbiterra in module xpm_memory_base is either unconnected or has no load
INFO: [Synth 8-7129] Port injectdbiterra in module xpm_memory_base is either unconnected or has no load
INFO: [Synth 8-7129] Port web[0] in module xpm_memory_base is either unconnected or has no load
INFO: [Synth 8-7129] Port dinb[18] in module xpm_memory_base is either unconnected or has no load
INFO: [Synth 8-7129] Port dinb[17] in module xpm_memory_base is either unconnected or has no load
INFO: [Synth 8-7129] Port dinb[16] in module xpm_memory_base is either unconnected or has no load
INFO: [Synth 8-7129] Port dinb[15] in module xpm_memory_base is either unconnected or has no load
INFO: [Synth 8-7129] Port dinb[14] in module xpm_memory_base is either unconnected or has no load
INFO: [Synth 8-7129] Port dinb[13] in module xpm_memory_base is either unconnected or has no load
INFO: [Synth 8-7129] Port dinb[12] in module xpm_memory_base is either unconnected or has no load
INFO: [Synth 8-7129] Port dinb[11] in module xpm_memory_base is either unconnected or has no load
INFO: [Synth 8-7129] Port dinb[10] in module xpm_memory_base is either unconnected or has no load
INFO: [Synth 8-7129] Port dinb[9] in module xpm_memory_base is either unconnected or has no load
INFO: [Synth 8-7129] Port dinb[8] in module xpm_memory_base is either unconnected or has no load
INFO: [Synth 8-7129] Port dinb[7] in module xpm_memory_base is either unconnected or has no load
INFO: [Synth 8-7129] Port dinb[6] in module xpm_memory_base is either unconnected or has no load
INFO: [Synth 8-7129] Port dinb[5] in module xpm_memory_base is either unconnected or has no load
INFO: [Synth 8-7129] Port dinb[4] in module xpm_memory_base is either unconnected or has no load
INFO: [Synth 8-7129] Port dinb[3] in module xpm_memory_base is either unconnected or has no load
INFO: [Synth 8-7129] Port dinb[2] in module xpm_memory_base is either unconnected or has no load
INFO: [Synth 8-7129] Port dinb[1] in module xpm_memory_base is either unconnected or has no load
INFO: [Synth 8-7129] Port dinb[0] in module xpm_memory_base is either unconnected or has no load
INFO: [Synth 8-7129] Port injectsbiterrb in module xpm_memory_base is either unconnected or has no load
INFO: [Synth 8-7129] Port injectdbiterrb in module xpm_memory_base is either unconnected or has no load
INFO: [Synth 8-7129] Port s_axis_aclken in module axis_clock_converter_v1_1_36_axis_clock_converter is either unconnected or has no load
INFO: [Synth 8-7129] Port m_axis_aclken in module axis_clock_converter_v1_1_36_axis_clock_converter is either unconnected or has no load
INFO: [Synth 8-7129] Port s_axis_tstrb[1] in module axis_clock_converter_v1_1_36_axis_clock_converter is either unconnected or has no load
INFO: [Synth 8-7129] Port s_axis_tstrb[0] in module axis_clock_converter_v1_1_36_axis_clock_converter is either unconnected or has no load
INFO: [Synth 8-7129] Port s_axis_tid[0] in module axis_clock_converter_v1_1_36_axis_clock_converter is either unconnected or has no load
INFO: [Synth 8-7129] Port s_axis_tdest[0] in module axis_clock_converter_v1_1_36_axis_clock_converter is either unconnected or has no load
INFO: [Synth 8-7129] Port s_axis_tuser[0] in module axis_clock_converter_v1_1_36_axis_clock_converter is either unconnected or has no load
---------------------------------------------------------------------------------
Finished Cross Boundary and Area Optimization : Time (s): cpu = 00:00:20 ; elapsed = 00:00:23 . Memory (MB): peak = 2939.781 ; gain = 336.898 ; free physical = 208 ; free virtual = 1725
---------------------------------------------------------------------------------
---------------------------------------------------------------------------------
Start ROM, RAM, DSP, Shift Register and Retiming Reporting
---------------------------------------------------------------------------------

Distributed RAM: Preliminary Mapping Report (see note below)
+-------------------------------------------------------------------------------------------------------------------------------------------------+----------------------------------+----------------+----------------------+---------------+
|Module Name                                                                                                                                      | RTL Object                       | Inference      | Size (Depth x Width) | Primitives    | 
+-------------------------------------------------------------------------------------------------------------------------------------------------+----------------------------------+----------------+----------------------+---------------+
|inst/\gen_async_conv.axisc_async_clock_converter_0/xpm_fifo_async_inst /\gnuram_async_fifo.xpm_fifo_base_inst /\gen_sdpram.xpm_memory_base_inst  | gen_wr_a.gen_word_narrow.mem_reg | User Attribute | 32 x 19              | RAM32M16 x 2  | 
+-------------------------------------------------------------------------------------------------------------------------------------------------+----------------------------------+----------------+----------------------+---------------+

Note: The table above is a preliminary report that shows the Distributed RAMs at the current stage of the synthesis flow. Some Distributed RAMs may be reimplemented as non Distributed RAM primitives later in the synthesis flow. Multiple instantiated RAMs are reported only once.
---------------------------------------------------------------------------------
Finished ROM, RAM, DSP, Shift Register and Retiming Reporting
---------------------------------------------------------------------------------
---------------------------------------------------------------------------------
Start Applying XDC Timing Constraints
---------------------------------------------------------------------------------
---------------------------------------------------------------------------------
Finished Applying XDC Timing Constraints : Time (s): cpu = 00:00:27 ; elapsed = 00:00:36 . Memory (MB): peak = 3548.641 ; gain = 945.758 ; free physical = 243 ; free virtual = 479
---------------------------------------------------------------------------------
---------------------------------------------------------------------------------
Start Timing Optimization
---------------------------------------------------------------------------------
---------------------------------------------------------------------------------
Finished Timing Optimization : Time (s): cpu = 00:00:28 ; elapsed = 00:00:37 . Memory (MB): peak = 3580.688 ; gain = 977.805 ; free physical = 186 ; free virtual = 445
---------------------------------------------------------------------------------
---------------------------------------------------------------------------------
Start ROM, RAM, DSP, Shift Register and Retiming Reporting
---------------------------------------------------------------------------------

Distributed RAM: Final Mapping Report
+-------------------------------------------------------------------------------------------------------------------------------------------------+----------------------------------+----------------+----------------------+---------------+
|Module Name                                                                                                                                      | RTL Object                       | Inference      | Size (Depth x Width) | Primitives    | 
+-------------------------------------------------------------------------------------------------------------------------------------------------+----------------------------------+----------------+----------------------+---------------+
|inst/\gen_async_conv.axisc_async_clock_converter_0/xpm_fifo_async_inst /\gnuram_async_fifo.xpm_fifo_base_inst /\gen_sdpram.xpm_memory_base_inst  | gen_wr_a.gen_word_narrow.mem_reg | User Attribute | 32 x 19              | RAM32M16 x 2  | 
+-------------------------------------------------------------------------------------------------------------------------------------------------+----------------------------------+----------------+----------------------+---------------+

---------------------------------------------------------------------------------
Finished ROM, RAM, DSP, Shift Register and Retiming Reporting
---------------------------------------------------------------------------------
---------------------------------------------------------------------------------
Start Technology Mapping
---------------------------------------------------------------------------------
---------------------------------------------------------------------------------
Finished Technology Mapping : Time (s): cpu = 00:00:28 ; elapsed = 00:00:37 . Memory (MB): peak = 3581.695 ; gain = 978.812 ; free physical = 181 ; free virtual = 390
---------------------------------------------------------------------------------

*** Running vivado
    with args -log dma_system_axis_clock_converter_0_0.vds -m64 -product Vivado -mode batch -messageDb vivado.pb -notrace -source dma_system_axis_clock_converter_0_0.tcl


****** Vivado v2025.2 (64-bit)
  **** SW Build 6299465 on Fri Nov 14 12:34:56 MST 2025
  **** IP Build 6300035 on Fri Nov 14 10:48:45 MST 2025
  **** SharedData Build 6298862 on Thu Nov 13 04:50:51 MST 2025
  **** Start of session at: Thu Aug  6 09:21:02 2026
    ** Copyright 1986-2022 Xilinx, Inc. All Rights Reserved.
    ** Copyright 2022-2025 Advanced Micro Devices, Inc. All Rights Reserved.

Sourcing tcl script '/home/kuszman/.Xilinx/Vivado/Vivado_init.tcl'
source dma_system_axis_clock_converter_0_0.tcl -notrace
Command: synth_design -top dma_system_axis_clock_converter_0_0 -part xck26-sfvc784-2LV-c -incremental_mode off -mode out_of_context
Starting synth_design
Attempting to get a license for feature 'Synthesis' and/or device 'xck26'
INFO: [Common 17-349] Got license for feature 'Synthesis' and/or device 'xck26'
INFO: [Device 21-403] Loading part xck26-sfvc784-2LV-c
INFO: [Synth 8-7079] Multithreading enabled for synth_design using a maximum of 2 processes.
INFO: [Synth 8-7078] Launching helper process for spawning children vivado processes
INFO: [Synth 8-7075] Helper process launched with PID 20120
---------------------------------------------------------------------------------
Starting RTL Elaboration : Time (s): cpu = 00:00:06 ; elapsed = 00:00:07 . Memory (MB): peak = 2728.277 ; gain = 150.688 ; free physical = 286 ; free virtual = 2530
---------------------------------------------------------------------------------
INFO: [Synth 8-6157] synthesizing module 'dma_system_axis_clock_converter_0_0' [/home/kuszman/Magisterka/Intelligent-Vibroacoustic-Machine-Diagnostic-System-on-FPGA/spi/spi_true/spi_accelerometer_true/spi_accelerometer_true.gen/sources_1/bd/dma_system/ip/dma_system_axis_clock_converter_0_0/synth/dma_system_axis_clock_converter_0_0.v:53]
INFO: [Synth 8-6157] synthesizing module 'axis_clock_converter_v1_1_36_axis_clock_converter' [/home/kuszman/Magisterka/Intelligent-Vibroacoustic-Machine-Diagnostic-System-on-FPGA/spi/spi_true/spi_accelerometer_true/spi_accelerometer_true.gen/sources_1/bd/dma_system/ipshared/c5c7/hdl/axis_clock_converter_v1_1_vl_rfs.v:920]
INFO: [Synth 8-6157] synthesizing module 'axis_clock_converter_v1_1_36_axisc_async_clock_converter' [/home/kuszman/Magisterka/Intelligent-Vibroacoustic-Machine-Diagnostic-System-on-FPGA/spi/spi_true/spi_accelerometer_true/spi_accelerometer_true.gen/sources_1/bd/dma_system/ipshared/c5c7/hdl/axis_clock_converter_v1_1_vl_rfs.v:338]
INFO: [Synth 8-6157] synthesizing module 'xpm_cdc_sync_rst' [/home/kuszman/Xilinx/2025.2/data/ip/xpm/xpm_cdc/hdl/xpm_cdc.sv:1059]
INFO: [Synth 8-6155] done synthesizing module 'xpm_cdc_sync_rst' (0#1) [/home/kuszman/Xilinx/2025.2/data/ip/xpm/xpm_cdc/hdl/xpm_cdc.sv:1059]
INFO: [Synth 8-6157] synthesizing module 'xpm_fifo_async' [/home/kuszman/Xilinx/2025.2/data/ip/xpm/xpm_fifo/hdl/xpm_fifo.sv:2173]
INFO: [Synth 8-6157] synthesizing module 'xpm_fifo_base' [/home/kuszman/Xilinx/2025.2/data/ip/xpm/xpm_fifo/hdl/xpm_fifo.sv:53]
INFO: [Synth 8-6157] synthesizing module 'xpm_memory_base' [/home/kuszman/Xilinx/2025.2/data/ip/xpm/xpm_memory/hdl/xpm_memory.sv:54]
INFO: [Synth 8-6155] done synthesizing module 'xpm_memory_base' (0#1) [/home/kuszman/Xilinx/2025.2/data/ip/xpm/xpm_memory/hdl/xpm_memory.sv:54]
INFO: [Synth 8-6157] synthesizing module 'xpm_cdc_gray' [/home/kuszman/Xilinx/2025.2/data/ip/xpm/xpm_cdc/hdl/xpm_cdc.sv:283]
INFO: [Synth 8-6155] done synthesizing module 'xpm_cdc_gray' (0#1) [/home/kuszman/Xilinx/2025.2/data/ip/xpm/xpm_cdc/hdl/xpm_cdc.sv:283]
INFO: [Synth 8-6157] synthesizing module 'xpm_fifo_reg_vec' [/home/kuszman/Xilinx/2025.2/data/ip/xpm/xpm_fifo/hdl/xpm_fifo.sv:1905]
INFO: [Synth 8-6155] done synthesizing module 'xpm_fifo_reg_vec' (0#1) [/home/kuszman/Xilinx/2025.2/data/ip/xpm/xpm_fifo/hdl/xpm_fifo.sv:1905]
INFO: [Synth 8-6157] synthesizing module 'xpm_cdc_gray__parameterized0' [/home/kuszman/Xilinx/2025.2/data/ip/xpm/xpm_cdc/hdl/xpm_cdc.sv:283]
INFO: [Synth 8-6155] done synthesizing module 'xpm_cdc_gray__parameterized0' (0#1) [/home/kuszman/Xilinx/2025.2/data/ip/xpm/xpm_cdc/hdl/xpm_cdc.sv:283]
INFO: [Synth 8-6157] synthesizing module 'xpm_fifo_reg_vec__parameterized0' [/home/kuszman/Xilinx/2025.2/data/ip/xpm/xpm_fifo/hdl/xpm_fifo.sv:1905]
INFO: [Synth 8-6155] done synthesizing module 'xpm_fifo_reg_vec__parameterized0' (0#1) [/home/kuszman/Xilinx/2025.2/data/ip/xpm/xpm_fifo/hdl/xpm_fifo.sv:1905]
INFO: [Synth 8-6157] synthesizing module 'xpm_cdc_gray__parameterized1' [/home/kuszman/Xilinx/2025.2/data/ip/xpm/xpm_cdc/hdl/xpm_cdc.sv:283]
INFO: [Synth 8-6155] done synthesizing module 'xpm_cdc_gray__parameterized1' (0#1) [/home/kuszman/Xilinx/2025.2/data/ip/xpm/xpm_cdc/hdl/xpm_cdc.sv:283]
INFO: [Synth 8-226] default block is never used [/home/kuszman/Xilinx/2025.2/data/ip/xpm/xpm_fifo/hdl/xpm_fifo.sv:1220]
INFO: [Synth 8-226] default block is never used [/home/kuszman/Xilinx/2025.2/data/ip/xpm/xpm_fifo/hdl/xpm_fifo.sv:1287]
INFO: [Synth 8-226] default block is never used [/home/kuszman/Xilinx/2025.2/data/ip/xpm/xpm_fifo/hdl/xpm_fifo.sv:1309]
INFO: [Synth 8-6157] synthesizing module 'xpm_fifo_reg_bit' [/home/kuszman/Xilinx/2025.2/data/ip/xpm/xpm_fifo/hdl/xpm_fifo.sv:1927]
INFO: [Synth 8-6155] done synthesizing module 'xpm_fifo_reg_bit' (0#1) [/home/kuszman/Xilinx/2025.2/data/ip/xpm/xpm_fifo/hdl/xpm_fifo.sv:1927]
INFO: [Synth 8-6157] synthesizing module 'xpm_counter_updn' [/home/kuszman/Xilinx/2025.2/data/ip/xpm/xpm_fifo/hdl/xpm_fifo.sv:1879]
INFO: [Synth 8-6155] done synthesizing module 'xpm_counter_updn' (0#1) [/home/kuszman/Xilinx/2025.2/data/ip/xpm/xpm_fifo/hdl/xpm_fifo.sv:1879]
INFO: [Synth 8-6157] synthesizing module 'xpm_fifo_rst' [/home/kuszman/Xilinx/2025.2/data/ip/xpm/xpm_fifo/hdl/xpm_fifo.sv:1639]
INFO: [Synth 8-6157] synthesizing module 'xpm_cdc_sync_rst__parameterized0' [/home/kuszman/Xilinx/2025.2/data/ip/xpm/xpm_cdc/hdl/xpm_cdc.sv:1059]
INFO: [Synth 8-6155] done synthesizing module 'xpm_cdc_sync_rst__parameterized0' (0#1) [/home/kuszman/Xilinx/2025.2/data/ip/xpm/xpm_cdc/hdl/xpm_cdc.sv:1059]
INFO: [Synth 8-6155] done synthesizing module 'xpm_fifo_rst' (0#1) [/home/kuszman/Xilinx/2025.2/data/ip/xpm/xpm_fifo/hdl/xpm_fifo.sv:1639]
INFO: [Synth 8-6157] synthesizing module 'xpm_counter_updn__parameterized0' [/home/kuszman/Xilinx/2025.2/data/ip/xpm/xpm_fifo/hdl/xpm_fifo.sv:1879]
INFO: [Synth 8-6155] done synthesizing module 'xpm_counter_updn__parameterized0' (0#1) [/home/kuszman/Xilinx/2025.2/data/ip/xpm/xpm_fifo/hdl/xpm_fifo.sv:1879]
INFO: [Synth 8-6157] synthesizing module 'xpm_counter_updn__parameterized1' [/home/kuszman/Xilinx/2025.2/data/ip/xpm/xpm_fifo/hdl/xpm_fifo.sv:1879]
INFO: [Synth 8-6155] done synthesizing module 'xpm_counter_updn__parameterized1' (0#1) [/home/kuszman/Xilinx/2025.2/data/ip/xpm/xpm_fifo/hdl/xpm_fifo.sv:1879]
INFO: [Synth 8-6157] synthesizing module 'xpm_counter_updn__parameterized2' [/home/kuszman/Xilinx/2025.2/data/ip/xpm/xpm_fifo/hdl/xpm_fifo.sv:1879]
INFO: [Synth 8-6155] done synthesizing module 'xpm_counter_updn__parameterized2' (0#1) [/home/kuszman/Xilinx/2025.2/data/ip/xpm/xpm_fifo/hdl/xpm_fifo.sv:1879]
INFO: [Synth 8-6155] done synthesizing module 'xpm_fifo_base' (0#1) [/home/kuszman/Xilinx/2025.2/data/ip/xpm/xpm_fifo/hdl/xpm_fifo.sv:53]
INFO: [Synth 8-6155] done synthesizing module 'xpm_fifo_async' (0#1) [/home/kuszman/Xilinx/2025.2/data/ip/xpm/xpm_fifo/hdl/xpm_fifo.sv:2173]
INFO: [Synth 8-6155] done synthesizing module 'axis_clock_converter_v1_1_36_axisc_async_clock_converter' (0#1) [/home/kuszman/Magisterka/Intelligent-Vibroacoustic-Machine-Diagnostic-System-on-FPGA/spi/spi_true/spi_accelerometer_true/spi_accelerometer_true.gen/sources_1/bd/dma_system/ipshared/c5c7/hdl/axis_clock_converter_v1_1_vl_rfs.v:338]
INFO: [Synth 8-6157] synthesizing module 'axis_infrastructure_v1_1_1_util_axis2vector' [/home/kuszman/Magisterka/Intelligent-Vibroacoustic-Machine-Diagnostic-System-on-FPGA/spi/spi_true/spi_accelerometer_true/spi_accelerometer_true.gen/sources_1/bd/dma_system/ipshared/434f/hdl/axis_infrastructure_v1_1_vl_rfs.v:805]
INFO: [Synth 8-6155] done synthesizing module 'axis_infrastructure_v1_1_1_util_axis2vector' (0#1) [/home/kuszman/Magisterka/Intelligent-Vibroacoustic-Machine-Diagnostic-System-on-FPGA/spi/spi_true/spi_accelerometer_true/spi_accelerometer_true.gen/sources_1/bd/dma_system/ipshared/434f/hdl/axis_infrastructure_v1_1_vl_rfs.v:805]
INFO: [Synth 8-6157] synthesizing module 'axis_infrastructure_v1_1_1_util_vector2axis' [/home/kuszman/Magisterka/Intelligent-Vibroacoustic-Machine-Diagnostic-System-on-FPGA/spi/spi_true/spi_accelerometer_true/spi_accelerometer_true.gen/sources_1/bd/dma_system/ipshared/434f/hdl/axis_infrastructure_v1_1_vl_rfs.v:986]
INFO: [Synth 8-6155] done synthesizing module 'axis_infrastructure_v1_1_1_util_vector2axis' (0#1) [/home/kuszman/Magisterka/Intelligent-Vibroacoustic-Machine-Diagnostic-System-on-FPGA/spi/spi_true/spi_accelerometer_true/spi_accelerometer_true.gen/sources_1/bd/dma_system/ipshared/434f/hdl/axis_infrastructure_v1_1_vl_rfs.v:986]
INFO: [Synth 8-6155] done synthesizing module 'axis_clock_converter_v1_1_36_axis_clock_converter' (0#1) [/home/kuszman/Magisterka/Intelligent-Vibroacoustic-Machine-Diagnostic-System-on-FPGA/spi/spi_true/spi_accelerometer_true/spi_accelerometer_true.gen/sources_1/bd/dma_system/ipshared/c5c7/hdl/axis_clock_converter_v1_1_vl_rfs.v:920]
INFO: [Synth 8-6155] done synthesizing module 'dma_system_axis_clock_converter_0_0' (0#1) [/home/kuszman/Magisterka/Intelligent-Vibroacoustic-Machine-Diagnostic-System-on-FPGA/spi/spi_true/spi_accelerometer_true/spi_accelerometer_true.gen/sources_1/bd/dma_system/ip/dma_system_axis_clock_converter_0_0/synth/dma_system_axis_clock_converter_0_0.v:53]
WARNING: [Synth 8-6014] Unused sequential element gen_rd_b.gen_doutb_pipe.enb_pipe_reg[0] was removed.  [/home/kuszman/Xilinx/2025.2/data/ip/xpm/xpm_memory/hdl/xpm_memory.sv:3087]
WARNING: [Synth 8-6014] Unused sequential element dest_out_bin_ff_reg was removed.  [/home/kuszman/Xilinx/2025.2/data/ip/xpm/xpm_cdc/hdl/xpm_cdc.sv:417]
WARNING: [Synth 8-6014] Unused sequential element dest_out_bin_ff_reg was removed.  [/home/kuszman/Xilinx/2025.2/data/ip/xpm/xpm_cdc/hdl/xpm_cdc.sv:417]
WARNING: [Synth 8-6014] Unused sequential element dest_out_bin_ff_reg was removed.  [/home/kuszman/Xilinx/2025.2/data/ip/xpm/xpm_cdc/hdl/xpm_cdc.sv:417]
WARNING: [Synth 8-6014] Unused sequential element gdvld.data_valid_std_reg was removed.  [/home/kuszman/Xilinx/2025.2/data/ip/xpm/xpm_fifo/hdl/xpm_fifo.sv:550]
WARNING: [Synth 8-6014] Unused sequential element gen_fwft.empty_fwft_fb_reg was removed.  [/home/kuszman/Xilinx/2025.2/data/ip/xpm/xpm_fifo/hdl/xpm_fifo.sv:1404]
INFO: [Synth 8-7129] Port TSTRB[1] in module axis_infrastructure_v1_1_1_util_axis2vector is either unconnected or has no load
INFO: [Synth 8-7129] Port TSTRB[0] in module axis_infrastructure_v1_1_1_util_axis2vector is either unconnected or has no load
INFO: [Synth 8-7129] Port TID[0] in module axis_infrastructure_v1_1_1_util_axis2vector is either unconnected or has no load
INFO: [Synth 8-7129] Port TDEST[0] in module axis_infrastructure_v1_1_1_util_axis2vector is either unconnected or has no load
INFO: [Synth 8-7129] Port TUSER[0] in module axis_infrastructure_v1_1_1_util_axis2vector is either unconnected or has no load
INFO: [Synth 8-7129] Port sleep in module xpm_memory_base is either unconnected or has no load
INFO: [Synth 8-7129] Port rsta in module xpm_memory_base is either unconnected or has no load
INFO: [Synth 8-7129] Port regcea in module xpm_memory_base is either unconnected or has no load
INFO: [Synth 8-7129] Port injectsbiterra in module xpm_memory_base is either unconnected or has no load
INFO: [Synth 8-7129] Port injectdbiterra in module xpm_memory_base is either unconnected or has no load
INFO: [Synth 8-7129] Port web[0] in module xpm_memory_base is either unconnected or has no load
INFO: [Synth 8-7129] Port dinb[18] in module xpm_memory_base is either unconnected or has no load
INFO: [Synth 8-7129] Port dinb[17] in module xpm_memory_base is either unconnected or has no load
INFO: [Synth 8-7129] Port dinb[16] in module xpm_memory_base is either unconnected or has no load
INFO: [Synth 8-7129] Port dinb[15] in module xpm_memory_base is either unconnected or has no load
INFO: [Synth 8-7129] Port dinb[14] in module xpm_memory_base is either unconnected or has no load
INFO: [Synth 8-7129] Port dinb[13] in module xpm_memory_base is either unconnected or has no load
INFO: [Synth 8-7129] Port dinb[12] in module xpm_memory_base is either unconnected or has no load
INFO: [Synth 8-7129] Port dinb[11] in module xpm_memory_base is either unconnected or has no load
INFO: [Synth 8-7129] Port dinb[10] in module xpm_memory_base is either unconnected or has no load
INFO: [Synth 8-7129] Port dinb[9] in module xpm_memory_base is either unconnected or has no load
INFO: [Synth 8-7129] Port dinb[8] in module xpm_memory_base is either unconnected or has no load
INFO: [Synth 8-7129] Port dinb[7] in module xpm_memory_base is either unconnected or has no load
INFO: [Synth 8-7129] Port dinb[6] in module xpm_memory_base is either unconnected or has no load
INFO: [Synth 8-7129] Port dinb[5] in module xpm_memory_base is either unconnected or has no load
INFO: [Synth 8-7129] Port dinb[4] in module xpm_memory_base is either unconnected or has no load
INFO: [Synth 8-7129] Port dinb[3] in module xpm_memory_base is either unconnected or has no load
INFO: [Synth 8-7129] Port dinb[2] in module xpm_memory_base is either unconnected or has no load
INFO: [Synth 8-7129] Port dinb[1] in module xpm_memory_base is either unconnected or has no load
INFO: [Synth 8-7129] Port dinb[0] in module xpm_memory_base is either unconnected or has no load
INFO: [Synth 8-7129] Port injectsbiterrb in module xpm_memory_base is either unconnected or has no load
INFO: [Synth 8-7129] Port injectdbiterrb in module xpm_memory_base is either unconnected or has no load
INFO: [Synth 8-7129] Port s_axis_aclken in module axis_clock_converter_v1_1_36_axis_clock_converter is either unconnected or has no load
INFO: [Synth 8-7129] Port m_axis_aclken in module axis_clock_converter_v1_1_36_axis_clock_converter is either unconnected or has no load
---------------------------------------------------------------------------------
Finished RTL Elaboration : Time (s): cpu = 00:00:07 ; elapsed = 00:00:09 . Memory (MB): peak = 2823.246 ; gain = 245.656 ; free physical = 150 ; free virtual = 2042
---------------------------------------------------------------------------------
---------------------------------------------------------------------------------
Start Handling Custom Attributes
---------------------------------------------------------------------------------
---------------------------------------------------------------------------------
Finished Handling Custom Attributes : Time (s): cpu = 00:00:07 ; elapsed = 00:00:09 . Memory (MB): peak = 2823.246 ; gain = 245.656 ; free physical = 175 ; free virtual = 2056
---------------------------------------------------------------------------------
---------------------------------------------------------------------------------
Finished RTL Optimization Phase 1 : Time (s): cpu = 00:00:07 ; elapsed = 00:00:09 . Memory (MB): peak = 2823.246 ; gain = 245.656 ; free physical = 175 ; free virtual = 2055
---------------------------------------------------------------------------------
Netlist sorting complete. Time (s): cpu = 00:00:00.01 ; elapsed = 00:00:00.01 . Memory (MB): peak = 2823.246 ; gain = 0.000 ; free physical = 192 ; free virtual = 1784
INFO: [Project 1-570] Preparing netlist for logic optimization

Processing XDC Constraints
Initializing timing engine
Parsing XDC File [/home/kuszman/Magisterka/Intelligent-Vibroacoustic-Machine-Diagnostic-System-on-FPGA/spi/spi_true/spi_accelerometer_true/spi_accelerometer_true.gen/sources_1/bd/dma_system/ip/dma_system_axis_clock_converter_0_0/dma_system_axis_clock_converter_0_0_ooc.xdc] for cell 'inst'
Finished Parsing XDC File [/home/kuszman/Magisterka/Intelligent-Vibroacoustic-Machine-Diagnostic-System-on-FPGA/spi/spi_true/spi_accelerometer_true/spi_accelerometer_true.gen/sources_1/bd/dma_system/ip/dma_system_axis_clock_converter_0_0/dma_system_axis_clock_converter_0_0_ooc.xdc] for cell 'inst'
Parsing XDC File [/home/kuszman/Magisterka/Intelligent-Vibroacoustic-Machine-Diagnostic-System-on-FPGA/spi/spi_true/spi_accelerometer_true/spi_accelerometer_true.runs/dma_system_axis_clock_converter_0_0_synth_1/dont_touch.xdc]
Finished Parsing XDC File [/home/kuszman/Magisterka/Intelligent-Vibroacoustic-Machine-Diagnostic-System-on-FPGA/spi/spi_true/spi_accelerometer_true/spi_accelerometer_true.runs/dma_system_axis_clock_converter_0_0_synth_1/dont_touch.xdc]
INFO: [Project 1-236] Implementation specific constraints were found while reading constraint file [/home/kuszman/Xilinx/2025.2/data/ip/xpm/xpm_cdc/tcl/xpm_cdc_gray.tcl]. These constraints will be ignored for synthesis but will be used in implementation. Impacted constraints are listed in the file [.Xil/dma_system_axis_clock_converter_0_0_propImpl.xdc].
Resolution: To avoid this warning, move constraints listed in [.Xil/dma_system_axis_clock_converter_0_0_propImpl.xdc] to another XDC file and exclude this new file from synthesis with the used_in_synthesis property (File Properties dialog in GUI) and re-run elaboration/synthesis.
INFO: [Project 1-236] Implementation specific constraints were found while reading constraint file [/home/kuszman/Xilinx/2025.2/data/ip/xpm/xpm_fifo/tcl/xpm_fifo_rst.tcl]. These constraints will be ignored for synthesis but will be used in implementation. Impacted constraints are listed in the file [.Xil/dma_system_axis_clock_converter_0_0_propImpl.xdc].
Resolution: To avoid this warning, move constraints listed in [.Xil/dma_system_axis_clock_converter_0_0_propImpl.xdc] to another XDC file and exclude this new file from synthesis with the used_in_synthesis property (File Properties dialog in GUI) and re-run elaboration/synthesis.
INFO: [Project 1-1714] 8 XPM XDC files have been applied to the design.
Completed Processing XDC Constraints

Netlist sorting complete. Time (s): cpu = 00:00:00 ; elapsed = 00:00:00 . Memory (MB): peak = 2934.086 ; gain = 0.000 ; free physical = 203 ; free virtual = 1715
INFO: [Project 1-111] Unisim Transformation Summary:
No Unisim elements were transformed.

Constraint Validation Runtime : Time (s): cpu = 00:00:00.01 ; elapsed = 00:00:00.01 . Memory (MB): peak = 2934.121 ; gain = 0.000 ; free physical = 203 ; free virtual = 1715
INFO: [Designutils 20-5008] Incremental synthesis strategy off
---------------------------------------------------------------------------------
Finished Constraint Validation : Time (s): cpu = 00:00:18 ; elapsed = 00:00:22 . Memory (MB): peak = 2934.121 ; gain = 356.531 ; free physical = 174 ; free virtual = 1622
---------------------------------------------------------------------------------
---------------------------------------------------------------------------------
Start Loading Part and Timing Information
---------------------------------------------------------------------------------
Loading part: xck26-sfvc784-2LV-c
INFO: [Synth 8-6742] Reading net delay rules and data
---------------------------------------------------------------------------------
Finished Loading Part and Timing Information : Time (s): cpu = 00:00:18 ; elapsed = 00:00:22 . Memory (MB): peak = 2942.090 ; gain = 364.500 ; free physical = 174 ; free virtual = 1622
---------------------------------------------------------------------------------
---------------------------------------------------------------------------------
Start Applying 'set_property' XDC Constraints
---------------------------------------------------------------------------------
---------------------------------------------------------------------------------
Finished applying 'set_property' XDC Constraints : Time (s): cpu = 00:00:18 ; elapsed = 00:00:22 . Memory (MB): peak = 2942.090 ; gain = 364.500 ; free physical = 174 ; free virtual = 1622
---------------------------------------------------------------------------------
INFO: [Synth 8-802] inferred FSM for state register 'gen_rst_ic.curr_wrst_state_reg' in module 'xpm_fifo_rst'
INFO: [Synth 8-802] inferred FSM for state register 'gen_rst_ic.curr_rrst_state_reg' in module 'xpm_fifo_rst'
INFO: [Synth 8-802] inferred FSM for state register 'gen_fwft.curr_fwft_state_reg' in module 'xpm_fifo_base'
INFO: [Synth 8-5552] Implemented safe state 'default_state' for state register 'gen_rst_ic.curr_wrst_state_reg' in module 'xpm_fifo_rst'
---------------------------------------------------------------------------------------------------
                   State |                     New Encoding |                Previous Encoding 
---------------------------------------------------------------------------------------------------
*
               WRST_IDLE |                            00001 |                              000
                 WRST_IN |                            00010 |                              010
                WRST_OUT |                            00100 |                              111
               WRST_EXIT |                            01000 |                              110
            WRST_GO2IDLE |                            10000 |                              100
---------------------------------------------------------------------------------------------------
INFO: [Synth 8-3354] encoded FSM with state register 'gen_rst_ic.curr_wrst_state_reg' using encoding 'one-hot' in module 'xpm_fifo_rst'
INFO: [Synth 8-5552] Implemented safe state 'default_state' for state register 'gen_rst_ic.curr_rrst_state_reg' in module 'xpm_fifo_rst'
---------------------------------------------------------------------------------------------------
                   State |                     New Encoding |                Previous Encoding 
---------------------------------------------------------------------------------------------------
*
               RRST_IDLE |                               00 |                               00
                 RRST_IN |                               01 |                               10
                RRST_OUT |                               10 |                               11
               RRST_EXIT |                               11 |                               01
---------------------------------------------------------------------------------------------------
INFO: [Synth 8-3354] encoded FSM with state register 'gen_rst_ic.curr_rrst_state_reg' using encoding 'sequential' in module 'xpm_fifo_rst'
---------------------------------------------------------------------------------------------------
                   State |                     New Encoding |                Previous Encoding 
---------------------------------------------------------------------------------------------------
                 invalid |                               00 |                               00
            stage1_valid |                               01 |                               10
       both_stages_valid |                               10 |                               11
            stage2_valid |                               11 |                               01
---------------------------------------------------------------------------------------------------
INFO: [Synth 8-3354] encoded FSM with state register 'gen_fwft.curr_fwft_state_reg' using encoding 'sequential' in module 'xpm_fifo_base'
---------------------------------------------------------------------------------
Finished RTL Optimization Phase 2 : Time (s): cpu = 00:00:18 ; elapsed = 00:00:22 . Memory (MB): peak = 2942.090 ; gain = 364.500 ; free physical = 173 ; free virtual = 1624
---------------------------------------------------------------------------------
---------------------------------------------------------------------------------
Start RTL Component Statistics 
---------------------------------------------------------------------------------
Detailed RTL Component Info : 
+---Adders : 
	   4 Input    6 Bit       Adders := 2     
	   2 Input    6 Bit       Adders := 2     
	   4 Input    5 Bit       Adders := 3     
	   4 Input    2 Bit       Adders := 1     
+---XORs : 
	   2 Input      6 Bit         XORs := 2     
	   2 Input      5 Bit         XORs := 2     
	   2 Input      1 Bit         XORs := 18    
+---Registers : 
	               19 Bit    Registers := 2     
	                6 Bit    Registers := 12    
	                5 Bit    Registers := 11    
	                2 Bit    Registers := 5     
	                1 Bit    Registers := 15    
+---Muxes : 
	   6 Input    5 Bit        Muxes := 1     
	   2 Input    5 Bit        Muxes := 8     
	   5 Input    2 Bit        Muxes := 1     
	   2 Input    2 Bit        Muxes := 33    
	   4 Input    2 Bit        Muxes := 7     
	   2 Input    1 Bit        Muxes := 5     
	   6 Input    1 Bit        Muxes := 2     
	   5 Input    1 Bit        Muxes := 3     
	   4 Input    1 Bit        Muxes := 2     
---------------------------------------------------------------------------------
Finished RTL Component Statistics 
---------------------------------------------------------------------------------
---------------------------------------------------------------------------------
Start Part Resource Summary
---------------------------------------------------------------------------------
Part Resources:
DSPs: 1248 (col length:96)
BRAMs: 288 (col length: RAMB18 96 RAMB36 48)
---------------------------------------------------------------------------------
Finished Part Resource Summary
---------------------------------------------------------------------------------
---------------------------------------------------------------------------------
Start Cross Boundary and Area Optimization
---------------------------------------------------------------------------------
INFO: [Synth 8-7129] Port rsta in module xpm_memory_base is either unconnected or has no load
INFO: [Synth 8-7129] Port regcea in module xpm_memory_base is either unconnected or has no load
INFO: [Synth 8-7129] Port injectsbiterra in module xpm_memory_base is either unconnected or has no load
INFO: [Synth 8-7129] Port injectdbiterra in module xpm_memory_base is either unconnected or has no load
INFO: [Synth 8-7129] Port web[0] in module xpm_memory_base is either unconnected or has no load
INFO: [Synth 8-7129] Port dinb[18] in module xpm_memory_base is either unconnected or has no load
INFO: [Synth 8-7129] Port dinb[17] in module xpm_memory_base is either unconnected or has no load
INFO: [Synth 8-7129] Port dinb[16] in module xpm_memory_base is either unconnected or has no load
INFO: [Synth 8-7129] Port dinb[15] in module xpm_memory_base is either unconnected or has no load
INFO: [Synth 8-7129] Port dinb[14] in module xpm_memory_base is either unconnected or has no load
INFO: [Synth 8-7129] Port dinb[13] in module xpm_memory_base is either unconnected or has no load
INFO: [Synth 8-7129] Port dinb[12] in module xpm_memory_base is either unconnected or has no load
INFO: [Synth 8-7129] Port dinb[11] in module xpm_memory_base is either unconnected or has no load
INFO: [Synth 8-7129] Port dinb[10] in module xpm_memory_base is either unconnected or has no load
INFO: [Synth 8-7129] Port dinb[9] in module xpm_memory_base is either unconnected or has no load
INFO: [Synth 8-7129] Port dinb[8] in module xpm_memory_base is either unconnected or has no load
INFO: [Synth 8-7129] Port dinb[7] in module xpm_memory_base is either unconnected or has no load
INFO: [Synth 8-7129] Port dinb[6] in module xpm_memory_base is either unconnected or has no load
INFO: [Synth 8-7129] Port dinb[5] in module xpm_memory_base is either unconnected or has no load
INFO: [Synth 8-7129] Port dinb[4] in module xpm_memory_base is either unconnected or has no load
INFO: [Synth 8-7129] Port dinb[3] in module xpm_memory_base is either unconnected or has no load
INFO: [Synth 8-7129] Port dinb[2] in module xpm_memory_base is either unconnected or has no load
INFO: [Synth 8-7129] Port dinb[1] in module xpm_memory_base is either unconnected or has no load
INFO: [Synth 8-7129] Port dinb[0] in module xpm_memory_base is either unconnected or has no load
INFO: [Synth 8-7129] Port injectsbiterrb in module xpm_memory_base is either unconnected or has no load
INFO: [Synth 8-7129] Port injectdbiterrb in module xpm_memory_base is either unconnected or has no load
INFO: [Synth 8-7129] Port s_axis_aclken in module axis_clock_converter_v1_1_36_axis_clock_converter is either unconnected or has no load
INFO: [Synth 8-7129] Port m_axis_aclken in module axis_clock_converter_v1_1_36_axis_clock_converter is either unconnected or has no load
INFO: [Synth 8-7129] Port s_axis_tstrb[1] in module axis_clock_converter_v1_1_36_axis_clock_converter is either unconnected or has no load
INFO: [Synth 8-7129] Port s_axis_tstrb[0] in module axis_clock_converter_v1_1_36_axis_clock_converter is either unconnected or has no load
INFO: [Synth 8-7129] Port s_axis_tid[0] in module axis_clock_converter_v1_1_36_axis_clock_converter is either unconnected or has no load
INFO: [Synth 8-7129] Port s_axis_tdest[0] in module axis_clock_converter_v1_1_36_axis_clock_converter is either unconnected or has no load
INFO: [Synth 8-7129] Port s_axis_tuser[0] in module axis_clock_converter_v1_1_36_axis_clock_converter is either unconnected or has no load
---------------------------------------------------------------------------------
Finished Cross Boundary and Area Optimization : Time (s): cpu = 00:00:20 ; elapsed = 00:00:24 . Memory (MB): peak = 2942.090 ; gain = 364.500 ; free physical = 175 ; free virtual = 1591
---------------------------------------------------------------------------------
---------------------------------------------------------------------------------
Start ROM, RAM, DSP, Shift Register and Retiming Reporting
---------------------------------------------------------------------------------

Distributed RAM: Preliminary Mapping Report (see note below)
+-------------------------------------------------------------------------------------------------------------------------------------------------+----------------------------------+----------------+----------------------+---------------+
|Module Name                                                                                                                                      | RTL Object                       | Inference      | Size (Depth x Width) | Primitives    | 
+-------------------------------------------------------------------------------------------------------------------------------------------------+----------------------------------+----------------+----------------------+---------------+
|inst/\gen_async_conv.axisc_async_clock_converter_0/xpm_fifo_async_inst /\gnuram_async_fifo.xpm_fifo_base_inst /\gen_sdpram.xpm_memory_base_inst  | gen_wr_a.gen_word_narrow.mem_reg | User Attribute | 32 x 19              | RAM32M16 x 2  | 
+-------------------------------------------------------------------------------------------------------------------------------------------------+----------------------------------+----------------+----------------------+---------------+

Note: The table above is a preliminary report that shows the Distributed RAMs at the current stage of the synthesis flow. Some Distributed RAMs may be reimplemented as non Distributed RAM primitives later in the synthesis flow. Multiple instantiated RAMs are reported only once.
---------------------------------------------------------------------------------
Finished ROM, RAM, DSP, Shift Register and Retiming Reporting
---------------------------------------------------------------------------------

*** Running vivado
    with args -log dma_system_axis_clock_converter_0_0.vds -m64 -product Vivado -mode batch -messageDb vivado.pb -notrace -source dma_system_axis_clock_converter_0_0.tcl


****** Vivado v2025.2 (64-bit)
  **** SW Build 6299465 on Fri Nov 14 12:34:56 MST 2025
  **** IP Build 6300035 on Fri Nov 14 10:48:45 MST 2025
  **** SharedData Build 6298862 on Thu Nov 13 04:50:51 MST 2025
  **** Start of session at: Thu Aug  6 09:26:02 2026
    ** Copyright 1986-2022 Xilinx, Inc. All Rights Reserved.
    ** Copyright 2022-2025 Advanced Micro Devices, Inc. All Rights Reserved.

Sourcing tcl script '/home/kuszman/.Xilinx/Vivado/Vivado_init.tcl'
source dma_system_axis_clock_converter_0_0.tcl -notrace
Command: synth_design -top dma_system_axis_clock_converter_0_0 -part xck26-sfvc784-2LV-c -incremental_mode off -mode out_of_context
Starting synth_design
Attempting to get a license for feature 'Synthesis' and/or device 'xck26'
INFO: [Common 17-349] Got license for feature 'Synthesis' and/or device 'xck26'
INFO: [Device 21-403] Loading part xck26-sfvc784-2LV-c
INFO: [Synth 8-7079] Multithreading enabled for synth_design using a maximum of 2 processes.
INFO: [Synth 8-7078] Launching helper process for spawning children vivado processes
INFO: [Synth 8-7075] Helper process launched with PID 9145
---------------------------------------------------------------------------------
Starting RTL Elaboration : Time (s): cpu = 00:00:05 ; elapsed = 00:00:06 . Memory (MB): peak = 2728.695 ; gain = 143.656 ; free physical = 367 ; free virtual = 36484
---------------------------------------------------------------------------------
INFO: [Synth 8-6157] synthesizing module 'dma_system_axis_clock_converter_0_0' [/home/kuszman/Magisterka/Intelligent-Vibroacoustic-Machine-Diagnostic-System-on-FPGA/spi/spi_true/spi_accelerometer_true/spi_accelerometer_true.gen/sources_1/bd/dma_system/ip/dma_system_axis_clock_converter_0_0/synth/dma_system_axis_clock_converter_0_0.v:53]
INFO: [Synth 8-6157] synthesizing module 'axis_clock_converter_v1_1_36_axis_clock_converter' [/home/kuszman/Magisterka/Intelligent-Vibroacoustic-Machine-Diagnostic-System-on-FPGA/spi/spi_true/spi_accelerometer_true/spi_accelerometer_true.gen/sources_1/bd/dma_system/ipshared/c5c7/hdl/axis_clock_converter_v1_1_vl_rfs.v:920]
INFO: [Synth 8-6157] synthesizing module 'axis_clock_converter_v1_1_36_axisc_async_clock_converter' [/home/kuszman/Magisterka/Intelligent-Vibroacoustic-Machine-Diagnostic-System-on-FPGA/spi/spi_true/spi_accelerometer_true/spi_accelerometer_true.gen/sources_1/bd/dma_system/ipshared/c5c7/hdl/axis_clock_converter_v1_1_vl_rfs.v:338]
INFO: [Synth 8-6157] synthesizing module 'xpm_cdc_sync_rst' [/home/kuszman/Xilinx/2025.2/data/ip/xpm/xpm_cdc/hdl/xpm_cdc.sv:1059]
INFO: [Synth 8-6155] done synthesizing module 'xpm_cdc_sync_rst' (0#1) [/home/kuszman/Xilinx/2025.2/data/ip/xpm/xpm_cdc/hdl/xpm_cdc.sv:1059]
INFO: [Synth 8-6157] synthesizing module 'xpm_fifo_async' [/home/kuszman/Xilinx/2025.2/data/ip/xpm/xpm_fifo/hdl/xpm_fifo.sv:2173]
INFO: [Synth 8-6157] synthesizing module 'xpm_fifo_base' [/home/kuszman/Xilinx/2025.2/data/ip/xpm/xpm_fifo/hdl/xpm_fifo.sv:53]
INFO: [Synth 8-6157] synthesizing module 'xpm_memory_base' [/home/kuszman/Xilinx/2025.2/data/ip/xpm/xpm_memory/hdl/xpm_memory.sv:54]
INFO: [Synth 8-6155] done synthesizing module 'xpm_memory_base' (0#1) [/home/kuszman/Xilinx/2025.2/data/ip/xpm/xpm_memory/hdl/xpm_memory.sv:54]
INFO: [Synth 8-6157] synthesizing module 'xpm_cdc_gray' [/home/kuszman/Xilinx/2025.2/data/ip/xpm/xpm_cdc/hdl/xpm_cdc.sv:283]
INFO: [Synth 8-6155] done synthesizing module 'xpm_cdc_gray' (0#1) [/home/kuszman/Xilinx/2025.2/data/ip/xpm/xpm_cdc/hdl/xpm_cdc.sv:283]
INFO: [Synth 8-6157] synthesizing module 'xpm_fifo_reg_vec' [/home/kuszman/Xilinx/2025.2/data/ip/xpm/xpm_fifo/hdl/xpm_fifo.sv:1905]
INFO: [Synth 8-6155] done synthesizing module 'xpm_fifo_reg_vec' (0#1) [/home/kuszman/Xilinx/2025.2/data/ip/xpm/xpm_fifo/hdl/xpm_fifo.sv:1905]
INFO: [Synth 8-6157] synthesizing module 'xpm_cdc_gray__parameterized0' [/home/kuszman/Xilinx/2025.2/data/ip/xpm/xpm_cdc/hdl/xpm_cdc.sv:283]
INFO: [Synth 8-6155] done synthesizing module 'xpm_cdc_gray__parameterized0' (0#1) [/home/kuszman/Xilinx/2025.2/data/ip/xpm/xpm_cdc/hdl/xpm_cdc.sv:283]
INFO: [Synth 8-6157] synthesizing module 'xpm_fifo_reg_vec__parameterized0' [/home/kuszman/Xilinx/2025.2/data/ip/xpm/xpm_fifo/hdl/xpm_fifo.sv:1905]
INFO: [Synth 8-6155] done synthesizing module 'xpm_fifo_reg_vec__parameterized0' (0#1) [/home/kuszman/Xilinx/2025.2/data/ip/xpm/xpm_fifo/hdl/xpm_fifo.sv:1905]
INFO: [Synth 8-6157] synthesizing module 'xpm_cdc_gray__parameterized1' [/home/kuszman/Xilinx/2025.2/data/ip/xpm/xpm_cdc/hdl/xpm_cdc.sv:283]
INFO: [Synth 8-6155] done synthesizing module 'xpm_cdc_gray__parameterized1' (0#1) [/home/kuszman/Xilinx/2025.2/data/ip/xpm/xpm_cdc/hdl/xpm_cdc.sv:283]
INFO: [Synth 8-226] default block is never used [/home/kuszman/Xilinx/2025.2/data/ip/xpm/xpm_fifo/hdl/xpm_fifo.sv:1220]
INFO: [Synth 8-226] default block is never used [/home/kuszman/Xilinx/2025.2/data/ip/xpm/xpm_fifo/hdl/xpm_fifo.sv:1287]
INFO: [Synth 8-226] default block is never used [/home/kuszman/Xilinx/2025.2/data/ip/xpm/xpm_fifo/hdl/xpm_fifo.sv:1309]
INFO: [Synth 8-6157] synthesizing module 'xpm_fifo_reg_bit' [/home/kuszman/Xilinx/2025.2/data/ip/xpm/xpm_fifo/hdl/xpm_fifo.sv:1927]
INFO: [Synth 8-6155] done synthesizing module 'xpm_fifo_reg_bit' (0#1) [/home/kuszman/Xilinx/2025.2/data/ip/xpm/xpm_fifo/hdl/xpm_fifo.sv:1927]
INFO: [Synth 8-6157] synthesizing module 'xpm_counter_updn' [/home/kuszman/Xilinx/2025.2/data/ip/xpm/xpm_fifo/hdl/xpm_fifo.sv:1879]
INFO: [Synth 8-6155] done synthesizing module 'xpm_counter_updn' (0#1) [/home/kuszman/Xilinx/2025.2/data/ip/xpm/xpm_fifo/hdl/xpm_fifo.sv:1879]
INFO: [Synth 8-6157] synthesizing module 'xpm_fifo_rst' [/home/kuszman/Xilinx/2025.2/data/ip/xpm/xpm_fifo/hdl/xpm_fifo.sv:1639]
INFO: [Synth 8-6157] synthesizing module 'xpm_cdc_sync_rst__parameterized0' [/home/kuszman/Xilinx/2025.2/data/ip/xpm/xpm_cdc/hdl/xpm_cdc.sv:1059]
INFO: [Synth 8-6155] done synthesizing module 'xpm_cdc_sync_rst__parameterized0' (0#1) [/home/kuszman/Xilinx/2025.2/data/ip/xpm/xpm_cdc/hdl/xpm_cdc.sv:1059]
INFO: [Synth 8-6155] done synthesizing module 'xpm_fifo_rst' (0#1) [/home/kuszman/Xilinx/2025.2/data/ip/xpm/xpm_fifo/hdl/xpm_fifo.sv:1639]
INFO: [Synth 8-6157] synthesizing module 'xpm_counter_updn__parameterized0' [/home/kuszman/Xilinx/2025.2/data/ip/xpm/xpm_fifo/hdl/xpm_fifo.sv:1879]
INFO: [Synth 8-6155] done synthesizing module 'xpm_counter_updn__parameterized0' (0#1) [/home/kuszman/Xilinx/2025.2/data/ip/xpm/xpm_fifo/hdl/xpm_fifo.sv:1879]
INFO: [Synth 8-6157] synthesizing module 'xpm_counter_updn__parameterized1' [/home/kuszman/Xilinx/2025.2/data/ip/xpm/xpm_fifo/hdl/xpm_fifo.sv:1879]
INFO: [Synth 8-6155] done synthesizing module 'xpm_counter_updn__parameterized1' (0#1) [/home/kuszman/Xilinx/2025.2/data/ip/xpm/xpm_fifo/hdl/xpm_fifo.sv:1879]
INFO: [Synth 8-6157] synthesizing module 'xpm_counter_updn__parameterized2' [/home/kuszman/Xilinx/2025.2/data/ip/xpm/xpm_fifo/hdl/xpm_fifo.sv:1879]
INFO: [Synth 8-6155] done synthesizing module 'xpm_counter_updn__parameterized2' (0#1) [/home/kuszman/Xilinx/2025.2/data/ip/xpm/xpm_fifo/hdl/xpm_fifo.sv:1879]
INFO: [Synth 8-6155] done synthesizing module 'xpm_fifo_base' (0#1) [/home/kuszman/Xilinx/2025.2/data/ip/xpm/xpm_fifo/hdl/xpm_fifo.sv:53]
INFO: [Synth 8-6155] done synthesizing module 'xpm_fifo_async' (0#1) [/home/kuszman/Xilinx/2025.2/data/ip/xpm/xpm_fifo/hdl/xpm_fifo.sv:2173]
INFO: [Synth 8-6155] done synthesizing module 'axis_clock_converter_v1_1_36_axisc_async_clock_converter' (0#1) [/home/kuszman/Magisterka/Intelligent-Vibroacoustic-Machine-Diagnostic-System-on-FPGA/spi/spi_true/spi_accelerometer_true/spi_accelerometer_true.gen/sources_1/bd/dma_system/ipshared/c5c7/hdl/axis_clock_converter_v1_1_vl_rfs.v:338]
INFO: [Synth 8-6157] synthesizing module 'axis_infrastructure_v1_1_1_util_axis2vector' [/home/kuszman/Magisterka/Intelligent-Vibroacoustic-Machine-Diagnostic-System-on-FPGA/spi/spi_true/spi_accelerometer_true/spi_accelerometer_true.gen/sources_1/bd/dma_system/ipshared/434f/hdl/axis_infrastructure_v1_1_vl_rfs.v:805]
INFO: [Synth 8-6155] done synthesizing module 'axis_infrastructure_v1_1_1_util_axis2vector' (0#1) [/home/kuszman/Magisterka/Intelligent-Vibroacoustic-Machine-Diagnostic-System-on-FPGA/spi/spi_true/spi_accelerometer_true/spi_accelerometer_true.gen/sources_1/bd/dma_system/ipshared/434f/hdl/axis_infrastructure_v1_1_vl_rfs.v:805]
INFO: [Synth 8-6157] synthesizing module 'axis_infrastructure_v1_1_1_util_vector2axis' [/home/kuszman/Magisterka/Intelligent-Vibroacoustic-Machine-Diagnostic-System-on-FPGA/spi/spi_true/spi_accelerometer_true/spi_accelerometer_true.gen/sources_1/bd/dma_system/ipshared/434f/hdl/axis_infrastructure_v1_1_vl_rfs.v:986]
INFO: [Synth 8-6155] done synthesizing module 'axis_infrastructure_v1_1_1_util_vector2axis' (0#1) [/home/kuszman/Magisterka/Intelligent-Vibroacoustic-Machine-Diagnostic-System-on-FPGA/spi/spi_true/spi_accelerometer_true/spi_accelerometer_true.gen/sources_1/bd/dma_system/ipshared/434f/hdl/axis_infrastructure_v1_1_vl_rfs.v:986]
INFO: [Synth 8-6155] done synthesizing module 'axis_clock_converter_v1_1_36_axis_clock_converter' (0#1) [/home/kuszman/Magisterka/Intelligent-Vibroacoustic-Machine-Diagnostic-System-on-FPGA/spi/spi_true/spi_accelerometer_true/spi_accelerometer_true.gen/sources_1/bd/dma_system/ipshared/c5c7/hdl/axis_clock_converter_v1_1_vl_rfs.v:920]
INFO: [Synth 8-6155] done synthesizing module 'dma_system_axis_clock_converter_0_0' (0#1) [/home/kuszman/Magisterka/Intelligent-Vibroacoustic-Machine-Diagnostic-System-on-FPGA/spi/spi_true/spi_accelerometer_true/spi_accelerometer_true.gen/sources_1/bd/dma_system/ip/dma_system_axis_clock_converter_0_0/synth/dma_system_axis_clock_converter_0_0.v:53]
WARNING: [Synth 8-6014] Unused sequential element gen_rd_b.gen_doutb_pipe.enb_pipe_reg[0] was removed.  [/home/kuszman/Xilinx/2025.2/data/ip/xpm/xpm_memory/hdl/xpm_memory.sv:3087]
WARNING: [Synth 8-6014] Unused sequential element dest_out_bin_ff_reg was removed.  [/home/kuszman/Xilinx/2025.2/data/ip/xpm/xpm_cdc/hdl/xpm_cdc.sv:417]
WARNING: [Synth 8-6014] Unused sequential element dest_out_bin_ff_reg was removed.  [/home/kuszman/Xilinx/2025.2/data/ip/xpm/xpm_cdc/hdl/xpm_cdc.sv:417]
WARNING: [Synth 8-6014] Unused sequential element dest_out_bin_ff_reg was removed.  [/home/kuszman/Xilinx/2025.2/data/ip/xpm/xpm_cdc/hdl/xpm_cdc.sv:417]
WARNING: [Synth 8-6014] Unused sequential element gdvld.data_valid_std_reg was removed.  [/home/kuszman/Xilinx/2025.2/data/ip/xpm/xpm_fifo/hdl/xpm_fifo.sv:550]
WARNING: [Synth 8-6014] Unused sequential element gen_fwft.empty_fwft_fb_reg was removed.  [/home/kuszman/Xilinx/2025.2/data/ip/xpm/xpm_fifo/hdl/xpm_fifo.sv:1404]
INFO: [Synth 8-7129] Port TSTRB[1] in module axis_infrastructure_v1_1_1_util_axis2vector is either unconnected or has no load
INFO: [Synth 8-7129] Port TSTRB[0] in module axis_infrastructure_v1_1_1_util_axis2vector is either unconnected or has no load
INFO: [Synth 8-7129] Port TID[0] in module axis_infrastructure_v1_1_1_util_axis2vector is either unconnected or has no load
INFO: [Synth 8-7129] Port TDEST[0] in module axis_infrastructure_v1_1_1_util_axis2vector is either unconnected or has no load
INFO: [Synth 8-7129] Port TUSER[0] in module axis_infrastructure_v1_1_1_util_axis2vector is either unconnected or has no load
INFO: [Synth 8-7129] Port sleep in module xpm_memory_base is either unconnected or has no load
INFO: [Synth 8-7129] Port rsta in module xpm_memory_base is either unconnected or has no load
INFO: [Synth 8-7129] Port regcea in module xpm_memory_base is either unconnected or has no load
INFO: [Synth 8-7129] Port injectsbiterra in module xpm_memory_base is either unconnected or has no load
INFO: [Synth 8-7129] Port injectdbiterra in module xpm_memory_base is either unconnected or has no load
INFO: [Synth 8-7129] Port web[0] in module xpm_memory_base is either unconnected or has no load
INFO: [Synth 8-7129] Port dinb[18] in module xpm_memory_base is either unconnected or has no load
INFO: [Synth 8-7129] Port dinb[17] in module xpm_memory_base is either unconnected or has no load
INFO: [Synth 8-7129] Port dinb[16] in module xpm_memory_base is either unconnected or has no load
INFO: [Synth 8-7129] Port dinb[15] in module xpm_memory_base is either unconnected or has no load
INFO: [Synth 8-7129] Port dinb[14] in module xpm_memory_base is either unconnected or has no load
INFO: [Synth 8-7129] Port dinb[13] in module xpm_memory_base is either unconnected or has no load
INFO: [Synth 8-7129] Port dinb[12] in module xpm_memory_base is either unconnected or has no load
INFO: [Synth 8-7129] Port dinb[11] in module xpm_memory_base is either unconnected or has no load
INFO: [Synth 8-7129] Port dinb[10] in module xpm_memory_base is either unconnected or has no load
INFO: [Synth 8-7129] Port dinb[9] in module xpm_memory_base is either unconnected or has no load
INFO: [Synth 8-7129] Port dinb[8] in module xpm_memory_base is either unconnected or has no load
INFO: [Synth 8-7129] Port dinb[7] in module xpm_memory_base is either unconnected or has no load
INFO: [Synth 8-7129] Port dinb[6] in module xpm_memory_base is either unconnected or has no load
INFO: [Synth 8-7129] Port dinb[5] in module xpm_memory_base is either unconnected or has no load
INFO: [Synth 8-7129] Port dinb[4] in module xpm_memory_base is either unconnected or has no load
INFO: [Synth 8-7129] Port dinb[3] in module xpm_memory_base is either unconnected or has no load
INFO: [Synth 8-7129] Port dinb[2] in module xpm_memory_base is either unconnected or has no load
INFO: [Synth 8-7129] Port dinb[1] in module xpm_memory_base is either unconnected or has no load
INFO: [Synth 8-7129] Port dinb[0] in module xpm_memory_base is either unconnected or has no load
INFO: [Synth 8-7129] Port injectsbiterrb in module xpm_memory_base is either unconnected or has no load
INFO: [Synth 8-7129] Port injectdbiterrb in module xpm_memory_base is either unconnected or has no load
INFO: [Synth 8-7129] Port s_axis_aclken in module axis_clock_converter_v1_1_36_axis_clock_converter is either unconnected or has no load
INFO: [Synth 8-7129] Port m_axis_aclken in module axis_clock_converter_v1_1_36_axis_clock_converter is either unconnected or has no load
---------------------------------------------------------------------------------
Finished RTL Elaboration : Time (s): cpu = 00:00:07 ; elapsed = 00:00:08 . Memory (MB): peak = 2822.664 ; gain = 237.625 ; free physical = 336 ; free virtual = 35764
---------------------------------------------------------------------------------
---------------------------------------------------------------------------------
Start Handling Custom Attributes
---------------------------------------------------------------------------------
---------------------------------------------------------------------------------
Finished Handling Custom Attributes : Time (s): cpu = 00:00:07 ; elapsed = 00:00:08 . Memory (MB): peak = 2822.664 ; gain = 237.625 ; free physical = 348 ; free virtual = 35720
---------------------------------------------------------------------------------
---------------------------------------------------------------------------------
Finished RTL Optimization Phase 1 : Time (s): cpu = 00:00:07 ; elapsed = 00:00:08 . Memory (MB): peak = 2822.664 ; gain = 237.625 ; free physical = 348 ; free virtual = 35720
---------------------------------------------------------------------------------
Netlist sorting complete. Time (s): cpu = 00:00:00 ; elapsed = 00:00:00.01 . Memory (MB): peak = 2822.664 ; gain = 0.000 ; free physical = 357 ; free virtual = 35727
INFO: [Project 1-570] Preparing netlist for logic optimization

Processing XDC Constraints
Initializing timing engine
Parsing XDC File [/home/kuszman/Magisterka/Intelligent-Vibroacoustic-Machine-Diagnostic-System-on-FPGA/spi/spi_true/spi_accelerometer_true/spi_accelerometer_true.gen/sources_1/bd/dma_system/ip/dma_system_axis_clock_converter_0_0/dma_system_axis_clock_converter_0_0_ooc.xdc] for cell 'inst'
Finished Parsing XDC File [/home/kuszman/Magisterka/Intelligent-Vibroacoustic-Machine-Diagnostic-System-on-FPGA/spi/spi_true/spi_accelerometer_true/spi_accelerometer_true.gen/sources_1/bd/dma_system/ip/dma_system_axis_clock_converter_0_0/dma_system_axis_clock_converter_0_0_ooc.xdc] for cell 'inst'
Parsing XDC File [/home/kuszman/Magisterka/Intelligent-Vibroacoustic-Machine-Diagnostic-System-on-FPGA/spi/spi_true/spi_accelerometer_true/spi_accelerometer_true.runs/dma_system_axis_clock_converter_0_0_synth_1/dont_touch.xdc]
Finished Parsing XDC File [/home/kuszman/Magisterka/Intelligent-Vibroacoustic-Machine-Diagnostic-System-on-FPGA/spi/spi_true/spi_accelerometer_true/spi_accelerometer_true.runs/dma_system_axis_clock_converter_0_0_synth_1/dont_touch.xdc]
INFO: [Project 1-236] Implementation specific constraints were found while reading constraint file [/home/kuszman/Xilinx/2025.2/data/ip/xpm/xpm_cdc/tcl/xpm_cdc_gray.tcl]. These constraints will be ignored for synthesis but will be used in implementation. Impacted constraints are listed in the file [.Xil/dma_system_axis_clock_converter_0_0_propImpl.xdc].
Resolution: To avoid this warning, move constraints listed in [.Xil/dma_system_axis_clock_converter_0_0_propImpl.xdc] to another XDC file and exclude this new file from synthesis with the used_in_synthesis property (File Properties dialog in GUI) and re-run elaboration/synthesis.
INFO: [Project 1-236] Implementation specific constraints were found while reading constraint file [/home/kuszman/Xilinx/2025.2/data/ip/xpm/xpm_fifo/tcl/xpm_fifo_rst.tcl]. These constraints will be ignored for synthesis but will be used in implementation. Impacted constraints are listed in the file [.Xil/dma_system_axis_clock_converter_0_0_propImpl.xdc].
Resolution: To avoid this warning, move constraints listed in [.Xil/dma_system_axis_clock_converter_0_0_propImpl.xdc] to another XDC file and exclude this new file from synthesis with the used_in_synthesis property (File Properties dialog in GUI) and re-run elaboration/synthesis.
INFO: [Project 1-1714] 8 XPM XDC files have been applied to the design.
Completed Processing XDC Constraints

Netlist sorting complete. Time (s): cpu = 00:00:00 ; elapsed = 00:00:00 . Memory (MB): peak = 2932.137 ; gain = 0.000 ; free physical = 346 ; free virtual = 35071
INFO: [Project 1-111] Unisim Transformation Summary:
No Unisim elements were transformed.

Constraint Validation Runtime : Time (s): cpu = 00:00:00.01 ; elapsed = 00:00:00.01 . Memory (MB): peak = 2932.172 ; gain = 0.000 ; free physical = 342 ; free virtual = 35069
INFO: [Designutils 20-5008] Incremental synthesis strategy off
---------------------------------------------------------------------------------
Finished Constraint Validation : Time (s): cpu = 00:00:18 ; elapsed = 00:00:20 . Memory (MB): peak = 2932.172 ; gain = 347.133 ; free physical = 219 ; free virtual = 34950
---------------------------------------------------------------------------------
---------------------------------------------------------------------------------
Start Loading Part and Timing Information
---------------------------------------------------------------------------------
Loading part: xck26-sfvc784-2LV-c
INFO: [Synth 8-6742] Reading net delay rules and data
---------------------------------------------------------------------------------
Finished Loading Part and Timing Information : Time (s): cpu = 00:00:18 ; elapsed = 00:00:21 . Memory (MB): peak = 2940.141 ; gain = 355.102 ; free physical = 218 ; free virtual = 34950
---------------------------------------------------------------------------------
---------------------------------------------------------------------------------
Start Applying 'set_property' XDC Constraints
---------------------------------------------------------------------------------
---------------------------------------------------------------------------------
Finished applying 'set_property' XDC Constraints : Time (s): cpu = 00:00:18 ; elapsed = 00:00:21 . Memory (MB): peak = 2940.141 ; gain = 355.102 ; free physical = 216 ; free virtual = 34949
---------------------------------------------------------------------------------
INFO: [Synth 8-802] inferred FSM for state register 'gen_rst_ic.curr_wrst_state_reg' in module 'xpm_fifo_rst'
INFO: [Synth 8-802] inferred FSM for state register 'gen_rst_ic.curr_rrst_state_reg' in module 'xpm_fifo_rst'
INFO: [Synth 8-802] inferred FSM for state register 'gen_fwft.curr_fwft_state_reg' in module 'xpm_fifo_base'
INFO: [Synth 8-5552] Implemented safe state 'default_state' for state register 'gen_rst_ic.curr_wrst_state_reg' in module 'xpm_fifo_rst'
---------------------------------------------------------------------------------------------------
                   State |                     New Encoding |                Previous Encoding 
---------------------------------------------------------------------------------------------------
*
               WRST_IDLE |                            00001 |                              000
                 WRST_IN |                            00010 |                              010
                WRST_OUT |                            00100 |                              111
               WRST_EXIT |                            01000 |                              110
            WRST_GO2IDLE |                            10000 |                              100
---------------------------------------------------------------------------------------------------
INFO: [Synth 8-3354] encoded FSM with state register 'gen_rst_ic.curr_wrst_state_reg' using encoding 'one-hot' in module 'xpm_fifo_rst'
INFO: [Synth 8-5552] Implemented safe state 'default_state' for state register 'gen_rst_ic.curr_rrst_state_reg' in module 'xpm_fifo_rst'
---------------------------------------------------------------------------------------------------
                   State |                     New Encoding |                Previous Encoding 
---------------------------------------------------------------------------------------------------
*
               RRST_IDLE |                               00 |                               00
                 RRST_IN |                               01 |                               10
                RRST_OUT |                               10 |                               11
               RRST_EXIT |                               11 |                               01
---------------------------------------------------------------------------------------------------
INFO: [Synth 8-3354] encoded FSM with state register 'gen_rst_ic.curr_rrst_state_reg' using encoding 'sequential' in module 'xpm_fifo_rst'
---------------------------------------------------------------------------------------------------
                   State |                     New Encoding |                Previous Encoding 
---------------------------------------------------------------------------------------------------
                 invalid |                               00 |                               00
            stage1_valid |                               01 |                               10
       both_stages_valid |                               10 |                               11
            stage2_valid |                               11 |                               01
---------------------------------------------------------------------------------------------------
INFO: [Synth 8-3354] encoded FSM with state register 'gen_fwft.curr_fwft_state_reg' using encoding 'sequential' in module 'xpm_fifo_base'
---------------------------------------------------------------------------------
Finished RTL Optimization Phase 2 : Time (s): cpu = 00:00:18 ; elapsed = 00:00:21 . Memory (MB): peak = 2940.141 ; gain = 355.102 ; free physical = 208 ; free virtual = 34940
---------------------------------------------------------------------------------
---------------------------------------------------------------------------------
Start RTL Component Statistics 
---------------------------------------------------------------------------------
Detailed RTL Component Info : 
+---Adders : 
	   4 Input    6 Bit       Adders := 2     
	   2 Input    6 Bit       Adders := 2     
	   4 Input    5 Bit       Adders := 3     
	   4 Input    2 Bit       Adders := 1     
+---XORs : 
	   2 Input      6 Bit         XORs := 2     
	   2 Input      5 Bit         XORs := 2     
	   2 Input      1 Bit         XORs := 18    
+---Registers : 
	               19 Bit    Registers := 2     
	                6 Bit    Registers := 12    
	                5 Bit    Registers := 11    
	                2 Bit    Registers := 5     
	                1 Bit    Registers := 15    
+---Muxes : 
	   6 Input    5 Bit        Muxes := 1     
	   2 Input    5 Bit        Muxes := 8     
	   5 Input    2 Bit        Muxes := 1     
	   2 Input    2 Bit        Muxes := 33    
	   4 Input    2 Bit        Muxes := 7     
	   2 Input    1 Bit        Muxes := 5     
	   6 Input    1 Bit        Muxes := 2     
	   5 Input    1 Bit        Muxes := 3     
	   4 Input    1 Bit        Muxes := 2     
---------------------------------------------------------------------------------
Finished RTL Component Statistics 
---------------------------------------------------------------------------------
---------------------------------------------------------------------------------
Start Part Resource Summary
---------------------------------------------------------------------------------
Part Resources:
DSPs: 1248 (col length:96)
BRAMs: 288 (col length: RAMB18 96 RAMB36 48)
---------------------------------------------------------------------------------
Finished Part Resource Summary
---------------------------------------------------------------------------------
---------------------------------------------------------------------------------
Start Cross Boundary and Area Optimization
---------------------------------------------------------------------------------
INFO: [Synth 8-7129] Port rsta in module xpm_memory_base is either unconnected or has no load
INFO: [Synth 8-7129] Port regcea in module xpm_memory_base is either unconnected or has no load
INFO: [Synth 8-7129] Port injectsbiterra in module xpm_memory_base is either unconnected or has no load
INFO: [Synth 8-7129] Port injectdbiterra in module xpm_memory_base is either unconnected or has no load
INFO: [Synth 8-7129] Port web[0] in module xpm_memory_base is either unconnected or has no load
INFO: [Synth 8-7129] Port dinb[18] in module xpm_memory_base is either unconnected or has no load
INFO: [Synth 8-7129] Port dinb[17] in module xpm_memory_base is either unconnected or has no load
INFO: [Synth 8-7129] Port dinb[16] in module xpm_memory_base is either unconnected or has no load
INFO: [Synth 8-7129] Port dinb[15] in module xpm_memory_base is either unconnected or has no load
INFO: [Synth 8-7129] Port dinb[14] in module xpm_memory_base is either unconnected or has no load
INFO: [Synth 8-7129] Port dinb[13] in module xpm_memory_base is either unconnected or has no load
INFO: [Synth 8-7129] Port dinb[12] in module xpm_memory_base is either unconnected or has no load
INFO: [Synth 8-7129] Port dinb[11] in module xpm_memory_base is either unconnected or has no load
INFO: [Synth 8-7129] Port dinb[10] in module xpm_memory_base is either unconnected or has no load
INFO: [Synth 8-7129] Port dinb[9] in module xpm_memory_base is either unconnected or has no load
INFO: [Synth 8-7129] Port dinb[8] in module xpm_memory_base is either unconnected or has no load
INFO: [Synth 8-7129] Port dinb[7] in module xpm_memory_base is either unconnected or has no load
INFO: [Synth 8-7129] Port dinb[6] in module xpm_memory_base is either unconnected or has no load
INFO: [Synth 8-7129] Port dinb[5] in module xpm_memory_base is either unconnected or has no load
INFO: [Synth 8-7129] Port dinb[4] in module xpm_memory_base is either unconnected or has no load
INFO: [Synth 8-7129] Port dinb[3] in module xpm_memory_base is either unconnected or has no load
INFO: [Synth 8-7129] Port dinb[2] in module xpm_memory_base is either unconnected or has no load
INFO: [Synth 8-7129] Port dinb[1] in module xpm_memory_base is either unconnected or has no load
INFO: [Synth 8-7129] Port dinb[0] in module xpm_memory_base is either unconnected or has no load
INFO: [Synth 8-7129] Port injectsbiterrb in module xpm_memory_base is either unconnected or has no load
INFO: [Synth 8-7129] Port injectdbiterrb in module xpm_memory_base is either unconnected or has no load
INFO: [Synth 8-7129] Port s_axis_aclken in module axis_clock_converter_v1_1_36_axis_clock_converter is either unconnected or has no load
INFO: [Synth 8-7129] Port m_axis_aclken in module axis_clock_converter_v1_1_36_axis_clock_converter is either unconnected or has no load
INFO: [Synth 8-7129] Port s_axis_tstrb[1] in module axis_clock_converter_v1_1_36_axis_clock_converter is either unconnected or has no load
INFO: [Synth 8-7129] Port s_axis_tstrb[0] in module axis_clock_converter_v1_1_36_axis_clock_converter is either unconnected or has no load
INFO: [Synth 8-7129] Port s_axis_tid[0] in module axis_clock_converter_v1_1_36_axis_clock_converter is either unconnected or has no load
INFO: [Synth 8-7129] Port s_axis_tdest[0] in module axis_clock_converter_v1_1_36_axis_clock_converter is either unconnected or has no load
INFO: [Synth 8-7129] Port s_axis_tuser[0] in module axis_clock_converter_v1_1_36_axis_clock_converter is either unconnected or has no load
---------------------------------------------------------------------------------
Finished Cross Boundary and Area Optimization : Time (s): cpu = 00:00:20 ; elapsed = 00:00:23 . Memory (MB): peak = 2940.141 ; gain = 355.102 ; free physical = 184 ; free virtual = 34919
---------------------------------------------------------------------------------
---------------------------------------------------------------------------------
Start ROM, RAM, DSP, Shift Register and Retiming Reporting
---------------------------------------------------------------------------------

Distributed RAM: Preliminary Mapping Report (see note below)
+-------------------------------------------------------------------------------------------------------------------------------------------------+----------------------------------+----------------+----------------------+---------------+
|Module Name                                                                                                                                      | RTL Object                       | Inference      | Size (Depth x Width) | Primitives    | 
+-------------------------------------------------------------------------------------------------------------------------------------------------+----------------------------------+----------------+----------------------+---------------+
|inst/\gen_async_conv.axisc_async_clock_converter_0/xpm_fifo_async_inst /\gnuram_async_fifo.xpm_fifo_base_inst /\gen_sdpram.xpm_memory_base_inst  | gen_wr_a.gen_word_narrow.mem_reg | User Attribute | 32 x 19              | RAM32M16 x 2  | 
+-------------------------------------------------------------------------------------------------------------------------------------------------+----------------------------------+----------------+----------------------+---------------+

Note: The table above is a preliminary report that shows the Distributed RAMs at the current stage of the synthesis flow. Some Distributed RAMs may be reimplemented as non Distributed RAM primitives later in the synthesis flow. Multiple instantiated RAMs are reported only once.
---------------------------------------------------------------------------------
Finished ROM, RAM, DSP, Shift Register and Retiming Reporting
---------------------------------------------------------------------------------
---------------------------------------------------------------------------------
Start Applying XDC Timing Constraints
---------------------------------------------------------------------------------
---------------------------------------------------------------------------------
Finished Applying XDC Timing Constraints : Time (s): cpu = 00:00:27 ; elapsed = 00:00:33 . Memory (MB): peak = 3556.000 ; gain = 970.961 ; free physical = 228 ; free virtual = 33153
---------------------------------------------------------------------------------
---------------------------------------------------------------------------------
Start Timing Optimization
---------------------------------------------------------------------------------
---------------------------------------------------------------------------------
Finished Timing Optimization : Time (s): cpu = 00:00:28 ; elapsed = 00:00:33 . Memory (MB): peak = 3588.047 ; gain = 1003.008 ; free physical = 164 ; free virtual = 32978
---------------------------------------------------------------------------------
---------------------------------------------------------------------------------
Start ROM, RAM, DSP, Shift Register and Retiming Reporting
---------------------------------------------------------------------------------

Distributed RAM: Final Mapping Report
+-------------------------------------------------------------------------------------------------------------------------------------------------+----------------------------------+----------------+----------------------+---------------+
|Module Name                                                                                                                                      | RTL Object                       | Inference      | Size (Depth x Width) | Primitives    | 
+-------------------------------------------------------------------------------------------------------------------------------------------------+----------------------------------+----------------+----------------------+---------------+
|inst/\gen_async_conv.axisc_async_clock_converter_0/xpm_fifo_async_inst /\gnuram_async_fifo.xpm_fifo_base_inst /\gen_sdpram.xpm_memory_base_inst  | gen_wr_a.gen_word_narrow.mem_reg | User Attribute | 32 x 19              | RAM32M16 x 2  | 
+-------------------------------------------------------------------------------------------------------------------------------------------------+----------------------------------+----------------+----------------------+---------------+

---------------------------------------------------------------------------------
Finished ROM, RAM, DSP, Shift Register and Retiming Reporting
---------------------------------------------------------------------------------
---------------------------------------------------------------------------------
Start Technology Mapping
---------------------------------------------------------------------------------
---------------------------------------------------------------------------------
Finished Technology Mapping : Time (s): cpu = 00:00:28 ; elapsed = 00:00:33 . Memory (MB): peak = 3589.055 ; gain = 1004.016 ; free physical = 211 ; free virtual = 32989
---------------------------------------------------------------------------------
---------------------------------------------------------------------------------
Start IO Insertion
---------------------------------------------------------------------------------
---------------------------------------------------------------------------------
Start Flattening Before IO Insertion
---------------------------------------------------------------------------------
---------------------------------------------------------------------------------
Finished Flattening Before IO Insertion
---------------------------------------------------------------------------------
---------------------------------------------------------------------------------
Start Final Netlist Cleanup
---------------------------------------------------------------------------------
---------------------------------------------------------------------------------
Finished Final Netlist Cleanup
---------------------------------------------------------------------------------
---------------------------------------------------------------------------------
Finished IO Insertion : Time (s): cpu = 00:00:32 ; elapsed = 00:00:42 . Memory (MB): peak = 3754.867 ; gain = 1169.828 ; free physical = 322 ; free virtual = 31257
---------------------------------------------------------------------------------
---------------------------------------------------------------------------------
Start Renaming Generated Instances
---------------------------------------------------------------------------------
---------------------------------------------------------------------------------
Finished Renaming Generated Instances : Time (s): cpu = 00:00:32 ; elapsed = 00:00:42 . Memory (MB): peak = 3754.867 ; gain = 1169.828 ; free physical = 322 ; free virtual = 31257
---------------------------------------------------------------------------------
---------------------------------------------------------------------------------
Start Rebuilding User Hierarchy
---------------------------------------------------------------------------------
---------------------------------------------------------------------------------
Finished Rebuilding User Hierarchy : Time (s): cpu = 00:00:32 ; elapsed = 00:00:42 . Memory (MB): peak = 3754.867 ; gain = 1169.828 ; free physical = 314 ; free virtual = 31250
---------------------------------------------------------------------------------
---------------------------------------------------------------------------------
Start Renaming Generated Ports
---------------------------------------------------------------------------------
---------------------------------------------------------------------------------
Finished Renaming Generated Ports : Time (s): cpu = 00:00:32 ; elapsed = 00:00:42 . Memory (MB): peak = 3754.867 ; gain = 1169.828 ; free physical = 314 ; free virtual = 31250
---------------------------------------------------------------------------------
---------------------------------------------------------------------------------
Start Handling Custom Attributes
---------------------------------------------------------------------------------
---------------------------------------------------------------------------------
Finished Handling Custom Attributes : Time (s): cpu = 00:00:32 ; elapsed = 00:00:42 . Memory (MB): peak = 3754.867 ; gain = 1169.828 ; free physical = 314 ; free virtual = 31250
---------------------------------------------------------------------------------
---------------------------------------------------------------------------------
Start Renaming Generated Nets
---------------------------------------------------------------------------------
---------------------------------------------------------------------------------
Finished Renaming Generated Nets : Time (s): cpu = 00:00:32 ; elapsed = 00:00:42 . Memory (MB): peak = 3754.867 ; gain = 1169.828 ; free physical = 314 ; free virtual = 31250
---------------------------------------------------------------------------------
---------------------------------------------------------------------------------
Start Writing Synthesis Report
---------------------------------------------------------------------------------

Report BlackBoxes: 
+-+--------------+----------+
| |BlackBox name |Instances |
+-+--------------+----------+
+-+--------------+----------+

Report Cell Usage: 
+------+---------+------+
|      |Cell     |Count |
+------+---------+------+
|1     |LUT1     |     5|
|2     |LUT2     |    29|
|3     |LUT3     |    11|
|4     |LUT4     |    23|
|5     |LUT5     |    22|
|6     |LUT6     |    15|
|7     |RAM32M   |     1|
|8     |RAM32M16 |     1|
|9     |FDRE     |   176|
|10    |FDSE     |     6|
+------+---------+------+
---------------------------------------------------------------------------------
Finished Writing Synthesis Report : Time (s): cpu = 00:00:32 ; elapsed = 00:00:42 . Memory (MB): peak = 3754.867 ; gain = 1169.828 ; free physical = 307 ; free virtual = 31242
---------------------------------------------------------------------------------
Synthesis finished with 0 errors, 0 critical warnings and 0 warnings.
Synthesis Optimization Runtime : Time (s): cpu = 00:00:26 ; elapsed = 00:00:35 . Memory (MB): peak = 3754.867 ; gain = 1060.320 ; free physical = 195 ; free virtual = 31114
Synthesis Optimization Complete : Time (s): cpu = 00:00:32 ; elapsed = 00:00:43 . Memory (MB): peak = 3754.867 ; gain = 1169.828 ; free physical = 195 ; free virtual = 31114
INFO: [Project 1-571] Translating synthesized netlist
Netlist sorting complete. Time (s): cpu = 00:00:00.01 ; elapsed = 00:00:00 . Memory (MB): peak = 3754.867 ; gain = 0.000 ; free physical = 208 ; free virtual = 31084
INFO: [Netlist 29-17] Analyzing 2 Unisim elements for replacement
INFO: [Netlist 29-28] Unisim Transformation completed in 0 CPU seconds
INFO: [Project 1-570] Preparing netlist for logic optimization
INFO: [Opt 31-138] Pushed 0 inverter(s) to 0 load pin(s).
Netlist sorting complete. Time (s): cpu = 00:00:00 ; elapsed = 00:00:00 . Memory (MB): peak = 3754.867 ; gain = 0.000 ; free physical = 380 ; free virtual = 31194
INFO: [Project 1-111] Unisim Transformation Summary:
  A total of 2 instances were transformed.
  RAM32M => RAM32M (RAMD32(x6), RAMS32(x2)): 1 instance 
  RAM32M16 => RAM32M16 (RAMD32(x14), RAMS32(x2)): 1 instance 

Synth Design complete | Checksum: 7eb28578
INFO: [Common 17-83] Releasing license: Synthesis
139 Infos, 6 Warnings, 0 Critical Warnings and 0 Errors encountered.
synth_design completed successfully
synth_design: Time (s): cpu = 00:00:42 ; elapsed = 00:00:51 . Memory (MB): peak = 3754.867 ; gain = 2175.258 ; free physical = 294 ; free virtual = 31056
INFO: [Common 17-2834] synth_design peak Physical Memory [PSS] (MB): overall = 1901.733; main = 1731.158; forked = 193.642
INFO: [Common 17-2834] synth_design peak Virtual Memory [VSS] (MB): overall = 4672.273; main = 3689.188; forked = 988.215
Write ShapeDB Complete: Time (s): cpu = 00:00:00 ; elapsed = 00:00:00 . Memory (MB): peak = 3754.867 ; gain = 0.000 ; free physical = 247 ; free virtual = 31010
INFO: [Common 17-1381] The checkpoint '/home/kuszman/Magisterka/Intelligent-Vibroacoustic-Machine-Diagnostic-System-on-FPGA/spi/spi_true/spi_accelerometer_true/spi_accelerometer_true.runs/dma_system_axis_clock_converter_0_0_synth_1/dma_system_axis_clock_converter_0_0.dcp' has been generated.
INFO: [Coretcl 2-1648] Added synthesis output to IP cache for IP dma_system_axis_clock_converter_0_0, cache-ID = 6efb1c097a58f698
INFO: [Coretcl 2-1174] Renamed 22 cell refs.
Write ShapeDB Complete: Time (s): cpu = 00:00:00 ; elapsed = 00:00:00.01 . Memory (MB): peak = 3754.867 ; gain = 0.000 ; free physical = 243 ; free virtual = 30738
INFO: [Common 17-1381] The checkpoint '/home/kuszman/Magisterka/Intelligent-Vibroacoustic-Machine-Diagnostic-System-on-FPGA/spi/spi_true/spi_accelerometer_true/spi_accelerometer_true.runs/dma_system_axis_clock_converter_0_0_synth_1/dma_system_axis_clock_converter_0_0.dcp' has been generated.
INFO: [Vivado 12-24828] Executing command : report_utilization -file dma_system_axis_clock_converter_0_0_utilization_synth.rpt -pb dma_system_axis_clock_converter_0_0_utilization_synth.pb
INFO: [Common 17-206] Exiting Vivado at Thu Aug  6 09:27:02 2026...
