#-----------------------------------------------------------
# Vivado v2025.2 (64-bit)
# SW Build 6299465 on Fri Nov 14 12:34:56 MST 2025
# IP Build 6300035 on Fri Nov 14 10:48:45 MST 2025
# SharedData Build 6298862 on Thu Nov 13 04:50:51 MST 2025
# Start of session at: Mon Apr  6 22:52:55 2026
# Process ID         : 3038091
# Current directory  : /home/janek/Magisterka/Intelligent-Vibroacoustic-Machine-Diagnostic-System-on-FPGA
# Command line       : vivado
# Log file           : /home/janek/Magisterka/Intelligent-Vibroacoustic-Machine-Diagnostic-System-on-FPGA/vivado.log
# Journal file       : /home/janek/Magisterka/Intelligent-Vibroacoustic-Machine-Diagnostic-System-on-FPGA/vivado.jou
# Running On         : qtaz
# Platform           : Ubuntu
# Operating System   : Ubuntu 24.04.4 LTS
# Processor Detail   : AMD Ryzen 5 7500F 6-Core Processor
# CPU Frequency      : 3693.000 MHz
# CPU Physical cores : 6
# CPU Logical cores  : 12
# Host memory        : 27314 MB
# Swap memory        : 17179 MB
# Total Virtual      : 44494 MB
# Available Virtual  : 42634 MB
#-----------------------------------------------------------
start_gui
WARNING: [Board 49-26] cannot add Board Part xilinx.com:ac701:part0:1.4 available at /home/janek/2025.2/data/xhub/boards/XilinxBoardStore/boards/Xilinx/ac701/1.4/board.xml as part xc7a200tfbg676-2 specified in board_part file is either invalid or not available
WARNING: [Board 49-26] cannot add Board Part xilinx.com:emb-plus-vpr-4616:part0:1.0 available at /home/janek/2025.2/data/xhub/boards/XilinxBoardStore/boards/Xilinx/emb-plus-vpr-4616/1.0/board.xml as part xcve2302-sfva784-2mp-e-s specified in board_part file is either invalid or not available
WARNING: [Board 49-26] cannot add Board Part xilinx.com:emb-plus-vpr-4616:part0:1.1 available at /home/janek/2025.2/data/xhub/boards/XilinxBoardStore/boards/Xilinx/emb-plus-vpr-4616/1.1/board.xml as part xcve2302-sfva784-2mp-e-s specified in board_part file is either invalid or not available
WARNING: [Board 49-26] cannot add Board Part xilinx.com:kc705:part0:1.6 available at /home/janek/2025.2/data/xhub/boards/XilinxBoardStore/boards/Xilinx/kc705/1.6/board.xml as part xc7k325tffg900-2 specified in board_part file is either invalid or not available
WARNING: [Board 49-26] cannot add Board Part xilinx.com:kc705:part0:1.7 available at /home/janek/2025.2/data/xhub/boards/XilinxBoardStore/boards/Xilinx/kc705/1.7/board.xml as part xc7k325tffg900-2 specified in board_part file is either invalid or not available
WARNING: [Board 49-26] cannot add Board Part xilinx.com:sp701:part0:1.0 available at /home/janek/2025.2/data/xhub/boards/XilinxBoardStore/boards/Xilinx/sp701/1.0/board.xml as part xc7s100fgga676-2 specified in board_part file is either invalid or not available
WARNING: [Board 49-26] cannot add Board Part xilinx.com:sp701:part0:1.1 available at /home/janek/2025.2/data/xhub/boards/XilinxBoardStore/boards/Xilinx/sp701/1.1/board.xml as part xc7s100fgga676-2 specified in board_part file is either invalid or not available
WARNING: [Board 49-26] cannot add Board Part xilinx.com:v80:part0:1.0 available at /home/janek/2025.2/data/xhub/boards/XilinxBoardStore/boards/Xilinx/v80/1.0/board.xml as part xcv80-lsva4737-2mhp-e-s specified in board_part file is either invalid or not available
WARNING: [Board 49-26] cannot add Board Part xilinx.com:vc707:part0:1.4 available at /home/janek/2025.2/data/xhub/boards/XilinxBoardStore/boards/Xilinx/vc707/1.4/board.xml as part xc7vx485tffg1761-2 specified in board_part file is either invalid or not available
WARNING: [Board 49-26] cannot add Board Part xilinx.com:vc707:part0:1.5 available at /home/janek/2025.2/data/xhub/boards/XilinxBoardStore/boards/Xilinx/vc707/1.5/board.xml as part xc7vx485tffg1761-2 specified in board_part file is either invalid or not available
WARNING: [Board 49-26] cannot add Board Part xilinx.com:vc709:part0:1.8 available at /home/janek/2025.2/data/xhub/boards/XilinxBoardStore/boards/Xilinx/vc709/1.8/board.xml as part xc7vx690tffg1761-2 specified in board_part file is either invalid or not available
WARNING: [Board 49-26] cannot add Board Part xilinx.com:vck190:part0:2.2 available at /home/janek/2025.2/data/xhub/boards/XilinxBoardStore/boards/Xilinx/vck190/production/2.2/board.xml as part xcvc1902-vsva2197-2mp-e-s specified in board_part file is either invalid or not available
WARNING: [Board 49-26] cannot add Board Part xilinx.com:vck190:part0:3.0 available at /home/janek/2025.2/data/xhub/boards/XilinxBoardStore/boards/Xilinx/vck190/production/3.0/board.xml as part xcvc1902-vsva2197-2mp-e-s specified in board_part file is either invalid or not available
WARNING: [Board 49-26] cannot add Board Part xilinx.com:vck190:part0:3.1 available at /home/janek/2025.2/data/xhub/boards/XilinxBoardStore/boards/Xilinx/vck190/production/3.1/board.xml as part xcvc1902-vsva2197-2mp-e-s specified in board_part file is either invalid or not available
WARNING: [Board 49-26] cannot add Board Part xilinx.com:vck190:part0:3.2 available at /home/janek/2025.2/data/xhub/boards/XilinxBoardStore/boards/Xilinx/vck190/production/3.2/board.xml as part xcvc1902-vsva2197-2mp-e-s specified in board_part file is either invalid or not available
WARNING: [Board 49-26] cannot add Board Part xilinx.com:vck190:part0:3.3 available at /home/janek/2025.2/data/xhub/boards/XilinxBoardStore/boards/Xilinx/vck190/production/3.3/board.xml as part xcvc1902-vsva2197-2mp-e-s specified in board_part file is either invalid or not available
WARNING: [Board 49-26] cannot add Board Part xilinx.com:vck190:part0:3.4 available at /home/janek/2025.2/data/xhub/boards/XilinxBoardStore/boards/Xilinx/vck190/production/3.4/board.xml as part xcvc1902-vsva2197-2mp-e-s specified in board_part file is either invalid or not available
WARNING: [Board 49-26] cannot add Board Part xilinx.com:vck190_newl:part0:1.0 available at /home/janek/2025.2/data/xhub/boards/XilinxBoardStore/boards/Xilinx/vck190_newl/production/1.0/board.xml as part xcvc1902-vsva2197-2mp-e-s specified in board_part file is either invalid or not available
WARNING: [Board 49-26] cannot add Board Part xilinx.com:vck190_newl:part0:1.1 available at /home/janek/2025.2/data/xhub/boards/XilinxBoardStore/boards/Xilinx/vck190_newl/production/1.1/board.xml as part xcvc1902-vsva2197-2mp-e-s specified in board_part file is either invalid or not available
WARNING: [Board 49-26] cannot add Board Part xilinx.com:vck190_newl:part0:1.2 available at /home/janek/2025.2/data/xhub/boards/XilinxBoardStore/boards/Xilinx/vck190_newl/production/1.2/board.xml as part xcvc1902-vsva2197-2mp-e-s specified in board_part file is either invalid or not available
WARNING: [Board 49-26] cannot add Board Part xilinx.com:vck190_newl:part0:1.3 available at /home/janek/2025.2/data/xhub/boards/XilinxBoardStore/boards/Xilinx/vck190_newl/production/1.3/board.xml as part xcvc1902-vsva2197-2mp-e-s specified in board_part file is either invalid or not available
WARNING: [Board 49-26] cannot add Board Part xilinx.com:vek280:part0:1.0 available at /home/janek/2025.2/data/xhub/boards/XilinxBoardStore/boards/Xilinx/vek280/production/1.0/board.xml as part xcve2802-vsvh1760-2mp-e-s specified in board_part file is either invalid or not available
WARNING: [Board 49-26] cannot add Board Part xilinx.com:vek280:part0:1.1 available at /home/janek/2025.2/data/xhub/boards/XilinxBoardStore/boards/Xilinx/vek280/production/1.1/board.xml as part xcve2802-vsvh1760-2mp-e-s specified in board_part file is either invalid or not available
WARNING: [Board 49-26] cannot add Board Part xilinx.com:vek280:part0:1.2 available at /home/janek/2025.2/data/xhub/boards/XilinxBoardStore/boards/Xilinx/vek280/production/1.2/board.xml as part xcve2802-vsvh1760-2mp-e-s specified in board_part file is either invalid or not available
WARNING: [Board 49-26] cannot add Board Part xilinx.com:vek385:part0:1.0 available at /home/janek/2025.2/data/xhub/boards/XilinxBoardStore/boards/Xilinx/vek385/1.0/board.xml as part xc2ve3858-ssva2112-2mp-e-s specified in board_part file is either invalid or not available
WARNING: [Board 49-26] cannot add Board Part xilinx.com:vek385:part0:1.1 available at /home/janek/2025.2/data/xhub/boards/XilinxBoardStore/boards/Xilinx/vek385/1.1/board.xml as part xc2ve3858-ssva2112-2mp-e-s specified in board_part file is either invalid or not available
WARNING: [Board 49-26] cannot add Board Part xilinx.com:vek385_1:part0:1.0 available at /home/janek/2025.2/data/xhub/boards/XilinxBoardStore/boards/Xilinx/vek385_2/1.0/board.xml as part xc2ve3858-ssva2112-2mp-e-s specified in board_part file is either invalid or not available
WARNING: [Board 49-26] cannot add Board Part xilinx.com:vhk158:part0:1.0 available at /home/janek/2025.2/data/xhub/boards/XilinxBoardStore/boards/Xilinx/vhk158/production/1.0/board.xml as part xcvh1582-vsva3697-2mp-e-s specified in board_part file is either invalid or not available
WARNING: [Board 49-26] cannot add Board Part xilinx.com:vhk158:part0:1.1 available at /home/janek/2025.2/data/xhub/boards/XilinxBoardStore/boards/Xilinx/vhk158/production/1.1/board.xml as part xcvh1582-vsva3697-2mp-e-s specified in board_part file is either invalid or not available
WARNING: [Board 49-26] cannot add Board Part xilinx.com:vhk158:part0:1.2 available at /home/janek/2025.2/data/xhub/boards/XilinxBoardStore/boards/Xilinx/vhk158/production/1.2/board.xml as part xcvh1582-vsva3697-2mp-e-s specified in board_part file is either invalid or not available
WARNING: [Board 49-26] cannot add Board Part xilinx.com:vmk180:part0:2.2 available at /home/janek/2025.2/data/xhub/boards/XilinxBoardStore/boards/Xilinx/vmk180/production/2.2/board.xml as part xcvm1802-vsva2197-2mp-e-s specified in board_part file is either invalid or not available
WARNING: [Board 49-26] cannot add Board Part xilinx.com:vmk180:part0:3.0 available at /home/janek/2025.2/data/xhub/boards/XilinxBoardStore/boards/Xilinx/vmk180/production/3.0/board.xml as part xcvm1802-vsva2197-2mp-e-s specified in board_part file is either invalid or not available
WARNING: [Board 49-26] cannot add Board Part xilinx.com:vmk180:part0:3.1 available at /home/janek/2025.2/data/xhub/boards/XilinxBoardStore/boards/Xilinx/vmk180/production/3.1/board.xml as part xcvm1802-vsva2197-2mp-e-s specified in board_part file is either invalid or not available
WARNING: [Board 49-26] cannot add Board Part xilinx.com:vmk180:part0:3.2 available at /home/janek/2025.2/data/xhub/boards/XilinxBoardStore/boards/Xilinx/vmk180/production/3.2/board.xml as part xcvm1802-vsva2197-2mp-e-s specified in board_part file is either invalid or not available
WARNING: [Board 49-26] cannot add Board Part xilinx.com:vmk180:part0:3.3 available at /home/janek/2025.2/data/xhub/boards/XilinxBoardStore/boards/Xilinx/vmk180/production/3.3/board.xml as part xcvm1802-vsva2197-2mp-e-s specified in board_part file is either invalid or not available
WARNING: [Board 49-26] cannot add Board Part xilinx.com:vmk180_newl:part0:1.0 available at /home/janek/2025.2/data/xhub/boards/XilinxBoardStore/boards/Xilinx/vmk180_newl/production/1.0/board.xml as part xcvm1802-vsva2197-2mp-e-s specified in board_part file is either invalid or not available
WARNING: [Board 49-26] cannot add Board Part xilinx.com:vmk180_newl:part0:1.1 available at /home/janek/2025.2/data/xhub/boards/XilinxBoardStore/boards/Xilinx/vmk180_newl/production/1.1/board.xml as part xcvm1802-vsva2197-2mp-e-s specified in board_part file is either invalid or not available
WARNING: [Board 49-26] cannot add Board Part xilinx.com:vpk120:part0:1.0 available at /home/janek/2025.2/data/xhub/boards/XilinxBoardStore/boards/Xilinx/vpk120/production/1.0/board.xml as part xcvp1202-vsva2785-2mp-e-s specified in board_part file is either invalid or not available
WARNING: [Board 49-26] cannot add Board Part xilinx.com:vpk120:part0:1.1 available at /home/janek/2025.2/data/xhub/boards/XilinxBoardStore/boards/Xilinx/vpk120/production/1.1/board.xml as part xcvp1202-vsva2785-2mp-e-s specified in board_part file is either invalid or not available
WARNING: [Board 49-26] cannot add Board Part xilinx.com:vpk120:part0:1.2 available at /home/janek/2025.2/data/xhub/boards/XilinxBoardStore/boards/Xilinx/vpk120/production/1.2/board.xml as part xcvp1202-vsva2785-2mp-e-s specified in board_part file is either invalid or not available
WARNING: [Board 49-26] cannot add Board Part xilinx.com:vpk180:part0:1.0 available at /home/janek/2025.2/data/xhub/boards/XilinxBoardStore/boards/Xilinx/vpk180/production/1.0/board.xml as part xcvp1802-lsvc4072-2mp-e-s specified in board_part file is either invalid or not available
WARNING: [Board 49-26] cannot add Board Part xilinx.com:vpk180:part0:1.1 available at /home/janek/2025.2/data/xhub/boards/XilinxBoardStore/boards/Xilinx/vpk180/production/1.1/board.xml as part xcvp1802-lsvc4072-2mp-e-s specified in board_part file is either invalid or not available
WARNING: [Board 49-26] cannot add Board Part xilinx.com:vpk180:part0:1.2 available at /home/janek/2025.2/data/xhub/boards/XilinxBoardStore/boards/Xilinx/vpk180/production/1.2/board.xml as part xcvp1802-lsvc4072-2mp-e-s specified in board_part file is either invalid or not available
WARNING: [Board 49-26] cannot add Board Part xilinx.com:vrk160:part0:1.0 available at /home/janek/2025.2/data/xhub/boards/XilinxBoardStore/boards/Xilinx/vrk160/1.0/board.xml as part xcvr1602-vsva2488-2mp-e-s-es1 specified in board_part file is either invalid or not available
WARNING: [Board 49-26] cannot add Board Part xilinx.com:vrk160:part0:1.1 available at /home/janek/2025.2/data/xhub/boards/XilinxBoardStore/boards/Xilinx/vrk160/1.1/board.xml as part xcvr1602-vsva2488-2mp-e-s-es1 specified in board_part file is either invalid or not available
WARNING: [Board 49-26] cannot add Board Part xilinx.com:zcu208ld:part0:2.0 available at /home/janek/2025.2/data/xhub/boards/XilinxBoardStore/boards/Xilinx/zcu208ld/production/2.0/board.xml as part xczu58dr-fsvg1517-2-i specified in board_part file is either invalid or not available
WARNING: [Board 49-26] cannot add Board Part xilinx.com:zcu216ld:part0:2.0 available at /home/janek/2025.2/data/xhub/boards/XilinxBoardStore/boards/Xilinx/zcu216ld/production/2.0/board.xml as part xczu59dr-ffvf1760-2-i specified in board_part file is either invalid or not available
WARNING: [Board 49-26] cannot add Board Part xilinx.com:zcu670ld:part0:1.0 available at /home/janek/2025.2/data/xhub/boards/XilinxBoardStore/boards/Xilinx/zcu670ld/1.0/board.xml as part xczu57dr-fsve1156-2-i specified in board_part file is either invalid or not available
open_project /home/janek/Magisterka/Intelligent-Vibroacoustic-Machine-Diagnostic-System-on-FPGA/Hilbert_with_fft/Hilbert_and_fft_test/Hilbert_and_fft_test.xpr
Scanning sources...
Finished scanning sources
WARNING: [Board 49-26] cannot add Board Part xilinx.com:ac701:part0:1.4 available at /home/janek/2025.2/data/xhub/boards/XilinxBoardStore/boards/Xilinx/ac701/1.4/board.xml as part xc7a200tfbg676-2 specified in board_part file is either invalid or not available
WARNING: [Board 49-26] cannot add Board Part xilinx.com:emb-plus-vpr-4616:part0:1.0 available at /home/janek/2025.2/data/xhub/boards/XilinxBoardStore/boards/Xilinx/emb-plus-vpr-4616/1.0/board.xml as part xcve2302-sfva784-2mp-e-s specified in board_part file is either invalid or not available
WARNING: [Board 49-26] cannot add Board Part xilinx.com:emb-plus-vpr-4616:part0:1.1 available at /home/janek/2025.2/data/xhub/boards/XilinxBoardStore/boards/Xilinx/emb-plus-vpr-4616/1.1/board.xml as part xcve2302-sfva784-2mp-e-s specified in board_part file is either invalid or not available
WARNING: [Board 49-26] cannot add Board Part xilinx.com:kc705:part0:1.6 available at /home/janek/2025.2/data/xhub/boards/XilinxBoardStore/boards/Xilinx/kc705/1.6/board.xml as part xc7k325tffg900-2 specified in board_part file is either invalid or not available
WARNING: [Board 49-26] cannot add Board Part xilinx.com:kc705:part0:1.7 available at /home/janek/2025.2/data/xhub/boards/XilinxBoardStore/boards/Xilinx/kc705/1.7/board.xml as part xc7k325tffg900-2 specified in board_part file is either invalid or not available
WARNING: [Board 49-26] cannot add Board Part xilinx.com:sp701:part0:1.0 available at /home/janek/2025.2/data/xhub/boards/XilinxBoardStore/boards/Xilinx/sp701/1.0/board.xml as part xc7s100fgga676-2 specified in board_part file is either invalid or not available
WARNING: [Board 49-26] cannot add Board Part xilinx.com:sp701:part0:1.1 available at /home/janek/2025.2/data/xhub/boards/XilinxBoardStore/boards/Xilinx/sp701/1.1/board.xml as part xc7s100fgga676-2 specified in board_part file is either invalid or not available
WARNING: [Board 49-26] cannot add Board Part xilinx.com:v80:part0:1.0 available at /home/janek/2025.2/data/xhub/boards/XilinxBoardStore/boards/Xilinx/v80/1.0/board.xml as part xcv80-lsva4737-2mhp-e-s specified in board_part file is either invalid or not available
WARNING: [Board 49-26] cannot add Board Part xilinx.com:vc707:part0:1.4 available at /home/janek/2025.2/data/xhub/boards/XilinxBoardStore/boards/Xilinx/vc707/1.4/board.xml as part xc7vx485tffg1761-2 specified in board_part file is either invalid or not available
WARNING: [Board 49-26] cannot add Board Part xilinx.com:vc707:part0:1.5 available at /home/janek/2025.2/data/xhub/boards/XilinxBoardStore/boards/Xilinx/vc707/1.5/board.xml as part xc7vx485tffg1761-2 specified in board_part file is either invalid or not available
WARNING: [Board 49-26] cannot add Board Part xilinx.com:vc709:part0:1.8 available at /home/janek/2025.2/data/xhub/boards/XilinxBoardStore/boards/Xilinx/vc709/1.8/board.xml as part xc7vx690tffg1761-2 specified in board_part file is either invalid or not available
WARNING: [Board 49-26] cannot add Board Part xilinx.com:vck190:part0:2.2 available at /home/janek/2025.2/data/xhub/boards/XilinxBoardStore/boards/Xilinx/vck190/production/2.2/board.xml as part xcvc1902-vsva2197-2mp-e-s specified in board_part file is either invalid or not available
WARNING: [Board 49-26] cannot add Board Part xilinx.com:vck190:part0:3.0 available at /home/janek/2025.2/data/xhub/boards/XilinxBoardStore/boards/Xilinx/vck190/production/3.0/board.xml as part xcvc1902-vsva2197-2mp-e-s specified in board_part file is either invalid or not available
WARNING: [Board 49-26] cannot add Board Part xilinx.com:vck190:part0:3.1 available at /home/janek/2025.2/data/xhub/boards/XilinxBoardStore/boards/Xilinx/vck190/production/3.1/board.xml as part xcvc1902-vsva2197-2mp-e-s specified in board_part file is either invalid or not available
WARNING: [Board 49-26] cannot add Board Part xilinx.com:vck190:part0:3.2 available at /home/janek/2025.2/data/xhub/boards/XilinxBoardStore/boards/Xilinx/vck190/production/3.2/board.xml as part xcvc1902-vsva2197-2mp-e-s specified in board_part file is either invalid or not available
WARNING: [Board 49-26] cannot add Board Part xilinx.com:vck190:part0:3.3 available at /home/janek/2025.2/data/xhub/boards/XilinxBoardStore/boards/Xilinx/vck190/production/3.3/board.xml as part xcvc1902-vsva2197-2mp-e-s specified in board_part file is either invalid or not available
WARNING: [Board 49-26] cannot add Board Part xilinx.com:vck190:part0:3.4 available at /home/janek/2025.2/data/xhub/boards/XilinxBoardStore/boards/Xilinx/vck190/production/3.4/board.xml as part xcvc1902-vsva2197-2mp-e-s specified in board_part file is either invalid or not available
WARNING: [Board 49-26] cannot add Board Part xilinx.com:vck190_newl:part0:1.0 available at /home/janek/2025.2/data/xhub/boards/XilinxBoardStore/boards/Xilinx/vck190_newl/production/1.0/board.xml as part xcvc1902-vsva2197-2mp-e-s specified in board_part file is either invalid or not available
WARNING: [Board 49-26] cannot add Board Part xilinx.com:vck190_newl:part0:1.1 available at /home/janek/2025.2/data/xhub/boards/XilinxBoardStore/boards/Xilinx/vck190_newl/production/1.1/board.xml as part xcvc1902-vsva2197-2mp-e-s specified in board_part file is either invalid or not available
WARNING: [Board 49-26] cannot add Board Part xilinx.com:vck190_newl:part0:1.2 available at /home/janek/2025.2/data/xhub/boards/XilinxBoardStore/boards/Xilinx/vck190_newl/production/1.2/board.xml as part xcvc1902-vsva2197-2mp-e-s specified in board_part file is either invalid or not available
WARNING: [Board 49-26] cannot add Board Part xilinx.com:vck190_newl:part0:1.3 available at /home/janek/2025.2/data/xhub/boards/XilinxBoardStore/boards/Xilinx/vck190_newl/production/1.3/board.xml as part xcvc1902-vsva2197-2mp-e-s specified in board_part file is either invalid or not available
WARNING: [Board 49-26] cannot add Board Part xilinx.com:vek280:part0:1.0 available at /home/janek/2025.2/data/xhub/boards/XilinxBoardStore/boards/Xilinx/vek280/production/1.0/board.xml as part xcve2802-vsvh1760-2mp-e-s specified in board_part file is either invalid or not available
WARNING: [Board 49-26] cannot add Board Part xilinx.com:vek280:part0:1.1 available at /home/janek/2025.2/data/xhub/boards/XilinxBoardStore/boards/Xilinx/vek280/production/1.1/board.xml as part xcve2802-vsvh1760-2mp-e-s specified in board_part file is either invalid or not available
WARNING: [Board 49-26] cannot add Board Part xilinx.com:vek280:part0:1.2 available at /home/janek/2025.2/data/xhub/boards/XilinxBoardStore/boards/Xilinx/vek280/production/1.2/board.xml as part xcve2802-vsvh1760-2mp-e-s specified in board_part file is either invalid or not available
WARNING: [Board 49-26] cannot add Board Part xilinx.com:vek385:part0:1.0 available at /home/janek/2025.2/data/xhub/boards/XilinxBoardStore/boards/Xilinx/vek385/1.0/board.xml as part xc2ve3858-ssva2112-2mp-e-s specified in board_part file is either invalid or not available
WARNING: [Board 49-26] cannot add Board Part xilinx.com:vek385:part0:1.1 available at /home/janek/2025.2/data/xhub/boards/XilinxBoardStore/boards/Xilinx/vek385/1.1/board.xml as part xc2ve3858-ssva2112-2mp-e-s specified in board_part file is either invalid or not available
WARNING: [Board 49-26] cannot add Board Part xilinx.com:vek385_1:part0:1.0 available at /home/janek/2025.2/data/xhub/boards/XilinxBoardStore/boards/Xilinx/vek385_2/1.0/board.xml as part xc2ve3858-ssva2112-2mp-e-s specified in board_part file is either invalid or not available
WARNING: [Board 49-26] cannot add Board Part xilinx.com:vhk158:part0:1.0 available at /home/janek/2025.2/data/xhub/boards/XilinxBoardStore/boards/Xilinx/vhk158/production/1.0/board.xml as part xcvh1582-vsva3697-2mp-e-s specified in board_part file is either invalid or not available
WARNING: [Board 49-26] cannot add Board Part xilinx.com:vhk158:part0:1.1 available at /home/janek/2025.2/data/xhub/boards/XilinxBoardStore/boards/Xilinx/vhk158/production/1.1/board.xml as part xcvh1582-vsva3697-2mp-e-s specified in board_part file is either invalid or not available
WARNING: [Board 49-26] cannot add Board Part xilinx.com:vhk158:part0:1.2 available at /home/janek/2025.2/data/xhub/boards/XilinxBoardStore/boards/Xilinx/vhk158/production/1.2/board.xml as part xcvh1582-vsva3697-2mp-e-s specified in board_part file is either invalid or not available
WARNING: [Board 49-26] cannot add Board Part xilinx.com:vmk180:part0:2.2 available at /home/janek/2025.2/data/xhub/boards/XilinxBoardStore/boards/Xilinx/vmk180/production/2.2/board.xml as part xcvm1802-vsva2197-2mp-e-s specified in board_part file is either invalid or not available
WARNING: [Board 49-26] cannot add Board Part xilinx.com:vmk180:part0:3.0 available at /home/janek/2025.2/data/xhub/boards/XilinxBoardStore/boards/Xilinx/vmk180/production/3.0/board.xml as part xcvm1802-vsva2197-2mp-e-s specified in board_part file is either invalid or not available
WARNING: [Board 49-26] cannot add Board Part xilinx.com:vmk180:part0:3.1 available at /home/janek/2025.2/data/xhub/boards/XilinxBoardStore/boards/Xilinx/vmk180/production/3.1/board.xml as part xcvm1802-vsva2197-2mp-e-s specified in board_part file is either invalid or not available
WARNING: [Board 49-26] cannot add Board Part xilinx.com:vmk180:part0:3.2 available at /home/janek/2025.2/data/xhub/boards/XilinxBoardStore/boards/Xilinx/vmk180/production/3.2/board.xml as part xcvm1802-vsva2197-2mp-e-s specified in board_part file is either invalid or not available
WARNING: [Board 49-26] cannot add Board Part xilinx.com:vmk180:part0:3.3 available at /home/janek/2025.2/data/xhub/boards/XilinxBoardStore/boards/Xilinx/vmk180/production/3.3/board.xml as part xcvm1802-vsva2197-2mp-e-s specified in board_part file is either invalid or not available
WARNING: [Board 49-26] cannot add Board Part xilinx.com:vmk180_newl:part0:1.0 available at /home/janek/2025.2/data/xhub/boards/XilinxBoardStore/boards/Xilinx/vmk180_newl/production/1.0/board.xml as part xcvm1802-vsva2197-2mp-e-s specified in board_part file is either invalid or not available
WARNING: [Board 49-26] cannot add Board Part xilinx.com:vmk180_newl:part0:1.1 available at /home/janek/2025.2/data/xhub/boards/XilinxBoardStore/boards/Xilinx/vmk180_newl/production/1.1/board.xml as part xcvm1802-vsva2197-2mp-e-s specified in board_part file is either invalid or not available
WARNING: [Board 49-26] cannot add Board Part xilinx.com:vpk120:part0:1.0 available at /home/janek/2025.2/data/xhub/boards/XilinxBoardStore/boards/Xilinx/vpk120/production/1.0/board.xml as part xcvp1202-vsva2785-2mp-e-s specified in board_part file is either invalid or not available
WARNING: [Board 49-26] cannot add Board Part xilinx.com:vpk120:part0:1.1 available at /home/janek/2025.2/data/xhub/boards/XilinxBoardStore/boards/Xilinx/vpk120/production/1.1/board.xml as part xcvp1202-vsva2785-2mp-e-s specified in board_part file is either invalid or not available
WARNING: [Board 49-26] cannot add Board Part xilinx.com:vpk120:part0:1.2 available at /home/janek/2025.2/data/xhub/boards/XilinxBoardStore/boards/Xilinx/vpk120/production/1.2/board.xml as part xcvp1202-vsva2785-2mp-e-s specified in board_part file is either invalid or not available
WARNING: [Board 49-26] cannot add Board Part xilinx.com:vpk180:part0:1.0 available at /home/janek/2025.2/data/xhub/boards/XilinxBoardStore/boards/Xilinx/vpk180/production/1.0/board.xml as part xcvp1802-lsvc4072-2mp-e-s specified in board_part file is either invalid or not available
WARNING: [Board 49-26] cannot add Board Part xilinx.com:vpk180:part0:1.1 available at /home/janek/2025.2/data/xhub/boards/XilinxBoardStore/boards/Xilinx/vpk180/production/1.1/board.xml as part xcvp1802-lsvc4072-2mp-e-s specified in board_part file is either invalid or not available
WARNING: [Board 49-26] cannot add Board Part xilinx.com:vpk180:part0:1.2 available at /home/janek/2025.2/data/xhub/boards/XilinxBoardStore/boards/Xilinx/vpk180/production/1.2/board.xml as part xcvp1802-lsvc4072-2mp-e-s specified in board_part file is either invalid or not available
WARNING: [Board 49-26] cannot add Board Part xilinx.com:vrk160:part0:1.0 available at /home/janek/2025.2/data/xhub/boards/XilinxBoardStore/boards/Xilinx/vrk160/1.0/board.xml as part xcvr1602-vsva2488-2mp-e-s-es1 specified in board_part file is either invalid or not available
WARNING: [Board 49-26] cannot add Board Part xilinx.com:vrk160:part0:1.1 available at /home/janek/2025.2/data/xhub/boards/XilinxBoardStore/boards/Xilinx/vrk160/1.1/board.xml as part xcvr1602-vsva2488-2mp-e-s-es1 specified in board_part file is either invalid or not available
WARNING: [Board 49-26] cannot add Board Part xilinx.com:zcu208ld:part0:2.0 available at /home/janek/2025.2/data/xhub/boards/XilinxBoardStore/boards/Xilinx/zcu208ld/production/2.0/board.xml as part xczu58dr-fsvg1517-2-i specified in board_part file is either invalid or not available
WARNING: [Board 49-26] cannot add Board Part xilinx.com:zcu216ld:part0:2.0 available at /home/janek/2025.2/data/xhub/boards/XilinxBoardStore/boards/Xilinx/zcu216ld/production/2.0/board.xml as part xczu59dr-ffvf1760-2-i specified in board_part file is either invalid or not available
WARNING: [Board 49-26] cannot add Board Part xilinx.com:zcu670ld:part0:1.0 available at /home/janek/2025.2/data/xhub/boards/XilinxBoardStore/boards/Xilinx/zcu670ld/1.0/board.xml as part xczu57dr-fsve1156-2-i specified in board_part file is either invalid or not available
INFO: [IP_Flow 19-234] Refreshing IP repositories
INFO: [IP_Flow 19-1704] No user IP repositories specified
INFO: [IP_Flow 19-2313] Loaded Vivado IP repository '/home/janek/2025.2/data/ip'.
WARNING: [IP_Flow 19-12246] XCI file '/home/janek/Magisterka/Intelligent-Vibroacoustic-Machine-Diagnostic-System-on-FPGA/Hilbert_with_fft/Hilbert_and_fft_test/Hilbert_and_fft_test.srcs/sources_1/bd/Hilbert_fft/ip/Hilbert_fft_axis_subset_converter_0_0/Hilbert_fft_axis_subset_converter_0_0.xci' contents have changed since it was last written.
INFO: [Project 1-5698] Found the below utility IPs instantiated in block design /home/janek/Magisterka/Intelligent-Vibroacoustic-Machine-Diagnostic-System-on-FPGA/Hilbert_with_fft/Hilbert_and_fft_test/Hilbert_and_fft_test.srcs/sources_1/bd/Hilbert_fft/Hilbert_fft.bd which have equivalent inline hdl with improved performance and reduced diskspace.
It is recommended to migrate these utility IPs to inline hdl  using the command upgrade_project -migrate_to_inline_hdl.  The utility IPs may be deprecated in future releases.
More information on inline hdl is available in UG994.
Utility IP Component Instances:
 Hilbert_fft_xlconstant_0_0
Hilbert_fft_xlconstant_1_0
update_compile_order -fileset sources_1
open_bd_design {/home/janek/Magisterka/Intelligent-Vibroacoustic-Machine-Diagnostic-System-on-FPGA/Hilbert_with_fft/Hilbert_and_fft_test/Hilbert_and_fft_test.srcs/sources_1/bd/Hilbert_fft/Hilbert_fft.bd}
Reading block design file </home/janek/Magisterka/Intelligent-Vibroacoustic-Machine-Diagnostic-System-on-FPGA/Hilbert_with_fft/Hilbert_and_fft_test/Hilbert_and_fft_test.srcs/sources_1/bd/Hilbert_fft/Hilbert_fft.bd>...
Adding component instance block -- xilinx.com:ip:fir_compiler:7.2 - fir_compiler_0
Adding component instance block -- xilinx.com:ip:fir_compiler:7.2 - fir_compiler_1
Adding component instance block -- xilinx.com:ip:cordic:6.0 - cordic_0
Adding component instance block -- xilinx.com:ip:axis_subset_converter:1.1 - axis_subset_converter_0
Adding component instance block -- xilinx.com:ip:xfft:9.1 - xfft_0
Adding component instance block -- xilinx.com:module_ref:TDM_to_Parallel_Converter:1.0 - TDM_to_Parallel_Conv_0
Adding component instance block -- xilinx.com:ip:xlconstant:1.1 - xlconstant_0
Adding component instance block -- xilinx.com:ip:xlconstant:1.1 - xlconstant_1
Adding component instance block -- xilinx.com:module_ref:brancher:1.0 - brancher_0
Adding component instance block -- xilinx.com:ip:cordic:6.0 - cordic_1
Adding component instance block -- xilinx.com:ip:cordic:6.0 - cordic_2
Adding component instance block -- xilinx.com:ip:cordic:6.0 - cordic_3
Adding component instance block -- xilinx.com:module_ref:fir0_spy:1.0 - fir0_spy_0
Adding component instance block -- xilinx.com:module_ref:fir0_spy:1.0 - fir0_spy_1
Successfully read diagram <Hilbert_fft> from block design file </home/janek/Magisterka/Intelligent-Vibroacoustic-Machine-Diagnostic-System-on-FPGA/Hilbert_with_fft/Hilbert_and_fft_test/Hilbert_and_fft_test.srcs/sources_1/bd/Hilbert_fft/Hilbert_fft.bd>
delete_bd_objs [get_bd_nets fir_compiler_0_m_axis_data_tdata]
delete_bd_objs [get_bd_nets s_axis_data_tdata_1]
connect_bd_net [get_bd_ports s_axis_data_tdata] [get_bd_pins fir_compiler_0/s_axis_data_tdata]
WARNING: [BD 41-1306] The connection to interface pin </fir_compiler_0/s_axis_data_tdata> is being overridden by the user with net <s_axis_data_tdata_1>. This pin will not be connected as a part of interface connection <S_AXIS_DATA>, and might not recreate the connectivity as expected using the writ_bd_tcl command.
startgroup
create_bd_cell -type ip -vlnv xilinx.com:ip:xlslice:1.0 xlslice_0
INFO: [BD 5-1043] It is recommended to use inline hdl version xilinx.com:inline_hdl:ilslice:1.0 for the IP type xilinx.com:ip:xlslice:1.0 for improved performance and reduced disk space. IPs with VLNV xilinx.com:ip:xlslice:1.0 will not be supported from release 2025.2. More information on inline hdl IP is available in UG994 
endgroup
set_property -dict [list \
  CONFIG.DIN_FROM {39} \
  CONFIG.DIN_TO {24} \
  CONFIG.DIN_WIDTH {40} \
] [get_bd_cells xlslice_0]
connect_bd_net [get_bd_pins xlslice_0/Din] [get_bd_pins fir_compiler_0/m_axis_data_tdata]
WARNING: [BD 41-1306] The connection to interface pin </fir_compiler_0/m_axis_data_tdata> is being overridden by the user with net <fir_compiler_0_m_axis_data_tdata>. This pin will not be connected as a part of interface connection <M_AXIS_DATA>, and might not recreate the connectivity as expected using the writ_bd_tcl command.
save_bd_design
Wrote  : </home/janek/Magisterka/Intelligent-Vibroacoustic-Machine-Diagnostic-System-on-FPGA/Hilbert_with_fft/Hilbert_and_fft_test/Hilbert_and_fft_test.srcs/sources_1/bd/Hilbert_fft/Hilbert_fft.bd> 
Wrote  : </home/janek/Magisterka/Intelligent-Vibroacoustic-Machine-Diagnostic-System-on-FPGA/Hilbert_with_fft/Hilbert_and_fft_test/Hilbert_and_fft_test.srcs/sources_1/bd/Hilbert_fft/ui/bd_126cc625.ui> 
update_module_reference Hilbert_fft_fir0_spy_0_2
INFO: [IP_Flow 19-5107] Inferred bus interface 's_axis' of definition 'xilinx.com:interface:axis:1.0' (from Xilinx Repository).
INFO: [IP_Flow 19-5107] Inferred bus interface 'aresetn' of definition 'xilinx.com:signal:reset:1.0' (from Xilinx Repository).
INFO: [IP_Flow 19-5107] Inferred bus interface 'aclk' of definition 'xilinx.com:signal:clock:1.0' (from Xilinx Repository).
INFO: [IP_Flow 19-4728] Bus Interface 'aresetn': Added interface parameter 'POLARITY' with value 'ACTIVE_LOW'.
INFO: [IP_Flow 19-4728] Bus Interface 'aclk': Added interface parameter 'ASSOCIATED_BUSIF' with value 's_axis'.
INFO: [IP_Flow 19-4728] Bus Interface 'aclk': Added interface parameter 'ASSOCIATED_RESET' with value 'aresetn'.
CRITICAL WARNING: [IP_Flow 19-3480] Bus Interface 's_axis': Portmap direction mismatched between component port 's_axis_tready' and definition port 'TREADY'.
WARNING: [IP_Flow 19-11770] Clock interface 'aclk' has no FREQ_HZ parameter.
INFO: [IP_Flow 19-5107] Inferred bus interface 's_axis' of definition 'xilinx.com:interface:axis:1.0' (from Xilinx Repository).
INFO: [IP_Flow 19-5107] Inferred bus interface 'aresetn' of definition 'xilinx.com:signal:reset:1.0' (from Xilinx Repository).
INFO: [IP_Flow 19-5107] Inferred bus interface 'aclk' of definition 'xilinx.com:signal:clock:1.0' (from Xilinx Repository).
INFO: [IP_Flow 19-4728] Bus Interface 'aresetn': Added interface parameter 'POLARITY' with value 'ACTIVE_LOW'.
INFO: [IP_Flow 19-4728] Bus Interface 'aclk': Added interface parameter 'ASSOCIATED_BUSIF' with value 's_axis'.
INFO: [IP_Flow 19-4728] Bus Interface 'aclk': Added interface parameter 'ASSOCIATED_RESET' with value 'aresetn'.
CRITICAL WARNING: [IP_Flow 19-3480] Bus Interface 's_axis': Portmap direction mismatched between component port 's_axis_tready' and definition port 'TREADY'.
WARNING: [IP_Flow 19-11770] Clock interface 'aclk' has no FREQ_HZ parameter.
Upgrading '/home/janek/Magisterka/Intelligent-Vibroacoustic-Machine-Diagnostic-System-on-FPGA/Hilbert_with_fft/Hilbert_and_fft_test/Hilbert_and_fft_test.srcs/sources_1/bd/Hilbert_fft/Hilbert_fft.bd'
INFO: [IP_Flow 19-3420] Updated Hilbert_fft_fir0_spy_0_2 to use current project options
WARNING: [IP_Flow 19-4706] Upgraded port 's_axis_tdata' width 16 differs from original width 40
WARNING: [IP_Flow 19-3298] Detected external port differences while upgrading 'Hilbert_fft_fir0_spy_0_2'. These changes may impact your design.
CRITICAL WARNING: [Coretcl 2-1280] The upgrade of 'Hilbert_fft_fir0_spy_0_2' has identified issues that may require user intervention. Please verify that the instance is correctly configured, and review any upgrade messages.
Wrote  : </home/janek/Magisterka/Intelligent-Vibroacoustic-Machine-Diagnostic-System-on-FPGA/Hilbert_with_fft/Hilbert_and_fft_test/Hilbert_and_fft_test.srcs/sources_1/bd/Hilbert_fft/Hilbert_fft.bd> 
update_module_reference Hilbert_fft_fir0_spy_0_0
INFO: [IP_Flow 19-5107] Inferred bus interface 's_axis' of definition 'xilinx.com:interface:axis:1.0' (from Xilinx Repository).
INFO: [IP_Flow 19-5107] Inferred bus interface 'aresetn' of definition 'xilinx.com:signal:reset:1.0' (from Xilinx Repository).
INFO: [IP_Flow 19-5107] Inferred bus interface 'aclk' of definition 'xilinx.com:signal:clock:1.0' (from Xilinx Repository).
INFO: [IP_Flow 19-4728] Bus Interface 'aresetn': Added interface parameter 'POLARITY' with value 'ACTIVE_LOW'.
INFO: [IP_Flow 19-4728] Bus Interface 'aclk': Added interface parameter 'ASSOCIATED_BUSIF' with value 's_axis'.
INFO: [IP_Flow 19-4728] Bus Interface 'aclk': Added interface parameter 'ASSOCIATED_RESET' with value 'aresetn'.
CRITICAL WARNING: [IP_Flow 19-3480] Bus Interface 's_axis': Portmap direction mismatched between component port 's_axis_tready' and definition port 'TREADY'.
WARNING: [IP_Flow 19-11770] Clock interface 'aclk' has no FREQ_HZ parameter.
INFO: [IP_Flow 19-5107] Inferred bus interface 's_axis' of definition 'xilinx.com:interface:axis:1.0' (from Xilinx Repository).
INFO: [IP_Flow 19-5107] Inferred bus interface 'aresetn' of definition 'xilinx.com:signal:reset:1.0' (from Xilinx Repository).
INFO: [IP_Flow 19-5107] Inferred bus interface 'aclk' of definition 'xilinx.com:signal:clock:1.0' (from Xilinx Repository).
INFO: [IP_Flow 19-4728] Bus Interface 'aresetn': Added interface parameter 'POLARITY' with value 'ACTIVE_LOW'.
INFO: [IP_Flow 19-4728] Bus Interface 'aclk': Added interface parameter 'ASSOCIATED_BUSIF' with value 's_axis'.
INFO: [IP_Flow 19-4728] Bus Interface 'aclk': Added interface parameter 'ASSOCIATED_RESET' with value 'aresetn'.
CRITICAL WARNING: [IP_Flow 19-3480] Bus Interface 's_axis': Portmap direction mismatched between component port 's_axis_tready' and definition port 'TREADY'.
WARNING: [IP_Flow 19-11770] Clock interface 'aclk' has no FREQ_HZ parameter.
Upgrading '/home/janek/Magisterka/Intelligent-Vibroacoustic-Machine-Diagnostic-System-on-FPGA/Hilbert_with_fft/Hilbert_and_fft_test/Hilbert_and_fft_test.srcs/sources_1/bd/Hilbert_fft/Hilbert_fft.bd'
INFO: [IP_Flow 19-3420] Updated Hilbert_fft_fir0_spy_0_0 to use current project options
WARNING: [IP_Flow 19-4706] Upgraded port 's_axis_tdata' width 16 differs from original width 40
WARNING: [IP_Flow 19-3298] Detected external port differences while upgrading 'Hilbert_fft_fir0_spy_0_0'. These changes may impact your design.
CRITICAL WARNING: [Coretcl 2-1280] The upgrade of 'Hilbert_fft_fir0_spy_0_0' has identified issues that may require user intervention. Please verify that the instance is correctly configured, and review any upgrade messages.
Wrote  : </home/janek/Magisterka/Intelligent-Vibroacoustic-Machine-Diagnostic-System-on-FPGA/Hilbert_with_fft/Hilbert_and_fft_test/Hilbert_and_fft_test.srcs/sources_1/bd/Hilbert_fft/Hilbert_fft.bd> 
connect_bd_net [get_bd_pins fir0_spy_0/s_axis_tdata] [get_bd_pins xlslice_0/Dout]
WARNING: [BD 41-1306] The connection to interface pin </fir0_spy_0/s_axis_tdata> is being overridden by the user with net <xlslice_0_Dout>. This pin will not be connected as a part of interface connection <s_axis>, and might not recreate the connectivity as expected using the writ_bd_tcl command.
connect_bd_net [get_bd_ports s_axis_data_tdata] [get_bd_pins fir0_spy_1/s_axis_tdata]
WARNING: [BD 41-1306] The connection to interface pin </fir0_spy_1/s_axis_tdata> is being overridden by the user with net </s_axis_data_tdata_1>. This pin will not be connected as a part of interface connection <s_axis>, and might not recreate the connectivity as expected using the writ_bd_tcl command.
connect_bd_net [get_bd_pins fir0_spy_1/s_axis_tready] [get_bd_pins fir_compiler_0/s_axis_data_tready]
WARNING: [BD 41-1306] The connection to interface pin </fir0_spy_1/s_axis_tready> is being overridden by the user with net </fir_compiler_0_s_axis_data_tready>. This pin will not be connected as a part of interface connection <s_axis>, and might not recreate the connectivity as expected using the writ_bd_tcl command.
connect_bd_intf_net [get_bd_intf_pins fir_compiler_0/M_AXIS_DATA] [get_bd_intf_pins fir_compiler_1/S_AXIS_DATA]
save_bd_design
Wrote  : </home/janek/Magisterka/Intelligent-Vibroacoustic-Machine-Diagnostic-System-on-FPGA/Hilbert_with_fft/Hilbert_and_fft_test/Hilbert_and_fft_test.srcs/sources_1/bd/Hilbert_fft/Hilbert_fft.bd> 
Wrote  : </home/janek/Magisterka/Intelligent-Vibroacoustic-Machine-Diagnostic-System-on-FPGA/Hilbert_with_fft/Hilbert_and_fft_test/Hilbert_and_fft_test.srcs/sources_1/bd/Hilbert_fft/ui/bd_126cc625.ui> 
validate_bd_design
WARNING: [xilinx.com:ip:cordic:6.0-304] /cordic_0 S_AXIS_CARTESIAN-TDATA: Data transfer transaction mismatch. /cordic_0 transactions: 1. /fir_compiler_1 M_AXIS_DATA-TDATA transactions: 3.
INFO: [xilinx.com:ip:cordic:6.0-315] /cordic_0 S_AXIS_CARTESIAN-TDATA: Will use first transaction for compatibility check
INFO: [xilinx.com:ip:cordic:6.0-7] /cordic_0 Setting Input Width to 34. S_AXIS_CARTESIAN_TDATA real input width: 34. S_AXIS_CARTESIAN_TDATA imag input width: 16.
INFO: [xilinx.com:ip:cordic:6.0-308] /cordic_0 S_AXIS_CARTESIAN-TDATA: Validating field: real(34:0): fix34_32 against /fir_compiler_1 M_AXIS_DATA-TDATA: chan_0_path_0_real(34:0): fix34_16.
WARNING: [xilinx.com:ip:cordic:6.0-311] /cordic_0 S_AXIS_CARTESIAN-TDATA: Field property mismatch. Value mismatch for: real fixed fractwidth. /cordic_0 field: real = 32. /fir_compiler_1 M_AXIS_DATA-TDATA field: chan_0_path_0_real = 16.
INFO: [xilinx.com:ip:cordic:6.0-308] /cordic_0 S_AXIS_CARTESIAN-TDATA: Validating field: imag(74:40): fix34_32 against /fir_compiler_1 M_AXIS_DATA-TDATA: chan_0_path_0_imag(56:40): fix16_0.
ERROR: [xilinx.com:ip:cordic:6.0-309] /cordic_0 S_AXIS_CARTESIAN-TDATA: Field width mismatch: imag = 34. /fir_compiler_1 M_AXIS_DATA-TDATA: chan_0_path_0_imag = 16.
INFO: [xilinx.com:ip:cordic:6.0-914] /cordic_0 Refer to Port Structure details on the GUI informational tab, when available, to help resolve bus mismatches. Alternatively use intermediary blocks to rearrange the bus appropriately.
INFO: [xilinx.com:ip:cordic:6.0-7] /cordic_1 Setting Input Width to 16. S_AXIS_CARTESIAN_TDATA real input width: 16. S_AXIS_CARTESIAN_TDATA imag input width: 16.
INFO: [xilinx.com:ip:cordic:6.0-7] /cordic_2 Setting Input Width to 16. S_AXIS_CARTESIAN_TDATA real input width: 16. S_AXIS_CARTESIAN_TDATA imag input width: 16.
INFO: [xilinx.com:ip:cordic:6.0-7] /cordic_3 Setting Input Width to 16. S_AXIS_CARTESIAN_TDATA real input width: 16. S_AXIS_CARTESIAN_TDATA imag input width: 16.
CRITICAL WARNING: [BD 41-237] Bus Interface property TDATA_NUM_BYTES does not match between /cordic_0/S_AXIS_CARTESIAN(10) and /fir_compiler_1/M_AXIS_DATA(7)
ERROR: [Common 17-39] 'validate_bd_design' failed due to earlier errors.
undo
INFO: [Common 17-17] undo 'connect_bd_intf_net [get_bd_intf_pins fir_compiler_0/M_AXIS_DATA] [get_bd_intf_pins fir_compiler_1/S_AXIS_DATA]'
validate_bd_design
WARNING: [xilinx.com:ip:cordic:6.0-304] /cordic_0 S_AXIS_CARTESIAN-TDATA: Data transfer transaction mismatch. /cordic_0 transactions: 1. /fir_compiler_1 M_AXIS_DATA-TDATA transactions: 3.
INFO: [xilinx.com:ip:cordic:6.0-315] /cordic_0 S_AXIS_CARTESIAN-TDATA: Will use first transaction for compatibility check
INFO: [xilinx.com:ip:cordic:6.0-7] /cordic_0 Setting Input Width to 34. S_AXIS_CARTESIAN_TDATA real input width: 34. S_AXIS_CARTESIAN_TDATA imag input width: 16.
INFO: [xilinx.com:ip:cordic:6.0-308] /cordic_0 S_AXIS_CARTESIAN-TDATA: Validating field: real(34:0): fix34_32 against /fir_compiler_1 M_AXIS_DATA-TDATA: chan_0_path_0_real(34:0): fix34_16.
WARNING: [xilinx.com:ip:cordic:6.0-311] /cordic_0 S_AXIS_CARTESIAN-TDATA: Field property mismatch. Value mismatch for: real fixed fractwidth. /cordic_0 field: real = 32. /fir_compiler_1 M_AXIS_DATA-TDATA field: chan_0_path_0_real = 16.
INFO: [xilinx.com:ip:cordic:6.0-308] /cordic_0 S_AXIS_CARTESIAN-TDATA: Validating field: imag(74:40): fix34_32 against /fir_compiler_1 M_AXIS_DATA-TDATA: chan_0_path_0_imag(56:40): fix16_0.
ERROR: [xilinx.com:ip:cordic:6.0-309] /cordic_0 S_AXIS_CARTESIAN-TDATA: Field width mismatch: imag = 34. /fir_compiler_1 M_AXIS_DATA-TDATA: chan_0_path_0_imag = 16.
INFO: [xilinx.com:ip:cordic:6.0-914] /cordic_0 Refer to Port Structure details on the GUI informational tab, when available, to help resolve bus mismatches. Alternatively use intermediary blocks to rearrange the bus appropriately.
INFO: [xilinx.com:ip:cordic:6.0-7] /cordic_1 Setting Input Width to 16. S_AXIS_CARTESIAN_TDATA real input width: 16. S_AXIS_CARTESIAN_TDATA imag input width: 16.
INFO: [xilinx.com:ip:cordic:6.0-7] /cordic_2 Setting Input Width to 16. S_AXIS_CARTESIAN_TDATA real input width: 16. S_AXIS_CARTESIAN_TDATA imag input width: 16.
INFO: [xilinx.com:ip:cordic:6.0-7] /cordic_3 Setting Input Width to 16. S_AXIS_CARTESIAN_TDATA real input width: 16. S_AXIS_CARTESIAN_TDATA imag input width: 16.
CRITICAL WARNING: [BD 41-237] Bus Interface property TDATA_NUM_BYTES does not match between /cordic_0/S_AXIS_CARTESIAN(10) and /fir_compiler_1/M_AXIS_DATA(7)
ERROR: [Common 17-39] 'validate_bd_design' failed due to earlier errors.
connect_bd_net [get_bd_pins fir_compiler_1/s_axis_data_tdata] [get_bd_pins xlslice_0/Dout]
WARNING: [BD 41-1306] The connection to interface pin </fir_compiler_1/s_axis_data_tdata> is being overridden by the user with net </xlslice_0_Dout>. This pin will not be connected as a part of interface connection <S_AXIS_DATA>, and might not recreate the connectivity as expected using the writ_bd_tcl command.
validate_bd_design
WARNING: [xilinx.com:ip:cordic:6.0-304] /cordic_0 S_AXIS_CARTESIAN-TDATA: Data transfer transaction mismatch. /cordic_0 transactions: 1. /fir_compiler_1 M_AXIS_DATA-TDATA transactions: 3.
INFO: [xilinx.com:ip:cordic:6.0-315] /cordic_0 S_AXIS_CARTESIAN-TDATA: Will use first transaction for compatibility check
INFO: [xilinx.com:ip:cordic:6.0-7] /cordic_0 Setting Input Width to 34. S_AXIS_CARTESIAN_TDATA real input width: 34. S_AXIS_CARTESIAN_TDATA imag input width: 16.
INFO: [xilinx.com:ip:cordic:6.0-308] /cordic_0 S_AXIS_CARTESIAN-TDATA: Validating field: real(34:0): fix34_32 against /fir_compiler_1 M_AXIS_DATA-TDATA: chan_0_path_0_real(34:0): fix34_16.
WARNING: [xilinx.com:ip:cordic:6.0-311] /cordic_0 S_AXIS_CARTESIAN-TDATA: Field property mismatch. Value mismatch for: real fixed fractwidth. /cordic_0 field: real = 32. /fir_compiler_1 M_AXIS_DATA-TDATA field: chan_0_path_0_real = 16.
INFO: [xilinx.com:ip:cordic:6.0-308] /cordic_0 S_AXIS_CARTESIAN-TDATA: Validating field: imag(74:40): fix34_32 against /fir_compiler_1 M_AXIS_DATA-TDATA: chan_0_path_0_imag(56:40): fix16_0.
ERROR: [xilinx.com:ip:cordic:6.0-309] /cordic_0 S_AXIS_CARTESIAN-TDATA: Field width mismatch: imag = 34. /fir_compiler_1 M_AXIS_DATA-TDATA: chan_0_path_0_imag = 16.
INFO: [xilinx.com:ip:cordic:6.0-914] /cordic_0 Refer to Port Structure details on the GUI informational tab, when available, to help resolve bus mismatches. Alternatively use intermediary blocks to rearrange the bus appropriately.
INFO: [xilinx.com:ip:cordic:6.0-7] /cordic_1 Setting Input Width to 16. S_AXIS_CARTESIAN_TDATA real input width: 16. S_AXIS_CARTESIAN_TDATA imag input width: 16.
INFO: [xilinx.com:ip:cordic:6.0-7] /cordic_2 Setting Input Width to 16. S_AXIS_CARTESIAN_TDATA real input width: 16. S_AXIS_CARTESIAN_TDATA imag input width: 16.
INFO: [xilinx.com:ip:cordic:6.0-7] /cordic_3 Setting Input Width to 16. S_AXIS_CARTESIAN_TDATA real input width: 16. S_AXIS_CARTESIAN_TDATA imag input width: 16.
CRITICAL WARNING: [BD 41-237] Bus Interface property TDATA_NUM_BYTES does not match between /cordic_0/S_AXIS_CARTESIAN(10) and /fir_compiler_1/M_AXIS_DATA(7)
ERROR: [Common 17-39] 'validate_bd_design' failed due to earlier errors.
undo
INFO: [Common 17-17] undo 'connect_bd_net [get_bd_pins fir_compiler_1/s_axis_data_tdata] [get_bd_pins xlslice_0/Dout]'
undo
INFO: [Common 17-17] undo 'connect_bd_net [get_bd_pins fir0_spy_1/s_axis_tready] [get_bd_pins fir_compiler_0/s_axis_data_tready]'
undo
INFO: [Common 17-17] undo 'connect_bd_net [get_bd_ports s_axis_data_tdata] [get_bd_pins fir0_spy_1/s_axis_tdata]'
undo
INFO: [Common 17-17] undo 'connect_bd_net [get_bd_pins fir0_spy_0/s_axis_tdata] [get_bd_pins xlslice_0/Dout]'
redo
INFO: [Common 17-16] redo 'connect_bd_net [get_bd_pins fir0_spy_0/s_axis_tdata] [get_bd_pins xlslice_0/Dout]'
redo
INFO: [Common 17-16] redo 'connect_bd_net [get_bd_ports s_axis_data_tdata] [get_bd_pins fir0_spy_1/s_axis_tdata]'
redo
INFO: [Common 17-16] redo 'connect_bd_net [get_bd_pins fir0_spy_1/s_axis_tready] [get_bd_pins fir_compiler_0/s_axis_data_tready]'
redo
INFO: [Common 17-16] redo 'connect_bd_net [get_bd_pins fir_compiler_1/s_axis_data_tdata] [get_bd_pins xlslice_0/Dout]'
undo
INFO: [Common 17-17] undo 'connect_bd_net [get_bd_pins fir_compiler_1/s_axis_data_tdata] [get_bd_pins xlslice_0/Dout]'
startgroup
set_property -dict [list CONFIG.Data_Width.VALUE_SRC USER] [get_bd_cells fir_compiler_1]
set_property -dict [list \
  CONFIG.Coefficient_Structure {Hilbert} \
  CONFIG.Data_Width {16} \
  CONFIG.Output_Rounding_Mode {Convergent_Rounding_to_Even} \
  CONFIG.Output_Width {16} \
] [get_bd_cells fir_compiler_1]
endgroup
validate_bd_design
WARNING: [xilinx.com:ip:cordic:6.0-304] /cordic_0 S_AXIS_CARTESIAN-TDATA: Data transfer transaction mismatch. /cordic_0 transactions: 1. /fir_compiler_1 M_AXIS_DATA-TDATA transactions: 3.
INFO: [xilinx.com:ip:cordic:6.0-315] /cordic_0 S_AXIS_CARTESIAN-TDATA: Will use first transaction for compatibility check
INFO: [xilinx.com:ip:cordic:6.0-7] /cordic_0 Setting Input Width to 16. S_AXIS_CARTESIAN_TDATA real input width: 16. S_AXIS_CARTESIAN_TDATA imag input width: 16.
INFO: [xilinx.com:ip:cordic:6.0-308] /cordic_0 S_AXIS_CARTESIAN-TDATA: Validating field: real(16:0): fix16_14 against /fir_compiler_1 M_AXIS_DATA-TDATA: chan_0_path_0_real(16:0): fix16_16.
WARNING: [xilinx.com:ip:cordic:6.0-311] /cordic_0 S_AXIS_CARTESIAN-TDATA: Field property mismatch. Value mismatch for: real fixed fractwidth. /cordic_0 field: real = 14. /fir_compiler_1 M_AXIS_DATA-TDATA field: chan_0_path_0_real = 16.
INFO: [xilinx.com:ip:cordic:6.0-308] /cordic_0 S_AXIS_CARTESIAN-TDATA: Validating field: imag(32:16): fix16_14 against /fir_compiler_1 M_AXIS_DATA-TDATA: chan_0_path_0_imag(32:16): fix16_0.
WARNING: [xilinx.com:ip:cordic:6.0-311] /cordic_0 S_AXIS_CARTESIAN-TDATA: Field property mismatch. Value mismatch for: real fixed fractwidth. /cordic_0 field: imag = 14. /fir_compiler_1 M_AXIS_DATA-TDATA field: chan_0_path_0_imag = 0.
INFO: [xilinx.com:ip:fir_compiler:7.2-913] /fir_compiler_1 Data_Width has been set to manual on the GUI. It will not be updated during validation with a propagated value.
INFO: [xilinx.com:ip:fir_compiler:7.2-308] /fir_compiler_1 S_AXIS_DATA-TDATA: Validating field: chan_0_path_0(16:0): fix16_16 against  -TDATA: chan_0_path_0(34:0): fix34_16. Data transaction: 0
ERROR: [xilinx.com:ip:fir_compiler:7.2-309] /fir_compiler_1 S_AXIS_DATA-TDATA: Field width mismatch: chan_0_path_0 = 16.  -TDATA: chan_0_path_0 = 34.
INFO: [xilinx.com:ip:fir_compiler:7.2-914] /fir_compiler_1 Refer to Port Structure details on the GUI informational tab, when available, to help resolve bus mismatches. Alternatively use intermediary blocks to rearrange the bus appropriately.
INFO: [xilinx.com:ip:cordic:6.0-7] /cordic_1 Setting Input Width to 16. S_AXIS_CARTESIAN_TDATA real input width: 16. S_AXIS_CARTESIAN_TDATA imag input width: 16.
INFO: [xilinx.com:ip:cordic:6.0-7] /cordic_2 Setting Input Width to 16. S_AXIS_CARTESIAN_TDATA real input width: 16. S_AXIS_CARTESIAN_TDATA imag input width: 16.
INFO: [xilinx.com:ip:cordic:6.0-7] /cordic_3 Setting Input Width to 16. S_AXIS_CARTESIAN_TDATA real input width: 16. S_AXIS_CARTESIAN_TDATA imag input width: 16.
ERROR: [Common 17-39] 'validate_bd_design' failed due to earlier errors.
validate_bd_design
WARNING: [xilinx.com:ip:cordic:6.0-304] /cordic_0 S_AXIS_CARTESIAN-TDATA: Data transfer transaction mismatch. /cordic_0 transactions: 1. /fir_compiler_1 M_AXIS_DATA-TDATA transactions: 3.
INFO: [xilinx.com:ip:cordic:6.0-315] /cordic_0 S_AXIS_CARTESIAN-TDATA: Will use first transaction for compatibility check
INFO: [xilinx.com:ip:cordic:6.0-7] /cordic_0 Setting Input Width to 16. S_AXIS_CARTESIAN_TDATA real input width: 16. S_AXIS_CARTESIAN_TDATA imag input width: 16.
INFO: [xilinx.com:ip:cordic:6.0-308] /cordic_0 S_AXIS_CARTESIAN-TDATA: Validating field: real(16:0): fix16_14 against /fir_compiler_1 M_AXIS_DATA-TDATA: chan_0_path_0_real(16:0): fix16_16.
WARNING: [xilinx.com:ip:cordic:6.0-311] /cordic_0 S_AXIS_CARTESIAN-TDATA: Field property mismatch. Value mismatch for: real fixed fractwidth. /cordic_0 field: real = 14. /fir_compiler_1 M_AXIS_DATA-TDATA field: chan_0_path_0_real = 16.
INFO: [xilinx.com:ip:cordic:6.0-308] /cordic_0 S_AXIS_CARTESIAN-TDATA: Validating field: imag(32:16): fix16_14 against /fir_compiler_1 M_AXIS_DATA-TDATA: chan_0_path_0_imag(32:16): fix16_0.
WARNING: [xilinx.com:ip:cordic:6.0-311] /cordic_0 S_AXIS_CARTESIAN-TDATA: Field property mismatch. Value mismatch for: real fixed fractwidth. /cordic_0 field: imag = 14. /fir_compiler_1 M_AXIS_DATA-TDATA field: chan_0_path_0_imag = 0.
INFO: [xilinx.com:ip:fir_compiler:7.2-913] /fir_compiler_1 Data_Width has been set to manual on the GUI. It will not be updated during validation with a propagated value.
INFO: [xilinx.com:ip:fir_compiler:7.2-308] /fir_compiler_1 S_AXIS_DATA-TDATA: Validating field: chan_0_path_0(16:0): fix16_16 against  -TDATA: chan_0_path_0(34:0): fix34_16. Data transaction: 0
ERROR: [xilinx.com:ip:fir_compiler:7.2-309] /fir_compiler_1 S_AXIS_DATA-TDATA: Field width mismatch: chan_0_path_0 = 16.  -TDATA: chan_0_path_0 = 34.
INFO: [xilinx.com:ip:fir_compiler:7.2-914] /fir_compiler_1 Refer to Port Structure details on the GUI informational tab, when available, to help resolve bus mismatches. Alternatively use intermediary blocks to rearrange the bus appropriately.
INFO: [xilinx.com:ip:cordic:6.0-7] /cordic_1 Setting Input Width to 16. S_AXIS_CARTESIAN_TDATA real input width: 16. S_AXIS_CARTESIAN_TDATA imag input width: 16.
INFO: [xilinx.com:ip:cordic:6.0-7] /cordic_2 Setting Input Width to 16. S_AXIS_CARTESIAN_TDATA real input width: 16. S_AXIS_CARTESIAN_TDATA imag input width: 16.
INFO: [xilinx.com:ip:cordic:6.0-7] /cordic_3 Setting Input Width to 16. S_AXIS_CARTESIAN_TDATA real input width: 16. S_AXIS_CARTESIAN_TDATA imag input width: 16.
ERROR: [Common 17-39] 'validate_bd_design' failed due to earlier errors.
validate_bd_design
WARNING: [xilinx.com:ip:cordic:6.0-304] /cordic_0 S_AXIS_CARTESIAN-TDATA: Data transfer transaction mismatch. /cordic_0 transactions: 1. /fir_compiler_1 M_AXIS_DATA-TDATA transactions: 3.
INFO: [xilinx.com:ip:cordic:6.0-315] /cordic_0 S_AXIS_CARTESIAN-TDATA: Will use first transaction for compatibility check
INFO: [xilinx.com:ip:cordic:6.0-7] /cordic_0 Setting Input Width to 16. S_AXIS_CARTESIAN_TDATA real input width: 16. S_AXIS_CARTESIAN_TDATA imag input width: 16.
INFO: [xilinx.com:ip:cordic:6.0-308] /cordic_0 S_AXIS_CARTESIAN-TDATA: Validating field: real(16:0): fix16_14 against /fir_compiler_1 M_AXIS_DATA-TDATA: chan_0_path_0_real(16:0): fix16_16.
WARNING: [xilinx.com:ip:cordic:6.0-311] /cordic_0 S_AXIS_CARTESIAN-TDATA: Field property mismatch. Value mismatch for: real fixed fractwidth. /cordic_0 field: real = 14. /fir_compiler_1 M_AXIS_DATA-TDATA field: chan_0_path_0_real = 16.
INFO: [xilinx.com:ip:cordic:6.0-308] /cordic_0 S_AXIS_CARTESIAN-TDATA: Validating field: imag(32:16): fix16_14 against /fir_compiler_1 M_AXIS_DATA-TDATA: chan_0_path_0_imag(32:16): fix16_0.
WARNING: [xilinx.com:ip:cordic:6.0-311] /cordic_0 S_AXIS_CARTESIAN-TDATA: Field property mismatch. Value mismatch for: real fixed fractwidth. /cordic_0 field: imag = 14. /fir_compiler_1 M_AXIS_DATA-TDATA field: chan_0_path_0_imag = 0.
INFO: [xilinx.com:ip:fir_compiler:7.2-913] /fir_compiler_1 Data_Width has been set to manual on the GUI. It will not be updated during validation with a propagated value.
INFO: [xilinx.com:ip:fir_compiler:7.2-308] /fir_compiler_1 S_AXIS_DATA-TDATA: Validating field: chan_0_path_0(16:0): fix16_16 against  -TDATA: chan_0_path_0(34:0): fix34_16. Data transaction: 0
ERROR: [xilinx.com:ip:fir_compiler:7.2-309] /fir_compiler_1 S_AXIS_DATA-TDATA: Field width mismatch: chan_0_path_0 = 16.  -TDATA: chan_0_path_0 = 34.
INFO: [xilinx.com:ip:fir_compiler:7.2-914] /fir_compiler_1 Refer to Port Structure details on the GUI informational tab, when available, to help resolve bus mismatches. Alternatively use intermediary blocks to rearrange the bus appropriately.
INFO: [xilinx.com:ip:cordic:6.0-7] /cordic_1 Setting Input Width to 16. S_AXIS_CARTESIAN_TDATA real input width: 16. S_AXIS_CARTESIAN_TDATA imag input width: 16.
INFO: [xilinx.com:ip:cordic:6.0-7] /cordic_2 Setting Input Width to 16. S_AXIS_CARTESIAN_TDATA real input width: 16. S_AXIS_CARTESIAN_TDATA imag input width: 16.
INFO: [xilinx.com:ip:cordic:6.0-7] /cordic_3 Setting Input Width to 16. S_AXIS_CARTESIAN_TDATA real input width: 16. S_AXIS_CARTESIAN_TDATA imag input width: 16.
ERROR: [Common 17-39] 'validate_bd_design' failed due to earlier errors.
startgroup
endgroup
validate_bd_design
WARNING: [xilinx.com:ip:cordic:6.0-304] /cordic_0 S_AXIS_CARTESIAN-TDATA: Data transfer transaction mismatch. /cordic_0 transactions: 1. /fir_compiler_1 M_AXIS_DATA-TDATA transactions: 3.
INFO: [xilinx.com:ip:cordic:6.0-315] /cordic_0 S_AXIS_CARTESIAN-TDATA: Will use first transaction for compatibility check
INFO: [xilinx.com:ip:cordic:6.0-7] /cordic_0 Setting Input Width to 16. S_AXIS_CARTESIAN_TDATA real input width: 16. S_AXIS_CARTESIAN_TDATA imag input width: 16.
INFO: [xilinx.com:ip:cordic:6.0-308] /cordic_0 S_AXIS_CARTESIAN-TDATA: Validating field: real(16:0): fix16_14 against /fir_compiler_1 M_AXIS_DATA-TDATA: chan_0_path_0_real(16:0): fix16_16.
WARNING: [xilinx.com:ip:cordic:6.0-311] /cordic_0 S_AXIS_CARTESIAN-TDATA: Field property mismatch. Value mismatch for: real fixed fractwidth. /cordic_0 field: real = 14. /fir_compiler_1 M_AXIS_DATA-TDATA field: chan_0_path_0_real = 16.
INFO: [xilinx.com:ip:cordic:6.0-308] /cordic_0 S_AXIS_CARTESIAN-TDATA: Validating field: imag(32:16): fix16_14 against /fir_compiler_1 M_AXIS_DATA-TDATA: chan_0_path_0_imag(32:16): fix16_0.
WARNING: [xilinx.com:ip:cordic:6.0-311] /cordic_0 S_AXIS_CARTESIAN-TDATA: Field property mismatch. Value mismatch for: real fixed fractwidth. /cordic_0 field: imag = 14. /fir_compiler_1 M_AXIS_DATA-TDATA field: chan_0_path_0_imag = 0.
INFO: [xilinx.com:ip:fir_compiler:7.2-913] /fir_compiler_1 Data_Width has been set to manual on the GUI. It will not be updated during validation with a propagated value.
INFO: [xilinx.com:ip:fir_compiler:7.2-308] /fir_compiler_1 S_AXIS_DATA-TDATA: Validating field: chan_0_path_0(16:0): fix16_16 against  -TDATA: chan_0_path_0(34:0): fix34_16. Data transaction: 0
ERROR: [xilinx.com:ip:fir_compiler:7.2-309] /fir_compiler_1 S_AXIS_DATA-TDATA: Field width mismatch: chan_0_path_0 = 16.  -TDATA: chan_0_path_0 = 34.
INFO: [xilinx.com:ip:fir_compiler:7.2-914] /fir_compiler_1 Refer to Port Structure details on the GUI informational tab, when available, to help resolve bus mismatches. Alternatively use intermediary blocks to rearrange the bus appropriately.
INFO: [xilinx.com:ip:cordic:6.0-7] /cordic_1 Setting Input Width to 16. S_AXIS_CARTESIAN_TDATA real input width: 16. S_AXIS_CARTESIAN_TDATA imag input width: 16.
INFO: [xilinx.com:ip:cordic:6.0-7] /cordic_2 Setting Input Width to 16. S_AXIS_CARTESIAN_TDATA real input width: 16. S_AXIS_CARTESIAN_TDATA imag input width: 16.
INFO: [xilinx.com:ip:cordic:6.0-7] /cordic_3 Setting Input Width to 16. S_AXIS_CARTESIAN_TDATA real input width: 16. S_AXIS_CARTESIAN_TDATA imag input width: 16.
ERROR: [Common 17-39] 'validate_bd_design' failed due to earlier errors.
delete_bd_objs [get_bd_intf_nets fir_compiler_1_M_AXIS_DATA]
delete_bd_objs [get_bd_intf_nets cordic_0_M_AXIS_DOUT]
delete_bd_objs [get_bd_intf_nets axis_subset_converter_0_M_AXIS]
validate_bd_design
WARNING: [xilinx.com:ip:cordic:6.0-304] /cordic_0 S_AXIS_CARTESIAN-TDATA: Data transfer transaction mismatch. /cordic_0 transactions: 1.  -TDATA transactions: 3.
INFO: [xilinx.com:ip:cordic:6.0-315] /cordic_0 S_AXIS_CARTESIAN-TDATA: Will use first transaction for compatibility check
INFO: [xilinx.com:ip:cordic:6.0-7] /cordic_0 Setting Input Width to 16. S_AXIS_CARTESIAN_TDATA real input width: 16. S_AXIS_CARTESIAN_TDATA imag input width: 16.
INFO: [xilinx.com:ip:cordic:6.0-308] /cordic_0 S_AXIS_CARTESIAN-TDATA: Validating field: real(16:0): fix16_14 against  -TDATA: chan_0_path_0_real(16:0): fix16_16.
WARNING: [xilinx.com:ip:cordic:6.0-311] /cordic_0 S_AXIS_CARTESIAN-TDATA: Field property mismatch. Value mismatch for: real fixed fractwidth. /cordic_0 field: real = 14.  -TDATA field: chan_0_path_0_real = 16.
INFO: [xilinx.com:ip:cordic:6.0-308] /cordic_0 S_AXIS_CARTESIAN-TDATA: Validating field: imag(32:16): fix16_14 against  -TDATA: chan_0_path_0_imag(32:16): fix16_0.
WARNING: [xilinx.com:ip:cordic:6.0-311] /cordic_0 S_AXIS_CARTESIAN-TDATA: Field property mismatch. Value mismatch for: real fixed fractwidth. /cordic_0 field: imag = 14.  -TDATA field: chan_0_path_0_imag = 0.
INFO: [xilinx.com:ip:fir_compiler:7.2-913] /fir_compiler_1 Data_Width has been set to manual on the GUI. It will not be updated during validation with a propagated value.
INFO: [xilinx.com:ip:fir_compiler:7.2-308] /fir_compiler_1 S_AXIS_DATA-TDATA: Validating field: chan_0_path_0(16:0): fix16_16 against  -TDATA: chan_0_path_0(34:0): fix34_16. Data transaction: 0
ERROR: [xilinx.com:ip:fir_compiler:7.2-309] /fir_compiler_1 S_AXIS_DATA-TDATA: Field width mismatch: chan_0_path_0 = 16.  -TDATA: chan_0_path_0 = 34.
INFO: [xilinx.com:ip:fir_compiler:7.2-914] /fir_compiler_1 Refer to Port Structure details on the GUI informational tab, when available, to help resolve bus mismatches. Alternatively use intermediary blocks to rearrange the bus appropriately.
INFO: [xilinx.com:ip:cordic:6.0-7] /cordic_1 Setting Input Width to 16. S_AXIS_CARTESIAN_TDATA real input width: 16. S_AXIS_CARTESIAN_TDATA imag input width: 16.
INFO: [xilinx.com:ip:cordic:6.0-7] /cordic_2 Setting Input Width to 16. S_AXIS_CARTESIAN_TDATA real input width: 16. S_AXIS_CARTESIAN_TDATA imag input width: 16.
INFO: [xilinx.com:ip:cordic:6.0-7] /cordic_3 Setting Input Width to 16. S_AXIS_CARTESIAN_TDATA real input width: 16. S_AXIS_CARTESIAN_TDATA imag input width: 16.
ERROR: [Common 17-39] 'validate_bd_design' failed due to earlier errors.
delete_bd_objs [get_bd_cells fir_compiler_1]
validate_bd_design
WARNING: [xilinx.com:ip:cordic:6.0-304] /cordic_0 S_AXIS_CARTESIAN-TDATA: Data transfer transaction mismatch. /cordic_0 transactions: 1.  -TDATA transactions: 3.
INFO: [xilinx.com:ip:cordic:6.0-315] /cordic_0 S_AXIS_CARTESIAN-TDATA: Will use first transaction for compatibility check
INFO: [xilinx.com:ip:cordic:6.0-7] /cordic_0 Setting Input Width to 16. S_AXIS_CARTESIAN_TDATA real input width: 16. S_AXIS_CARTESIAN_TDATA imag input width: 16.
INFO: [xilinx.com:ip:cordic:6.0-308] /cordic_0 S_AXIS_CARTESIAN-TDATA: Validating field: real(16:0): fix16_14 against  -TDATA: chan_0_path_0_real(16:0): fix16_16.
WARNING: [xilinx.com:ip:cordic:6.0-311] /cordic_0 S_AXIS_CARTESIAN-TDATA: Field property mismatch. Value mismatch for: real fixed fractwidth. /cordic_0 field: real = 14.  -TDATA field: chan_0_path_0_real = 16.
INFO: [xilinx.com:ip:cordic:6.0-308] /cordic_0 S_AXIS_CARTESIAN-TDATA: Validating field: imag(32:16): fix16_14 against  -TDATA: chan_0_path_0_imag(32:16): fix16_0.
WARNING: [xilinx.com:ip:cordic:6.0-311] /cordic_0 S_AXIS_CARTESIAN-TDATA: Field property mismatch. Value mismatch for: real fixed fractwidth. /cordic_0 field: imag = 14.  -TDATA field: chan_0_path_0_imag = 0.
INFO: [xilinx.com:ip:cordic:6.0-7] /cordic_1 Setting Input Width to 16. S_AXIS_CARTESIAN_TDATA real input width: 16. S_AXIS_CARTESIAN_TDATA imag input width: 16.
INFO: [xilinx.com:ip:cordic:6.0-7] /cordic_2 Setting Input Width to 16. S_AXIS_CARTESIAN_TDATA real input width: 16. S_AXIS_CARTESIAN_TDATA imag input width: 16.
INFO: [xilinx.com:ip:cordic:6.0-7] /cordic_3 Setting Input Width to 16. S_AXIS_CARTESIAN_TDATA real input width: 16. S_AXIS_CARTESIAN_TDATA imag input width: 16.
CRITICAL WARNING: [BD 41-759] The input pins (listed below) are either not connected or do not have a source port, and they don't have a tie-off specified. These pins are tied-off to all 0's to avoid error in Implementation flow.
Please check your design and connect them as needed: 
/TDM_to_Parallel_Conv_0/s_axis_tvalid

validate_bd_design -force
WARNING: [xilinx.com:ip:cordic:6.0-304] /cordic_0 S_AXIS_CARTESIAN-TDATA: Data transfer transaction mismatch. /cordic_0 transactions: 1.  -TDATA transactions: 3.
INFO: [xilinx.com:ip:cordic:6.0-315] /cordic_0 S_AXIS_CARTESIAN-TDATA: Will use first transaction for compatibility check
INFO: [xilinx.com:ip:cordic:6.0-7] /cordic_0 Setting Input Width to 16. S_AXIS_CARTESIAN_TDATA real input width: 16. S_AXIS_CARTESIAN_TDATA imag input width: 16.
INFO: [xilinx.com:ip:cordic:6.0-308] /cordic_0 S_AXIS_CARTESIAN-TDATA: Validating field: real(16:0): fix16_14 against  -TDATA: chan_0_path_0_real(16:0): fix16_16.
WARNING: [xilinx.com:ip:cordic:6.0-311] /cordic_0 S_AXIS_CARTESIAN-TDATA: Field property mismatch. Value mismatch for: real fixed fractwidth. /cordic_0 field: real = 14.  -TDATA field: chan_0_path_0_real = 16.
INFO: [xilinx.com:ip:cordic:6.0-308] /cordic_0 S_AXIS_CARTESIAN-TDATA: Validating field: imag(32:16): fix16_14 against  -TDATA: chan_0_path_0_imag(32:16): fix16_0.
WARNING: [xilinx.com:ip:cordic:6.0-311] /cordic_0 S_AXIS_CARTESIAN-TDATA: Field property mismatch. Value mismatch for: real fixed fractwidth. /cordic_0 field: imag = 14.  -TDATA field: chan_0_path_0_imag = 0.
INFO: [xilinx.com:ip:cordic:6.0-7] /cordic_1 Setting Input Width to 16. S_AXIS_CARTESIAN_TDATA real input width: 16. S_AXIS_CARTESIAN_TDATA imag input width: 16.
INFO: [xilinx.com:ip:cordic:6.0-7] /cordic_2 Setting Input Width to 16. S_AXIS_CARTESIAN_TDATA real input width: 16. S_AXIS_CARTESIAN_TDATA imag input width: 16.
INFO: [xilinx.com:ip:cordic:6.0-7] /cordic_3 Setting Input Width to 16. S_AXIS_CARTESIAN_TDATA real input width: 16. S_AXIS_CARTESIAN_TDATA imag input width: 16.
CRITICAL WARNING: [BD 41-759] The input pins (listed below) are either not connected or do not have a source port, and they don't have a tie-off specified. These pins are tied-off to all 0's to avoid error in Implementation flow.
Please check your design and connect them as needed: 
/TDM_to_Parallel_Conv_0/s_axis_tvalid

save_bd_design
Wrote  : </home/janek/Magisterka/Intelligent-Vibroacoustic-Machine-Diagnostic-System-on-FPGA/Hilbert_with_fft/Hilbert_and_fft_test/Hilbert_and_fft_test.srcs/sources_1/bd/Hilbert_fft/Hilbert_fft.bd> 
Wrote  : </home/janek/Magisterka/Intelligent-Vibroacoustic-Machine-Diagnostic-System-on-FPGA/Hilbert_with_fft/Hilbert_and_fft_test/Hilbert_and_fft_test.srcs/sources_1/bd/Hilbert_fft/ui/bd_126cc625.ui> 
generate_target Simulation [get_files /home/janek/Magisterka/Intelligent-Vibroacoustic-Machine-Diagnostic-System-on-FPGA/Hilbert_with_fft/Hilbert_and_fft_test/Hilbert_and_fft_test.srcs/sources_1/bd/Hilbert_fft/Hilbert_fft.bd]
INFO: [BD 41-1662] The design 'Hilbert_fft.bd' is already validated. Therefore parameter propagation will not be re-run.
CRITICAL WARNING: [BD 41-759] The input pins (listed below) are either not connected or do not have a source port, and they don't have a tie-off specified. These pins are tied-off to all 0's to avoid error in Implementation flow.
Please check your design and connect them as needed: 
/TDM_to_Parallel_Conv_0/s_axis_tvalid

Verilog Output written to : /home/janek/Magisterka/Intelligent-Vibroacoustic-Machine-Diagnostic-System-on-FPGA/Hilbert_with_fft/Hilbert_and_fft_test/Hilbert_and_fft_test.gen/sources_1/bd/Hilbert_fft/synth/Hilbert_fft.v
Verilog Output written to : /home/janek/Magisterka/Intelligent-Vibroacoustic-Machine-Diagnostic-System-on-FPGA/Hilbert_with_fft/Hilbert_and_fft_test/Hilbert_and_fft_test.gen/sources_1/bd/Hilbert_fft/sim/Hilbert_fft.v
Verilog Output written to : /home/janek/Magisterka/Intelligent-Vibroacoustic-Machine-Diagnostic-System-on-FPGA/Hilbert_with_fft/Hilbert_and_fft_test/Hilbert_and_fft_test.gen/sources_1/bd/Hilbert_fft/hdl/Hilbert_fft_wrapper.v
INFO: [BD 41-1029] Generation completed for the IP Integrator block fir0_spy_0 .
INFO: [BD 41-1029] Generation completed for the IP Integrator block fir0_spy_1 .
INFO: [BD 41-1029] Generation completed for the IP Integrator block xlslice_0 .
Exporting to file /home/janek/Magisterka/Intelligent-Vibroacoustic-Machine-Diagnostic-System-on-FPGA/Hilbert_with_fft/Hilbert_and_fft_test/Hilbert_and_fft_test.gen/sources_1/bd/Hilbert_fft/hw_handoff/Hilbert_fft.hwh
Generated Hardware Definition File /home/janek/Magisterka/Intelligent-Vibroacoustic-Machine-Diagnostic-System-on-FPGA/Hilbert_with_fft/Hilbert_and_fft_test/Hilbert_and_fft_test.gen/sources_1/bd/Hilbert_fft/synth/Hilbert_fft.hwdef
INFO: [BD 41-3262] Generated VHDL Instantiation Template file /home/janek/Magisterka/Intelligent-Vibroacoustic-Machine-Diagnostic-System-on-FPGA/Hilbert_with_fft/Hilbert_and_fft_test/Hilbert_and_fft_test.gen/sources_1/bd/Hilbert_fft/Hilbert_fft.vho
INFO: [BD 41-3262] Generated Verilog Instantiation Template file /home/janek/Magisterka/Intelligent-Vibroacoustic-Machine-Diagnostic-System-on-FPGA/Hilbert_with_fft/Hilbert_and_fft_test/Hilbert_and_fft_test.gen/sources_1/bd/Hilbert_fft/Hilbert_fft.veo
INFO: [BD 41-3262] Generated System Verilog Instantiation Template file /home/janek/Magisterka/Intelligent-Vibroacoustic-Machine-Diagnostic-System-on-FPGA/Hilbert_with_fft/Hilbert_and_fft_test/Hilbert_and_fft_test.gen/sources_1/bd/Hilbert_fft/Hilbert_fft_sv.sveo
export_ip_user_files -of_objects [get_files /home/janek/Magisterka/Intelligent-Vibroacoustic-Machine-Diagnostic-System-on-FPGA/Hilbert_with_fft/Hilbert_and_fft_test/Hilbert_and_fft_test.srcs/sources_1/bd/Hilbert_fft/Hilbert_fft.bd] -no_script -sync -force -quiet
export_simulation -of_objects [get_files /home/janek/Magisterka/Intelligent-Vibroacoustic-Machine-Diagnostic-System-on-FPGA/Hilbert_with_fft/Hilbert_and_fft_test/Hilbert_and_fft_test.srcs/sources_1/bd/Hilbert_fft/Hilbert_fft.bd] -directory /home/janek/Magisterka/Intelligent-Vibroacoustic-Machine-Diagnostic-System-on-FPGA/Hilbert_with_fft/Hilbert_and_fft_test/Hilbert_and_fft_test.ip_user_files/sim_scripts -ip_user_files_dir /home/janek/Magisterka/Intelligent-Vibroacoustic-Machine-Diagnostic-System-on-FPGA/Hilbert_with_fft/Hilbert_and_fft_test/Hilbert_and_fft_test.ip_user_files -ipstatic_source_dir /home/janek/Magisterka/Intelligent-Vibroacoustic-Machine-Diagnostic-System-on-FPGA/Hilbert_with_fft/Hilbert_and_fft_test/Hilbert_and_fft_test.ip_user_files/ipstatic -lib_map_path [list {modelsim=/home/janek/Magisterka/Intelligent-Vibroacoustic-Machine-Diagnostic-System-on-FPGA/Hilbert_with_fft/Hilbert_and_fft_test/Hilbert_and_fft_test.cache/compile_simlib/modelsim} {questa=/home/janek/Magisterka/Intelligent-Vibroacoustic-Machine-Diagnostic-System-on-FPGA/Hilbert_with_fft/Hilbert_and_fft_test/Hilbert_and_fft_test.cache/compile_simlib/questa} {xcelium=/home/janek/Magisterka/Intelligent-Vibroacoustic-Machine-Diagnostic-System-on-FPGA/Hilbert_with_fft/Hilbert_and_fft_test/Hilbert_and_fft_test.cache/compile_simlib/xcelium} {vcs=/home/janek/Magisterka/Intelligent-Vibroacoustic-Machine-Diagnostic-System-on-FPGA/Hilbert_with_fft/Hilbert_and_fft_test/Hilbert_and_fft_test.cache/compile_simlib/vcs} {riviera=/home/janek/Magisterka/Intelligent-Vibroacoustic-Machine-Diagnostic-System-on-FPGA/Hilbert_with_fft/Hilbert_and_fft_test/Hilbert_and_fft_test.cache/compile_simlib/riviera}] -use_ip_compiled_libs -force -quiet
launch_simulation
Command: launch_simulation 
INFO: [Vivado 12-25911] Executing simulation for 'XSim' simulator
INFO: [Project 1-5737] Running on host qtaz (64) - Ubuntu 24.04.4 LTS
INFO: [Vivado 12-28535] Process started - Mon Apr  6 23:02:35 2026

INFO: [Vivado 12-12493] Simulation top is 'tb_top'
INFO: [Vivado 12-12490] The selected simulation model for 'Hilbert_fft_xlslice_0_0' IP changed to 'rtl' from '', the simulation run directory will be deleted.
INFO: [Vivado 12-5682] Launching behavioral simulation in '/home/janek/Magisterka/Intelligent-Vibroacoustic-Machine-Diagnostic-System-on-FPGA/Hilbert_with_fft/Hilbert_and_fft_test/Hilbert_and_fft_test.sim/sim_1/behav/xsim'
INFO: [SIM-utils-51] Simulation object is 'sim_1'
INFO: [SIM-utils-72] Using boost library from '/home/janek/2025.2/tps/boost_1_72_0'
INFO: [USF-XSim-7] Finding pre-compiled libraries...
INFO: [USF-XSim-11] File '/home/janek/2025.2/data/xsim/xsim.ini' copied to run dir:'/home/janek/Magisterka/Intelligent-Vibroacoustic-Machine-Diagnostic-System-on-FPGA/Hilbert_with_fft/Hilbert_and_fft_test/Hilbert_and_fft_test.sim/sim_1/behav/xsim'
INFO: [SIM-utils-54] Inspecting design source files for 'tb_top' in fileset 'sim_1'...
INFO: [SIM-utils-43] Exported '/home/janek/Magisterka/Intelligent-Vibroacoustic-Machine-Diagnostic-System-on-FPGA/Hilbert_with_fft/Hilbert_and_fft_test/Hilbert_and_fft_test.sim/sim_1/behav/xsim/Hilbert_fft_fir_compiler_0_0.mif'
INFO: [SIM-utils-43] Exported '/home/janek/Magisterka/Intelligent-Vibroacoustic-Machine-Diagnostic-System-on-FPGA/Hilbert_with_fft/Hilbert_and_fft_test/Hilbert_and_fft_test.sim/sim_1/behav/xsim/filet_2.coe'
INFO: [SIM-utils-43] Exported '/home/janek/Magisterka/Intelligent-Vibroacoustic-Machine-Diagnostic-System-on-FPGA/Hilbert_with_fft/Hilbert_and_fft_test/Hilbert_and_fft_test.sim/sim_1/behav/xsim/filter_coeffs.coe'
INFO: [USF-XSim-97] Finding global include files...
INFO: [USF-XSim-98] Fetching design files from 'sim_1'...
INFO: [USF-XSim-2] XSim::Compile design
INFO: [USF-XSim-61] Executing 'COMPILE and ANALYZE' step in '/home/janek/Magisterka/Intelligent-Vibroacoustic-Machine-Diagnostic-System-on-FPGA/Hilbert_with_fft/Hilbert_and_fft_test/Hilbert_and_fft_test.sim/sim_1/behav/xsim'
xvlog --incr --relax -L uvm -prj tb_top_vlog.prj
INFO: [VRFC 10-2263] Analyzing Verilog file "/home/janek/Magisterka/Intelligent-Vibroacoustic-Machine-Diagnostic-System-on-FPGA/Hilbert_with_fft/Hilbert_and_fft_test/Hilbert_and_fft_test.srcs/sources_1/new/TDM to Parallel Converter.v" into library xil_defaultlib
INFO: [VRFC 10-311] analyzing module TDM_to_Parallel_Converter
INFO: [VRFC 10-2263] Analyzing Verilog file "/home/janek/Magisterka/Intelligent-Vibroacoustic-Machine-Diagnostic-System-on-FPGA/Hilbert_with_fft/Hilbert_and_fft_test/Hilbert_and_fft_test.srcs/sources_1/new/brancher.v" into library xil_defaultlib
INFO: [VRFC 10-311] analyzing module brancher
INFO: [VRFC 10-2263] Analyzing Verilog file "/home/janek/Magisterka/Intelligent-Vibroacoustic-Machine-Diagnostic-System-on-FPGA/Hilbert_with_fft/Hilbert_and_fft_test/Hilbert_and_fft_test.srcs/sources_1/new/fir0_spy.v" into library xil_defaultlib
INFO: [VRFC 10-311] analyzing module fir0_spy
INFO: [VRFC 10-2263] Analyzing Verilog file "/home/janek/Magisterka/Intelligent-Vibroacoustic-Machine-Diagnostic-System-on-FPGA/Hilbert_with_fft/Hilbert_and_fft_test/Hilbert_and_fft_test.ip_user_files/bd/Hilbert_fft/ip/Hilbert_fft_axis_subset_converter_0_0/hdl/tdata_Hilbert_fft_axis_subset_converter_0_0.v" into library xil_defaultlib
INFO: [VRFC 10-311] analyzing module tdata_Hilbert_fft_axis_subset_converter_0_0
INFO: [VRFC 10-2263] Analyzing Verilog file "/home/janek/Magisterka/Intelligent-Vibroacoustic-Machine-Diagnostic-System-on-FPGA/Hilbert_with_fft/Hilbert_and_fft_test/Hilbert_and_fft_test.ip_user_files/bd/Hilbert_fft/ip/Hilbert_fft_axis_subset_converter_0_0/hdl/tuser_Hilbert_fft_axis_subset_converter_0_0.v" into library xil_defaultlib
INFO: [VRFC 10-311] analyzing module tuser_Hilbert_fft_axis_subset_converter_0_0
INFO: [VRFC 10-2263] Analyzing Verilog file "/home/janek/Magisterka/Intelligent-Vibroacoustic-Machine-Diagnostic-System-on-FPGA/Hilbert_with_fft/Hilbert_and_fft_test/Hilbert_and_fft_test.ip_user_files/bd/Hilbert_fft/ip/Hilbert_fft_axis_subset_converter_0_0/hdl/tstrb_Hilbert_fft_axis_subset_converter_0_0.v" into library xil_defaultlib
INFO: [VRFC 10-311] analyzing module tstrb_Hilbert_fft_axis_subset_converter_0_0
INFO: [VRFC 10-2263] Analyzing Verilog file "/home/janek/Magisterka/Intelligent-Vibroacoustic-Machine-Diagnostic-System-on-FPGA/Hilbert_with_fft/Hilbert_and_fft_test/Hilbert_and_fft_test.ip_user_files/bd/Hilbert_fft/ip/Hilbert_fft_axis_subset_converter_0_0/hdl/tkeep_Hilbert_fft_axis_subset_converter_0_0.v" into library xil_defaultlib
INFO: [VRFC 10-311] analyzing module tkeep_Hilbert_fft_axis_subset_converter_0_0
INFO: [VRFC 10-2263] Analyzing Verilog file "/home/janek/Magisterka/Intelligent-Vibroacoustic-Machine-Diagnostic-System-on-FPGA/Hilbert_with_fft/Hilbert_and_fft_test/Hilbert_and_fft_test.ip_user_files/bd/Hilbert_fft/ip/Hilbert_fft_axis_subset_converter_0_0/hdl/tid_Hilbert_fft_axis_subset_converter_0_0.v" into library xil_defaultlib
INFO: [VRFC 10-311] analyzing module tid_Hilbert_fft_axis_subset_converter_0_0
INFO: [VRFC 10-2263] Analyzing Verilog file "/home/janek/Magisterka/Intelligent-Vibroacoustic-Machine-Diagnostic-System-on-FPGA/Hilbert_with_fft/Hilbert_and_fft_test/Hilbert_and_fft_test.ip_user_files/bd/Hilbert_fft/ip/Hilbert_fft_axis_subset_converter_0_0/hdl/tdest_Hilbert_fft_axis_subset_converter_0_0.v" into library xil_defaultlib
INFO: [VRFC 10-311] analyzing module tdest_Hilbert_fft_axis_subset_converter_0_0
INFO: [VRFC 10-2263] Analyzing Verilog file "/home/janek/Magisterka/Intelligent-Vibroacoustic-Machine-Diagnostic-System-on-FPGA/Hilbert_with_fft/Hilbert_and_fft_test/Hilbert_and_fft_test.ip_user_files/bd/Hilbert_fft/ip/Hilbert_fft_axis_subset_converter_0_0/hdl/tlast_Hilbert_fft_axis_subset_converter_0_0.v" into library xil_defaultlib
INFO: [VRFC 10-311] analyzing module tlast_Hilbert_fft_axis_subset_converter_0_0
INFO: [VRFC 10-2263] Analyzing Verilog file "/home/janek/Magisterka/Intelligent-Vibroacoustic-Machine-Diagnostic-System-on-FPGA/Hilbert_with_fft/Hilbert_and_fft_test/Hilbert_and_fft_test.ip_user_files/bd/Hilbert_fft/ip/Hilbert_fft_axis_subset_converter_0_0/hdl/top_Hilbert_fft_axis_subset_converter_0_0.v" into library xil_defaultlib
INFO: [VRFC 10-311] analyzing module top_Hilbert_fft_axis_subset_converter_0_0
INFO: [VRFC 10-2263] Analyzing Verilog file "/home/janek/Magisterka/Intelligent-Vibroacoustic-Machine-Diagnostic-System-on-FPGA/Hilbert_with_fft/Hilbert_and_fft_test/Hilbert_and_fft_test.ip_user_files/bd/Hilbert_fft/ip/Hilbert_fft_axis_subset_converter_0_0/sim/Hilbert_fft_axis_subset_converter_0_0.v" into library xil_defaultlib
INFO: [VRFC 10-311] analyzing module Hilbert_fft_axis_subset_converter_0_0
INFO: [VRFC 10-2263] Analyzing Verilog file "/home/janek/Magisterka/Intelligent-Vibroacoustic-Machine-Diagnostic-System-on-FPGA/Hilbert_with_fft/Hilbert_and_fft_test/Hilbert_and_fft_test.ip_user_files/bd/Hilbert_fft/ip/Hilbert_fft_TDM_to_Parallel_Conv_0_0/sim/Hilbert_fft_TDM_to_Parallel_Conv_0_0.v" into library xil_defaultlib
INFO: [VRFC 10-311] analyzing module Hilbert_fft_TDM_to_Parallel_Conv_0_0
INFO: [VRFC 10-2263] Analyzing Verilog file "/home/janek/Magisterka/Intelligent-Vibroacoustic-Machine-Diagnostic-System-on-FPGA/Hilbert_with_fft/Hilbert_and_fft_test/Hilbert_and_fft_test.ip_user_files/bd/Hilbert_fft/ip/Hilbert_fft_xlconstant_0_0/sim/Hilbert_fft_xlconstant_0_0.v" into library xil_defaultlib
INFO: [VRFC 10-311] analyzing module Hilbert_fft_xlconstant_0_0
INFO: [VRFC 10-2263] Analyzing Verilog file "/home/janek/Magisterka/Intelligent-Vibroacoustic-Machine-Diagnostic-System-on-FPGA/Hilbert_with_fft/Hilbert_and_fft_test/Hilbert_and_fft_test.ip_user_files/bd/Hilbert_fft/ip/Hilbert_fft_xlconstant_1_0/sim/Hilbert_fft_xlconstant_1_0.v" into library xil_defaultlib
INFO: [VRFC 10-311] analyzing module Hilbert_fft_xlconstant_1_0
INFO: [VRFC 10-2263] Analyzing Verilog file "/home/janek/Magisterka/Intelligent-Vibroacoustic-Machine-Diagnostic-System-on-FPGA/Hilbert_with_fft/Hilbert_and_fft_test/Hilbert_and_fft_test.ip_user_files/bd/Hilbert_fft/ip/Hilbert_fft_brancher_0_0/sim/Hilbert_fft_brancher_0_0.v" into library xil_defaultlib
INFO: [VRFC 10-311] analyzing module Hilbert_fft_brancher_0_0
INFO: [VRFC 10-2263] Analyzing Verilog file "/home/janek/Magisterka/Intelligent-Vibroacoustic-Machine-Diagnostic-System-on-FPGA/Hilbert_with_fft/Hilbert_and_fft_test/Hilbert_and_fft_test.ip_user_files/bd/Hilbert_fft/ip/Hilbert_fft_fir0_spy_0_0/sim/Hilbert_fft_fir0_spy_0_0.v" into library xil_defaultlib
INFO: [VRFC 10-311] analyzing module Hilbert_fft_fir0_spy_0_0
INFO: [VRFC 10-2263] Analyzing Verilog file "/home/janek/Magisterka/Intelligent-Vibroacoustic-Machine-Diagnostic-System-on-FPGA/Hilbert_with_fft/Hilbert_and_fft_test/Hilbert_and_fft_test.ip_user_files/bd/Hilbert_fft/ip/Hilbert_fft_fir0_spy_0_2/sim/Hilbert_fft_fir0_spy_0_2.v" into library xil_defaultlib
INFO: [VRFC 10-311] analyzing module Hilbert_fft_fir0_spy_0_2
INFO: [VRFC 10-2263] Analyzing Verilog file "/home/janek/Magisterka/Intelligent-Vibroacoustic-Machine-Diagnostic-System-on-FPGA/Hilbert_with_fft/Hilbert_and_fft_test/Hilbert_and_fft_test.ip_user_files/bd/Hilbert_fft/ip/Hilbert_fft_xlslice_0_0/sim/Hilbert_fft_xlslice_0_0.v" into library xil_defaultlib
INFO: [VRFC 10-311] analyzing module Hilbert_fft_xlslice_0_0
INFO: [VRFC 10-2263] Analyzing Verilog file "/home/janek/Magisterka/Intelligent-Vibroacoustic-Machine-Diagnostic-System-on-FPGA/Hilbert_with_fft/Hilbert_and_fft_test/Hilbert_and_fft_test.ip_user_files/bd/Hilbert_fft/sim/Hilbert_fft.v" into library xil_defaultlib
INFO: [VRFC 10-311] analyzing module Hilbert_fft
INFO: [VRFC 10-2263] Analyzing SystemVerilog file "/home/janek/Magisterka/Intelligent-Vibroacoustic-Machine-Diagnostic-System-on-FPGA/Hilbert_with_fft/Hilbert_and_fft_test/Hilbert_and_fft_test.srcs/sim_1/new/top.sv" into library xil_defaultlib
INFO: [VRFC 10-311] analyzing module tb_top
WARNING: [VRFC 10-5024] signed/unsigned conversion for real expression [/home/janek/Magisterka/Intelligent-Vibroacoustic-Machine-Diagnostic-System-on-FPGA/Hilbert_with_fft/Hilbert_and_fft_test/Hilbert_and_fft_test.srcs/sim_1/new/top.sv:94]
WARNING: [VRFC 10-5024] signed/unsigned conversion for real expression [/home/janek/Magisterka/Intelligent-Vibroacoustic-Machine-Diagnostic-System-on-FPGA/Hilbert_with_fft/Hilbert_and_fft_test/Hilbert_and_fft_test.srcs/sim_1/new/top.sv:100]
WARNING: [VRFC 10-5024] signed/unsigned conversion for real expression [/home/janek/Magisterka/Intelligent-Vibroacoustic-Machine-Diagnostic-System-on-FPGA/Hilbert_with_fft/Hilbert_and_fft_test/Hilbert_and_fft_test.srcs/sim_1/new/top.sv:106]
INFO: [VRFC 10-2263] Analyzing Verilog file "/home/janek/Magisterka/Intelligent-Vibroacoustic-Machine-Diagnostic-System-on-FPGA/Hilbert_with_fft/Hilbert_and_fft_test/Hilbert_and_fft_test.sim/sim_1/behav/xsim/glbl.v" into library xil_defaultlib
INFO: [VRFC 10-311] analyzing module glbl
xvhdl --incr --relax -prj tb_top_vhdl.prj
INFO: [VRFC 10-163] Analyzing VHDL file "/home/janek/Magisterka/Intelligent-Vibroacoustic-Machine-Diagnostic-System-on-FPGA/Hilbert_with_fft/Hilbert_and_fft_test/Hilbert_and_fft_test.ip_user_files/bd/Hilbert_fft/ip/Hilbert_fft_fir_compiler_0_0/sim/Hilbert_fft_fir_compiler_0_0.vhd" into library xil_defaultlib
INFO: [VRFC 10-3107] analyzing entity 'Hilbert_fft_fir_compiler_0_0'
INFO: [VRFC 10-163] Analyzing VHDL file "/home/janek/Magisterka/Intelligent-Vibroacoustic-Machine-Diagnostic-System-on-FPGA/Hilbert_with_fft/Hilbert_and_fft_test/Hilbert_and_fft_test.ip_user_files/bd/Hilbert_fft/ip/Hilbert_fft_cordic_0_0/sim/Hilbert_fft_cordic_0_0.vhd" into library xil_defaultlib
INFO: [VRFC 10-3107] analyzing entity 'Hilbert_fft_cordic_0_0'
INFO: [VRFC 10-163] Analyzing VHDL file "/home/janek/Magisterka/Intelligent-Vibroacoustic-Machine-Diagnostic-System-on-FPGA/Hilbert_with_fft/Hilbert_and_fft_test/Hilbert_and_fft_test.ip_user_files/bd/Hilbert_fft/ip/Hilbert_fft_xfft_0_0/sim/Hilbert_fft_xfft_0_0.vhd" into library xil_defaultlib
INFO: [VRFC 10-3107] analyzing entity 'Hilbert_fft_xfft_0_0'
INFO: [VRFC 10-163] Analyzing VHDL file "/home/janek/Magisterka/Intelligent-Vibroacoustic-Machine-Diagnostic-System-on-FPGA/Hilbert_with_fft/Hilbert_and_fft_test/Hilbert_and_fft_test.ip_user_files/bd/Hilbert_fft/ip/Hilbert_fft_cordic_1_3/sim/Hilbert_fft_cordic_1_3.vhd" into library xil_defaultlib
INFO: [VRFC 10-3107] analyzing entity 'Hilbert_fft_cordic_1_3'
INFO: [VRFC 10-163] Analyzing VHDL file "/home/janek/Magisterka/Intelligent-Vibroacoustic-Machine-Diagnostic-System-on-FPGA/Hilbert_with_fft/Hilbert_and_fft_test/Hilbert_and_fft_test.ip_user_files/bd/Hilbert_fft/ip/Hilbert_fft_cordic_1_4/sim/Hilbert_fft_cordic_1_4.vhd" into library xil_defaultlib
INFO: [VRFC 10-3107] analyzing entity 'Hilbert_fft_cordic_1_4'
INFO: [VRFC 10-163] Analyzing VHDL file "/home/janek/Magisterka/Intelligent-Vibroacoustic-Machine-Diagnostic-System-on-FPGA/Hilbert_with_fft/Hilbert_and_fft_test/Hilbert_and_fft_test.ip_user_files/bd/Hilbert_fft/ip/Hilbert_fft_cordic_1_5/sim/Hilbert_fft_cordic_1_5.vhd" into library xil_defaultlib
INFO: [VRFC 10-3107] analyzing entity 'Hilbert_fft_cordic_1_5'
Waiting for jobs to finish...
No pending jobs, compilation finished.
INFO: [USF-XSim-69] 'compile' step finished in '2' seconds
INFO: [USF-XSim-3] XSim::Elaborate design
INFO: [USF-XSim-61] Executing 'ELABORATE' step in '/home/janek/Magisterka/Intelligent-Vibroacoustic-Machine-Diagnostic-System-on-FPGA/Hilbert_with_fft/Hilbert_and_fft_test/Hilbert_and_fft_test.sim/sim_1/behav/xsim'
xelab --incr --debug typical --relax --mt 8 -L xil_defaultlib -L xbip_utils_v3_0_15 -L axi_utils_v2_0_11 -L xbip_pipe_v3_0_11 -L fir_compiler_v7_2_26 -L c_reg_fd_v12_0_11 -L xbip_dsp48_wrapper_v3_0_7 -L c_addsub_v12_0_21 -L mult_gen_v12_0_24 -L cordic_v6_0_25 -L axis_infrastructure_v1_1_1 -L axis_register_slice_v1_1_35 -L axis_subset_converter_v1_1_36 -L c_shift_ram_v12_0_20 -L floating_point_v7_1_21 -L cmpy_v6_0_27 -L xfft_v9_1_15 -L xlconstant_v1_1_10 -L xlslice_v1_0_5 -L uvm -L unisims_ver -L unimacro_ver -L secureip -L xpm --snapshot tb_top_behav xil_defaultlib.tb_top xil_defaultlib.glbl -log elaborate.log
Vivado Simulator v2025.2
Copyright 1986-2022 Xilinx, Inc. All Rights Reserved.
Copyright 2022-2025 Advanced Micro Devices, Inc. All Rights Reserved.
Running: /home/janek/2025.2/Vivado/bin/unwrapped/lnx64.o/xelab --incr --debug typical --relax --mt 8 -L xil_defaultlib -L xbip_utils_v3_0_15 -L axi_utils_v2_0_11 -L xbip_pipe_v3_0_11 -L fir_compiler_v7_2_26 -L c_reg_fd_v12_0_11 -L xbip_dsp48_wrapper_v3_0_7 -L c_addsub_v12_0_21 -L mult_gen_v12_0_24 -L cordic_v6_0_25 -L axis_infrastructure_v1_1_1 -L axis_register_slice_v1_1_35 -L axis_subset_converter_v1_1_36 -L c_shift_ram_v12_0_20 -L floating_point_v7_1_21 -L cmpy_v6_0_27 -L xfft_v9_1_15 -L xlconstant_v1_1_10 -L xlslice_v1_0_5 -L uvm -L unisims_ver -L unimacro_ver -L secureip -L xpm --snapshot tb_top_behav xil_defaultlib.tb_top xil_defaultlib.glbl -log elaborate.log 
Using 8 slave threads.
WARNING: [XSIM 43-3431] One or more environment variables have been detected which affect the operation of the C compiler. These are typically not set in standard installations and are not tested by AMD, however they may be appropriate for your system, so the flow will attempt to continue.  If errors occur, try running xelab with the "-mt off -v 1" switches to see more information from the C compiler. The following environment variables have been detected:
    LIBRARY_PATH
Starting static elaboration
Pass Through NonSizing Optimizer
WARNING: [VRFC 10-5024] signed/unsigned conversion for real expression [/home/janek/Magisterka/Intelligent-Vibroacoustic-Machine-Diagnostic-System-on-FPGA/Hilbert_with_fft/Hilbert_and_fft_test/Hilbert_and_fft_test.srcs/sim_1/new/top.sv:94]
WARNING: [VRFC 10-5024] signed/unsigned conversion for real expression [/home/janek/Magisterka/Intelligent-Vibroacoustic-Machine-Diagnostic-System-on-FPGA/Hilbert_with_fft/Hilbert_and_fft_test/Hilbert_and_fft_test.srcs/sim_1/new/top.sv:100]
WARNING: [VRFC 10-5024] signed/unsigned conversion for real expression [/home/janek/Magisterka/Intelligent-Vibroacoustic-Machine-Diagnostic-System-on-FPGA/Hilbert_with_fft/Hilbert_and_fft_test/Hilbert_and_fft_test.srcs/sim_1/new/top.sv:106]
WARNING: [VRFC 10-5021] port 's_axis_cartesian_tready' is not connected on this instance [/home/janek/Magisterka/Intelligent-Vibroacoustic-Machine-Diagnostic-System-on-FPGA/Hilbert_with_fft/Hilbert_and_fft_test/Hilbert_and_fft_test.ip_user_files/bd/Hilbert_fft/sim/Hilbert_fft.v:86]
WARNING: [VRFC 10-5021] port 'm_axis_dout_tvalid' is not connected on this instance [/home/janek/Magisterka/Intelligent-Vibroacoustic-Machine-Diagnostic-System-on-FPGA/Hilbert_with_fft/Hilbert_and_fft_test/Hilbert_and_fft_test.ip_user_files/bd/Hilbert_fft/sim/Hilbert_fft.v:91]
WARNING: [VRFC 10-5021] port 'm_axis_dout_tvalid' is not connected on this instance [/home/janek/Magisterka/Intelligent-Vibroacoustic-Machine-Diagnostic-System-on-FPGA/Hilbert_with_fft/Hilbert_and_fft_test/Hilbert_and_fft_test.ip_user_files/bd/Hilbert_fft/sim/Hilbert_fft.v:96]
WARNING: [VRFC 10-5021] port 'm_axis_dout_tvalid' is not connected on this instance [/home/janek/Magisterka/Intelligent-Vibroacoustic-Machine-Diagnostic-System-on-FPGA/Hilbert_with_fft/Hilbert_and_fft_test/Hilbert_and_fft_test.ip_user_files/bd/Hilbert_fft/sim/Hilbert_fft.v:101]
WARNING: [VRFC 10-5021] port 's_axis_config_tready' is not connected on this instance [/home/janek/Magisterka/Intelligent-Vibroacoustic-Machine-Diagnostic-System-on-FPGA/Hilbert_with_fft/Hilbert_and_fft_test/Hilbert_and_fft_test.ip_user_files/bd/Hilbert_fft/sim/Hilbert_fft.v:130]
Completed static elaboration
Starting simulation data flow analysis
Completed simulation data flow analysis
Time Resolution for simulation is 1ps
Compiling package std.standard
Compiling package std.textio
Compiling package ieee.std_logic_1164
Compiling package ieee.numeric_std
Compiling package cordic_v6_0_25.cordic_v6_0_25_viv_comp
Compiling package xbip_utils_v3_0_15.xbip_utils_v3_0_15_pkg
Compiling package xbip_pipe_v3_0_11.xbip_pipe_v3_0_11_viv_comp
Compiling package axi_utils_v2_0_11.axi_utils_v2_0_11_pkg
Compiling package ieee.math_real
Compiling package axi_utils_v2_0_11.global_util_pkg
Compiling package axi_utils_v2_0_11.axi_utils_comps
Compiling package mult_gen_v12_0_24.mult_gen_v12_0_24_pkg
Compiling package ieee.std_logic_arith
Compiling package ieee.std_logic_signed
Compiling package cordic_v6_0_25.cordic_pack
Compiling package cordic_v6_0_25.cordic_hdl_comps
Compiling package c_addsub_v12_0_21.c_addsub_v12_0_21_viv_comp
Compiling package c_addsub_v12_0_21.c_addsub_v12_0_21_pkg
Compiling package c_addsub_v12_0_21.c_addsub_v12_0_21_pkg_legacy
Compiling package c_reg_fd_v12_0_11.c_reg_fd_v12_0_11_viv_comp
Compiling package unisim.vcomponents
Compiling package fir_compiler_v7_2_26.fir_compiler_v7_2_26_viv_comp
Compiling package ieee.std_logic_textio
Compiling package fir_compiler_v7_2_26.globals_pkg
Compiling package fir_compiler_v7_2_26.components
Compiling package ieee.vital_timing
Compiling package ieee.vital_primitives
Compiling package unisim.vpkg
Compiling package xfft_v9_1_15.xfft_v9_1_15_viv_comp
Compiling package ieee.std_logic_unsigned
Compiling package cmpy_v6_0_27.cmpy_v6_0_27_pkg
Compiling package floating_point_v7_1_21.floating_point_v7_1_21_consts
Compiling package floating_point_v7_1_21.floating_point_v7_1_21_exp_table...
Compiling package floating_point_v7_1_21.floating_point_v7_1_21_pkg
Compiling package xfft_v9_1_15.pkg
Compiling package xfft_v9_1_15.xfft_v9_1_15_axi_pkg
Compiling package c_shift_ram_v12_0_20.c_shift_ram_v12_0_20_pkg
Compiling package xfft_v9_1_15.half_sincos_tw_table
Compiling package xpm.vcomponents
Compiling package mult_gen_v12_0_24.dsp_pkg
Compiling module xil_defaultlib.TDM_to_Parallel_Converter
Compiling module xil_defaultlib.Hilbert_fft_TDM_to_Parallel_Conv...
Compiling module axis_subset_converter_v1_1_36.axis_subset_converter_v1_1_36_co...
Compiling module xil_defaultlib.tdata_Hilbert_fft_axis_subset_co...
Compiling module xil_defaultlib.tuser_Hilbert_fft_axis_subset_co...
Compiling module xil_defaultlib.tid_Hilbert_fft_axis_subset_conv...
Compiling module xil_defaultlib.tdest_Hilbert_fft_axis_subset_co...
Compiling module xil_defaultlib.tstrb_Hilbert_fft_axis_subset_co...
Compiling module xil_defaultlib.tkeep_Hilbert_fft_axis_subset_co...
Compiling module xil_defaultlib.tlast_Hilbert_fft_axis_subset_co...
Compiling module xil_defaultlib.top_Hilbert_fft_axis_subset_conv...
Compiling module xil_defaultlib.Hilbert_fft_axis_subset_converte...
Compiling module xil_defaultlib.brancher
Compiling module xil_defaultlib.Hilbert_fft_brancher_0_0
Compiling architecture xilinx of entity axi_utils_v2_0_11.axi_slave_2to1 [\axi_slave_2to1(c_a_tdata_width=...]
Compiling architecture synth of entity xbip_pipe_v3_0_11.xbip_pipe_v3_0_11_viv [\xbip_pipe_v3_0_11_viv(c_latency...]
Compiling architecture structural of entity c_reg_fd_v12_0_11.c_reg_fd_v12_0_11_viv [\c_reg_fd_v12_0_11_viv(c_width=2...]
Compiling architecture muxcy_v of entity unisim.MUXCY [muxcy_default]
Compiling architecture xorcy_v of entity unisim.XORCY [xorcy_default]
Compiling architecture rtl of entity c_addsub_v12_0_21.c_addsub_v12_0_21_lut6_legacy [\c_addsub_v12_0_21_lut6_legacy(c...]
Compiling architecture synth of entity c_addsub_v12_0_21.c_addsub_v12_0_21_fabric_legacy [\c_addsub_v12_0_21_fabric_legacy...]
Compiling architecture synth of entity c_addsub_v12_0_21.c_addsub_v12_0_21_legacy [\c_addsub_v12_0_21_legacy(c_fami...]
Compiling architecture synth of entity c_addsub_v12_0_21.c_addsub_v12_0_21_viv [\c_addsub_v12_0_21_viv(c_xdevice...]
Compiling architecture synth of entity cordic_v6_0_25.addsub [\addsub(family="zynquplus",add_m...]
Compiling architecture rtl of entity c_addsub_v12_0_21.c_addsub_v12_0_21_lut6_legacy [\c_addsub_v12_0_21_lut6_legacy(c...]
Compiling architecture synth of entity c_addsub_v12_0_21.c_addsub_v12_0_21_fabric_legacy [\c_addsub_v12_0_21_fabric_legacy...]
Compiling architecture synth of entity c_addsub_v12_0_21.c_addsub_v12_0_21_legacy [\c_addsub_v12_0_21_legacy(c_fami...]
Compiling architecture synth of entity c_addsub_v12_0_21.c_addsub_v12_0_21_viv [\c_addsub_v12_0_21_viv(c_xdevice...]
Compiling architecture synth of entity cordic_v6_0_25.addsub [\addsub(family="zynquplus",add_m...]
Compiling architecture struct_all of entity cordic_v6_0_25.delay [\delay(delay_len=1,family="zynqu...]
Compiling architecture structural of entity c_reg_fd_v12_0_11.c_reg_fd_v12_0_11_viv [\c_reg_fd_v12_0_11_viv(c_width=2...]
Compiling architecture rtl of entity c_addsub_v12_0_21.c_addsub_v12_0_21_lut6_legacy [\c_addsub_v12_0_21_lut6_legacy(c...]
Compiling architecture synth of entity c_addsub_v12_0_21.c_addsub_v12_0_21_fabric_legacy [\c_addsub_v12_0_21_fabric_legacy...]
Compiling architecture synth of entity c_addsub_v12_0_21.c_addsub_v12_0_21_legacy [\c_addsub_v12_0_21_legacy(c_fami...]
Compiling architecture synth of entity c_addsub_v12_0_21.c_addsub_v12_0_21_viv [\c_addsub_v12_0_21_viv(c_xdevice...]
Compiling architecture synth of entity cordic_v6_0_25.addsub [\addsub(family="zynquplus",add_m...]
Compiling architecture struct_all of entity cordic_v6_0_25.delay [\delay(delay_len=1,family="zynqu...]
Compiling architecture struct_all of entity cordic_v6_0_25.delay_bit [\delay_bit(delay_len=2,family="z...]
Compiling architecture synth of entity cordic_v6_0_25.cordic_inp_config [\cordic_inp_config(p_xdevicefami...]
Compiling architecture synth of entity cordic_v6_0_25.cordic_dat_acc_slice_par [\cordic_dat_acc_slice_par(p_xdev...]
Compiling architecture synth of entity cordic_v6_0_25.cordic_pha_acc_slice_par [\cordic_pha_acc_slice_par(p_xdev...]
Compiling architecture struct_all of entity cordic_v6_0_25.delay [\delay(delay_len=1,family="zynqu...]
Compiling architecture struct_all of entity cordic_v6_0_25.delay_bit [\delay_bit(delay_len=1,family="z...]
Compiling architecture synth of entity cordic_v6_0_25.cordic_ctrl_slice_par [\cordic_ctrl_slice_par(p_xdevice...]
Compiling architecture synth of entity cordic_v6_0_25.cordic_eng_slice_par [\cordic_eng_slice_par(p_xdevicef...]
Compiling architecture synth of entity cordic_v6_0_25.cordic_dat_acc_slice_par [\cordic_dat_acc_slice_par(p_xdev...]
Compiling architecture synth of entity cordic_v6_0_25.cordic_eng_slice_par [\cordic_eng_slice_par(p_xdevicef...]
Compiling architecture synth of entity cordic_v6_0_25.cordic_dat_acc_slice_par [\cordic_dat_acc_slice_par(p_xdev...]
Compiling architecture synth of entity cordic_v6_0_25.cordic_eng_slice_par [\cordic_eng_slice_par(p_xdevicef...]
Compiling architecture synth of entity cordic_v6_0_25.cordic_dat_acc_slice_par [\cordic_dat_acc_slice_par(p_xdev...]
Compiling architecture synth of entity cordic_v6_0_25.cordic_eng_slice_par [\cordic_eng_slice_par(p_xdevicef...]
Compiling architecture synth of entity cordic_v6_0_25.cordic_dat_acc_slice_par [\cordic_dat_acc_slice_par(p_xdev...]
Compiling architecture synth of entity cordic_v6_0_25.cordic_eng_slice_par [\cordic_eng_slice_par(p_xdevicef...]
Compiling architecture synth of entity cordic_v6_0_25.cordic_dat_acc_slice_par [\cordic_dat_acc_slice_par(p_xdev...]
Compiling architecture synth of entity cordic_v6_0_25.cordic_eng_slice_par [\cordic_eng_slice_par(p_xdevicef...]
Compiling architecture synth of entity cordic_v6_0_25.cordic_dat_acc_slice_par [\cordic_dat_acc_slice_par(p_xdev...]
Compiling architecture synth of entity cordic_v6_0_25.cordic_eng_slice_par [\cordic_eng_slice_par(p_xdevicef...]
Compiling architecture synth of entity cordic_v6_0_25.cordic_dat_acc_slice_par [\cordic_dat_acc_slice_par(p_xdev...]
Compiling architecture synth of entity cordic_v6_0_25.cordic_eng_slice_par [\cordic_eng_slice_par(p_xdevicef...]
Compiling architecture synth of entity cordic_v6_0_25.cordic_dat_acc_slice_par [\cordic_dat_acc_slice_par(p_xdev...]
Compiling architecture synth of entity cordic_v6_0_25.cordic_eng_slice_par [\cordic_eng_slice_par(p_xdevicef...]
Compiling architecture synth of entity cordic_v6_0_25.cordic_dat_acc_slice_par [\cordic_dat_acc_slice_par(p_xdev...]
Compiling architecture synth of entity cordic_v6_0_25.cordic_eng_slice_par [\cordic_eng_slice_par(p_xdevicef...]
Compiling architecture synth of entity cordic_v6_0_25.cordic_dat_acc_slice_par [\cordic_dat_acc_slice_par(p_xdev...]
Compiling architecture synth of entity cordic_v6_0_25.cordic_eng_slice_par [\cordic_eng_slice_par(p_xdevicef...]
Compiling architecture synth of entity cordic_v6_0_25.cordic_dat_acc_slice_par [\cordic_dat_acc_slice_par(p_xdev...]
Compiling architecture synth of entity cordic_v6_0_25.cordic_eng_slice_par [\cordic_eng_slice_par(p_xdevicef...]
Compiling architecture synth of entity cordic_v6_0_25.cordic_dat_acc_slice_par [\cordic_dat_acc_slice_par(p_xdev...]
Compiling architecture synth of entity cordic_v6_0_25.cordic_eng_slice_par [\cordic_eng_slice_par(p_xdevicef...]
Compiling architecture synth of entity cordic_v6_0_25.cordic_dat_acc_slice_par [\cordic_dat_acc_slice_par(p_xdev...]
Compiling architecture synth of entity cordic_v6_0_25.cordic_eng_slice_par [\cordic_eng_slice_par(p_xdevicef...]
Compiling architecture synth of entity cordic_v6_0_25.cordic_eng [\cordic_eng(p_xdevicefamily="zyn...]
Compiling architecture struct_all of entity cordic_v6_0_25.delay [\delay(delay_len=2,family="zynqu...]
Compiling architecture structural of entity c_reg_fd_v12_0_11.c_reg_fd_v12_0_11_viv [\c_reg_fd_v12_0_11_viv(c_width=2...]
Compiling architecture rtl of entity c_addsub_v12_0_21.c_addsub_v12_0_21_lut6_legacy [\c_addsub_v12_0_21_lut6_legacy(c...]
Compiling architecture synth of entity c_addsub_v12_0_21.c_addsub_v12_0_21_fabric_legacy [\c_addsub_v12_0_21_fabric_legacy...]
Compiling architecture synth of entity c_addsub_v12_0_21.c_addsub_v12_0_21_legacy [\c_addsub_v12_0_21_legacy(c_fami...]
Compiling architecture synth of entity c_addsub_v12_0_21.c_addsub_v12_0_21_viv [\c_addsub_v12_0_21_viv(c_xdevice...]
Compiling architecture synth of entity cordic_v6_0_25.addsub [\addsub(family="zynquplus",add_m...]
Compiling architecture synth of entity cordic_v6_0_25.cordic_round [\cordic_round(p_xdevicefamily="z...]
Compiling architecture struct_all of entity cordic_v6_0_25.delay_bit [\delay_bit(delay_len=0,family="z...]
Compiling architecture synth of entity cordic_v6_0_25.cordic_out_config [\cordic_out_config(p_xdevicefami...]
Compiling architecture synth of entity cordic_v6_0_25.cordic_v6_0_25_synth [\cordic_v6_0_25_synth(c_architec...]
Compiling architecture synth of entity cordic_v6_0_25.cordic_v6_0_25_viv [\cordic_v6_0_25_viv(c_architectu...]
Compiling architecture xilinx of entity cordic_v6_0_25.cordic_v6_0_25 [\cordic_v6_0_25(c_architecture=2...]
Compiling architecture hilbert_fft_cordic_0_0_arch of entity xil_defaultlib.Hilbert_fft_cordic_0_0 [hilbert_fft_cordic_0_0_default]
Compiling architecture synth of entity cordic_v6_0_25.cordic_v6_0_25_viv [\cordic_v6_0_25_viv(c_architectu...]
Compiling architecture xilinx of entity cordic_v6_0_25.cordic_v6_0_25 [\cordic_v6_0_25(c_architecture=2...]
Compiling architecture hilbert_fft_cordic_1_3_arch of entity xil_defaultlib.Hilbert_fft_cordic_1_3 [hilbert_fft_cordic_1_3_default]
Compiling architecture hilbert_fft_cordic_1_4_arch of entity xil_defaultlib.Hilbert_fft_cordic_1_4 [hilbert_fft_cordic_1_4_default]
Compiling architecture hilbert_fft_cordic_1_5_arch of entity xil_defaultlib.Hilbert_fft_cordic_1_5 [hilbert_fft_cordic_1_5_default]
Compiling module xil_defaultlib.fir0_spy
Compiling module xil_defaultlib.Hilbert_fft_fir0_spy_0_0
Compiling module xil_defaultlib.Hilbert_fft_fir0_spy_0_2
Compiling architecture xilinx of entity axi_utils_v2_0_11.glb_srl_fifo [\glb_srl_fifo(width=17,has_ifx=t...]
Compiling architecture xilinx of entity axi_utils_v2_0_11.glb_ifx_slave [\glb_ifx_slave(width=17,has_ifx=...]
Compiling architecture synth of entity fir_compiler_v7_2_26.delay [\delay(c_delay_len=1,c_xdevicefa...]
Compiling architecture synth of entity fir_compiler_v7_2_26.delay [\delay(c_delay_len=2,c_xdevicefa...]
Compiling architecture synth of entity fir_compiler_v7_2_26.delay [\delay(c_delay_len=4,c_xdevicefa...]
Compiling architecture synth of entity fir_compiler_v7_2_26.delay [\delay(c_delay_len=3,c_xdevicefa...]
Compiling architecture synth of entity fir_compiler_v7_2_26.dpt_mem [\dpt_mem(c_xdevicefamily="zynqup...]
Compiling architecture synth of entity fir_compiler_v7_2_26.filt_mem [\filt_mem(c_xdevicefamily="zynqu...]
Compiling architecture synth of entity fir_compiler_v7_2_26.sp_mem [\sp_mem(c_xdevicefamily="zynqupl...]
Compiling architecture synth of entity fir_compiler_v7_2_26.filt_mem [\filt_mem(c_xdevicefamily="zynqu...]
Compiling architecture synth of entity fir_compiler_v7_2_26.cntrl_delay [\cntrl_delay(c_delay_len=0,c_mem...]
Compiling architecture synth of entity fir_compiler_v7_2_26.delay [\delay(c_delay_len=3,c_xdevicefa...]
Compiling architecture synth of entity fir_compiler_v7_2_26.buff [\buff(c_xdevicefamily="zynquplus...]
Compiling architecture synth of entity fir_compiler_v7_2_26.delay [\delay(c_delay_len=0,c_xdevicefa...]
Compiling architecture synth of entity fir_compiler_v7_2_26.delay [\delay(c_delay_len=0,c_xdevicefa...]
Compiling architecture synth of entity fir_compiler_v7_2_26.delay [\delay(c_delay_len=0,c_xdevicefa...]
Compiling architecture dsp48e2_v of entity unisim.DSP48E2 [\DSP48E2(amultsel="AD",mask="111...]
Compiling architecture synth of entity fir_compiler_v7_2_26.calc [\calc(c_xdevicefamily="zynquplus...]
Compiling architecture synth of entity fir_compiler_v7_2_26.addsub_mult_accum [\addsub_mult_accum(c_xdevicefami...]
Compiling architecture synth of entity fir_compiler_v7_2_26.delay [\delay(c_delay_len=1,c_xdevicefa...]
Compiling architecture synth of entity fir_compiler_v7_2_26.delay [\delay(c_delay_len=0,c_xdevicefa...]
Compiling architecture synth of entity fir_compiler_v7_2_26.delay [\delay(c_delay_len=0,c_xdevicefa...]
Compiling architecture synth of entity fir_compiler_v7_2_26.delay [\delay(c_delay_len=2,c_xdevicefa...]
Compiling architecture synth of entity fir_compiler_v7_2_26.delay [\delay(c_delay_len=0,c_xdevicefa...]
Compiling architecture synth of entity fir_compiler_v7_2_26.delay [\delay(c_delay_len=1,c_xdevicefa...]
Compiling architecture synth of entity fir_compiler_v7_2_26.delay [\delay(c_delay_len=4,c_xdevicefa...]
Compiling architecture synth of entity fir_compiler_v7_2_26.delay [\delay(c_delay_len=7,c_xdevicefa...]
Compiling architecture xilinx of entity axi_utils_v2_0_11.glb_srl_fifo [\glb_srl_fifo(width=35,has_uvpro...]
Compiling architecture xilinx of entity axi_utils_v2_0_11.glb_ifx_master [\glb_ifx_master(width=35)\]
Compiling architecture synth of entity fir_compiler_v7_2_26.single_rate [\single_rate(c_xdevicefamily="zy...]
Compiling architecture synth of entity fir_compiler_v7_2_26.fir_compiler_v7_2_26_viv [\fir_compiler_v7_2_26_viv(c_xdev...]
Compiling architecture xilinx of entity fir_compiler_v7_2_26.fir_compiler_v7_2_26 [\fir_compiler_v7_2_26(c_xdevicef...]
Compiling architecture hilbert_fft_fir_compiler_0_0_arch of entity xil_defaultlib.Hilbert_fft_fir_compiler_0_0 [hilbert_fft_fir_compiler_0_0_def...]
Compiling architecture rb18_internal_vhdl_v of entity unisim.RB18_INTERNAL_VHDL [\RB18_INTERNAL_VHDL(bram_size=18...]
Compiling architecture ramb18e1_v of entity unisim.RAMB18E1 [\RAMB18E1(doa_reg=1,dob_reg=1,ra...]
Compiling architecture xilinx of entity xfft_v9_1_15.dpm [\dpm(c_xdevicefamily="zynquplus"...]
Compiling architecture xilinx of entity xfft_v9_1_15.shift_ram [\shift_ram(c_xdevicefamily="zynq...]
Compiling architecture xilinx of entity xfft_v9_1_15.mux_bus4 [\mux_bus4(c_xdevicefamily="zynqu...]
Compiling architecture xilinx of entity xfft_v9_1_15.mux_bus2 [\mux_bus2(c_xdevicefamily="zynqu...]
Compiling architecture xilinx of entity xfft_v9_1_15.mux_bus4 [\mux_bus4(c_xdevicefamily="zynqu...]
Compiling architecture xilinx of entity xfft_v9_1_15.arith_shift3 [\arith_shift3(c_xdevicefamily="z...]
Compiling architecture xilinx of entity xfft_v9_1_15.shift_ram [\shift_ram(c_xdevicefamily="zynq...]
Compiling architecture xilinx of entity cmpy_v6_0_27.delay_line [\delay_line(c_xdevicefamily="zyn...]
Compiling architecture xilinx of entity cmpy_v6_0_27.delay_line [\delay_line(c_xdevicefamily="zyn...]
Compiling architecture xilinx of entity mult_gen_v12_0_24.delay_line [\delay_line(c_xdevicefamily="zyn...]
Compiling architecture xilinx of entity mult_gen_v12_0_24.delay_line [\delay_line(c_xdevicefamily="zyn...]
Compiling architecture dsp48e2_v of entity unisim.DSP48E2 [\DSP48E2(acascreg=2,alumodereg=0...]
Compiling architecture xilinx of entity mult_gen_v12_0_24.delay_line [\delay_line(c_xdevicefamily="zyn...]
Compiling architecture xilinx of entity mult_gen_v12_0_24.op_resize [\op_resize(ai_width=17,bi_width=...]
Compiling architecture xilinx of entity mult_gen_v12_0_24.dsp [\dsp(c_xdevicefamily="zynquplus"...]
Compiling architecture xilinx of entity cmpy_v6_0_27.cmpy_3_dsp48_mult [\cmpy_3_dsp48_mult(c_xdevicefami...]
Compiling architecture xilinx of entity mult_gen_v12_0_24.delay_line [\delay_line(c_xdevicefamily="zyn...]
Compiling architecture xilinx of entity mult_gen_v12_0_24.delay_line [\delay_line(c_xdevicefamily="zyn...]
Compiling architecture dsp48e2_v of entity unisim.DSP48E2 [\DSP48E2(alumodereg=0,amultsel="...]
Compiling architecture xilinx of entity mult_gen_v12_0_24.op_resize [\op_resize(ai_width=18,ao_width=...]
Compiling architecture xilinx of entity mult_gen_v12_0_24.dsp [\dsp(c_xdevicefamily="zynquplus"...]
Compiling architecture xilinx of entity cmpy_v6_0_27.cmpy_3_dsp48_mult [\cmpy_3_dsp48_mult(c_xdevicefami...]
Compiling architecture xilinx of entity mult_gen_v12_0_24.dsp [\dsp(c_xdevicefamily="zynquplus"...]
Compiling architecture xilinx of entity cmpy_v6_0_27.cmpy_3_dsp48_mult [\cmpy_3_dsp48_mult(c_xdevicefami...]
Compiling architecture xilinx of entity cmpy_v6_0_27.input_negation [\input_negation(c_xdevicefamily=...]
Compiling architecture xilinx of entity cmpy_v6_0_27.delay_line [\delay_line(c_xdevicefamily="zyn...]
Compiling architecture xilinx of entity cmpy_v6_0_27.delay_line [\delay_line(c_xdevicefamily="zyn...]
Compiling architecture xilinx of entity cmpy_v6_0_27.cmpy_3_dsp48 [\cmpy_3_dsp48(c_xdevicefamily="z...]
Compiling architecture xilinx of entity cmpy_v6_0_27.cmpy_v6_0_27_synth [\cmpy_v6_0_27_synth(c_xdevicefam...]
Compiling architecture xilinx of entity xfft_v9_1_15.cmpy [\cmpy(c_xdevicefamily="zynquplus...]
Compiling architecture structural of entity c_reg_fd_v12_0_11.c_reg_fd_v12_0_11_viv [\c_reg_fd_v12_0_11_viv(c_width=2...]
Compiling architecture rtl of entity c_addsub_v12_0_21.c_addsub_v12_0_21_lut6_legacy [\c_addsub_v12_0_21_lut6_legacy(c...]
Compiling architecture synth of entity c_addsub_v12_0_21.c_addsub_v12_0_21_fabric_legacy [\c_addsub_v12_0_21_fabric_legacy...]
Compiling architecture synth of entity c_addsub_v12_0_21.c_addsub_v12_0_21_legacy [\c_addsub_v12_0_21_legacy(c_fami...]
Compiling architecture synth of entity c_addsub_v12_0_21.c_addsub_v12_0_21_viv [\c_addsub_v12_0_21_viv(c_xdevice...]
Compiling architecture xilinx of entity xfft_v9_1_15.adder [\adder(c_xdevicefamily="zynquplu...]
Compiling architecture rtl of entity c_addsub_v12_0_21.c_addsub_v12_0_21_lut6_legacy [\c_addsub_v12_0_21_lut6_legacy(c...]
Compiling architecture synth of entity c_addsub_v12_0_21.c_addsub_v12_0_21_fabric_legacy [\c_addsub_v12_0_21_fabric_legacy...]
Compiling architecture synth of entity c_addsub_v12_0_21.c_addsub_v12_0_21_legacy [\c_addsub_v12_0_21_legacy(c_fami...]
Compiling architecture synth of entity c_addsub_v12_0_21.c_addsub_v12_0_21_viv [\c_addsub_v12_0_21_viv(c_xdevice...]
Compiling architecture xilinx of entity xfft_v9_1_15.subtracter [\subtracter(c_xdevicefamily="zyn...]
Compiling architecture xilinx of entity xfft_v9_1_15.butterfly [\butterfly(c_xdevicefamily="zynq...]
Compiling architecture xilinx of entity xfft_v9_1_15.r2_pe [\r2_pe(c_xdevicefamily="zynquplu...]
Compiling architecture xilinx of entity xfft_v9_1_15.r2_datapath [\r2_datapath(c_xdevicefamily="zy...]
Compiling architecture xilinx of entity xfft_v9_1_15.r2_pe [\r2_pe(c_xdevicefamily="zynquplu...]
Compiling architecture xilinx of entity xfft_v9_1_15.r2_datapath [\r2_datapath(c_xdevicefamily="zy...]
Compiling architecture xilinx of entity xfft_v9_1_15.r2_pe [\r2_pe(c_xdevicefamily="zynquplu...]
Compiling architecture xilinx of entity xfft_v9_1_15.r2_datapath [\r2_datapath(c_xdevicefamily="zy...]
Compiling architecture struct of entity c_shift_ram_v12_0_20.c_shift_ram_v12_0_20_legacy [\c_shift_ram_v12_0_20_legacy(c_x...]
Compiling architecture synth of entity c_shift_ram_v12_0_20.c_shift_ram_v12_0_20_viv [\c_shift_ram_v12_0_20_viv(c_xdev...]
Compiling architecture xilinx of entity xfft_v9_1_15.shift_ram [\shift_ram(c_xdevicefamily="zynq...]
Compiling architecture fdre_v of entity unisim.FDRE [fdre_default]
Compiling architecture lut6_v of entity unisim.LUT6 [\LUT6(init="11111111000000001111...]
Compiling architecture muxf7_v of entity unisim.MUXF7 [muxf7_default]
Compiling architecture muxf8_v of entity unisim.MUXF8 [muxf8_default]
Compiling architecture xilinx of entity xfft_v9_1_15.mux_bus16 [\mux_bus16(c_xdevicefamily="zynq...]
Compiling architecture xilinx of entity xfft_v9_1_15.xor_bit_gate [\xor_bit_gate(c_inputs=10)\]
Compiling architecture xilinx of entity xfft_v9_1_15.r2_in_addr [\r2_in_addr(c_xdevicefamily="zyn...]
Compiling architecture xilinx of entity xfft_v9_1_15.shift_ram [\shift_ram(c_xdevicefamily="zynq...]
Compiling architecture xilinx of entity xfft_v9_1_15.mux_bus4 [\mux_bus4(c_xdevicefamily="zynqu...]
Compiling architecture xilinx of entity xfft_v9_1_15.xor_bit_gate [\xor_bit_gate(c_inputs=9)\]
Compiling architecture xilinx of entity xfft_v9_1_15.r2_rw_addr [\r2_rw_addr(c_xdevicefamily="zyn...]
Compiling architecture srl16e_v of entity unisim.SRL16E [\SRL16E(0,15)\]
Compiling architecture xilinx of entity xfft_v9_1_15.shift_ram [\shift_ram(c_xdevicefamily="zynq...]
Compiling architecture lut3_v of entity unisim.LUT3 [\LUT3(init="11001010")(0,7)\]
Compiling architecture xilinx of entity xfft_v9_1_15.mux_bus2 [\mux_bus2(c_xdevicefamily="zynqu...]
Compiling architecture struct of entity c_shift_ram_v12_0_20.c_shift_ram_v12_0_20_legacy [\c_shift_ram_v12_0_20_legacy(c_x...]
Compiling architecture synth of entity c_shift_ram_v12_0_20.c_shift_ram_v12_0_20_viv [\c_shift_ram_v12_0_20_viv(c_xdev...]
Compiling architecture xilinx of entity xfft_v9_1_15.shift_ram [\shift_ram(c_xdevicefamily="zynq...]
Compiling architecture xilinx of entity xfft_v9_1_15.shift_ram [\shift_ram(c_xdevicefamily="zynq...]
Compiling architecture struct of entity c_shift_ram_v12_0_20.c_shift_ram_v12_0_20_legacy [\c_shift_ram_v12_0_20_legacy(c_x...]
Compiling architecture synth of entity c_shift_ram_v12_0_20.c_shift_ram_v12_0_20_viv [\c_shift_ram_v12_0_20_viv(c_xdev...]
Compiling architecture xilinx of entity xfft_v9_1_15.shift_ram [\shift_ram(c_xdevicefamily="zynq...]
Compiling architecture vcc_v of entity unisim.VCC [vcc_default]
Compiling architecture xilinx of entity xfft_v9_1_15.twgen_half_sincos [\twgen_half_sincos(c_xdevicefami...]
Compiling architecture xilinx of entity xfft_v9_1_15.twiddle_gen [\twiddle_gen(c_xdevicefamily="zy...]
Compiling architecture xilinx of entity xfft_v9_1_15.mux_bus16 [\mux_bus16(c_xdevicefamily="zynq...]
Compiling architecture xilinx of entity xfft_v9_1_15.r2_tw_addr [\r2_tw_addr(c_xdevicefamily="zyn...]
Compiling architecture xilinx of entity xfft_v9_1_15.shift_ram [\shift_ram(c_xdevicefamily="zynq...]
Compiling architecture xilinx of entity xfft_v9_1_15.shift_ram [\shift_ram(c_xdevicefamily="zynq...]
Compiling architecture struct of entity c_shift_ram_v12_0_20.c_shift_ram_v12_0_20_legacy [\c_shift_ram_v12_0_20_legacy(c_x...]
Compiling architecture synth of entity c_shift_ram_v12_0_20.c_shift_ram_v12_0_20_viv [\c_shift_ram_v12_0_20_viv(c_xdev...]
Compiling architecture xilinx of entity xfft_v9_1_15.shift_ram [\shift_ram(c_xdevicefamily="zynq...]
Compiling architecture xilinx of entity xfft_v9_1_15.shift_ram [\shift_ram(c_xdevicefamily="zynq...]
Compiling architecture xilinx of entity xfft_v9_1_15.shift_ram [\shift_ram(c_xdevicefamily="zynq...]
Compiling architecture fde_v of entity unisim.FDE [fde_default]
Compiling architecture rtl of entity c_addsub_v12_0_21.c_addsub_v12_0_21_lut6_legacy [\c_addsub_v12_0_21_lut6_legacy(c...]
Compiling architecture synth of entity c_addsub_v12_0_21.c_addsub_v12_0_21_fabric_legacy [\c_addsub_v12_0_21_fabric_legacy...]
Compiling architecture synth of entity c_addsub_v12_0_21.c_addsub_v12_0_21_legacy [\c_addsub_v12_0_21_legacy(c_fami...]
Compiling architecture synth of entity c_addsub_v12_0_21.c_addsub_v12_0_21_viv [\c_addsub_v12_0_21_viv(c_xdevice...]
Compiling architecture xilinx of entity xfft_v9_1_15.equ_rtl [\equ_rtl(c_xdevicefamily="zynqup...]
Compiling architecture xilinx of entity xfft_v9_1_15.cnt_tc_rtl [\cnt_tc_rtl(c_xdevicefamily="zyn...]
Compiling architecture xilinx of entity xfft_v9_1_15.shift_ram [\shift_ram(c_xdevicefamily="zynq...]
Compiling architecture xilinx of entity xfft_v9_1_15.reg_rs_rtl [reg_rs_rtl_default]
Compiling architecture rtl of entity c_addsub_v12_0_21.c_addsub_v12_0_21_lut6_legacy [\c_addsub_v12_0_21_lut6_legacy(c...]
Compiling architecture synth of entity c_addsub_v12_0_21.c_addsub_v12_0_21_fabric_legacy [\c_addsub_v12_0_21_fabric_legacy...]
Compiling architecture synth of entity c_addsub_v12_0_21.c_addsub_v12_0_21_legacy [\c_addsub_v12_0_21_legacy(c_fami...]
Compiling architecture synth of entity c_addsub_v12_0_21.c_addsub_v12_0_21_viv [\c_addsub_v12_0_21_viv(c_xdevice...]
Compiling architecture lut6_v of entity unisim.LUT6 [\LUT6(init="10010000000010010000...]
Compiling architecture xilinx of entity xfft_v9_1_15.equ_rtl [\equ_rtl(c_xdevicefamily="zynqup...]
Compiling architecture xilinx of entity xfft_v9_1_15.cnt_tc_rtl [\cnt_tc_rtl(c_xdevicefamily="zyn...]
Compiling architecture rtl of entity c_addsub_v12_0_21.c_addsub_v12_0_21_lut6_legacy [\c_addsub_v12_0_21_lut6_legacy(c...]
Compiling architecture synth of entity c_addsub_v12_0_21.c_addsub_v12_0_21_fabric_legacy [\c_addsub_v12_0_21_fabric_legacy...]
Compiling architecture synth of entity c_addsub_v12_0_21.c_addsub_v12_0_21_legacy [\c_addsub_v12_0_21_legacy(c_fami...]
Compiling architecture synth of entity c_addsub_v12_0_21.c_addsub_v12_0_21_viv [\c_addsub_v12_0_21_viv(c_xdevice...]
Compiling architecture xilinx of entity xfft_v9_1_15.equ_rtl [\equ_rtl(c_xdevicefamily="zynqup...]
Compiling architecture xilinx of entity xfft_v9_1_15.cnt_tc_rtl [\cnt_tc_rtl(c_xdevicefamily="zyn...]
Compiling architecture rtl of entity c_addsub_v12_0_21.c_addsub_v12_0_21_lut6_legacy [\c_addsub_v12_0_21_lut6_legacy(c...]
Compiling architecture synth of entity c_addsub_v12_0_21.c_addsub_v12_0_21_fabric_legacy [\c_addsub_v12_0_21_fabric_legacy...]
Compiling architecture synth of entity c_addsub_v12_0_21.c_addsub_v12_0_21_legacy [\c_addsub_v12_0_21_legacy(c_fami...]
Compiling architecture synth of entity c_addsub_v12_0_21.c_addsub_v12_0_21_viv [\c_addsub_v12_0_21_viv(c_xdevice...]
Compiling architecture xilinx of entity xfft_v9_1_15.equ_rtl [\equ_rtl(c_xdevicefamily="zynqup...]
Compiling architecture xilinx of entity xfft_v9_1_15.cnt_tc_rtl [\cnt_tc_rtl(c_xdevicefamily="zyn...]
Compiling architecture xilinx of entity xfft_v9_1_15.flow_control_c [\flow_control_c(c_xdevicefamily=...]
Compiling architecture xilinx of entity xfft_v9_1_15.shift_ram [\shift_ram(c_xdevicefamily="zynq...]
Compiling architecture structural of entity c_reg_fd_v12_0_11.c_reg_fd_v12_0_11_viv [\c_reg_fd_v12_0_11_viv(c_sync_pr...]
Compiling architecture struct of entity c_shift_ram_v12_0_20.c_shift_ram_v12_0_20_legacy [\c_shift_ram_v12_0_20_legacy(c_x...]
Compiling architecture synth of entity c_shift_ram_v12_0_20.c_shift_ram_v12_0_20_viv [\c_shift_ram_v12_0_20_viv(c_xdev...]
Compiling architecture xilinx of entity xfft_v9_1_15.shift_ram [\shift_ram(c_xdevicefamily="zynq...]
Compiling architecture xilinx of entity xfft_v9_1_15.r2_control [\r2_control(c_xdevicefamily="zyn...]
Compiling architecture xilinx of entity xfft_v9_1_15.xfft_v9_1_15_c [\xfft_v9_1_15_c(c_channels=3,c_x...]
Compiling architecture synth of entity xfft_v9_1_15.xfft_v9_1_15_core [\xfft_v9_1_15_core(c_xdevicefami...]
Compiling architecture xilinx of entity axi_utils_v2_0_11.glb_srl_fifo [\glb_srl_fifo(width=97,has_uvpro...]
Compiling architecture xilinx of entity axi_utils_v2_0_11.glb_ifx_slave [\glb_ifx_slave(width=97,has_uvpr...]
Compiling architecture synth of entity xfft_v9_1_15.axi_wrapper_input_fifo [\axi_wrapper_input_fifo(c_fifo_w...]
Compiling architecture xilinx of entity axi_utils_v2_0_11.glb_srl_fifo [\glb_srl_fifo(width=63,has_uvpro...]
Compiling architecture xilinx of entity axi_utils_v2_0_11.glb_ifx_slave [\glb_ifx_slave(width=63,has_uvpr...]
Compiling architecture synth of entity xfft_v9_1_15.axi_wrapper_input_fifo [\axi_wrapper_input_fifo(c_fifo_w...]
Compiling architecture xilinx of entity axi_utils_v2_0_11.glb_srl_fifo [\glb_srl_fifo(width=97,has_uvpro...]
Compiling architecture xilinx of entity axi_utils_v2_0_11.glb_ifx_master [\glb_ifx_master(width=97,afull_t...]
Compiling architecture synth of entity xfft_v9_1_15.axi_wrapper_output_fifo [\axi_wrapper_output_fifo(c_fifo_...]
Compiling architecture synth of entity xfft_v9_1_15.axi_wrapper [\axi_wrapper(c_channels=3,c_nfft...]
Compiling architecture synth of entity xfft_v9_1_15.xfft_v9_1_15_viv [\xfft_v9_1_15_viv(c_xdevicefamil...]
Compiling architecture xilinx of entity xfft_v9_1_15.xfft_v9_1_15 [\xfft_v9_1_15(c_xdevicefamily="z...]
Compiling architecture hilbert_fft_xfft_0_0_arch of entity xil_defaultlib.Hilbert_fft_xfft_0_0 [hilbert_fft_xfft_0_0_default]
Compiling module xlconstant_v1_1_10.xlconstant_v1_1_10_xlconstant(CO...
Compiling module xil_defaultlib.Hilbert_fft_xlconstant_0_0
Compiling module xlconstant_v1_1_10.xlconstant_v1_1_10_xlconstant
Compiling module xil_defaultlib.Hilbert_fft_xlconstant_1_0
Compiling module xlslice_v1_0_5.xlslice_v1_0_5_xlslice(DIN_WIDTH...
Compiling module xil_defaultlib.Hilbert_fft_xlslice_0_0
Compiling module xil_defaultlib.Hilbert_fft
Compiling module xil_defaultlib.tb_top
Compiling module xil_defaultlib.glbl
Built simulation snapshot tb_top_behav
execute_script: Time (s): cpu = 00:00:35 ; elapsed = 00:00:19 . Memory (MB): peak = 10868.020 ; gain = 0.000 ; free physical = 21289 ; free virtual = 39520
INFO: [USF-XSim-69] 'elaborate' step finished in '18' seconds
INFO: [USF-XSim-4] XSim::Simulate design
INFO: [USF-XSim-61] Executing 'SIMULATE' step in '/home/janek/Magisterka/Intelligent-Vibroacoustic-Machine-Diagnostic-System-on-FPGA/Hilbert_with_fft/Hilbert_and_fft_test/Hilbert_and_fft_test.sim/sim_1/behav/xsim'
INFO: [USF-XSim-98] *** Running xsim
   with args "tb_top_behav -key {Behavioral:sim_1:Functional:tb_top} -tclbatch {tb_top.tcl} -protoinst "protoinst_files/Hilbert_fft.protoinst" -log {simulate.log}"
INFO: [USF-XSim-8] Loading simulator feature
INFO: [Wavedata 42-565] Reading protoinst file protoinst_files/Hilbert_fft.protoinst
INFO: [Wavedata 42-564]   Found protocol instance at /tb_top/Hilbert_fft//TDM_to_Parallel_Conv_0/m_axis
INFO: [Wavedata 42-564]   Found protocol instance at /tb_top/Hilbert_fft//xfft_0/S_AXIS_DATA
Time resolution is 1 ps
source tb_top.tcl
# set curr_wave [current_wave_config]
# if { [string length $curr_wave] == 0 } {
#   if { [llength [get_objects]] > 0} {
#     add_wave /
#     set_property needs_save false [current_wave_config]
#   } else {
#      send_msg_id Add_Wave-1 WARNING "No top level signals found. Simulator will start without a wave window. If you want to open a wave window go to 'File->New Waveform Configuration' or type 'create_wave_config' in the TCL console."
#   }
# }
# run 1000ns
START SYMULACJI - Generowanie danych TDM dla 3 kanalow
Note:   - SCALING_SCH: in_ptr = 3, out_ptr = 3
Time: 0 ps  Iteration: 0  Process: /tb_top/Hilbert_fft/xfft_0/U0/i_synth/axi_wrapper/gen_config_fifo_in/line__94240  File: /home/janek/2025.2/Vivado/data/ip/xilinx/xfft_v9_1/hdl/xfft_v9_1_vh_rfs.vhd
Note:     - C_CHANNELS  = 3
Time: 0 ps  Iteration: 0  Process: /tb_top/Hilbert_fft/xfft_0/U0/i_synth/axi_wrapper/gen_config_fifo_in/line__94240  File: /home/janek/2025.2/Vivado/data/ip/xilinx/xfft_v9_1/hdl/xfft_v9_1_vh_rfs.vhd
Note:     - field_width = 60
Time: 0 ps  Iteration: 0  Process: /tb_top/Hilbert_fft/xfft_0/U0/i_synth/axi_wrapper/gen_config_fifo_in/line__94240  File: /home/janek/2025.2/Vivado/data/ip/xilinx/xfft_v9_1/hdl/xfft_v9_1_vh_rfs.vhd
Note:   - Copying SCALE_SCH from 62 downto 3 to 62 downto 3
Time: 0 ps  Iteration: 0  Process: /tb_top/Hilbert_fft/xfft_0/U0/i_synth/axi_wrapper/gen_config_fifo_in/line__94240  File: /home/janek/2025.2/Vivado/data/ip/xilinx/xfft_v9_1/hdl/xfft_v9_1_vh_rfs.vhd
Note:   - SCALING_SCH: in_ptr = 3, out_ptr = 3
Time: 0 ps  Iteration: 1  Process: /tb_top/Hilbert_fft/xfft_0/U0/i_synth/axi_wrapper/gen_config_fifo_in/line__94240  File: /home/janek/2025.2/Vivado/data/ip/xilinx/xfft_v9_1/hdl/xfft_v9_1_vh_rfs.vhd
Note:     - C_CHANNELS  = 3
Time: 0 ps  Iteration: 1  Process: /tb_top/Hilbert_fft/xfft_0/U0/i_synth/axi_wrapper/gen_config_fifo_in/line__94240  File: /home/janek/2025.2/Vivado/data/ip/xilinx/xfft_v9_1/hdl/xfft_v9_1_vh_rfs.vhd
Note:     - field_width = 60
Time: 0 ps  Iteration: 1  Process: /tb_top/Hilbert_fft/xfft_0/U0/i_synth/axi_wrapper/gen_config_fifo_in/line__94240  File: /home/janek/2025.2/Vivado/data/ip/xilinx/xfft_v9_1/hdl/xfft_v9_1_vh_rfs.vhd
Note:   - Copying SCALE_SCH from 62 downto 3 to 62 downto 3
Time: 0 ps  Iteration: 1  Process: /tb_top/Hilbert_fft/xfft_0/U0/i_synth/axi_wrapper/gen_config_fifo_in/line__94240  File: /home/janek/2025.2/Vivado/data/ip/xilinx/xfft_v9_1/hdl/xfft_v9_1_vh_rfs.vhd
INFO: [USF-XSim-96] XSim completed. Design snapshot 'tb_top_behav' loaded.
INFO: [USF-XSim-97] XSim simulation ran for 1000ns
launch_simulation: Time (s): cpu = 00:00:41 ; elapsed = 00:00:26 . Memory (MB): peak = 10868.020 ; gain = 0.000 ; free physical = 21198 ; free virtual = 39431
current_wave_config {}
WARNING: [Wavedata 42-16] Error Unable to get wave configuration ''.
Untitled 1
add_wave {{/tb_top/Hilbert_fft/fir0_spy_0/debug_x}} {{/tb_top/Hilbert_fft/fir0_spy_0/debug_y}} {{/tb_top/Hilbert_fft/fir0_spy_0/debug_z}} 
current_wave_config {Untitled 1}
Untitled 1
add_wave {{/tb_top/Hilbert_fft/fir0_spy_1/debug_x}} {{/tb_top/Hilbert_fft/fir0_spy_1/debug_y}} {{/tb_top/Hilbert_fft/fir0_spy_1/debug_z}} 
run 40 ms
DANE WYSLANE. Czekam na wynik z FFT...
run: Time (s): cpu = 00:03:58 ; elapsed = 00:31:31 . Memory (MB): peak = 10868.020 ; gain = 0.000 ; free physical = 20981 ; free virtual = 39395
open_bd_design {/home/janek/Magisterka/Intelligent-Vibroacoustic-Machine-Diagnostic-System-on-FPGA/Hilbert_with_fft/Hilbert_and_fft_test/Hilbert_and_fft_test.srcs/sources_1/bd/Hilbert_fft/Hilbert_fft.bd}
open_bd_design {/home/janek/Magisterka/Intelligent-Vibroacoustic-Machine-Diagnostic-System-on-FPGA/Hilbert_with_fft/Hilbert_and_fft_test/Hilbert_and_fft_test.srcs/sources_1/bd/Hilbert_fft/Hilbert_fft.bd}
startgroup
set_property -dict [list \
  CONFIG.DIN_FROM {19} \
  CONFIG.DIN_TO {4} \
] [get_bd_cells xlslice_0]
endgroup
relaunch_sim
INFO: xsimkernel Simulation Memory Usage: 317512 KB (Peak: 367364 KB), Simulation CPU Usage: 1892810 ms
Command: launch_simulation -step compile -simset sim_1 -mode behavioral
INFO: [Vivado 12-25911] Executing simulation for 'XSim' simulator
INFO: [Project 1-5737] Running on host qtaz (64) - Ubuntu 24.04.4 LTS
INFO: [Vivado 12-28535] Process started - Mon Apr  6 23:49:57 2026

INFO: [Vivado 12-12493] Simulation top is 'tb_top'
INFO: [Vivado 12-5682] Launching behavioral simulation in '/home/janek/Magisterka/Intelligent-Vibroacoustic-Machine-Diagnostic-System-on-FPGA/Hilbert_with_fft/Hilbert_and_fft_test/Hilbert_and_fft_test.sim/sim_1/behav/xsim'
INFO: [SIM-utils-51] Simulation object is 'sim_1'
INFO: [SIM-utils-72] Using boost library from '/home/janek/2025.2/tps/boost_1_72_0'
INFO: [USF-XSim-7] Finding pre-compiled libraries...
INFO: [USF-XSim-11] File '/home/janek/2025.2/data/xsim/xsim.ini' copied to run dir:'/home/janek/Magisterka/Intelligent-Vibroacoustic-Machine-Diagnostic-System-on-FPGA/Hilbert_with_fft/Hilbert_and_fft_test/Hilbert_and_fft_test.sim/sim_1/behav/xsim'
INFO: [SIM-utils-54] Inspecting design source files for 'tb_top' in fileset 'sim_1'...
INFO: [SIM-utils-43] Exported '/home/janek/Magisterka/Intelligent-Vibroacoustic-Machine-Diagnostic-System-on-FPGA/Hilbert_with_fft/Hilbert_and_fft_test/Hilbert_and_fft_test.sim/sim_1/behav/xsim/Hilbert_fft_fir_compiler_0_0.mif'
INFO: [SIM-utils-43] Exported '/home/janek/Magisterka/Intelligent-Vibroacoustic-Machine-Diagnostic-System-on-FPGA/Hilbert_with_fft/Hilbert_and_fft_test/Hilbert_and_fft_test.sim/sim_1/behav/xsim/filet_2.coe'
INFO: [SIM-utils-43] Exported '/home/janek/Magisterka/Intelligent-Vibroacoustic-Machine-Diagnostic-System-on-FPGA/Hilbert_with_fft/Hilbert_and_fft_test/Hilbert_and_fft_test.sim/sim_1/behav/xsim/filter_coeffs.coe'
INFO: [USF-XSim-97] Finding global include files...
INFO: [USF-XSim-98] Fetching design files from 'sim_1'...
INFO: [USF-XSim-2] XSim::Compile design
INFO: [USF-XSim-61] Executing 'COMPILE and ANALYZE' step in '/home/janek/Magisterka/Intelligent-Vibroacoustic-Machine-Diagnostic-System-on-FPGA/Hilbert_with_fft/Hilbert_and_fft_test/Hilbert_and_fft_test.sim/sim_1/behav/xsim'
xvlog --incr --relax -L uvm -prj tb_top_vlog.prj
xvhdl --incr --relax -prj tb_top_vhdl.prj
Waiting for jobs to finish...
No pending jobs, compilation finished.
INFO: [USF-XSim-69] 'compile' step finished in '2' seconds
Command: launch_simulation -step elaborate -simset sim_1 -mode behavioral
INFO: [Vivado 12-25911] Executing simulation for 'XSim' simulator
INFO: [Project 1-5737] Running on host qtaz (64) - Ubuntu 24.04.4 LTS
INFO: [Vivado 12-28535] Process started - Mon Apr  6 23:50:01 2026

INFO: [Vivado 12-12493] Simulation top is 'tb_top'
INFO: [Vivado 12-5682] Launching behavioral simulation in '/home/janek/Magisterka/Intelligent-Vibroacoustic-Machine-Diagnostic-System-on-FPGA/Hilbert_with_fft/Hilbert_and_fft_test/Hilbert_and_fft_test.sim/sim_1/behav/xsim'
INFO: [SIM-utils-51] Simulation object is 'sim_1'
INFO: [USF-XSim-3] XSim::Elaborate design
INFO: [USF-XSim-61] Executing 'ELABORATE' step in '/home/janek/Magisterka/Intelligent-Vibroacoustic-Machine-Diagnostic-System-on-FPGA/Hilbert_with_fft/Hilbert_and_fft_test/Hilbert_and_fft_test.sim/sim_1/behav/xsim'
xelab --incr --debug typical --relax --mt 8 -L xil_defaultlib -L xbip_utils_v3_0_15 -L axi_utils_v2_0_11 -L xbip_pipe_v3_0_11 -L fir_compiler_v7_2_26 -L c_reg_fd_v12_0_11 -L xbip_dsp48_wrapper_v3_0_7 -L c_addsub_v12_0_21 -L mult_gen_v12_0_24 -L cordic_v6_0_25 -L axis_infrastructure_v1_1_1 -L axis_register_slice_v1_1_35 -L axis_subset_converter_v1_1_36 -L c_shift_ram_v12_0_20 -L floating_point_v7_1_21 -L cmpy_v6_0_27 -L xfft_v9_1_15 -L xlconstant_v1_1_10 -L xlslice_v1_0_5 -L uvm -L unisims_ver -L unimacro_ver -L secureip -L xpm --snapshot tb_top_behav xil_defaultlib.tb_top xil_defaultlib.glbl -log elaborate.log
Vivado Simulator v2025.2
Copyright 1986-2022 Xilinx, Inc. All Rights Reserved.
Copyright 2022-2025 Advanced Micro Devices, Inc. All Rights Reserved.
Running: /home/janek/2025.2/Vivado/bin/unwrapped/lnx64.o/xelab --incr --debug typical --relax --mt 8 -L xil_defaultlib -L xbip_utils_v3_0_15 -L axi_utils_v2_0_11 -L xbip_pipe_v3_0_11 -L fir_compiler_v7_2_26 -L c_reg_fd_v12_0_11 -L xbip_dsp48_wrapper_v3_0_7 -L c_addsub_v12_0_21 -L mult_gen_v12_0_24 -L cordic_v6_0_25 -L axis_infrastructure_v1_1_1 -L axis_register_slice_v1_1_35 -L axis_subset_converter_v1_1_36 -L c_shift_ram_v12_0_20 -L floating_point_v7_1_21 -L cmpy_v6_0_27 -L xfft_v9_1_15 -L xlconstant_v1_1_10 -L xlslice_v1_0_5 -L uvm -L unisims_ver -L unimacro_ver -L secureip -L xpm --snapshot tb_top_behav xil_defaultlib.tb_top xil_defaultlib.glbl -log elaborate.log 
Using 8 slave threads.
WARNING: [XSIM 43-3431] One or more environment variables have been detected which affect the operation of the C compiler. These are typically not set in standard installations and are not tested by AMD, however they may be appropriate for your system, so the flow will attempt to continue.  If errors occur, try running xelab with the "-mt off -v 1" switches to see more information from the C compiler. The following environment variables have been detected:
    LIBRARY_PATH
Starting static elaboration
Pass Through NonSizing Optimizer
WARNING: [VRFC 10-5024] signed/unsigned conversion for real expression [/home/janek/Magisterka/Intelligent-Vibroacoustic-Machine-Diagnostic-System-on-FPGA/Hilbert_with_fft/Hilbert_and_fft_test/Hilbert_and_fft_test.srcs/sim_1/new/top.sv:94]
WARNING: [VRFC 10-5024] signed/unsigned conversion for real expression [/home/janek/Magisterka/Intelligent-Vibroacoustic-Machine-Diagnostic-System-on-FPGA/Hilbert_with_fft/Hilbert_and_fft_test/Hilbert_and_fft_test.srcs/sim_1/new/top.sv:100]
WARNING: [VRFC 10-5024] signed/unsigned conversion for real expression [/home/janek/Magisterka/Intelligent-Vibroacoustic-Machine-Diagnostic-System-on-FPGA/Hilbert_with_fft/Hilbert_and_fft_test/Hilbert_and_fft_test.srcs/sim_1/new/top.sv:106]
WARNING: [VRFC 10-5021] port 's_axis_cartesian_tready' is not connected on this instance [/home/janek/Magisterka/Intelligent-Vibroacoustic-Machine-Diagnostic-System-on-FPGA/Hilbert_with_fft/Hilbert_and_fft_test/Hilbert_and_fft_test.ip_user_files/bd/Hilbert_fft/sim/Hilbert_fft.v:86]
WARNING: [VRFC 10-5021] port 'm_axis_dout_tvalid' is not connected on this instance [/home/janek/Magisterka/Intelligent-Vibroacoustic-Machine-Diagnostic-System-on-FPGA/Hilbert_with_fft/Hilbert_and_fft_test/Hilbert_and_fft_test.ip_user_files/bd/Hilbert_fft/sim/Hilbert_fft.v:91]
WARNING: [VRFC 10-5021] port 'm_axis_dout_tvalid' is not connected on this instance [/home/janek/Magisterka/Intelligent-Vibroacoustic-Machine-Diagnostic-System-on-FPGA/Hilbert_with_fft/Hilbert_and_fft_test/Hilbert_and_fft_test.ip_user_files/bd/Hilbert_fft/sim/Hilbert_fft.v:96]
WARNING: [VRFC 10-5021] port 'm_axis_dout_tvalid' is not connected on this instance [/home/janek/Magisterka/Intelligent-Vibroacoustic-Machine-Diagnostic-System-on-FPGA/Hilbert_with_fft/Hilbert_and_fft_test/Hilbert_and_fft_test.ip_user_files/bd/Hilbert_fft/sim/Hilbert_fft.v:101]
WARNING: [VRFC 10-5021] port 's_axis_config_tready' is not connected on this instance [/home/janek/Magisterka/Intelligent-Vibroacoustic-Machine-Diagnostic-System-on-FPGA/Hilbert_with_fft/Hilbert_and_fft_test/Hilbert_and_fft_test.ip_user_files/bd/Hilbert_fft/sim/Hilbert_fft.v:130]
Completed static elaboration
Starting simulation data flow analysis
Completed simulation data flow analysis
Time Resolution for simulation is 1ps
Compiling package std.standard
Compiling package std.textio
Compiling package ieee.std_logic_1164
Compiling package ieee.numeric_std
Compiling package cordic_v6_0_25.cordic_v6_0_25_viv_comp
Compiling package xbip_utils_v3_0_15.xbip_utils_v3_0_15_pkg
Compiling package xbip_pipe_v3_0_11.xbip_pipe_v3_0_11_viv_comp
Compiling package axi_utils_v2_0_11.axi_utils_v2_0_11_pkg
Compiling package ieee.math_real
Compiling package axi_utils_v2_0_11.global_util_pkg
Compiling package axi_utils_v2_0_11.axi_utils_comps
Compiling package mult_gen_v12_0_24.mult_gen_v12_0_24_pkg
Compiling package ieee.std_logic_arith
Compiling package ieee.std_logic_signed
Compiling package cordic_v6_0_25.cordic_pack
Compiling package cordic_v6_0_25.cordic_hdl_comps
Compiling package c_addsub_v12_0_21.c_addsub_v12_0_21_viv_comp
Compiling package c_addsub_v12_0_21.c_addsub_v12_0_21_pkg
Compiling package c_addsub_v12_0_21.c_addsub_v12_0_21_pkg_legacy
Compiling package c_reg_fd_v12_0_11.c_reg_fd_v12_0_11_viv_comp
Compiling package unisim.vcomponents
Compiling package fir_compiler_v7_2_26.fir_compiler_v7_2_26_viv_comp
Compiling package ieee.std_logic_textio
Compiling package fir_compiler_v7_2_26.globals_pkg
Compiling package fir_compiler_v7_2_26.components
Compiling package ieee.vital_timing
Compiling package ieee.vital_primitives
Compiling package unisim.vpkg
Compiling package xfft_v9_1_15.xfft_v9_1_15_viv_comp
Compiling package ieee.std_logic_unsigned
Compiling package cmpy_v6_0_27.cmpy_v6_0_27_pkg
Compiling package floating_point_v7_1_21.floating_point_v7_1_21_consts
Compiling package floating_point_v7_1_21.floating_point_v7_1_21_exp_table...
Compiling package floating_point_v7_1_21.floating_point_v7_1_21_pkg
Compiling package xfft_v9_1_15.pkg
Compiling package xfft_v9_1_15.xfft_v9_1_15_axi_pkg
Compiling package c_shift_ram_v12_0_20.c_shift_ram_v12_0_20_pkg
Compiling package xfft_v9_1_15.half_sincos_tw_table
Compiling package xpm.vcomponents
Compiling package mult_gen_v12_0_24.dsp_pkg
Compiling module xil_defaultlib.TDM_to_Parallel_Converter
Compiling module xil_defaultlib.Hilbert_fft_TDM_to_Parallel_Conv...
Compiling module axis_subset_converter_v1_1_36.axis_subset_converter_v1_1_36_co...
Compiling module xil_defaultlib.tdata_Hilbert_fft_axis_subset_co...
Compiling module xil_defaultlib.tuser_Hilbert_fft_axis_subset_co...
Compiling module xil_defaultlib.tid_Hilbert_fft_axis_subset_conv...
Compiling module xil_defaultlib.tdest_Hilbert_fft_axis_subset_co...
Compiling module xil_defaultlib.tstrb_Hilbert_fft_axis_subset_co...
Compiling module xil_defaultlib.tkeep_Hilbert_fft_axis_subset_co...
Compiling module xil_defaultlib.tlast_Hilbert_fft_axis_subset_co...
Compiling module xil_defaultlib.top_Hilbert_fft_axis_subset_conv...
Compiling module xil_defaultlib.Hilbert_fft_axis_subset_converte...
Compiling module xil_defaultlib.brancher
Compiling module xil_defaultlib.Hilbert_fft_brancher_0_0
Compiling architecture xilinx of entity axi_utils_v2_0_11.axi_slave_2to1 [\axi_slave_2to1(c_a_tdata_width=...]
Compiling architecture synth of entity xbip_pipe_v3_0_11.xbip_pipe_v3_0_11_viv [\xbip_pipe_v3_0_11_viv(c_latency...]
Compiling architecture structural of entity c_reg_fd_v12_0_11.c_reg_fd_v12_0_11_viv [\c_reg_fd_v12_0_11_viv(c_width=2...]
Compiling architecture muxcy_v of entity unisim.MUXCY [muxcy_default]
Compiling architecture xorcy_v of entity unisim.XORCY [xorcy_default]
Compiling architecture rtl of entity c_addsub_v12_0_21.c_addsub_v12_0_21_lut6_legacy [\c_addsub_v12_0_21_lut6_legacy(c...]
Compiling architecture synth of entity c_addsub_v12_0_21.c_addsub_v12_0_21_fabric_legacy [\c_addsub_v12_0_21_fabric_legacy...]
Compiling architecture synth of entity c_addsub_v12_0_21.c_addsub_v12_0_21_legacy [\c_addsub_v12_0_21_legacy(c_fami...]
Compiling architecture synth of entity c_addsub_v12_0_21.c_addsub_v12_0_21_viv [\c_addsub_v12_0_21_viv(c_xdevice...]
Compiling architecture synth of entity cordic_v6_0_25.addsub [\addsub(family="zynquplus",add_m...]
Compiling architecture rtl of entity c_addsub_v12_0_21.c_addsub_v12_0_21_lut6_legacy [\c_addsub_v12_0_21_lut6_legacy(c...]
Compiling architecture synth of entity c_addsub_v12_0_21.c_addsub_v12_0_21_fabric_legacy [\c_addsub_v12_0_21_fabric_legacy...]
Compiling architecture synth of entity c_addsub_v12_0_21.c_addsub_v12_0_21_legacy [\c_addsub_v12_0_21_legacy(c_fami...]
Compiling architecture synth of entity c_addsub_v12_0_21.c_addsub_v12_0_21_viv [\c_addsub_v12_0_21_viv(c_xdevice...]
Compiling architecture synth of entity cordic_v6_0_25.addsub [\addsub(family="zynquplus",add_m...]
Compiling architecture struct_all of entity cordic_v6_0_25.delay [\delay(delay_len=1,family="zynqu...]
Compiling architecture structural of entity c_reg_fd_v12_0_11.c_reg_fd_v12_0_11_viv [\c_reg_fd_v12_0_11_viv(c_width=2...]
Compiling architecture rtl of entity c_addsub_v12_0_21.c_addsub_v12_0_21_lut6_legacy [\c_addsub_v12_0_21_lut6_legacy(c...]
Compiling architecture synth of entity c_addsub_v12_0_21.c_addsub_v12_0_21_fabric_legacy [\c_addsub_v12_0_21_fabric_legacy...]
Compiling architecture synth of entity c_addsub_v12_0_21.c_addsub_v12_0_21_legacy [\c_addsub_v12_0_21_legacy(c_fami...]
Compiling architecture synth of entity c_addsub_v12_0_21.c_addsub_v12_0_21_viv [\c_addsub_v12_0_21_viv(c_xdevice...]
Compiling architecture synth of entity cordic_v6_0_25.addsub [\addsub(family="zynquplus",add_m...]
Compiling architecture struct_all of entity cordic_v6_0_25.delay [\delay(delay_len=1,family="zynqu...]
Compiling architecture struct_all of entity cordic_v6_0_25.delay_bit [\delay_bit(delay_len=2,family="z...]
Compiling architecture synth of entity cordic_v6_0_25.cordic_inp_config [\cordic_inp_config(p_xdevicefami...]
Compiling architecture synth of entity cordic_v6_0_25.cordic_dat_acc_slice_par [\cordic_dat_acc_slice_par(p_xdev...]
Compiling architecture synth of entity cordic_v6_0_25.cordic_pha_acc_slice_par [\cordic_pha_acc_slice_par(p_xdev...]
Compiling architecture struct_all of entity cordic_v6_0_25.delay [\delay(delay_len=1,family="zynqu...]
Compiling architecture struct_all of entity cordic_v6_0_25.delay_bit [\delay_bit(delay_len=1,family="z...]
Compiling architecture synth of entity cordic_v6_0_25.cordic_ctrl_slice_par [\cordic_ctrl_slice_par(p_xdevice...]
Compiling architecture synth of entity cordic_v6_0_25.cordic_eng_slice_par [\cordic_eng_slice_par(p_xdevicef...]
Compiling architecture synth of entity cordic_v6_0_25.cordic_dat_acc_slice_par [\cordic_dat_acc_slice_par(p_xdev...]
Compiling architecture synth of entity cordic_v6_0_25.cordic_eng_slice_par [\cordic_eng_slice_par(p_xdevicef...]
Compiling architecture synth of entity cordic_v6_0_25.cordic_dat_acc_slice_par [\cordic_dat_acc_slice_par(p_xdev...]
Compiling architecture synth of entity cordic_v6_0_25.cordic_eng_slice_par [\cordic_eng_slice_par(p_xdevicef...]
Compiling architecture synth of entity cordic_v6_0_25.cordic_dat_acc_slice_par [\cordic_dat_acc_slice_par(p_xdev...]
Compiling architecture synth of entity cordic_v6_0_25.cordic_eng_slice_par [\cordic_eng_slice_par(p_xdevicef...]
Compiling architecture synth of entity cordic_v6_0_25.cordic_dat_acc_slice_par [\cordic_dat_acc_slice_par(p_xdev...]
Compiling architecture synth of entity cordic_v6_0_25.cordic_eng_slice_par [\cordic_eng_slice_par(p_xdevicef...]
Compiling architecture synth of entity cordic_v6_0_25.cordic_dat_acc_slice_par [\cordic_dat_acc_slice_par(p_xdev...]
Compiling architecture synth of entity cordic_v6_0_25.cordic_eng_slice_par [\cordic_eng_slice_par(p_xdevicef...]
Compiling architecture synth of entity cordic_v6_0_25.cordic_dat_acc_slice_par [\cordic_dat_acc_slice_par(p_xdev...]
Compiling architecture synth of entity cordic_v6_0_25.cordic_eng_slice_par [\cordic_eng_slice_par(p_xdevicef...]
Compiling architecture synth of entity cordic_v6_0_25.cordic_dat_acc_slice_par [\cordic_dat_acc_slice_par(p_xdev...]
Compiling architecture synth of entity cordic_v6_0_25.cordic_eng_slice_par [\cordic_eng_slice_par(p_xdevicef...]
Compiling architecture synth of entity cordic_v6_0_25.cordic_dat_acc_slice_par [\cordic_dat_acc_slice_par(p_xdev...]
Compiling architecture synth of entity cordic_v6_0_25.cordic_eng_slice_par [\cordic_eng_slice_par(p_xdevicef...]
Compiling architecture synth of entity cordic_v6_0_25.cordic_dat_acc_slice_par [\cordic_dat_acc_slice_par(p_xdev...]
Compiling architecture synth of entity cordic_v6_0_25.cordic_eng_slice_par [\cordic_eng_slice_par(p_xdevicef...]
Compiling architecture synth of entity cordic_v6_0_25.cordic_dat_acc_slice_par [\cordic_dat_acc_slice_par(p_xdev...]
Compiling architecture synth of entity cordic_v6_0_25.cordic_eng_slice_par [\cordic_eng_slice_par(p_xdevicef...]
Compiling architecture synth of entity cordic_v6_0_25.cordic_dat_acc_slice_par [\cordic_dat_acc_slice_par(p_xdev...]
Compiling architecture synth of entity cordic_v6_0_25.cordic_eng_slice_par [\cordic_eng_slice_par(p_xdevicef...]
Compiling architecture synth of entity cordic_v6_0_25.cordic_dat_acc_slice_par [\cordic_dat_acc_slice_par(p_xdev...]
Compiling architecture synth of entity cordic_v6_0_25.cordic_eng_slice_par [\cordic_eng_slice_par(p_xdevicef...]
Compiling architecture synth of entity cordic_v6_0_25.cordic_dat_acc_slice_par [\cordic_dat_acc_slice_par(p_xdev...]
Compiling architecture synth of entity cordic_v6_0_25.cordic_eng_slice_par [\cordic_eng_slice_par(p_xdevicef...]
Compiling architecture synth of entity cordic_v6_0_25.cordic_eng [\cordic_eng(p_xdevicefamily="zyn...]
Compiling architecture struct_all of entity cordic_v6_0_25.delay [\delay(delay_len=2,family="zynqu...]
Compiling architecture structural of entity c_reg_fd_v12_0_11.c_reg_fd_v12_0_11_viv [\c_reg_fd_v12_0_11_viv(c_width=2...]
Compiling architecture rtl of entity c_addsub_v12_0_21.c_addsub_v12_0_21_lut6_legacy [\c_addsub_v12_0_21_lut6_legacy(c...]
Compiling architecture synth of entity c_addsub_v12_0_21.c_addsub_v12_0_21_fabric_legacy [\c_addsub_v12_0_21_fabric_legacy...]
Compiling architecture synth of entity c_addsub_v12_0_21.c_addsub_v12_0_21_legacy [\c_addsub_v12_0_21_legacy(c_fami...]
Compiling architecture synth of entity c_addsub_v12_0_21.c_addsub_v12_0_21_viv [\c_addsub_v12_0_21_viv(c_xdevice...]
Compiling architecture synth of entity cordic_v6_0_25.addsub [\addsub(family="zynquplus",add_m...]
Compiling architecture synth of entity cordic_v6_0_25.cordic_round [\cordic_round(p_xdevicefamily="z...]
Compiling architecture struct_all of entity cordic_v6_0_25.delay_bit [\delay_bit(delay_len=0,family="z...]
Compiling architecture synth of entity cordic_v6_0_25.cordic_out_config [\cordic_out_config(p_xdevicefami...]
Compiling architecture synth of entity cordic_v6_0_25.cordic_v6_0_25_synth [\cordic_v6_0_25_synth(c_architec...]
Compiling architecture synth of entity cordic_v6_0_25.cordic_v6_0_25_viv [\cordic_v6_0_25_viv(c_architectu...]
Compiling architecture xilinx of entity cordic_v6_0_25.cordic_v6_0_25 [\cordic_v6_0_25(c_architecture=2...]
Compiling architecture hilbert_fft_cordic_0_0_arch of entity xil_defaultlib.Hilbert_fft_cordic_0_0 [hilbert_fft_cordic_0_0_default]
Compiling architecture synth of entity cordic_v6_0_25.cordic_v6_0_25_viv [\cordic_v6_0_25_viv(c_architectu...]
Compiling architecture xilinx of entity cordic_v6_0_25.cordic_v6_0_25 [\cordic_v6_0_25(c_architecture=2...]
Compiling architecture hilbert_fft_cordic_1_3_arch of entity xil_defaultlib.Hilbert_fft_cordic_1_3 [hilbert_fft_cordic_1_3_default]
Compiling architecture hilbert_fft_cordic_1_4_arch of entity xil_defaultlib.Hilbert_fft_cordic_1_4 [hilbert_fft_cordic_1_4_default]
Compiling architecture hilbert_fft_cordic_1_5_arch of entity xil_defaultlib.Hilbert_fft_cordic_1_5 [hilbert_fft_cordic_1_5_default]
Compiling module xil_defaultlib.fir0_spy
Compiling module xil_defaultlib.Hilbert_fft_fir0_spy_0_0
Compiling module xil_defaultlib.Hilbert_fft_fir0_spy_0_2
Compiling architecture xilinx of entity axi_utils_v2_0_11.glb_srl_fifo [\glb_srl_fifo(width=17,has_ifx=t...]
Compiling architecture xilinx of entity axi_utils_v2_0_11.glb_ifx_slave [\glb_ifx_slave(width=17,has_ifx=...]
Compiling architecture synth of entity fir_compiler_v7_2_26.delay [\delay(c_delay_len=1,c_xdevicefa...]
Compiling architecture synth of entity fir_compiler_v7_2_26.delay [\delay(c_delay_len=2,c_xdevicefa...]
Compiling architecture synth of entity fir_compiler_v7_2_26.delay [\delay(c_delay_len=4,c_xdevicefa...]
Compiling architecture synth of entity fir_compiler_v7_2_26.delay [\delay(c_delay_len=3,c_xdevicefa...]
Compiling architecture synth of entity fir_compiler_v7_2_26.dpt_mem [\dpt_mem(c_xdevicefamily="zynqup...]
Compiling architecture synth of entity fir_compiler_v7_2_26.filt_mem [\filt_mem(c_xdevicefamily="zynqu...]
Compiling architecture synth of entity fir_compiler_v7_2_26.sp_mem [\sp_mem(c_xdevicefamily="zynqupl...]
Compiling architecture synth of entity fir_compiler_v7_2_26.filt_mem [\filt_mem(c_xdevicefamily="zynqu...]
Compiling architecture synth of entity fir_compiler_v7_2_26.cntrl_delay [\cntrl_delay(c_delay_len=0,c_mem...]
Compiling architecture synth of entity fir_compiler_v7_2_26.delay [\delay(c_delay_len=3,c_xdevicefa...]
Compiling architecture synth of entity fir_compiler_v7_2_26.buff [\buff(c_xdevicefamily="zynquplus...]
Compiling architecture synth of entity fir_compiler_v7_2_26.delay [\delay(c_delay_len=0,c_xdevicefa...]
Compiling architecture synth of entity fir_compiler_v7_2_26.delay [\delay(c_delay_len=0,c_xdevicefa...]
Compiling architecture synth of entity fir_compiler_v7_2_26.delay [\delay(c_delay_len=0,c_xdevicefa...]
Compiling architecture dsp48e2_v of entity unisim.DSP48E2 [\DSP48E2(amultsel="AD",mask="111...]
Compiling architecture synth of entity fir_compiler_v7_2_26.calc [\calc(c_xdevicefamily="zynquplus...]
Compiling architecture synth of entity fir_compiler_v7_2_26.addsub_mult_accum [\addsub_mult_accum(c_xdevicefami...]
Compiling architecture synth of entity fir_compiler_v7_2_26.delay [\delay(c_delay_len=1,c_xdevicefa...]
Compiling architecture synth of entity fir_compiler_v7_2_26.delay [\delay(c_delay_len=0,c_xdevicefa...]
Compiling architecture synth of entity fir_compiler_v7_2_26.delay [\delay(c_delay_len=0,c_xdevicefa...]
Compiling architecture synth of entity fir_compiler_v7_2_26.delay [\delay(c_delay_len=2,c_xdevicefa...]
Compiling architecture synth of entity fir_compiler_v7_2_26.delay [\delay(c_delay_len=0,c_xdevicefa...]
Compiling architecture synth of entity fir_compiler_v7_2_26.delay [\delay(c_delay_len=1,c_xdevicefa...]
Compiling architecture synth of entity fir_compiler_v7_2_26.delay [\delay(c_delay_len=4,c_xdevicefa...]
Compiling architecture synth of entity fir_compiler_v7_2_26.delay [\delay(c_delay_len=7,c_xdevicefa...]
Compiling architecture xilinx of entity axi_utils_v2_0_11.glb_srl_fifo [\glb_srl_fifo(width=35,has_uvpro...]
Compiling architecture xilinx of entity axi_utils_v2_0_11.glb_ifx_master [\glb_ifx_master(width=35)\]
Compiling architecture synth of entity fir_compiler_v7_2_26.single_rate [\single_rate(c_xdevicefamily="zy...]
Compiling architecture synth of entity fir_compiler_v7_2_26.fir_compiler_v7_2_26_viv [\fir_compiler_v7_2_26_viv(c_xdev...]
Compiling architecture xilinx of entity fir_compiler_v7_2_26.fir_compiler_v7_2_26 [\fir_compiler_v7_2_26(c_xdevicef...]
Compiling architecture hilbert_fft_fir_compiler_0_0_arch of entity xil_defaultlib.Hilbert_fft_fir_compiler_0_0 [hilbert_fft_fir_compiler_0_0_def...]
Compiling architecture rb18_internal_vhdl_v of entity unisim.RB18_INTERNAL_VHDL [\RB18_INTERNAL_VHDL(bram_size=18...]
Compiling architecture ramb18e1_v of entity unisim.RAMB18E1 [\RAMB18E1(doa_reg=1,dob_reg=1,ra...]
Compiling architecture xilinx of entity xfft_v9_1_15.dpm [\dpm(c_xdevicefamily="zynquplus"...]
Compiling architecture xilinx of entity xfft_v9_1_15.shift_ram [\shift_ram(c_xdevicefamily="zynq...]
Compiling architecture xilinx of entity xfft_v9_1_15.mux_bus4 [\mux_bus4(c_xdevicefamily="zynqu...]
Compiling architecture xilinx of entity xfft_v9_1_15.mux_bus2 [\mux_bus2(c_xdevicefamily="zynqu...]
Compiling architecture xilinx of entity xfft_v9_1_15.mux_bus4 [\mux_bus4(c_xdevicefamily="zynqu...]
Compiling architecture xilinx of entity xfft_v9_1_15.arith_shift3 [\arith_shift3(c_xdevicefamily="z...]
Compiling architecture xilinx of entity xfft_v9_1_15.shift_ram [\shift_ram(c_xdevicefamily="zynq...]
Compiling architecture xilinx of entity cmpy_v6_0_27.delay_line [\delay_line(c_xdevicefamily="zyn...]
Compiling architecture xilinx of entity cmpy_v6_0_27.delay_line [\delay_line(c_xdevicefamily="zyn...]
Compiling architecture xilinx of entity mult_gen_v12_0_24.delay_line [\delay_line(c_xdevicefamily="zyn...]
Compiling architecture xilinx of entity mult_gen_v12_0_24.delay_line [\delay_line(c_xdevicefamily="zyn...]
Compiling architecture dsp48e2_v of entity unisim.DSP48E2 [\DSP48E2(acascreg=2,alumodereg=0...]
Compiling architecture xilinx of entity mult_gen_v12_0_24.delay_line [\delay_line(c_xdevicefamily="zyn...]
Compiling architecture xilinx of entity mult_gen_v12_0_24.op_resize [\op_resize(ai_width=17,bi_width=...]
Compiling architecture xilinx of entity mult_gen_v12_0_24.dsp [\dsp(c_xdevicefamily="zynquplus"...]
Compiling architecture xilinx of entity cmpy_v6_0_27.cmpy_3_dsp48_mult [\cmpy_3_dsp48_mult(c_xdevicefami...]
Compiling architecture xilinx of entity mult_gen_v12_0_24.delay_line [\delay_line(c_xdevicefamily="zyn...]
Compiling architecture xilinx of entity mult_gen_v12_0_24.delay_line [\delay_line(c_xdevicefamily="zyn...]
Compiling architecture dsp48e2_v of entity unisim.DSP48E2 [\DSP48E2(alumodereg=0,amultsel="...]
Compiling architecture xilinx of entity mult_gen_v12_0_24.op_resize [\op_resize(ai_width=18,ao_width=...]
Compiling architecture xilinx of entity mult_gen_v12_0_24.dsp [\dsp(c_xdevicefamily="zynquplus"...]
Compiling architecture xilinx of entity cmpy_v6_0_27.cmpy_3_dsp48_mult [\cmpy_3_dsp48_mult(c_xdevicefami...]
Compiling architecture xilinx of entity mult_gen_v12_0_24.dsp [\dsp(c_xdevicefamily="zynquplus"...]
Compiling architecture xilinx of entity cmpy_v6_0_27.cmpy_3_dsp48_mult [\cmpy_3_dsp48_mult(c_xdevicefami...]
Compiling architecture xilinx of entity cmpy_v6_0_27.input_negation [\input_negation(c_xdevicefamily=...]
Compiling architecture xilinx of entity cmpy_v6_0_27.delay_line [\delay_line(c_xdevicefamily="zyn...]
Compiling architecture xilinx of entity cmpy_v6_0_27.delay_line [\delay_line(c_xdevicefamily="zyn...]
Compiling architecture xilinx of entity cmpy_v6_0_27.cmpy_3_dsp48 [\cmpy_3_dsp48(c_xdevicefamily="z...]
Compiling architecture xilinx of entity cmpy_v6_0_27.cmpy_v6_0_27_synth [\cmpy_v6_0_27_synth(c_xdevicefam...]
Compiling architecture xilinx of entity xfft_v9_1_15.cmpy [\cmpy(c_xdevicefamily="zynquplus...]
Compiling architecture structural of entity c_reg_fd_v12_0_11.c_reg_fd_v12_0_11_viv [\c_reg_fd_v12_0_11_viv(c_width=2...]
Compiling architecture rtl of entity c_addsub_v12_0_21.c_addsub_v12_0_21_lut6_legacy [\c_addsub_v12_0_21_lut6_legacy(c...]
Compiling architecture synth of entity c_addsub_v12_0_21.c_addsub_v12_0_21_fabric_legacy [\c_addsub_v12_0_21_fabric_legacy...]
Compiling architecture synth of entity c_addsub_v12_0_21.c_addsub_v12_0_21_legacy [\c_addsub_v12_0_21_legacy(c_fami...]
Compiling architecture synth of entity c_addsub_v12_0_21.c_addsub_v12_0_21_viv [\c_addsub_v12_0_21_viv(c_xdevice...]
Compiling architecture xilinx of entity xfft_v9_1_15.adder [\adder(c_xdevicefamily="zynquplu...]
Compiling architecture rtl of entity c_addsub_v12_0_21.c_addsub_v12_0_21_lut6_legacy [\c_addsub_v12_0_21_lut6_legacy(c...]
Compiling architecture synth of entity c_addsub_v12_0_21.c_addsub_v12_0_21_fabric_legacy [\c_addsub_v12_0_21_fabric_legacy...]
Compiling architecture synth of entity c_addsub_v12_0_21.c_addsub_v12_0_21_legacy [\c_addsub_v12_0_21_legacy(c_fami...]
Compiling architecture synth of entity c_addsub_v12_0_21.c_addsub_v12_0_21_viv [\c_addsub_v12_0_21_viv(c_xdevice...]
Compiling architecture xilinx of entity xfft_v9_1_15.subtracter [\subtracter(c_xdevicefamily="zyn...]
Compiling architecture xilinx of entity xfft_v9_1_15.butterfly [\butterfly(c_xdevicefamily="zynq...]
Compiling architecture xilinx of entity xfft_v9_1_15.r2_pe [\r2_pe(c_xdevicefamily="zynquplu...]
Compiling architecture xilinx of entity xfft_v9_1_15.r2_datapath [\r2_datapath(c_xdevicefamily="zy...]
Compiling architecture xilinx of entity xfft_v9_1_15.r2_pe [\r2_pe(c_xdevicefamily="zynquplu...]
Compiling architecture xilinx of entity xfft_v9_1_15.r2_datapath [\r2_datapath(c_xdevicefamily="zy...]
Compiling architecture xilinx of entity xfft_v9_1_15.r2_pe [\r2_pe(c_xdevicefamily="zynquplu...]
Compiling architecture xilinx of entity xfft_v9_1_15.r2_datapath [\r2_datapath(c_xdevicefamily="zy...]
Compiling architecture struct of entity c_shift_ram_v12_0_20.c_shift_ram_v12_0_20_legacy [\c_shift_ram_v12_0_20_legacy(c_x...]
Compiling architecture synth of entity c_shift_ram_v12_0_20.c_shift_ram_v12_0_20_viv [\c_shift_ram_v12_0_20_viv(c_xdev...]
Compiling architecture xilinx of entity xfft_v9_1_15.shift_ram [\shift_ram(c_xdevicefamily="zynq...]
Compiling architecture fdre_v of entity unisim.FDRE [fdre_default]
Compiling architecture lut6_v of entity unisim.LUT6 [\LUT6(init="11111111000000001111...]
Compiling architecture muxf7_v of entity unisim.MUXF7 [muxf7_default]
Compiling architecture muxf8_v of entity unisim.MUXF8 [muxf8_default]
Compiling architecture xilinx of entity xfft_v9_1_15.mux_bus16 [\mux_bus16(c_xdevicefamily="zynq...]
Compiling architecture xilinx of entity xfft_v9_1_15.xor_bit_gate [\xor_bit_gate(c_inputs=10)\]
Compiling architecture xilinx of entity xfft_v9_1_15.r2_in_addr [\r2_in_addr(c_xdevicefamily="zyn...]
Compiling architecture xilinx of entity xfft_v9_1_15.shift_ram [\shift_ram(c_xdevicefamily="zynq...]
Compiling architecture xilinx of entity xfft_v9_1_15.mux_bus4 [\mux_bus4(c_xdevicefamily="zynqu...]
Compiling architecture xilinx of entity xfft_v9_1_15.xor_bit_gate [\xor_bit_gate(c_inputs=9)\]
Compiling architecture xilinx of entity xfft_v9_1_15.r2_rw_addr [\r2_rw_addr(c_xdevicefamily="zyn...]
Compiling architecture srl16e_v of entity unisim.SRL16E [\SRL16E(0,15)\]
Compiling architecture xilinx of entity xfft_v9_1_15.shift_ram [\shift_ram(c_xdevicefamily="zynq...]
Compiling architecture lut3_v of entity unisim.LUT3 [\LUT3(init="11001010")(0,7)\]
Compiling architecture xilinx of entity xfft_v9_1_15.mux_bus2 [\mux_bus2(c_xdevicefamily="zynqu...]
Compiling architecture struct of entity c_shift_ram_v12_0_20.c_shift_ram_v12_0_20_legacy [\c_shift_ram_v12_0_20_legacy(c_x...]
Compiling architecture synth of entity c_shift_ram_v12_0_20.c_shift_ram_v12_0_20_viv [\c_shift_ram_v12_0_20_viv(c_xdev...]
Compiling architecture xilinx of entity xfft_v9_1_15.shift_ram [\shift_ram(c_xdevicefamily="zynq...]
Compiling architecture xilinx of entity xfft_v9_1_15.shift_ram [\shift_ram(c_xdevicefamily="zynq...]
Compiling architecture struct of entity c_shift_ram_v12_0_20.c_shift_ram_v12_0_20_legacy [\c_shift_ram_v12_0_20_legacy(c_x...]
Compiling architecture synth of entity c_shift_ram_v12_0_20.c_shift_ram_v12_0_20_viv [\c_shift_ram_v12_0_20_viv(c_xdev...]
Compiling architecture xilinx of entity xfft_v9_1_15.shift_ram [\shift_ram(c_xdevicefamily="zynq...]
Compiling architecture vcc_v of entity unisim.VCC [vcc_default]
Compiling architecture xilinx of entity xfft_v9_1_15.twgen_half_sincos [\twgen_half_sincos(c_xdevicefami...]
Compiling architecture xilinx of entity xfft_v9_1_15.twiddle_gen [\twiddle_gen(c_xdevicefamily="zy...]
Compiling architecture xilinx of entity xfft_v9_1_15.mux_bus16 [\mux_bus16(c_xdevicefamily="zynq...]
Compiling architecture xilinx of entity xfft_v9_1_15.r2_tw_addr [\r2_tw_addr(c_xdevicefamily="zyn...]
Compiling architecture xilinx of entity xfft_v9_1_15.shift_ram [\shift_ram(c_xdevicefamily="zynq...]
Compiling architecture xilinx of entity xfft_v9_1_15.shift_ram [\shift_ram(c_xdevicefamily="zynq...]
Compiling architecture struct of entity c_shift_ram_v12_0_20.c_shift_ram_v12_0_20_legacy [\c_shift_ram_v12_0_20_legacy(c_x...]
Compiling architecture synth of entity c_shift_ram_v12_0_20.c_shift_ram_v12_0_20_viv [\c_shift_ram_v12_0_20_viv(c_xdev...]
Compiling architecture xilinx of entity xfft_v9_1_15.shift_ram [\shift_ram(c_xdevicefamily="zynq...]
Compiling architecture xilinx of entity xfft_v9_1_15.shift_ram [\shift_ram(c_xdevicefamily="zynq...]
Compiling architecture xilinx of entity xfft_v9_1_15.shift_ram [\shift_ram(c_xdevicefamily="zynq...]
Compiling architecture fde_v of entity unisim.FDE [fde_default]
Compiling architecture rtl of entity c_addsub_v12_0_21.c_addsub_v12_0_21_lut6_legacy [\c_addsub_v12_0_21_lut6_legacy(c...]
Compiling architecture synth of entity c_addsub_v12_0_21.c_addsub_v12_0_21_fabric_legacy [\c_addsub_v12_0_21_fabric_legacy...]
Compiling architecture synth of entity c_addsub_v12_0_21.c_addsub_v12_0_21_legacy [\c_addsub_v12_0_21_legacy(c_fami...]
Compiling architecture synth of entity c_addsub_v12_0_21.c_addsub_v12_0_21_viv [\c_addsub_v12_0_21_viv(c_xdevice...]
Compiling architecture xilinx of entity xfft_v9_1_15.equ_rtl [\equ_rtl(c_xdevicefamily="zynqup...]
Compiling architecture xilinx of entity xfft_v9_1_15.cnt_tc_rtl [\cnt_tc_rtl(c_xdevicefamily="zyn...]
Compiling architecture xilinx of entity xfft_v9_1_15.shift_ram [\shift_ram(c_xdevicefamily="zynq...]
Compiling architecture xilinx of entity xfft_v9_1_15.reg_rs_rtl [reg_rs_rtl_default]
Compiling architecture rtl of entity c_addsub_v12_0_21.c_addsub_v12_0_21_lut6_legacy [\c_addsub_v12_0_21_lut6_legacy(c...]
Compiling architecture synth of entity c_addsub_v12_0_21.c_addsub_v12_0_21_fabric_legacy [\c_addsub_v12_0_21_fabric_legacy...]
Compiling architecture synth of entity c_addsub_v12_0_21.c_addsub_v12_0_21_legacy [\c_addsub_v12_0_21_legacy(c_fami...]
Compiling architecture synth of entity c_addsub_v12_0_21.c_addsub_v12_0_21_viv [\c_addsub_v12_0_21_viv(c_xdevice...]
Compiling architecture lut6_v of entity unisim.LUT6 [\LUT6(init="10010000000010010000...]
Compiling architecture xilinx of entity xfft_v9_1_15.equ_rtl [\equ_rtl(c_xdevicefamily="zynqup...]
Compiling architecture xilinx of entity xfft_v9_1_15.cnt_tc_rtl [\cnt_tc_rtl(c_xdevicefamily="zyn...]
Compiling architecture rtl of entity c_addsub_v12_0_21.c_addsub_v12_0_21_lut6_legacy [\c_addsub_v12_0_21_lut6_legacy(c...]
Compiling architecture synth of entity c_addsub_v12_0_21.c_addsub_v12_0_21_fabric_legacy [\c_addsub_v12_0_21_fabric_legacy...]
Compiling architecture synth of entity c_addsub_v12_0_21.c_addsub_v12_0_21_legacy [\c_addsub_v12_0_21_legacy(c_fami...]
Compiling architecture synth of entity c_addsub_v12_0_21.c_addsub_v12_0_21_viv [\c_addsub_v12_0_21_viv(c_xdevice...]
Compiling architecture xilinx of entity xfft_v9_1_15.equ_rtl [\equ_rtl(c_xdevicefamily="zynqup...]
Compiling architecture xilinx of entity xfft_v9_1_15.cnt_tc_rtl [\cnt_tc_rtl(c_xdevicefamily="zyn...]
Compiling architecture rtl of entity c_addsub_v12_0_21.c_addsub_v12_0_21_lut6_legacy [\c_addsub_v12_0_21_lut6_legacy(c...]
Compiling architecture synth of entity c_addsub_v12_0_21.c_addsub_v12_0_21_fabric_legacy [\c_addsub_v12_0_21_fabric_legacy...]
Compiling architecture synth of entity c_addsub_v12_0_21.c_addsub_v12_0_21_legacy [\c_addsub_v12_0_21_legacy(c_fami...]
Compiling architecture synth of entity c_addsub_v12_0_21.c_addsub_v12_0_21_viv [\c_addsub_v12_0_21_viv(c_xdevice...]
Compiling architecture xilinx of entity xfft_v9_1_15.equ_rtl [\equ_rtl(c_xdevicefamily="zynqup...]
Compiling architecture xilinx of entity xfft_v9_1_15.cnt_tc_rtl [\cnt_tc_rtl(c_xdevicefamily="zyn...]
Compiling architecture xilinx of entity xfft_v9_1_15.flow_control_c [\flow_control_c(c_xdevicefamily=...]
Compiling architecture xilinx of entity xfft_v9_1_15.shift_ram [\shift_ram(c_xdevicefamily="zynq...]
Compiling architecture structural of entity c_reg_fd_v12_0_11.c_reg_fd_v12_0_11_viv [\c_reg_fd_v12_0_11_viv(c_sync_pr...]
Compiling architecture struct of entity c_shift_ram_v12_0_20.c_shift_ram_v12_0_20_legacy [\c_shift_ram_v12_0_20_legacy(c_x...]
Compiling architecture synth of entity c_shift_ram_v12_0_20.c_shift_ram_v12_0_20_viv [\c_shift_ram_v12_0_20_viv(c_xdev...]
Compiling architecture xilinx of entity xfft_v9_1_15.shift_ram [\shift_ram(c_xdevicefamily="zynq...]
Compiling architecture xilinx of entity xfft_v9_1_15.r2_control [\r2_control(c_xdevicefamily="zyn...]
Compiling architecture xilinx of entity xfft_v9_1_15.xfft_v9_1_15_c [\xfft_v9_1_15_c(c_channels=3,c_x...]
Compiling architecture synth of entity xfft_v9_1_15.xfft_v9_1_15_core [\xfft_v9_1_15_core(c_xdevicefami...]
Compiling architecture xilinx of entity axi_utils_v2_0_11.glb_srl_fifo [\glb_srl_fifo(width=97,has_uvpro...]
Compiling architecture xilinx of entity axi_utils_v2_0_11.glb_ifx_slave [\glb_ifx_slave(width=97,has_uvpr...]
Compiling architecture synth of entity xfft_v9_1_15.axi_wrapper_input_fifo [\axi_wrapper_input_fifo(c_fifo_w...]
Compiling architecture xilinx of entity axi_utils_v2_0_11.glb_srl_fifo [\glb_srl_fifo(width=63,has_uvpro...]
Compiling architecture xilinx of entity axi_utils_v2_0_11.glb_ifx_slave [\glb_ifx_slave(width=63,has_uvpr...]
Compiling architecture synth of entity xfft_v9_1_15.axi_wrapper_input_fifo [\axi_wrapper_input_fifo(c_fifo_w...]
Compiling architecture xilinx of entity axi_utils_v2_0_11.glb_srl_fifo [\glb_srl_fifo(width=97,has_uvpro...]
Compiling architecture xilinx of entity axi_utils_v2_0_11.glb_ifx_master [\glb_ifx_master(width=97,afull_t...]
Compiling architecture synth of entity xfft_v9_1_15.axi_wrapper_output_fifo [\axi_wrapper_output_fifo(c_fifo_...]
Compiling architecture synth of entity xfft_v9_1_15.axi_wrapper [\axi_wrapper(c_channels=3,c_nfft...]
Compiling architecture synth of entity xfft_v9_1_15.xfft_v9_1_15_viv [\xfft_v9_1_15_viv(c_xdevicefamil...]
Compiling architecture xilinx of entity xfft_v9_1_15.xfft_v9_1_15 [\xfft_v9_1_15(c_xdevicefamily="z...]
Compiling architecture hilbert_fft_xfft_0_0_arch of entity xil_defaultlib.Hilbert_fft_xfft_0_0 [hilbert_fft_xfft_0_0_default]
Compiling module xlconstant_v1_1_10.xlconstant_v1_1_10_xlconstant(CO...
Compiling module xil_defaultlib.Hilbert_fft_xlconstant_0_0
Compiling module xlconstant_v1_1_10.xlconstant_v1_1_10_xlconstant
Compiling module xil_defaultlib.Hilbert_fft_xlconstant_1_0
Compiling module xlslice_v1_0_5.xlslice_v1_0_5_xlslice(DIN_WIDTH...
Compiling module xil_defaultlib.Hilbert_fft_xlslice_0_0
Compiling module xil_defaultlib.Hilbert_fft
Compiling module xil_defaultlib.tb_top
Compiling module xil_defaultlib.glbl
Built simulation snapshot tb_top_behav
execute_script: Time (s): cpu = 00:00:33 ; elapsed = 00:00:18 . Memory (MB): peak = 11031.199 ; gain = 0.000 ; free physical = 21056 ; free virtual = 39398
INFO: [USF-XSim-69] 'elaborate' step finished in '18' seconds
launch_simulation: Time (s): cpu = 00:00:34 ; elapsed = 00:00:19 . Memory (MB): peak = 11031.199 ; gain = 0.000 ; free physical = 21056 ; free virtual = 39398
INFO: [Wavedata 42-565] Reading protoinst file protoinst_files/Hilbert_fft.protoinst
INFO: [Wavedata 42-564]   Found protocol instance at /tb_top/Hilbert_fft//TDM_to_Parallel_Conv_0/m_axis
INFO: [Wavedata 42-564]   Found protocol instance at /tb_top/Hilbert_fft//xfft_0/S_AXIS_DATA
Time resolution is 1 ps
START SYMULACJI - Generowanie danych TDM dla 3 kanalow
Note:   - SCALING_SCH: in_ptr = 3, out_ptr = 3
Time: 0 ps  Iteration: 0  Process: /tb_top/Hilbert_fft/xfft_0/U0/i_synth/axi_wrapper/gen_config_fifo_in/line__94240  File: /home/janek/2025.2/Vivado/data/ip/xilinx/xfft_v9_1/hdl/xfft_v9_1_vh_rfs.vhd
Note:     - C_CHANNELS  = 3
Time: 0 ps  Iteration: 0  Process: /tb_top/Hilbert_fft/xfft_0/U0/i_synth/axi_wrapper/gen_config_fifo_in/line__94240  File: /home/janek/2025.2/Vivado/data/ip/xilinx/xfft_v9_1/hdl/xfft_v9_1_vh_rfs.vhd
Note:     - field_width = 60
Time: 0 ps  Iteration: 0  Process: /tb_top/Hilbert_fft/xfft_0/U0/i_synth/axi_wrapper/gen_config_fifo_in/line__94240  File: /home/janek/2025.2/Vivado/data/ip/xilinx/xfft_v9_1/hdl/xfft_v9_1_vh_rfs.vhd
Note:   - Copying SCALE_SCH from 62 downto 3 to 62 downto 3
Time: 0 ps  Iteration: 0  Process: /tb_top/Hilbert_fft/xfft_0/U0/i_synth/axi_wrapper/gen_config_fifo_in/line__94240  File: /home/janek/2025.2/Vivado/data/ip/xilinx/xfft_v9_1/hdl/xfft_v9_1_vh_rfs.vhd
Note:   - SCALING_SCH: in_ptr = 3, out_ptr = 3
Time: 0 ps  Iteration: 1  Process: /tb_top/Hilbert_fft/xfft_0/U0/i_synth/axi_wrapper/gen_config_fifo_in/line__94240  File: /home/janek/2025.2/Vivado/data/ip/xilinx/xfft_v9_1/hdl/xfft_v9_1_vh_rfs.vhd
Note:     - C_CHANNELS  = 3
Time: 0 ps  Iteration: 1  Process: /tb_top/Hilbert_fft/xfft_0/U0/i_synth/axi_wrapper/gen_config_fifo_in/line__94240  File: /home/janek/2025.2/Vivado/data/ip/xilinx/xfft_v9_1/hdl/xfft_v9_1_vh_rfs.vhd
Note:     - field_width = 60
Time: 0 ps  Iteration: 1  Process: /tb_top/Hilbert_fft/xfft_0/U0/i_synth/axi_wrapper/gen_config_fifo_in/line__94240  File: /home/janek/2025.2/Vivado/data/ip/xilinx/xfft_v9_1/hdl/xfft_v9_1_vh_rfs.vhd
Note:   - Copying SCALE_SCH from 62 downto 3 to 62 downto 3
Time: 0 ps  Iteration: 1  Process: /tb_top/Hilbert_fft/xfft_0/U0/i_synth/axi_wrapper/gen_config_fifo_in/line__94240  File: /home/janek/2025.2/Vivado/data/ip/xilinx/xfft_v9_1/hdl/xfft_v9_1_vh_rfs.vhd
relaunch_sim: Time (s): cpu = 00:32:10 ; elapsed = 00:00:25 . Memory (MB): peak = 11031.199 ; gain = 0.000 ; free physical = 21112 ; free virtual = 39354
run 40 ms
run: Time (s): cpu = 00:00:52 ; elapsed = 00:07:18 . Memory (MB): peak = 11031.199 ; gain = 0.000 ; free physical = 21064 ; free virtual = 39358
close_sim
INFO: xsimkernel Simulation Memory Usage: 317512 KB (Peak: 367364 KB), Simulation CPU Usage: 439420 ms
INFO: [Simtcl 6-16] Simulation closed
save_bd_design
Wrote  : </home/janek/Magisterka/Intelligent-Vibroacoustic-Machine-Diagnostic-System-on-FPGA/Hilbert_with_fft/Hilbert_and_fft_test/Hilbert_and_fft_test.srcs/sources_1/bd/Hilbert_fft/Hilbert_fft.bd> 
generate_target Simulation [get_files /home/janek/Magisterka/Intelligent-Vibroacoustic-Machine-Diagnostic-System-on-FPGA/Hilbert_with_fft/Hilbert_and_fft_test/Hilbert_and_fft_test.srcs/sources_1/bd/Hilbert_fft/Hilbert_fft.bd]
WARNING: [xilinx.com:ip:cordic:6.0-304] /cordic_0 S_AXIS_CARTESIAN-TDATA: Data transfer transaction mismatch. /cordic_0 transactions: 1.  -TDATA transactions: 3.
INFO: [xilinx.com:ip:cordic:6.0-315] /cordic_0 S_AXIS_CARTESIAN-TDATA: Will use first transaction for compatibility check
INFO: [xilinx.com:ip:cordic:6.0-7] /cordic_0 Setting Input Width to 16. S_AXIS_CARTESIAN_TDATA real input width: 16. S_AXIS_CARTESIAN_TDATA imag input width: 16.
WARNING: [xilinx.com:ip:cordic:6.0-304] /cordic_0 S_AXIS_CARTESIAN-TDATA: Data transfer transaction mismatch. /cordic_0 transactions: 1.  -TDATA transactions: 3.
INFO: [xilinx.com:ip:cordic:6.0-315] /cordic_0 S_AXIS_CARTESIAN-TDATA: Will use first transaction for compatibility check
INFO: [xilinx.com:ip:cordic:6.0-308] /cordic_0 S_AXIS_CARTESIAN-TDATA: Validating field: real(16:0): fix16_14 against  -TDATA: chan_0_path_0_real(16:0): fix16_16.
WARNING: [xilinx.com:ip:cordic:6.0-311] /cordic_0 S_AXIS_CARTESIAN-TDATA: Field property mismatch. Value mismatch for: real fixed fractwidth. /cordic_0 field: real = 14.  -TDATA field: chan_0_path_0_real = 16.
INFO: [xilinx.com:ip:cordic:6.0-308] /cordic_0 S_AXIS_CARTESIAN-TDATA: Validating field: imag(32:16): fix16_14 against  -TDATA: chan_0_path_0_imag(32:16): fix16_0.
WARNING: [xilinx.com:ip:cordic:6.0-311] /cordic_0 S_AXIS_CARTESIAN-TDATA: Field property mismatch. Value mismatch for: real fixed fractwidth. /cordic_0 field: imag = 14.  -TDATA field: chan_0_path_0_imag = 0.
INFO: [xilinx.com:ip:cordic:6.0-7] /cordic_1 Setting Input Width to 16. S_AXIS_CARTESIAN_TDATA real input width: 16. S_AXIS_CARTESIAN_TDATA imag input width: 16.
INFO: [xilinx.com:ip:cordic:6.0-7] /cordic_2 Setting Input Width to 16. S_AXIS_CARTESIAN_TDATA real input width: 16. S_AXIS_CARTESIAN_TDATA imag input width: 16.
INFO: [xilinx.com:ip:cordic:6.0-7] /cordic_3 Setting Input Width to 16. S_AXIS_CARTESIAN_TDATA real input width: 16. S_AXIS_CARTESIAN_TDATA imag input width: 16.
CRITICAL WARNING: [BD 41-759] The input pins (listed below) are either not connected or do not have a source port, and they don't have a tie-off specified. These pins are tied-off to all 0's to avoid error in Implementation flow.
Please check your design and connect them as needed: 
/TDM_to_Parallel_Conv_0/s_axis_tvalid

Wrote  : </home/janek/Magisterka/Intelligent-Vibroacoustic-Machine-Diagnostic-System-on-FPGA/Hilbert_with_fft/Hilbert_and_fft_test/Hilbert_and_fft_test.srcs/sources_1/bd/Hilbert_fft/Hilbert_fft.bd> 
Verilog Output written to : /home/janek/Magisterka/Intelligent-Vibroacoustic-Machine-Diagnostic-System-on-FPGA/Hilbert_with_fft/Hilbert_and_fft_test/Hilbert_and_fft_test.gen/sources_1/bd/Hilbert_fft/synth/Hilbert_fft.v
Verilog Output written to : /home/janek/Magisterka/Intelligent-Vibroacoustic-Machine-Diagnostic-System-on-FPGA/Hilbert_with_fft/Hilbert_and_fft_test/Hilbert_and_fft_test.gen/sources_1/bd/Hilbert_fft/sim/Hilbert_fft.v
Verilog Output written to : /home/janek/Magisterka/Intelligent-Vibroacoustic-Machine-Diagnostic-System-on-FPGA/Hilbert_with_fft/Hilbert_and_fft_test/Hilbert_and_fft_test.gen/sources_1/bd/Hilbert_fft/hdl/Hilbert_fft_wrapper.v
INFO: [BD 41-1029] Generation completed for the IP Integrator block xlslice_0 .
Exporting to file /home/janek/Magisterka/Intelligent-Vibroacoustic-Machine-Diagnostic-System-on-FPGA/Hilbert_with_fft/Hilbert_and_fft_test/Hilbert_and_fft_test.gen/sources_1/bd/Hilbert_fft/hw_handoff/Hilbert_fft.hwh
Generated Hardware Definition File /home/janek/Magisterka/Intelligent-Vibroacoustic-Machine-Diagnostic-System-on-FPGA/Hilbert_with_fft/Hilbert_and_fft_test/Hilbert_and_fft_test.gen/sources_1/bd/Hilbert_fft/synth/Hilbert_fft.hwdef
INFO: [BD 41-3262] Generated VHDL Instantiation Template file /home/janek/Magisterka/Intelligent-Vibroacoustic-Machine-Diagnostic-System-on-FPGA/Hilbert_with_fft/Hilbert_and_fft_test/Hilbert_and_fft_test.gen/sources_1/bd/Hilbert_fft/Hilbert_fft.vho
INFO: [BD 41-3262] Generated Verilog Instantiation Template file /home/janek/Magisterka/Intelligent-Vibroacoustic-Machine-Diagnostic-System-on-FPGA/Hilbert_with_fft/Hilbert_and_fft_test/Hilbert_and_fft_test.gen/sources_1/bd/Hilbert_fft/Hilbert_fft.veo
INFO: [BD 41-3262] Generated System Verilog Instantiation Template file /home/janek/Magisterka/Intelligent-Vibroacoustic-Machine-Diagnostic-System-on-FPGA/Hilbert_with_fft/Hilbert_and_fft_test/Hilbert_and_fft_test.gen/sources_1/bd/Hilbert_fft/Hilbert_fft_sv.sveo
export_ip_user_files -of_objects [get_files /home/janek/Magisterka/Intelligent-Vibroacoustic-Machine-Diagnostic-System-on-FPGA/Hilbert_with_fft/Hilbert_and_fft_test/Hilbert_and_fft_test.srcs/sources_1/bd/Hilbert_fft/Hilbert_fft.bd] -no_script -sync -force -quiet
export_simulation -of_objects [get_files /home/janek/Magisterka/Intelligent-Vibroacoustic-Machine-Diagnostic-System-on-FPGA/Hilbert_with_fft/Hilbert_and_fft_test/Hilbert_and_fft_test.srcs/sources_1/bd/Hilbert_fft/Hilbert_fft.bd] -directory /home/janek/Magisterka/Intelligent-Vibroacoustic-Machine-Diagnostic-System-on-FPGA/Hilbert_with_fft/Hilbert_and_fft_test/Hilbert_and_fft_test.ip_user_files/sim_scripts -ip_user_files_dir /home/janek/Magisterka/Intelligent-Vibroacoustic-Machine-Diagnostic-System-on-FPGA/Hilbert_with_fft/Hilbert_and_fft_test/Hilbert_and_fft_test.ip_user_files -ipstatic_source_dir /home/janek/Magisterka/Intelligent-Vibroacoustic-Machine-Diagnostic-System-on-FPGA/Hilbert_with_fft/Hilbert_and_fft_test/Hilbert_and_fft_test.ip_user_files/ipstatic -lib_map_path [list {modelsim=/home/janek/Magisterka/Intelligent-Vibroacoustic-Machine-Diagnostic-System-on-FPGA/Hilbert_with_fft/Hilbert_and_fft_test/Hilbert_and_fft_test.cache/compile_simlib/modelsim} {questa=/home/janek/Magisterka/Intelligent-Vibroacoustic-Machine-Diagnostic-System-on-FPGA/Hilbert_with_fft/Hilbert_and_fft_test/Hilbert_and_fft_test.cache/compile_simlib/questa} {xcelium=/home/janek/Magisterka/Intelligent-Vibroacoustic-Machine-Diagnostic-System-on-FPGA/Hilbert_with_fft/Hilbert_and_fft_test/Hilbert_and_fft_test.cache/compile_simlib/xcelium} {vcs=/home/janek/Magisterka/Intelligent-Vibroacoustic-Machine-Diagnostic-System-on-FPGA/Hilbert_with_fft/Hilbert_and_fft_test/Hilbert_and_fft_test.cache/compile_simlib/vcs} {riviera=/home/janek/Magisterka/Intelligent-Vibroacoustic-Machine-Diagnostic-System-on-FPGA/Hilbert_with_fft/Hilbert_and_fft_test/Hilbert_and_fft_test.cache/compile_simlib/riviera}] -use_ip_compiled_libs -force -quiet
launch_simulation
Command: launch_simulation 
INFO: [Vivado 12-25911] Executing simulation for 'XSim' simulator
INFO: [Project 1-5737] Running on host qtaz (64) - Ubuntu 24.04.4 LTS
INFO: [Vivado 12-28535] Process started - Mon Apr  6 23:57:54 2026

INFO: [Vivado 12-12493] Simulation top is 'tb_top'
INFO: [Vivado 12-5682] Launching behavioral simulation in '/home/janek/Magisterka/Intelligent-Vibroacoustic-Machine-Diagnostic-System-on-FPGA/Hilbert_with_fft/Hilbert_and_fft_test/Hilbert_and_fft_test.sim/sim_1/behav/xsim'
INFO: [SIM-utils-51] Simulation object is 'sim_1'
INFO: [SIM-utils-72] Using boost library from '/home/janek/2025.2/tps/boost_1_72_0'
INFO: [USF-XSim-7] Finding pre-compiled libraries...
INFO: [USF-XSim-11] File '/home/janek/2025.2/data/xsim/xsim.ini' copied to run dir:'/home/janek/Magisterka/Intelligent-Vibroacoustic-Machine-Diagnostic-System-on-FPGA/Hilbert_with_fft/Hilbert_and_fft_test/Hilbert_and_fft_test.sim/sim_1/behav/xsim'
INFO: [SIM-utils-54] Inspecting design source files for 'tb_top' in fileset 'sim_1'...
INFO: [SIM-utils-43] Exported '/home/janek/Magisterka/Intelligent-Vibroacoustic-Machine-Diagnostic-System-on-FPGA/Hilbert_with_fft/Hilbert_and_fft_test/Hilbert_and_fft_test.sim/sim_1/behav/xsim/Hilbert_fft_fir_compiler_0_0.mif'
INFO: [SIM-utils-43] Exported '/home/janek/Magisterka/Intelligent-Vibroacoustic-Machine-Diagnostic-System-on-FPGA/Hilbert_with_fft/Hilbert_and_fft_test/Hilbert_and_fft_test.sim/sim_1/behav/xsim/filet_2.coe'
INFO: [SIM-utils-43] Exported '/home/janek/Magisterka/Intelligent-Vibroacoustic-Machine-Diagnostic-System-on-FPGA/Hilbert_with_fft/Hilbert_and_fft_test/Hilbert_and_fft_test.sim/sim_1/behav/xsim/filter_coeffs.coe'
INFO: [USF-XSim-97] Finding global include files...
INFO: [USF-XSim-98] Fetching design files from 'sim_1'...
INFO: [USF-XSim-2] XSim::Compile design
INFO: [USF-XSim-61] Executing 'COMPILE and ANALYZE' step in '/home/janek/Magisterka/Intelligent-Vibroacoustic-Machine-Diagnostic-System-on-FPGA/Hilbert_with_fft/Hilbert_and_fft_test/Hilbert_and_fft_test.sim/sim_1/behav/xsim'
xvlog --incr --relax -L uvm -prj tb_top_vlog.prj
INFO: [VRFC 10-2263] Analyzing Verilog file "/home/janek/Magisterka/Intelligent-Vibroacoustic-Machine-Diagnostic-System-on-FPGA/Hilbert_with_fft/Hilbert_and_fft_test/Hilbert_and_fft_test.srcs/sources_1/new/TDM to Parallel Converter.v" into library xil_defaultlib
INFO: [VRFC 10-311] analyzing module TDM_to_Parallel_Converter
INFO: [VRFC 10-2263] Analyzing Verilog file "/home/janek/Magisterka/Intelligent-Vibroacoustic-Machine-Diagnostic-System-on-FPGA/Hilbert_with_fft/Hilbert_and_fft_test/Hilbert_and_fft_test.srcs/sources_1/new/brancher.v" into library xil_defaultlib
INFO: [VRFC 10-311] analyzing module brancher
INFO: [VRFC 10-2263] Analyzing Verilog file "/home/janek/Magisterka/Intelligent-Vibroacoustic-Machine-Diagnostic-System-on-FPGA/Hilbert_with_fft/Hilbert_and_fft_test/Hilbert_and_fft_test.srcs/sources_1/new/fir0_spy.v" into library xil_defaultlib
INFO: [VRFC 10-311] analyzing module fir0_spy
INFO: [VRFC 10-2263] Analyzing Verilog file "/home/janek/Magisterka/Intelligent-Vibroacoustic-Machine-Diagnostic-System-on-FPGA/Hilbert_with_fft/Hilbert_and_fft_test/Hilbert_and_fft_test.ip_user_files/bd/Hilbert_fft/ip/Hilbert_fft_axis_subset_converter_0_0/hdl/tdata_Hilbert_fft_axis_subset_converter_0_0.v" into library xil_defaultlib
INFO: [VRFC 10-311] analyzing module tdata_Hilbert_fft_axis_subset_converter_0_0
INFO: [VRFC 10-2263] Analyzing Verilog file "/home/janek/Magisterka/Intelligent-Vibroacoustic-Machine-Diagnostic-System-on-FPGA/Hilbert_with_fft/Hilbert_and_fft_test/Hilbert_and_fft_test.ip_user_files/bd/Hilbert_fft/ip/Hilbert_fft_axis_subset_converter_0_0/hdl/tuser_Hilbert_fft_axis_subset_converter_0_0.v" into library xil_defaultlib
INFO: [VRFC 10-311] analyzing module tuser_Hilbert_fft_axis_subset_converter_0_0
INFO: [VRFC 10-2263] Analyzing Verilog file "/home/janek/Magisterka/Intelligent-Vibroacoustic-Machine-Diagnostic-System-on-FPGA/Hilbert_with_fft/Hilbert_and_fft_test/Hilbert_and_fft_test.ip_user_files/bd/Hilbert_fft/ip/Hilbert_fft_axis_subset_converter_0_0/hdl/tstrb_Hilbert_fft_axis_subset_converter_0_0.v" into library xil_defaultlib
INFO: [VRFC 10-311] analyzing module tstrb_Hilbert_fft_axis_subset_converter_0_0
INFO: [VRFC 10-2263] Analyzing Verilog file "/home/janek/Magisterka/Intelligent-Vibroacoustic-Machine-Diagnostic-System-on-FPGA/Hilbert_with_fft/Hilbert_and_fft_test/Hilbert_and_fft_test.ip_user_files/bd/Hilbert_fft/ip/Hilbert_fft_axis_subset_converter_0_0/hdl/tkeep_Hilbert_fft_axis_subset_converter_0_0.v" into library xil_defaultlib
INFO: [VRFC 10-311] analyzing module tkeep_Hilbert_fft_axis_subset_converter_0_0
INFO: [VRFC 10-2263] Analyzing Verilog file "/home/janek/Magisterka/Intelligent-Vibroacoustic-Machine-Diagnostic-System-on-FPGA/Hilbert_with_fft/Hilbert_and_fft_test/Hilbert_and_fft_test.ip_user_files/bd/Hilbert_fft/ip/Hilbert_fft_axis_subset_converter_0_0/hdl/tid_Hilbert_fft_axis_subset_converter_0_0.v" into library xil_defaultlib
INFO: [VRFC 10-311] analyzing module tid_Hilbert_fft_axis_subset_converter_0_0
INFO: [VRFC 10-2263] Analyzing Verilog file "/home/janek/Magisterka/Intelligent-Vibroacoustic-Machine-Diagnostic-System-on-FPGA/Hilbert_with_fft/Hilbert_and_fft_test/Hilbert_and_fft_test.ip_user_files/bd/Hilbert_fft/ip/Hilbert_fft_axis_subset_converter_0_0/hdl/tdest_Hilbert_fft_axis_subset_converter_0_0.v" into library xil_defaultlib
INFO: [VRFC 10-311] analyzing module tdest_Hilbert_fft_axis_subset_converter_0_0
INFO: [VRFC 10-2263] Analyzing Verilog file "/home/janek/Magisterka/Intelligent-Vibroacoustic-Machine-Diagnostic-System-on-FPGA/Hilbert_with_fft/Hilbert_and_fft_test/Hilbert_and_fft_test.ip_user_files/bd/Hilbert_fft/ip/Hilbert_fft_axis_subset_converter_0_0/hdl/tlast_Hilbert_fft_axis_subset_converter_0_0.v" into library xil_defaultlib
INFO: [VRFC 10-311] analyzing module tlast_Hilbert_fft_axis_subset_converter_0_0
INFO: [VRFC 10-2263] Analyzing Verilog file "/home/janek/Magisterka/Intelligent-Vibroacoustic-Machine-Diagnostic-System-on-FPGA/Hilbert_with_fft/Hilbert_and_fft_test/Hilbert_and_fft_test.ip_user_files/bd/Hilbert_fft/ip/Hilbert_fft_axis_subset_converter_0_0/hdl/top_Hilbert_fft_axis_subset_converter_0_0.v" into library xil_defaultlib
INFO: [VRFC 10-311] analyzing module top_Hilbert_fft_axis_subset_converter_0_0
INFO: [VRFC 10-2263] Analyzing Verilog file "/home/janek/Magisterka/Intelligent-Vibroacoustic-Machine-Diagnostic-System-on-FPGA/Hilbert_with_fft/Hilbert_and_fft_test/Hilbert_and_fft_test.ip_user_files/bd/Hilbert_fft/ip/Hilbert_fft_axis_subset_converter_0_0/sim/Hilbert_fft_axis_subset_converter_0_0.v" into library xil_defaultlib
INFO: [VRFC 10-311] analyzing module Hilbert_fft_axis_subset_converter_0_0
INFO: [VRFC 10-2263] Analyzing Verilog file "/home/janek/Magisterka/Intelligent-Vibroacoustic-Machine-Diagnostic-System-on-FPGA/Hilbert_with_fft/Hilbert_and_fft_test/Hilbert_and_fft_test.ip_user_files/bd/Hilbert_fft/ip/Hilbert_fft_TDM_to_Parallel_Conv_0_0/sim/Hilbert_fft_TDM_to_Parallel_Conv_0_0.v" into library xil_defaultlib
INFO: [VRFC 10-311] analyzing module Hilbert_fft_TDM_to_Parallel_Conv_0_0
INFO: [VRFC 10-2263] Analyzing Verilog file "/home/janek/Magisterka/Intelligent-Vibroacoustic-Machine-Diagnostic-System-on-FPGA/Hilbert_with_fft/Hilbert_and_fft_test/Hilbert_and_fft_test.ip_user_files/bd/Hilbert_fft/ip/Hilbert_fft_xlconstant_0_0/sim/Hilbert_fft_xlconstant_0_0.v" into library xil_defaultlib
INFO: [VRFC 10-311] analyzing module Hilbert_fft_xlconstant_0_0
INFO: [VRFC 10-2263] Analyzing Verilog file "/home/janek/Magisterka/Intelligent-Vibroacoustic-Machine-Diagnostic-System-on-FPGA/Hilbert_with_fft/Hilbert_and_fft_test/Hilbert_and_fft_test.ip_user_files/bd/Hilbert_fft/ip/Hilbert_fft_xlconstant_1_0/sim/Hilbert_fft_xlconstant_1_0.v" into library xil_defaultlib
INFO: [VRFC 10-311] analyzing module Hilbert_fft_xlconstant_1_0
INFO: [VRFC 10-2263] Analyzing Verilog file "/home/janek/Magisterka/Intelligent-Vibroacoustic-Machine-Diagnostic-System-on-FPGA/Hilbert_with_fft/Hilbert_and_fft_test/Hilbert_and_fft_test.ip_user_files/bd/Hilbert_fft/ip/Hilbert_fft_brancher_0_0/sim/Hilbert_fft_brancher_0_0.v" into library xil_defaultlib
INFO: [VRFC 10-311] analyzing module Hilbert_fft_brancher_0_0
INFO: [VRFC 10-2263] Analyzing Verilog file "/home/janek/Magisterka/Intelligent-Vibroacoustic-Machine-Diagnostic-System-on-FPGA/Hilbert_with_fft/Hilbert_and_fft_test/Hilbert_and_fft_test.ip_user_files/bd/Hilbert_fft/ip/Hilbert_fft_fir0_spy_0_0/sim/Hilbert_fft_fir0_spy_0_0.v" into library xil_defaultlib
INFO: [VRFC 10-311] analyzing module Hilbert_fft_fir0_spy_0_0
INFO: [VRFC 10-2263] Analyzing Verilog file "/home/janek/Magisterka/Intelligent-Vibroacoustic-Machine-Diagnostic-System-on-FPGA/Hilbert_with_fft/Hilbert_and_fft_test/Hilbert_and_fft_test.ip_user_files/bd/Hilbert_fft/ip/Hilbert_fft_fir0_spy_0_2/sim/Hilbert_fft_fir0_spy_0_2.v" into library xil_defaultlib
INFO: [VRFC 10-311] analyzing module Hilbert_fft_fir0_spy_0_2
INFO: [VRFC 10-2263] Analyzing Verilog file "/home/janek/Magisterka/Intelligent-Vibroacoustic-Machine-Diagnostic-System-on-FPGA/Hilbert_with_fft/Hilbert_and_fft_test/Hilbert_and_fft_test.ip_user_files/bd/Hilbert_fft/ip/Hilbert_fft_xlslice_0_0/sim/Hilbert_fft_xlslice_0_0.v" into library xil_defaultlib
INFO: [VRFC 10-311] analyzing module Hilbert_fft_xlslice_0_0
INFO: [VRFC 10-2263] Analyzing Verilog file "/home/janek/Magisterka/Intelligent-Vibroacoustic-Machine-Diagnostic-System-on-FPGA/Hilbert_with_fft/Hilbert_and_fft_test/Hilbert_and_fft_test.ip_user_files/bd/Hilbert_fft/sim/Hilbert_fft.v" into library xil_defaultlib
INFO: [VRFC 10-311] analyzing module Hilbert_fft
xvhdl --incr --relax -prj tb_top_vhdl.prj
Waiting for jobs to finish...
No pending jobs, compilation finished.
INFO: [USF-XSim-69] 'compile' step finished in '2' seconds
INFO: [USF-XSim-3] XSim::Elaborate design
INFO: [USF-XSim-61] Executing 'ELABORATE' step in '/home/janek/Magisterka/Intelligent-Vibroacoustic-Machine-Diagnostic-System-on-FPGA/Hilbert_with_fft/Hilbert_and_fft_test/Hilbert_and_fft_test.sim/sim_1/behav/xsim'
xelab --incr --debug typical --relax --mt 8 -L xil_defaultlib -L xbip_utils_v3_0_15 -L axi_utils_v2_0_11 -L xbip_pipe_v3_0_11 -L fir_compiler_v7_2_26 -L c_reg_fd_v12_0_11 -L xbip_dsp48_wrapper_v3_0_7 -L c_addsub_v12_0_21 -L mult_gen_v12_0_24 -L cordic_v6_0_25 -L axis_infrastructure_v1_1_1 -L axis_register_slice_v1_1_35 -L axis_subset_converter_v1_1_36 -L c_shift_ram_v12_0_20 -L floating_point_v7_1_21 -L cmpy_v6_0_27 -L xfft_v9_1_15 -L xlconstant_v1_1_10 -L xlslice_v1_0_5 -L uvm -L unisims_ver -L unimacro_ver -L secureip -L xpm --snapshot tb_top_behav xil_defaultlib.tb_top xil_defaultlib.glbl -log elaborate.log
Vivado Simulator v2025.2
Copyright 1986-2022 Xilinx, Inc. All Rights Reserved.
Copyright 2022-2025 Advanced Micro Devices, Inc. All Rights Reserved.
Running: /home/janek/2025.2/Vivado/bin/unwrapped/lnx64.o/xelab --incr --debug typical --relax --mt 8 -L xil_defaultlib -L xbip_utils_v3_0_15 -L axi_utils_v2_0_11 -L xbip_pipe_v3_0_11 -L fir_compiler_v7_2_26 -L c_reg_fd_v12_0_11 -L xbip_dsp48_wrapper_v3_0_7 -L c_addsub_v12_0_21 -L mult_gen_v12_0_24 -L cordic_v6_0_25 -L axis_infrastructure_v1_1_1 -L axis_register_slice_v1_1_35 -L axis_subset_converter_v1_1_36 -L c_shift_ram_v12_0_20 -L floating_point_v7_1_21 -L cmpy_v6_0_27 -L xfft_v9_1_15 -L xlconstant_v1_1_10 -L xlslice_v1_0_5 -L uvm -L unisims_ver -L unimacro_ver -L secureip -L xpm --snapshot tb_top_behav xil_defaultlib.tb_top xil_defaultlib.glbl -log elaborate.log 
Using 8 slave threads.
WARNING: [XSIM 43-3431] One or more environment variables have been detected which affect the operation of the C compiler. These are typically not set in standard installations and are not tested by AMD, however they may be appropriate for your system, so the flow will attempt to continue.  If errors occur, try running xelab with the "-mt off -v 1" switches to see more information from the C compiler. The following environment variables have been detected:
    LIBRARY_PATH
Starting static elaboration
Pass Through NonSizing Optimizer
WARNING: [VRFC 10-5024] signed/unsigned conversion for real expression [/home/janek/Magisterka/Intelligent-Vibroacoustic-Machine-Diagnostic-System-on-FPGA/Hilbert_with_fft/Hilbert_and_fft_test/Hilbert_and_fft_test.srcs/sim_1/new/top.sv:94]
WARNING: [VRFC 10-5024] signed/unsigned conversion for real expression [/home/janek/Magisterka/Intelligent-Vibroacoustic-Machine-Diagnostic-System-on-FPGA/Hilbert_with_fft/Hilbert_and_fft_test/Hilbert_and_fft_test.srcs/sim_1/new/top.sv:100]
WARNING: [VRFC 10-5024] signed/unsigned conversion for real expression [/home/janek/Magisterka/Intelligent-Vibroacoustic-Machine-Diagnostic-System-on-FPGA/Hilbert_with_fft/Hilbert_and_fft_test/Hilbert_and_fft_test.srcs/sim_1/new/top.sv:106]
WARNING: [VRFC 10-5021] port 's_axis_cartesian_tready' is not connected on this instance [/home/janek/Magisterka/Intelligent-Vibroacoustic-Machine-Diagnostic-System-on-FPGA/Hilbert_with_fft/Hilbert_and_fft_test/Hilbert_and_fft_test.ip_user_files/bd/Hilbert_fft/sim/Hilbert_fft.v:86]
WARNING: [VRFC 10-5021] port 'm_axis_dout_tvalid' is not connected on this instance [/home/janek/Magisterka/Intelligent-Vibroacoustic-Machine-Diagnostic-System-on-FPGA/Hilbert_with_fft/Hilbert_and_fft_test/Hilbert_and_fft_test.ip_user_files/bd/Hilbert_fft/sim/Hilbert_fft.v:91]
WARNING: [VRFC 10-5021] port 'm_axis_dout_tvalid' is not connected on this instance [/home/janek/Magisterka/Intelligent-Vibroacoustic-Machine-Diagnostic-System-on-FPGA/Hilbert_with_fft/Hilbert_and_fft_test/Hilbert_and_fft_test.ip_user_files/bd/Hilbert_fft/sim/Hilbert_fft.v:96]
WARNING: [VRFC 10-5021] port 'm_axis_dout_tvalid' is not connected on this instance [/home/janek/Magisterka/Intelligent-Vibroacoustic-Machine-Diagnostic-System-on-FPGA/Hilbert_with_fft/Hilbert_and_fft_test/Hilbert_and_fft_test.ip_user_files/bd/Hilbert_fft/sim/Hilbert_fft.v:101]
WARNING: [VRFC 10-5021] port 's_axis_config_tready' is not connected on this instance [/home/janek/Magisterka/Intelligent-Vibroacoustic-Machine-Diagnostic-System-on-FPGA/Hilbert_with_fft/Hilbert_and_fft_test/Hilbert_and_fft_test.ip_user_files/bd/Hilbert_fft/sim/Hilbert_fft.v:130]
Completed static elaboration
Starting simulation data flow analysis
Completed simulation data flow analysis
Time Resolution for simulation is 1ps
Compiling package std.standard
Compiling package std.textio
Compiling package ieee.std_logic_1164
Compiling package ieee.numeric_std
Compiling package cordic_v6_0_25.cordic_v6_0_25_viv_comp
Compiling package xbip_utils_v3_0_15.xbip_utils_v3_0_15_pkg
Compiling package xbip_pipe_v3_0_11.xbip_pipe_v3_0_11_viv_comp
Compiling package axi_utils_v2_0_11.axi_utils_v2_0_11_pkg
Compiling package ieee.math_real
Compiling package axi_utils_v2_0_11.global_util_pkg
Compiling package axi_utils_v2_0_11.axi_utils_comps
Compiling package mult_gen_v12_0_24.mult_gen_v12_0_24_pkg
Compiling package ieee.std_logic_arith
Compiling package ieee.std_logic_signed
Compiling package cordic_v6_0_25.cordic_pack
Compiling package cordic_v6_0_25.cordic_hdl_comps
Compiling package c_addsub_v12_0_21.c_addsub_v12_0_21_viv_comp
Compiling package c_addsub_v12_0_21.c_addsub_v12_0_21_pkg
Compiling package c_addsub_v12_0_21.c_addsub_v12_0_21_pkg_legacy
Compiling package c_reg_fd_v12_0_11.c_reg_fd_v12_0_11_viv_comp
Compiling package unisim.vcomponents
Compiling package fir_compiler_v7_2_26.fir_compiler_v7_2_26_viv_comp
Compiling package ieee.std_logic_textio
Compiling package fir_compiler_v7_2_26.globals_pkg
Compiling package fir_compiler_v7_2_26.components
Compiling package ieee.vital_timing
Compiling package ieee.vital_primitives
Compiling package unisim.vpkg
Compiling package xfft_v9_1_15.xfft_v9_1_15_viv_comp
Compiling package ieee.std_logic_unsigned
Compiling package cmpy_v6_0_27.cmpy_v6_0_27_pkg
Compiling package floating_point_v7_1_21.floating_point_v7_1_21_consts
Compiling package floating_point_v7_1_21.floating_point_v7_1_21_exp_table...
Compiling package floating_point_v7_1_21.floating_point_v7_1_21_pkg
Compiling package xfft_v9_1_15.pkg
Compiling package xfft_v9_1_15.xfft_v9_1_15_axi_pkg
Compiling package c_shift_ram_v12_0_20.c_shift_ram_v12_0_20_pkg
Compiling package xfft_v9_1_15.half_sincos_tw_table
Compiling package xpm.vcomponents
Compiling package mult_gen_v12_0_24.dsp_pkg
Compiling module xil_defaultlib.TDM_to_Parallel_Converter
Compiling module xil_defaultlib.Hilbert_fft_TDM_to_Parallel_Conv...
Compiling module axis_subset_converter_v1_1_36.axis_subset_converter_v1_1_36_co...
Compiling module xil_defaultlib.tdata_Hilbert_fft_axis_subset_co...
Compiling module xil_defaultlib.tuser_Hilbert_fft_axis_subset_co...
Compiling module xil_defaultlib.tid_Hilbert_fft_axis_subset_conv...
Compiling module xil_defaultlib.tdest_Hilbert_fft_axis_subset_co...
Compiling module xil_defaultlib.tstrb_Hilbert_fft_axis_subset_co...
Compiling module xil_defaultlib.tkeep_Hilbert_fft_axis_subset_co...
Compiling module xil_defaultlib.tlast_Hilbert_fft_axis_subset_co...
Compiling module xil_defaultlib.top_Hilbert_fft_axis_subset_conv...
Compiling module xil_defaultlib.Hilbert_fft_axis_subset_converte...
Compiling module xil_defaultlib.brancher
Compiling module xil_defaultlib.Hilbert_fft_brancher_0_0
Compiling architecture xilinx of entity axi_utils_v2_0_11.axi_slave_2to1 [\axi_slave_2to1(c_a_tdata_width=...]
Compiling architecture synth of entity xbip_pipe_v3_0_11.xbip_pipe_v3_0_11_viv [\xbip_pipe_v3_0_11_viv(c_latency...]
Compiling architecture structural of entity c_reg_fd_v12_0_11.c_reg_fd_v12_0_11_viv [\c_reg_fd_v12_0_11_viv(c_width=2...]
Compiling architecture muxcy_v of entity unisim.MUXCY [muxcy_default]
Compiling architecture xorcy_v of entity unisim.XORCY [xorcy_default]
Compiling architecture rtl of entity c_addsub_v12_0_21.c_addsub_v12_0_21_lut6_legacy [\c_addsub_v12_0_21_lut6_legacy(c...]
Compiling architecture synth of entity c_addsub_v12_0_21.c_addsub_v12_0_21_fabric_legacy [\c_addsub_v12_0_21_fabric_legacy...]
Compiling architecture synth of entity c_addsub_v12_0_21.c_addsub_v12_0_21_legacy [\c_addsub_v12_0_21_legacy(c_fami...]
Compiling architecture synth of entity c_addsub_v12_0_21.c_addsub_v12_0_21_viv [\c_addsub_v12_0_21_viv(c_xdevice...]
Compiling architecture synth of entity cordic_v6_0_25.addsub [\addsub(family="zynquplus",add_m...]
Compiling architecture rtl of entity c_addsub_v12_0_21.c_addsub_v12_0_21_lut6_legacy [\c_addsub_v12_0_21_lut6_legacy(c...]
Compiling architecture synth of entity c_addsub_v12_0_21.c_addsub_v12_0_21_fabric_legacy [\c_addsub_v12_0_21_fabric_legacy...]
Compiling architecture synth of entity c_addsub_v12_0_21.c_addsub_v12_0_21_legacy [\c_addsub_v12_0_21_legacy(c_fami...]
Compiling architecture synth of entity c_addsub_v12_0_21.c_addsub_v12_0_21_viv [\c_addsub_v12_0_21_viv(c_xdevice...]
Compiling architecture synth of entity cordic_v6_0_25.addsub [\addsub(family="zynquplus",add_m...]
Compiling architecture struct_all of entity cordic_v6_0_25.delay [\delay(delay_len=1,family="zynqu...]
Compiling architecture structural of entity c_reg_fd_v12_0_11.c_reg_fd_v12_0_11_viv [\c_reg_fd_v12_0_11_viv(c_width=2...]
Compiling architecture rtl of entity c_addsub_v12_0_21.c_addsub_v12_0_21_lut6_legacy [\c_addsub_v12_0_21_lut6_legacy(c...]
Compiling architecture synth of entity c_addsub_v12_0_21.c_addsub_v12_0_21_fabric_legacy [\c_addsub_v12_0_21_fabric_legacy...]
Compiling architecture synth of entity c_addsub_v12_0_21.c_addsub_v12_0_21_legacy [\c_addsub_v12_0_21_legacy(c_fami...]
Compiling architecture synth of entity c_addsub_v12_0_21.c_addsub_v12_0_21_viv [\c_addsub_v12_0_21_viv(c_xdevice...]
Compiling architecture synth of entity cordic_v6_0_25.addsub [\addsub(family="zynquplus",add_m...]
Compiling architecture struct_all of entity cordic_v6_0_25.delay [\delay(delay_len=1,family="zynqu...]
Compiling architecture struct_all of entity cordic_v6_0_25.delay_bit [\delay_bit(delay_len=2,family="z...]
Compiling architecture synth of entity cordic_v6_0_25.cordic_inp_config [\cordic_inp_config(p_xdevicefami...]
Compiling architecture synth of entity cordic_v6_0_25.cordic_dat_acc_slice_par [\cordic_dat_acc_slice_par(p_xdev...]
Compiling architecture synth of entity cordic_v6_0_25.cordic_pha_acc_slice_par [\cordic_pha_acc_slice_par(p_xdev...]
Compiling architecture struct_all of entity cordic_v6_0_25.delay [\delay(delay_len=1,family="zynqu...]
Compiling architecture struct_all of entity cordic_v6_0_25.delay_bit [\delay_bit(delay_len=1,family="z...]
Compiling architecture synth of entity cordic_v6_0_25.cordic_ctrl_slice_par [\cordic_ctrl_slice_par(p_xdevice...]
Compiling architecture synth of entity cordic_v6_0_25.cordic_eng_slice_par [\cordic_eng_slice_par(p_xdevicef...]
Compiling architecture synth of entity cordic_v6_0_25.cordic_dat_acc_slice_par [\cordic_dat_acc_slice_par(p_xdev...]
Compiling architecture synth of entity cordic_v6_0_25.cordic_eng_slice_par [\cordic_eng_slice_par(p_xdevicef...]
Compiling architecture synth of entity cordic_v6_0_25.cordic_dat_acc_slice_par [\cordic_dat_acc_slice_par(p_xdev...]
Compiling architecture synth of entity cordic_v6_0_25.cordic_eng_slice_par [\cordic_eng_slice_par(p_xdevicef...]
Compiling architecture synth of entity cordic_v6_0_25.cordic_dat_acc_slice_par [\cordic_dat_acc_slice_par(p_xdev...]
Compiling architecture synth of entity cordic_v6_0_25.cordic_eng_slice_par [\cordic_eng_slice_par(p_xdevicef...]
Compiling architecture synth of entity cordic_v6_0_25.cordic_dat_acc_slice_par [\cordic_dat_acc_slice_par(p_xdev...]
Compiling architecture synth of entity cordic_v6_0_25.cordic_eng_slice_par [\cordic_eng_slice_par(p_xdevicef...]
Compiling architecture synth of entity cordic_v6_0_25.cordic_dat_acc_slice_par [\cordic_dat_acc_slice_par(p_xdev...]
Compiling architecture synth of entity cordic_v6_0_25.cordic_eng_slice_par [\cordic_eng_slice_par(p_xdevicef...]
Compiling architecture synth of entity cordic_v6_0_25.cordic_dat_acc_slice_par [\cordic_dat_acc_slice_par(p_xdev...]
Compiling architecture synth of entity cordic_v6_0_25.cordic_eng_slice_par [\cordic_eng_slice_par(p_xdevicef...]
Compiling architecture synth of entity cordic_v6_0_25.cordic_dat_acc_slice_par [\cordic_dat_acc_slice_par(p_xdev...]
Compiling architecture synth of entity cordic_v6_0_25.cordic_eng_slice_par [\cordic_eng_slice_par(p_xdevicef...]
Compiling architecture synth of entity cordic_v6_0_25.cordic_dat_acc_slice_par [\cordic_dat_acc_slice_par(p_xdev...]
Compiling architecture synth of entity cordic_v6_0_25.cordic_eng_slice_par [\cordic_eng_slice_par(p_xdevicef...]
Compiling architecture synth of entity cordic_v6_0_25.cordic_dat_acc_slice_par [\cordic_dat_acc_slice_par(p_xdev...]
Compiling architecture synth of entity cordic_v6_0_25.cordic_eng_slice_par [\cordic_eng_slice_par(p_xdevicef...]
Compiling architecture synth of entity cordic_v6_0_25.cordic_dat_acc_slice_par [\cordic_dat_acc_slice_par(p_xdev...]
Compiling architecture synth of entity cordic_v6_0_25.cordic_eng_slice_par [\cordic_eng_slice_par(p_xdevicef...]
Compiling architecture synth of entity cordic_v6_0_25.cordic_dat_acc_slice_par [\cordic_dat_acc_slice_par(p_xdev...]
Compiling architecture synth of entity cordic_v6_0_25.cordic_eng_slice_par [\cordic_eng_slice_par(p_xdevicef...]
Compiling architecture synth of entity cordic_v6_0_25.cordic_dat_acc_slice_par [\cordic_dat_acc_slice_par(p_xdev...]
Compiling architecture synth of entity cordic_v6_0_25.cordic_eng_slice_par [\cordic_eng_slice_par(p_xdevicef...]
Compiling architecture synth of entity cordic_v6_0_25.cordic_dat_acc_slice_par [\cordic_dat_acc_slice_par(p_xdev...]
Compiling architecture synth of entity cordic_v6_0_25.cordic_eng_slice_par [\cordic_eng_slice_par(p_xdevicef...]
Compiling architecture synth of entity cordic_v6_0_25.cordic_eng [\cordic_eng(p_xdevicefamily="zyn...]
Compiling architecture struct_all of entity cordic_v6_0_25.delay [\delay(delay_len=2,family="zynqu...]
Compiling architecture structural of entity c_reg_fd_v12_0_11.c_reg_fd_v12_0_11_viv [\c_reg_fd_v12_0_11_viv(c_width=2...]
Compiling architecture rtl of entity c_addsub_v12_0_21.c_addsub_v12_0_21_lut6_legacy [\c_addsub_v12_0_21_lut6_legacy(c...]
Compiling architecture synth of entity c_addsub_v12_0_21.c_addsub_v12_0_21_fabric_legacy [\c_addsub_v12_0_21_fabric_legacy...]
Compiling architecture synth of entity c_addsub_v12_0_21.c_addsub_v12_0_21_legacy [\c_addsub_v12_0_21_legacy(c_fami...]
Compiling architecture synth of entity c_addsub_v12_0_21.c_addsub_v12_0_21_viv [\c_addsub_v12_0_21_viv(c_xdevice...]
Compiling architecture synth of entity cordic_v6_0_25.addsub [\addsub(family="zynquplus",add_m...]
Compiling architecture synth of entity cordic_v6_0_25.cordic_round [\cordic_round(p_xdevicefamily="z...]
Compiling architecture struct_all of entity cordic_v6_0_25.delay_bit [\delay_bit(delay_len=0,family="z...]
Compiling architecture synth of entity cordic_v6_0_25.cordic_out_config [\cordic_out_config(p_xdevicefami...]
Compiling architecture synth of entity cordic_v6_0_25.cordic_v6_0_25_synth [\cordic_v6_0_25_synth(c_architec...]
Compiling architecture synth of entity cordic_v6_0_25.cordic_v6_0_25_viv [\cordic_v6_0_25_viv(c_architectu...]
Compiling architecture xilinx of entity cordic_v6_0_25.cordic_v6_0_25 [\cordic_v6_0_25(c_architecture=2...]
Compiling architecture hilbert_fft_cordic_0_0_arch of entity xil_defaultlib.Hilbert_fft_cordic_0_0 [hilbert_fft_cordic_0_0_default]
Compiling architecture synth of entity cordic_v6_0_25.cordic_v6_0_25_viv [\cordic_v6_0_25_viv(c_architectu...]
Compiling architecture xilinx of entity cordic_v6_0_25.cordic_v6_0_25 [\cordic_v6_0_25(c_architecture=2...]
Compiling architecture hilbert_fft_cordic_1_3_arch of entity xil_defaultlib.Hilbert_fft_cordic_1_3 [hilbert_fft_cordic_1_3_default]
Compiling architecture hilbert_fft_cordic_1_4_arch of entity xil_defaultlib.Hilbert_fft_cordic_1_4 [hilbert_fft_cordic_1_4_default]
Compiling architecture hilbert_fft_cordic_1_5_arch of entity xil_defaultlib.Hilbert_fft_cordic_1_5 [hilbert_fft_cordic_1_5_default]
Compiling module xil_defaultlib.fir0_spy
Compiling module xil_defaultlib.Hilbert_fft_fir0_spy_0_0
Compiling module xil_defaultlib.Hilbert_fft_fir0_spy_0_2
Compiling architecture xilinx of entity axi_utils_v2_0_11.glb_srl_fifo [\glb_srl_fifo(width=17,has_ifx=t...]
Compiling architecture xilinx of entity axi_utils_v2_0_11.glb_ifx_slave [\glb_ifx_slave(width=17,has_ifx=...]
Compiling architecture synth of entity fir_compiler_v7_2_26.delay [\delay(c_delay_len=1,c_xdevicefa...]
Compiling architecture synth of entity fir_compiler_v7_2_26.delay [\delay(c_delay_len=2,c_xdevicefa...]
Compiling architecture synth of entity fir_compiler_v7_2_26.delay [\delay(c_delay_len=4,c_xdevicefa...]
Compiling architecture synth of entity fir_compiler_v7_2_26.delay [\delay(c_delay_len=3,c_xdevicefa...]
Compiling architecture synth of entity fir_compiler_v7_2_26.dpt_mem [\dpt_mem(c_xdevicefamily="zynqup...]
Compiling architecture synth of entity fir_compiler_v7_2_26.filt_mem [\filt_mem(c_xdevicefamily="zynqu...]
Compiling architecture synth of entity fir_compiler_v7_2_26.sp_mem [\sp_mem(c_xdevicefamily="zynqupl...]
Compiling architecture synth of entity fir_compiler_v7_2_26.filt_mem [\filt_mem(c_xdevicefamily="zynqu...]
Compiling architecture synth of entity fir_compiler_v7_2_26.cntrl_delay [\cntrl_delay(c_delay_len=0,c_mem...]
Compiling architecture synth of entity fir_compiler_v7_2_26.delay [\delay(c_delay_len=3,c_xdevicefa...]
Compiling architecture synth of entity fir_compiler_v7_2_26.buff [\buff(c_xdevicefamily="zynquplus...]
Compiling architecture synth of entity fir_compiler_v7_2_26.delay [\delay(c_delay_len=0,c_xdevicefa...]
Compiling architecture synth of entity fir_compiler_v7_2_26.delay [\delay(c_delay_len=0,c_xdevicefa...]
Compiling architecture synth of entity fir_compiler_v7_2_26.delay [\delay(c_delay_len=0,c_xdevicefa...]
Compiling architecture dsp48e2_v of entity unisim.DSP48E2 [\DSP48E2(amultsel="AD",mask="111...]
Compiling architecture synth of entity fir_compiler_v7_2_26.calc [\calc(c_xdevicefamily="zynquplus...]
Compiling architecture synth of entity fir_compiler_v7_2_26.addsub_mult_accum [\addsub_mult_accum(c_xdevicefami...]
Compiling architecture synth of entity fir_compiler_v7_2_26.delay [\delay(c_delay_len=1,c_xdevicefa...]
Compiling architecture synth of entity fir_compiler_v7_2_26.delay [\delay(c_delay_len=0,c_xdevicefa...]
Compiling architecture synth of entity fir_compiler_v7_2_26.delay [\delay(c_delay_len=0,c_xdevicefa...]
Compiling architecture synth of entity fir_compiler_v7_2_26.delay [\delay(c_delay_len=2,c_xdevicefa...]
Compiling architecture synth of entity fir_compiler_v7_2_26.delay [\delay(c_delay_len=0,c_xdevicefa...]
Compiling architecture synth of entity fir_compiler_v7_2_26.delay [\delay(c_delay_len=1,c_xdevicefa...]
Compiling architecture synth of entity fir_compiler_v7_2_26.delay [\delay(c_delay_len=4,c_xdevicefa...]
Compiling architecture synth of entity fir_compiler_v7_2_26.delay [\delay(c_delay_len=7,c_xdevicefa...]
Compiling architecture xilinx of entity axi_utils_v2_0_11.glb_srl_fifo [\glb_srl_fifo(width=35,has_uvpro...]
Compiling architecture xilinx of entity axi_utils_v2_0_11.glb_ifx_master [\glb_ifx_master(width=35)\]
Compiling architecture synth of entity fir_compiler_v7_2_26.single_rate [\single_rate(c_xdevicefamily="zy...]
Compiling architecture synth of entity fir_compiler_v7_2_26.fir_compiler_v7_2_26_viv [\fir_compiler_v7_2_26_viv(c_xdev...]
Compiling architecture xilinx of entity fir_compiler_v7_2_26.fir_compiler_v7_2_26 [\fir_compiler_v7_2_26(c_xdevicef...]
Compiling architecture hilbert_fft_fir_compiler_0_0_arch of entity xil_defaultlib.Hilbert_fft_fir_compiler_0_0 [hilbert_fft_fir_compiler_0_0_def...]
Compiling architecture rb18_internal_vhdl_v of entity unisim.RB18_INTERNAL_VHDL [\RB18_INTERNAL_VHDL(bram_size=18...]
Compiling architecture ramb18e1_v of entity unisim.RAMB18E1 [\RAMB18E1(doa_reg=1,dob_reg=1,ra...]
Compiling architecture xilinx of entity xfft_v9_1_15.dpm [\dpm(c_xdevicefamily="zynquplus"...]
Compiling architecture xilinx of entity xfft_v9_1_15.shift_ram [\shift_ram(c_xdevicefamily="zynq...]
Compiling architecture xilinx of entity xfft_v9_1_15.mux_bus4 [\mux_bus4(c_xdevicefamily="zynqu...]
Compiling architecture xilinx of entity xfft_v9_1_15.mux_bus2 [\mux_bus2(c_xdevicefamily="zynqu...]
Compiling architecture xilinx of entity xfft_v9_1_15.mux_bus4 [\mux_bus4(c_xdevicefamily="zynqu...]
Compiling architecture xilinx of entity xfft_v9_1_15.arith_shift3 [\arith_shift3(c_xdevicefamily="z...]
Compiling architecture xilinx of entity xfft_v9_1_15.shift_ram [\shift_ram(c_xdevicefamily="zynq...]
Compiling architecture xilinx of entity cmpy_v6_0_27.delay_line [\delay_line(c_xdevicefamily="zyn...]
Compiling architecture xilinx of entity cmpy_v6_0_27.delay_line [\delay_line(c_xdevicefamily="zyn...]
Compiling architecture xilinx of entity mult_gen_v12_0_24.delay_line [\delay_line(c_xdevicefamily="zyn...]
Compiling architecture xilinx of entity mult_gen_v12_0_24.delay_line [\delay_line(c_xdevicefamily="zyn...]
Compiling architecture dsp48e2_v of entity unisim.DSP48E2 [\DSP48E2(acascreg=2,alumodereg=0...]
Compiling architecture xilinx of entity mult_gen_v12_0_24.delay_line [\delay_line(c_xdevicefamily="zyn...]
Compiling architecture xilinx of entity mult_gen_v12_0_24.op_resize [\op_resize(ai_width=17,bi_width=...]
Compiling architecture xilinx of entity mult_gen_v12_0_24.dsp [\dsp(c_xdevicefamily="zynquplus"...]
Compiling architecture xilinx of entity cmpy_v6_0_27.cmpy_3_dsp48_mult [\cmpy_3_dsp48_mult(c_xdevicefami...]
Compiling architecture xilinx of entity mult_gen_v12_0_24.delay_line [\delay_line(c_xdevicefamily="zyn...]
Compiling architecture xilinx of entity mult_gen_v12_0_24.delay_line [\delay_line(c_xdevicefamily="zyn...]
Compiling architecture dsp48e2_v of entity unisim.DSP48E2 [\DSP48E2(alumodereg=0,amultsel="...]
Compiling architecture xilinx of entity mult_gen_v12_0_24.op_resize [\op_resize(ai_width=18,ao_width=...]
Compiling architecture xilinx of entity mult_gen_v12_0_24.dsp [\dsp(c_xdevicefamily="zynquplus"...]
Compiling architecture xilinx of entity cmpy_v6_0_27.cmpy_3_dsp48_mult [\cmpy_3_dsp48_mult(c_xdevicefami...]
Compiling architecture xilinx of entity mult_gen_v12_0_24.dsp [\dsp(c_xdevicefamily="zynquplus"...]
Compiling architecture xilinx of entity cmpy_v6_0_27.cmpy_3_dsp48_mult [\cmpy_3_dsp48_mult(c_xdevicefami...]
Compiling architecture xilinx of entity cmpy_v6_0_27.input_negation [\input_negation(c_xdevicefamily=...]
Compiling architecture xilinx of entity cmpy_v6_0_27.delay_line [\delay_line(c_xdevicefamily="zyn...]
Compiling architecture xilinx of entity cmpy_v6_0_27.delay_line [\delay_line(c_xdevicefamily="zyn...]
Compiling architecture xilinx of entity cmpy_v6_0_27.cmpy_3_dsp48 [\cmpy_3_dsp48(c_xdevicefamily="z...]
Compiling architecture xilinx of entity cmpy_v6_0_27.cmpy_v6_0_27_synth [\cmpy_v6_0_27_synth(c_xdevicefam...]
Compiling architecture xilinx of entity xfft_v9_1_15.cmpy [\cmpy(c_xdevicefamily="zynquplus...]
Compiling architecture structural of entity c_reg_fd_v12_0_11.c_reg_fd_v12_0_11_viv [\c_reg_fd_v12_0_11_viv(c_width=2...]
Compiling architecture rtl of entity c_addsub_v12_0_21.c_addsub_v12_0_21_lut6_legacy [\c_addsub_v12_0_21_lut6_legacy(c...]
Compiling architecture synth of entity c_addsub_v12_0_21.c_addsub_v12_0_21_fabric_legacy [\c_addsub_v12_0_21_fabric_legacy...]
Compiling architecture synth of entity c_addsub_v12_0_21.c_addsub_v12_0_21_legacy [\c_addsub_v12_0_21_legacy(c_fami...]
Compiling architecture synth of entity c_addsub_v12_0_21.c_addsub_v12_0_21_viv [\c_addsub_v12_0_21_viv(c_xdevice...]
Compiling architecture xilinx of entity xfft_v9_1_15.adder [\adder(c_xdevicefamily="zynquplu...]
Compiling architecture rtl of entity c_addsub_v12_0_21.c_addsub_v12_0_21_lut6_legacy [\c_addsub_v12_0_21_lut6_legacy(c...]
Compiling architecture synth of entity c_addsub_v12_0_21.c_addsub_v12_0_21_fabric_legacy [\c_addsub_v12_0_21_fabric_legacy...]
Compiling architecture synth of entity c_addsub_v12_0_21.c_addsub_v12_0_21_legacy [\c_addsub_v12_0_21_legacy(c_fami...]
Compiling architecture synth of entity c_addsub_v12_0_21.c_addsub_v12_0_21_viv [\c_addsub_v12_0_21_viv(c_xdevice...]
Compiling architecture xilinx of entity xfft_v9_1_15.subtracter [\subtracter(c_xdevicefamily="zyn...]
Compiling architecture xilinx of entity xfft_v9_1_15.butterfly [\butterfly(c_xdevicefamily="zynq...]
Compiling architecture xilinx of entity xfft_v9_1_15.r2_pe [\r2_pe(c_xdevicefamily="zynquplu...]
Compiling architecture xilinx of entity xfft_v9_1_15.r2_datapath [\r2_datapath(c_xdevicefamily="zy...]
Compiling architecture xilinx of entity xfft_v9_1_15.r2_pe [\r2_pe(c_xdevicefamily="zynquplu...]
Compiling architecture xilinx of entity xfft_v9_1_15.r2_datapath [\r2_datapath(c_xdevicefamily="zy...]
Compiling architecture xilinx of entity xfft_v9_1_15.r2_pe [\r2_pe(c_xdevicefamily="zynquplu...]
Compiling architecture xilinx of entity xfft_v9_1_15.r2_datapath [\r2_datapath(c_xdevicefamily="zy...]
Compiling architecture struct of entity c_shift_ram_v12_0_20.c_shift_ram_v12_0_20_legacy [\c_shift_ram_v12_0_20_legacy(c_x...]
Compiling architecture synth of entity c_shift_ram_v12_0_20.c_shift_ram_v12_0_20_viv [\c_shift_ram_v12_0_20_viv(c_xdev...]
Compiling architecture xilinx of entity xfft_v9_1_15.shift_ram [\shift_ram(c_xdevicefamily="zynq...]
Compiling architecture fdre_v of entity unisim.FDRE [fdre_default]
Compiling architecture lut6_v of entity unisim.LUT6 [\LUT6(init="11111111000000001111...]
Compiling architecture muxf7_v of entity unisim.MUXF7 [muxf7_default]
Compiling architecture muxf8_v of entity unisim.MUXF8 [muxf8_default]
Compiling architecture xilinx of entity xfft_v9_1_15.mux_bus16 [\mux_bus16(c_xdevicefamily="zynq...]
Compiling architecture xilinx of entity xfft_v9_1_15.xor_bit_gate [\xor_bit_gate(c_inputs=10)\]
Compiling architecture xilinx of entity xfft_v9_1_15.r2_in_addr [\r2_in_addr(c_xdevicefamily="zyn...]
Compiling architecture xilinx of entity xfft_v9_1_15.shift_ram [\shift_ram(c_xdevicefamily="zynq...]
Compiling architecture xilinx of entity xfft_v9_1_15.mux_bus4 [\mux_bus4(c_xdevicefamily="zynqu...]
Compiling architecture xilinx of entity xfft_v9_1_15.xor_bit_gate [\xor_bit_gate(c_inputs=9)\]
Compiling architecture xilinx of entity xfft_v9_1_15.r2_rw_addr [\r2_rw_addr(c_xdevicefamily="zyn...]
Compiling architecture srl16e_v of entity unisim.SRL16E [\SRL16E(0,15)\]
Compiling architecture xilinx of entity xfft_v9_1_15.shift_ram [\shift_ram(c_xdevicefamily="zynq...]
Compiling architecture lut3_v of entity unisim.LUT3 [\LUT3(init="11001010")(0,7)\]
Compiling architecture xilinx of entity xfft_v9_1_15.mux_bus2 [\mux_bus2(c_xdevicefamily="zynqu...]
Compiling architecture struct of entity c_shift_ram_v12_0_20.c_shift_ram_v12_0_20_legacy [\c_shift_ram_v12_0_20_legacy(c_x...]
Compiling architecture synth of entity c_shift_ram_v12_0_20.c_shift_ram_v12_0_20_viv [\c_shift_ram_v12_0_20_viv(c_xdev...]
Compiling architecture xilinx of entity xfft_v9_1_15.shift_ram [\shift_ram(c_xdevicefamily="zynq...]
Compiling architecture xilinx of entity xfft_v9_1_15.shift_ram [\shift_ram(c_xdevicefamily="zynq...]
Compiling architecture struct of entity c_shift_ram_v12_0_20.c_shift_ram_v12_0_20_legacy [\c_shift_ram_v12_0_20_legacy(c_x...]
Compiling architecture synth of entity c_shift_ram_v12_0_20.c_shift_ram_v12_0_20_viv [\c_shift_ram_v12_0_20_viv(c_xdev...]
Compiling architecture xilinx of entity xfft_v9_1_15.shift_ram [\shift_ram(c_xdevicefamily="zynq...]
Compiling architecture vcc_v of entity unisim.VCC [vcc_default]
Compiling architecture xilinx of entity xfft_v9_1_15.twgen_half_sincos [\twgen_half_sincos(c_xdevicefami...]
Compiling architecture xilinx of entity xfft_v9_1_15.twiddle_gen [\twiddle_gen(c_xdevicefamily="zy...]
Compiling architecture xilinx of entity xfft_v9_1_15.mux_bus16 [\mux_bus16(c_xdevicefamily="zynq...]
Compiling architecture xilinx of entity xfft_v9_1_15.r2_tw_addr [\r2_tw_addr(c_xdevicefamily="zyn...]
Compiling architecture xilinx of entity xfft_v9_1_15.shift_ram [\shift_ram(c_xdevicefamily="zynq...]
Compiling architecture xilinx of entity xfft_v9_1_15.shift_ram [\shift_ram(c_xdevicefamily="zynq...]
Compiling architecture struct of entity c_shift_ram_v12_0_20.c_shift_ram_v12_0_20_legacy [\c_shift_ram_v12_0_20_legacy(c_x...]
Compiling architecture synth of entity c_shift_ram_v12_0_20.c_shift_ram_v12_0_20_viv [\c_shift_ram_v12_0_20_viv(c_xdev...]
Compiling architecture xilinx of entity xfft_v9_1_15.shift_ram [\shift_ram(c_xdevicefamily="zynq...]
Compiling architecture xilinx of entity xfft_v9_1_15.shift_ram [\shift_ram(c_xdevicefamily="zynq...]
Compiling architecture xilinx of entity xfft_v9_1_15.shift_ram [\shift_ram(c_xdevicefamily="zynq...]
Compiling architecture fde_v of entity unisim.FDE [fde_default]
Compiling architecture rtl of entity c_addsub_v12_0_21.c_addsub_v12_0_21_lut6_legacy [\c_addsub_v12_0_21_lut6_legacy(c...]
Compiling architecture synth of entity c_addsub_v12_0_21.c_addsub_v12_0_21_fabric_legacy [\c_addsub_v12_0_21_fabric_legacy...]
Compiling architecture synth of entity c_addsub_v12_0_21.c_addsub_v12_0_21_legacy [\c_addsub_v12_0_21_legacy(c_fami...]
Compiling architecture synth of entity c_addsub_v12_0_21.c_addsub_v12_0_21_viv [\c_addsub_v12_0_21_viv(c_xdevice...]
Compiling architecture xilinx of entity xfft_v9_1_15.equ_rtl [\equ_rtl(c_xdevicefamily="zynqup...]
Compiling architecture xilinx of entity xfft_v9_1_15.cnt_tc_rtl [\cnt_tc_rtl(c_xdevicefamily="zyn...]
Compiling architecture xilinx of entity xfft_v9_1_15.shift_ram [\shift_ram(c_xdevicefamily="zynq...]
Compiling architecture xilinx of entity xfft_v9_1_15.reg_rs_rtl [reg_rs_rtl_default]
Compiling architecture rtl of entity c_addsub_v12_0_21.c_addsub_v12_0_21_lut6_legacy [\c_addsub_v12_0_21_lut6_legacy(c...]
Compiling architecture synth of entity c_addsub_v12_0_21.c_addsub_v12_0_21_fabric_legacy [\c_addsub_v12_0_21_fabric_legacy...]
Compiling architecture synth of entity c_addsub_v12_0_21.c_addsub_v12_0_21_legacy [\c_addsub_v12_0_21_legacy(c_fami...]
Compiling architecture synth of entity c_addsub_v12_0_21.c_addsub_v12_0_21_viv [\c_addsub_v12_0_21_viv(c_xdevice...]
Compiling architecture lut6_v of entity unisim.LUT6 [\LUT6(init="10010000000010010000...]
Compiling architecture xilinx of entity xfft_v9_1_15.equ_rtl [\equ_rtl(c_xdevicefamily="zynqup...]
Compiling architecture xilinx of entity xfft_v9_1_15.cnt_tc_rtl [\cnt_tc_rtl(c_xdevicefamily="zyn...]
Compiling architecture rtl of entity c_addsub_v12_0_21.c_addsub_v12_0_21_lut6_legacy [\c_addsub_v12_0_21_lut6_legacy(c...]
Compiling architecture synth of entity c_addsub_v12_0_21.c_addsub_v12_0_21_fabric_legacy [\c_addsub_v12_0_21_fabric_legacy...]
Compiling architecture synth of entity c_addsub_v12_0_21.c_addsub_v12_0_21_legacy [\c_addsub_v12_0_21_legacy(c_fami...]
Compiling architecture synth of entity c_addsub_v12_0_21.c_addsub_v12_0_21_viv [\c_addsub_v12_0_21_viv(c_xdevice...]
Compiling architecture xilinx of entity xfft_v9_1_15.equ_rtl [\equ_rtl(c_xdevicefamily="zynqup...]
Compiling architecture xilinx of entity xfft_v9_1_15.cnt_tc_rtl [\cnt_tc_rtl(c_xdevicefamily="zyn...]
Compiling architecture rtl of entity c_addsub_v12_0_21.c_addsub_v12_0_21_lut6_legacy [\c_addsub_v12_0_21_lut6_legacy(c...]
Compiling architecture synth of entity c_addsub_v12_0_21.c_addsub_v12_0_21_fabric_legacy [\c_addsub_v12_0_21_fabric_legacy...]
Compiling architecture synth of entity c_addsub_v12_0_21.c_addsub_v12_0_21_legacy [\c_addsub_v12_0_21_legacy(c_fami...]
Compiling architecture synth of entity c_addsub_v12_0_21.c_addsub_v12_0_21_viv [\c_addsub_v12_0_21_viv(c_xdevice...]
Compiling architecture xilinx of entity xfft_v9_1_15.equ_rtl [\equ_rtl(c_xdevicefamily="zynqup...]
Compiling architecture xilinx of entity xfft_v9_1_15.cnt_tc_rtl [\cnt_tc_rtl(c_xdevicefamily="zyn...]
Compiling architecture xilinx of entity xfft_v9_1_15.flow_control_c [\flow_control_c(c_xdevicefamily=...]
Compiling architecture xilinx of entity xfft_v9_1_15.shift_ram [\shift_ram(c_xdevicefamily="zynq...]
Compiling architecture structural of entity c_reg_fd_v12_0_11.c_reg_fd_v12_0_11_viv [\c_reg_fd_v12_0_11_viv(c_sync_pr...]
Compiling architecture struct of entity c_shift_ram_v12_0_20.c_shift_ram_v12_0_20_legacy [\c_shift_ram_v12_0_20_legacy(c_x...]
Compiling architecture synth of entity c_shift_ram_v12_0_20.c_shift_ram_v12_0_20_viv [\c_shift_ram_v12_0_20_viv(c_xdev...]
Compiling architecture xilinx of entity xfft_v9_1_15.shift_ram [\shift_ram(c_xdevicefamily="zynq...]
Compiling architecture xilinx of entity xfft_v9_1_15.r2_control [\r2_control(c_xdevicefamily="zyn...]
Compiling architecture xilinx of entity xfft_v9_1_15.xfft_v9_1_15_c [\xfft_v9_1_15_c(c_channels=3,c_x...]
Compiling architecture synth of entity xfft_v9_1_15.xfft_v9_1_15_core [\xfft_v9_1_15_core(c_xdevicefami...]
Compiling architecture xilinx of entity axi_utils_v2_0_11.glb_srl_fifo [\glb_srl_fifo(width=97,has_uvpro...]
Compiling architecture xilinx of entity axi_utils_v2_0_11.glb_ifx_slave [\glb_ifx_slave(width=97,has_uvpr...]
Compiling architecture synth of entity xfft_v9_1_15.axi_wrapper_input_fifo [\axi_wrapper_input_fifo(c_fifo_w...]
Compiling architecture xilinx of entity axi_utils_v2_0_11.glb_srl_fifo [\glb_srl_fifo(width=63,has_uvpro...]
Compiling architecture xilinx of entity axi_utils_v2_0_11.glb_ifx_slave [\glb_ifx_slave(width=63,has_uvpr...]
Compiling architecture synth of entity xfft_v9_1_15.axi_wrapper_input_fifo [\axi_wrapper_input_fifo(c_fifo_w...]
Compiling architecture xilinx of entity axi_utils_v2_0_11.glb_srl_fifo [\glb_srl_fifo(width=97,has_uvpro...]
Compiling architecture xilinx of entity axi_utils_v2_0_11.glb_ifx_master [\glb_ifx_master(width=97,afull_t...]
Compiling architecture synth of entity xfft_v9_1_15.axi_wrapper_output_fifo [\axi_wrapper_output_fifo(c_fifo_...]
Compiling architecture synth of entity xfft_v9_1_15.axi_wrapper [\axi_wrapper(c_channels=3,c_nfft...]
Compiling architecture synth of entity xfft_v9_1_15.xfft_v9_1_15_viv [\xfft_v9_1_15_viv(c_xdevicefamil...]
Compiling architecture xilinx of entity xfft_v9_1_15.xfft_v9_1_15 [\xfft_v9_1_15(c_xdevicefamily="z...]
Compiling architecture hilbert_fft_xfft_0_0_arch of entity xil_defaultlib.Hilbert_fft_xfft_0_0 [hilbert_fft_xfft_0_0_default]
Compiling module xlconstant_v1_1_10.xlconstant_v1_1_10_xlconstant(CO...
Compiling module xil_defaultlib.Hilbert_fft_xlconstant_0_0
Compiling module xlconstant_v1_1_10.xlconstant_v1_1_10_xlconstant
Compiling module xil_defaultlib.Hilbert_fft_xlconstant_1_0
Compiling module xlslice_v1_0_5.xlslice_v1_0_5_xlslice(DIN_WIDTH...
Compiling module xil_defaultlib.Hilbert_fft_xlslice_0_0
Compiling module xil_defaultlib.Hilbert_fft
Compiling module xil_defaultlib.tb_top
Compiling module xil_defaultlib.glbl
Built simulation snapshot tb_top_behav
execute_script: Time (s): cpu = 00:00:32 ; elapsed = 00:00:17 . Memory (MB): peak = 11031.199 ; gain = 0.000 ; free physical = 21136 ; free virtual = 39405
INFO: [USF-XSim-69] 'elaborate' step finished in '16' seconds
INFO: [USF-XSim-4] XSim::Simulate design
INFO: [USF-XSim-61] Executing 'SIMULATE' step in '/home/janek/Magisterka/Intelligent-Vibroacoustic-Machine-Diagnostic-System-on-FPGA/Hilbert_with_fft/Hilbert_and_fft_test/Hilbert_and_fft_test.sim/sim_1/behav/xsim'
INFO: [USF-XSim-98] *** Running xsim
   with args "tb_top_behav -key {Behavioral:sim_1:Functional:tb_top} -tclbatch {tb_top.tcl} -protoinst "protoinst_files/Hilbert_fft.protoinst" -log {simulate.log}"
INFO: [USF-XSim-8] Loading simulator feature
INFO: [Wavedata 42-565] Reading protoinst file protoinst_files/Hilbert_fft.protoinst
INFO: [Wavedata 42-564]   Found protocol instance at /tb_top/Hilbert_fft//TDM_to_Parallel_Conv_0/m_axis
INFO: [Wavedata 42-564]   Found protocol instance at /tb_top/Hilbert_fft//xfft_0/S_AXIS_DATA
Time resolution is 1 ps
source tb_top.tcl
# set curr_wave [current_wave_config]
# if { [string length $curr_wave] == 0 } {
#   if { [llength [get_objects]] > 0} {
#     add_wave /
#     set_property needs_save false [current_wave_config]
#   } else {
#      send_msg_id Add_Wave-1 WARNING "No top level signals found. Simulator will start without a wave window. If you want to open a wave window go to 'File->New Waveform Configuration' or type 'create_wave_config' in the TCL console."
#   }
# }
# run 1000ns
START SYMULACJI - Generowanie danych TDM dla 3 kanalow
Note:   - SCALING_SCH: in_ptr = 3, out_ptr = 3
Time: 0 ps  Iteration: 0  Process: /tb_top/Hilbert_fft/xfft_0/U0/i_synth/axi_wrapper/gen_config_fifo_in/line__94240  File: /home/janek/2025.2/Vivado/data/ip/xilinx/xfft_v9_1/hdl/xfft_v9_1_vh_rfs.vhd
Note:     - C_CHANNELS  = 3
Time: 0 ps  Iteration: 0  Process: /tb_top/Hilbert_fft/xfft_0/U0/i_synth/axi_wrapper/gen_config_fifo_in/line__94240  File: /home/janek/2025.2/Vivado/data/ip/xilinx/xfft_v9_1/hdl/xfft_v9_1_vh_rfs.vhd
Note:     - field_width = 60
Time: 0 ps  Iteration: 0  Process: /tb_top/Hilbert_fft/xfft_0/U0/i_synth/axi_wrapper/gen_config_fifo_in/line__94240  File: /home/janek/2025.2/Vivado/data/ip/xilinx/xfft_v9_1/hdl/xfft_v9_1_vh_rfs.vhd
Note:   - Copying SCALE_SCH from 62 downto 3 to 62 downto 3
Time: 0 ps  Iteration: 0  Process: /tb_top/Hilbert_fft/xfft_0/U0/i_synth/axi_wrapper/gen_config_fifo_in/line__94240  File: /home/janek/2025.2/Vivado/data/ip/xilinx/xfft_v9_1/hdl/xfft_v9_1_vh_rfs.vhd
Note:   - SCALING_SCH: in_ptr = 3, out_ptr = 3
Time: 0 ps  Iteration: 1  Process: /tb_top/Hilbert_fft/xfft_0/U0/i_synth/axi_wrapper/gen_config_fifo_in/line__94240  File: /home/janek/2025.2/Vivado/data/ip/xilinx/xfft_v9_1/hdl/xfft_v9_1_vh_rfs.vhd
Note:     - C_CHANNELS  = 3
Time: 0 ps  Iteration: 1  Process: /tb_top/Hilbert_fft/xfft_0/U0/i_synth/axi_wrapper/gen_config_fifo_in/line__94240  File: /home/janek/2025.2/Vivado/data/ip/xilinx/xfft_v9_1/hdl/xfft_v9_1_vh_rfs.vhd
Note:     - field_width = 60
Time: 0 ps  Iteration: 1  Process: /tb_top/Hilbert_fft/xfft_0/U0/i_synth/axi_wrapper/gen_config_fifo_in/line__94240  File: /home/janek/2025.2/Vivado/data/ip/xilinx/xfft_v9_1/hdl/xfft_v9_1_vh_rfs.vhd
Note:   - Copying SCALE_SCH from 62 downto 3 to 62 downto 3
Time: 0 ps  Iteration: 1  Process: /tb_top/Hilbert_fft/xfft_0/U0/i_synth/axi_wrapper/gen_config_fifo_in/line__94240  File: /home/janek/2025.2/Vivado/data/ip/xilinx/xfft_v9_1/hdl/xfft_v9_1_vh_rfs.vhd
INFO: [USF-XSim-96] XSim completed. Design snapshot 'tb_top_behav' loaded.
INFO: [USF-XSim-97] XSim simulation ran for 1000ns
launch_simulation: Time (s): cpu = 00:00:38 ; elapsed = 00:00:23 . Memory (MB): peak = 11031.199 ; gain = 0.000 ; free physical = 21114 ; free virtual = 39357
current_wave_config {}
WARNING: [Wavedata 42-16] Error Unable to get wave configuration ''.
Untitled 2
add_wave {{/tb_top/Hilbert_fft/fir0_spy_0/debug_x}} {{/tb_top/Hilbert_fft/fir0_spy_0/debug_y}} {{/tb_top/Hilbert_fft/fir0_spy_0/debug_z}} 
current_wave_config {Untitled 2}
Untitled 2
add_wave {{/tb_top/Hilbert_fft/fir0_spy_1/debug_x}} {{/tb_top/Hilbert_fft/fir0_spy_1/debug_y}} {{/tb_top/Hilbert_fft/fir0_spy_1/debug_z}} 
run 40 ms
run: Time (s): cpu = 00:01:06 ; elapsed = 00:09:16 . Memory (MB): peak = 11031.199 ; gain = 0.000 ; free physical = 20728 ; free virtual = 39354
open_bd_design {/home/janek/Magisterka/Intelligent-Vibroacoustic-Machine-Diagnostic-System-on-FPGA/Hilbert_with_fft/Hilbert_and_fft_test/Hilbert_and_fft_test.srcs/sources_1/bd/Hilbert_fft/Hilbert_fft.bd}
current_wave_config {Untitled 2}
Untitled 2
add_wave {{/tb_top/Hilbert_fft/fir_compiler_0/m_axis_data_tdata}} 
run 40 ms
run 40 ms
run: Time (s): cpu = 00:00:07 ; elapsed = 00:00:30 . Memory (MB): peak = 11031.199 ; gain = 0.000 ; free physical = 20692 ; free virtual = 39321
open_bd_design {/home/janek/Magisterka/Intelligent-Vibroacoustic-Machine-Diagnostic-System-on-FPGA/Hilbert_with_fft/Hilbert_and_fft_test/Hilbert_and_fft_test.srcs/sources_1/bd/Hilbert_fft/Hilbert_fft.bd}
startgroup
set_property -dict [list \
  CONFIG.DIN_FROM {29} \
  CONFIG.DIN_TO {14} \
] [get_bd_cells xlslice_0]
endgroup
close_sim
INFO: xsimkernel Simulation Memory Usage: 317512 KB (Peak: 367364 KB), Simulation CPU Usage: 590860 ms
INFO: [Simtcl 6-16] Simulation closed
save_bd_design
Wrote  : </home/janek/Magisterka/Intelligent-Vibroacoustic-Machine-Diagnostic-System-on-FPGA/Hilbert_with_fft/Hilbert_and_fft_test/Hilbert_and_fft_test.srcs/sources_1/bd/Hilbert_fft/Hilbert_fft.bd> 
generate_target Simulation [get_files /home/janek/Magisterka/Intelligent-Vibroacoustic-Machine-Diagnostic-System-on-FPGA/Hilbert_with_fft/Hilbert_and_fft_test/Hilbert_and_fft_test.srcs/sources_1/bd/Hilbert_fft/Hilbert_fft.bd]
WARNING: [xilinx.com:ip:cordic:6.0-304] /cordic_0 S_AXIS_CARTESIAN-TDATA: Data transfer transaction mismatch. /cordic_0 transactions: 1.  -TDATA transactions: 3.
INFO: [xilinx.com:ip:cordic:6.0-315] /cordic_0 S_AXIS_CARTESIAN-TDATA: Will use first transaction for compatibility check
INFO: [xilinx.com:ip:cordic:6.0-7] /cordic_0 Setting Input Width to 16. S_AXIS_CARTESIAN_TDATA real input width: 16. S_AXIS_CARTESIAN_TDATA imag input width: 16.
WARNING: [xilinx.com:ip:cordic:6.0-304] /cordic_0 S_AXIS_CARTESIAN-TDATA: Data transfer transaction mismatch. /cordic_0 transactions: 1.  -TDATA transactions: 3.
INFO: [xilinx.com:ip:cordic:6.0-315] /cordic_0 S_AXIS_CARTESIAN-TDATA: Will use first transaction for compatibility check
INFO: [xilinx.com:ip:cordic:6.0-308] /cordic_0 S_AXIS_CARTESIAN-TDATA: Validating field: real(16:0): fix16_14 against  -TDATA: chan_0_path_0_real(16:0): fix16_16.
WARNING: [xilinx.com:ip:cordic:6.0-311] /cordic_0 S_AXIS_CARTESIAN-TDATA: Field property mismatch. Value mismatch for: real fixed fractwidth. /cordic_0 field: real = 14.  -TDATA field: chan_0_path_0_real = 16.
INFO: [xilinx.com:ip:cordic:6.0-308] /cordic_0 S_AXIS_CARTESIAN-TDATA: Validating field: imag(32:16): fix16_14 against  -TDATA: chan_0_path_0_imag(32:16): fix16_0.
WARNING: [xilinx.com:ip:cordic:6.0-311] /cordic_0 S_AXIS_CARTESIAN-TDATA: Field property mismatch. Value mismatch for: real fixed fractwidth. /cordic_0 field: imag = 14.  -TDATA field: chan_0_path_0_imag = 0.
INFO: [xilinx.com:ip:cordic:6.0-7] /cordic_1 Setting Input Width to 16. S_AXIS_CARTESIAN_TDATA real input width: 16. S_AXIS_CARTESIAN_TDATA imag input width: 16.
INFO: [xilinx.com:ip:cordic:6.0-7] /cordic_2 Setting Input Width to 16. S_AXIS_CARTESIAN_TDATA real input width: 16. S_AXIS_CARTESIAN_TDATA imag input width: 16.
INFO: [xilinx.com:ip:cordic:6.0-7] /cordic_3 Setting Input Width to 16. S_AXIS_CARTESIAN_TDATA real input width: 16. S_AXIS_CARTESIAN_TDATA imag input width: 16.
CRITICAL WARNING: [BD 41-759] The input pins (listed below) are either not connected or do not have a source port, and they don't have a tie-off specified. These pins are tied-off to all 0's to avoid error in Implementation flow.
Please check your design and connect them as needed: 
/TDM_to_Parallel_Conv_0/s_axis_tvalid

Wrote  : </home/janek/Magisterka/Intelligent-Vibroacoustic-Machine-Diagnostic-System-on-FPGA/Hilbert_with_fft/Hilbert_and_fft_test/Hilbert_and_fft_test.srcs/sources_1/bd/Hilbert_fft/Hilbert_fft.bd> 
Verilog Output written to : /home/janek/Magisterka/Intelligent-Vibroacoustic-Machine-Diagnostic-System-on-FPGA/Hilbert_with_fft/Hilbert_and_fft_test/Hilbert_and_fft_test.gen/sources_1/bd/Hilbert_fft/synth/Hilbert_fft.v
Verilog Output written to : /home/janek/Magisterka/Intelligent-Vibroacoustic-Machine-Diagnostic-System-on-FPGA/Hilbert_with_fft/Hilbert_and_fft_test/Hilbert_and_fft_test.gen/sources_1/bd/Hilbert_fft/sim/Hilbert_fft.v
Verilog Output written to : /home/janek/Magisterka/Intelligent-Vibroacoustic-Machine-Diagnostic-System-on-FPGA/Hilbert_with_fft/Hilbert_and_fft_test/Hilbert_and_fft_test.gen/sources_1/bd/Hilbert_fft/hdl/Hilbert_fft_wrapper.v
INFO: [BD 41-1029] Generation completed for the IP Integrator block xlslice_0 .
Exporting to file /home/janek/Magisterka/Intelligent-Vibroacoustic-Machine-Diagnostic-System-on-FPGA/Hilbert_with_fft/Hilbert_and_fft_test/Hilbert_and_fft_test.gen/sources_1/bd/Hilbert_fft/hw_handoff/Hilbert_fft.hwh
Generated Hardware Definition File /home/janek/Magisterka/Intelligent-Vibroacoustic-Machine-Diagnostic-System-on-FPGA/Hilbert_with_fft/Hilbert_and_fft_test/Hilbert_and_fft_test.gen/sources_1/bd/Hilbert_fft/synth/Hilbert_fft.hwdef
INFO: [BD 41-3262] Generated VHDL Instantiation Template file /home/janek/Magisterka/Intelligent-Vibroacoustic-Machine-Diagnostic-System-on-FPGA/Hilbert_with_fft/Hilbert_and_fft_test/Hilbert_and_fft_test.gen/sources_1/bd/Hilbert_fft/Hilbert_fft.vho
INFO: [BD 41-3262] Generated Verilog Instantiation Template file /home/janek/Magisterka/Intelligent-Vibroacoustic-Machine-Diagnostic-System-on-FPGA/Hilbert_with_fft/Hilbert_and_fft_test/Hilbert_and_fft_test.gen/sources_1/bd/Hilbert_fft/Hilbert_fft.veo
INFO: [BD 41-3262] Generated System Verilog Instantiation Template file /home/janek/Magisterka/Intelligent-Vibroacoustic-Machine-Diagnostic-System-on-FPGA/Hilbert_with_fft/Hilbert_and_fft_test/Hilbert_and_fft_test.gen/sources_1/bd/Hilbert_fft/Hilbert_fft_sv.sveo
export_ip_user_files -of_objects [get_files /home/janek/Magisterka/Intelligent-Vibroacoustic-Machine-Diagnostic-System-on-FPGA/Hilbert_with_fft/Hilbert_and_fft_test/Hilbert_and_fft_test.srcs/sources_1/bd/Hilbert_fft/Hilbert_fft.bd] -no_script -sync -force -quiet
export_simulation -of_objects [get_files /home/janek/Magisterka/Intelligent-Vibroacoustic-Machine-Diagnostic-System-on-FPGA/Hilbert_with_fft/Hilbert_and_fft_test/Hilbert_and_fft_test.srcs/sources_1/bd/Hilbert_fft/Hilbert_fft.bd] -directory /home/janek/Magisterka/Intelligent-Vibroacoustic-Machine-Diagnostic-System-on-FPGA/Hilbert_with_fft/Hilbert_and_fft_test/Hilbert_and_fft_test.ip_user_files/sim_scripts -ip_user_files_dir /home/janek/Magisterka/Intelligent-Vibroacoustic-Machine-Diagnostic-System-on-FPGA/Hilbert_with_fft/Hilbert_and_fft_test/Hilbert_and_fft_test.ip_user_files -ipstatic_source_dir /home/janek/Magisterka/Intelligent-Vibroacoustic-Machine-Diagnostic-System-on-FPGA/Hilbert_with_fft/Hilbert_and_fft_test/Hilbert_and_fft_test.ip_user_files/ipstatic -lib_map_path [list {modelsim=/home/janek/Magisterka/Intelligent-Vibroacoustic-Machine-Diagnostic-System-on-FPGA/Hilbert_with_fft/Hilbert_and_fft_test/Hilbert_and_fft_test.cache/compile_simlib/modelsim} {questa=/home/janek/Magisterka/Intelligent-Vibroacoustic-Machine-Diagnostic-System-on-FPGA/Hilbert_with_fft/Hilbert_and_fft_test/Hilbert_and_fft_test.cache/compile_simlib/questa} {xcelium=/home/janek/Magisterka/Intelligent-Vibroacoustic-Machine-Diagnostic-System-on-FPGA/Hilbert_with_fft/Hilbert_and_fft_test/Hilbert_and_fft_test.cache/compile_simlib/xcelium} {vcs=/home/janek/Magisterka/Intelligent-Vibroacoustic-Machine-Diagnostic-System-on-FPGA/Hilbert_with_fft/Hilbert_and_fft_test/Hilbert_and_fft_test.cache/compile_simlib/vcs} {riviera=/home/janek/Magisterka/Intelligent-Vibroacoustic-Machine-Diagnostic-System-on-FPGA/Hilbert_with_fft/Hilbert_and_fft_test/Hilbert_and_fft_test.cache/compile_simlib/riviera}] -use_ip_compiled_libs -force -quiet
launch_simulation
Command: launch_simulation 
INFO: [Vivado 12-25911] Executing simulation for 'XSim' simulator
INFO: [Project 1-5737] Running on host qtaz (64) - Ubuntu 24.04.4 LTS
INFO: [Vivado 12-28535] Process started - Tue Apr  7 00:13:06 2026

INFO: [Vivado 12-12493] Simulation top is 'tb_top'
INFO: [Vivado 12-5682] Launching behavioral simulation in '/home/janek/Magisterka/Intelligent-Vibroacoustic-Machine-Diagnostic-System-on-FPGA/Hilbert_with_fft/Hilbert_and_fft_test/Hilbert_and_fft_test.sim/sim_1/behav/xsim'
INFO: [SIM-utils-51] Simulation object is 'sim_1'
INFO: [SIM-utils-72] Using boost library from '/home/janek/2025.2/tps/boost_1_72_0'
INFO: [USF-XSim-7] Finding pre-compiled libraries...
INFO: [USF-XSim-11] File '/home/janek/2025.2/data/xsim/xsim.ini' copied to run dir:'/home/janek/Magisterka/Intelligent-Vibroacoustic-Machine-Diagnostic-System-on-FPGA/Hilbert_with_fft/Hilbert_and_fft_test/Hilbert_and_fft_test.sim/sim_1/behav/xsim'
INFO: [SIM-utils-54] Inspecting design source files for 'tb_top' in fileset 'sim_1'...
INFO: [SIM-utils-43] Exported '/home/janek/Magisterka/Intelligent-Vibroacoustic-Machine-Diagnostic-System-on-FPGA/Hilbert_with_fft/Hilbert_and_fft_test/Hilbert_and_fft_test.sim/sim_1/behav/xsim/Hilbert_fft_fir_compiler_0_0.mif'
INFO: [SIM-utils-43] Exported '/home/janek/Magisterka/Intelligent-Vibroacoustic-Machine-Diagnostic-System-on-FPGA/Hilbert_with_fft/Hilbert_and_fft_test/Hilbert_and_fft_test.sim/sim_1/behav/xsim/filet_2.coe'
INFO: [SIM-utils-43] Exported '/home/janek/Magisterka/Intelligent-Vibroacoustic-Machine-Diagnostic-System-on-FPGA/Hilbert_with_fft/Hilbert_and_fft_test/Hilbert_and_fft_test.sim/sim_1/behav/xsim/filter_coeffs.coe'
INFO: [USF-XSim-97] Finding global include files...
INFO: [USF-XSim-98] Fetching design files from 'sim_1'...
INFO: [USF-XSim-2] XSim::Compile design
INFO: [USF-XSim-61] Executing 'COMPILE and ANALYZE' step in '/home/janek/Magisterka/Intelligent-Vibroacoustic-Machine-Diagnostic-System-on-FPGA/Hilbert_with_fft/Hilbert_and_fft_test/Hilbert_and_fft_test.sim/sim_1/behav/xsim'
xvlog --incr --relax -L uvm -prj tb_top_vlog.prj
INFO: [VRFC 10-2263] Analyzing Verilog file "/home/janek/Magisterka/Intelligent-Vibroacoustic-Machine-Diagnostic-System-on-FPGA/Hilbert_with_fft/Hilbert_and_fft_test/Hilbert_and_fft_test.srcs/sources_1/new/TDM to Parallel Converter.v" into library xil_defaultlib
INFO: [VRFC 10-311] analyzing module TDM_to_Parallel_Converter
INFO: [VRFC 10-2263] Analyzing Verilog file "/home/janek/Magisterka/Intelligent-Vibroacoustic-Machine-Diagnostic-System-on-FPGA/Hilbert_with_fft/Hilbert_and_fft_test/Hilbert_and_fft_test.srcs/sources_1/new/brancher.v" into library xil_defaultlib
INFO: [VRFC 10-311] analyzing module brancher
INFO: [VRFC 10-2263] Analyzing Verilog file "/home/janek/Magisterka/Intelligent-Vibroacoustic-Machine-Diagnostic-System-on-FPGA/Hilbert_with_fft/Hilbert_and_fft_test/Hilbert_and_fft_test.srcs/sources_1/new/fir0_spy.v" into library xil_defaultlib
INFO: [VRFC 10-311] analyzing module fir0_spy
INFO: [VRFC 10-2263] Analyzing Verilog file "/home/janek/Magisterka/Intelligent-Vibroacoustic-Machine-Diagnostic-System-on-FPGA/Hilbert_with_fft/Hilbert_and_fft_test/Hilbert_and_fft_test.ip_user_files/bd/Hilbert_fft/ip/Hilbert_fft_axis_subset_converter_0_0/hdl/tdata_Hilbert_fft_axis_subset_converter_0_0.v" into library xil_defaultlib
INFO: [VRFC 10-311] analyzing module tdata_Hilbert_fft_axis_subset_converter_0_0
INFO: [VRFC 10-2263] Analyzing Verilog file "/home/janek/Magisterka/Intelligent-Vibroacoustic-Machine-Diagnostic-System-on-FPGA/Hilbert_with_fft/Hilbert_and_fft_test/Hilbert_and_fft_test.ip_user_files/bd/Hilbert_fft/ip/Hilbert_fft_axis_subset_converter_0_0/hdl/tuser_Hilbert_fft_axis_subset_converter_0_0.v" into library xil_defaultlib
INFO: [VRFC 10-311] analyzing module tuser_Hilbert_fft_axis_subset_converter_0_0
INFO: [VRFC 10-2263] Analyzing Verilog file "/home/janek/Magisterka/Intelligent-Vibroacoustic-Machine-Diagnostic-System-on-FPGA/Hilbert_with_fft/Hilbert_and_fft_test/Hilbert_and_fft_test.ip_user_files/bd/Hilbert_fft/ip/Hilbert_fft_axis_subset_converter_0_0/hdl/tstrb_Hilbert_fft_axis_subset_converter_0_0.v" into library xil_defaultlib
INFO: [VRFC 10-311] analyzing module tstrb_Hilbert_fft_axis_subset_converter_0_0
INFO: [VRFC 10-2263] Analyzing Verilog file "/home/janek/Magisterka/Intelligent-Vibroacoustic-Machine-Diagnostic-System-on-FPGA/Hilbert_with_fft/Hilbert_and_fft_test/Hilbert_and_fft_test.ip_user_files/bd/Hilbert_fft/ip/Hilbert_fft_axis_subset_converter_0_0/hdl/tkeep_Hilbert_fft_axis_subset_converter_0_0.v" into library xil_defaultlib
INFO: [VRFC 10-311] analyzing module tkeep_Hilbert_fft_axis_subset_converter_0_0
INFO: [VRFC 10-2263] Analyzing Verilog file "/home/janek/Magisterka/Intelligent-Vibroacoustic-Machine-Diagnostic-System-on-FPGA/Hilbert_with_fft/Hilbert_and_fft_test/Hilbert_and_fft_test.ip_user_files/bd/Hilbert_fft/ip/Hilbert_fft_axis_subset_converter_0_0/hdl/tid_Hilbert_fft_axis_subset_converter_0_0.v" into library xil_defaultlib
INFO: [VRFC 10-311] analyzing module tid_Hilbert_fft_axis_subset_converter_0_0
INFO: [VRFC 10-2263] Analyzing Verilog file "/home/janek/Magisterka/Intelligent-Vibroacoustic-Machine-Diagnostic-System-on-FPGA/Hilbert_with_fft/Hilbert_and_fft_test/Hilbert_and_fft_test.ip_user_files/bd/Hilbert_fft/ip/Hilbert_fft_axis_subset_converter_0_0/hdl/tdest_Hilbert_fft_axis_subset_converter_0_0.v" into library xil_defaultlib
INFO: [VRFC 10-311] analyzing module tdest_Hilbert_fft_axis_subset_converter_0_0
INFO: [VRFC 10-2263] Analyzing Verilog file "/home/janek/Magisterka/Intelligent-Vibroacoustic-Machine-Diagnostic-System-on-FPGA/Hilbert_with_fft/Hilbert_and_fft_test/Hilbert_and_fft_test.ip_user_files/bd/Hilbert_fft/ip/Hilbert_fft_axis_subset_converter_0_0/hdl/tlast_Hilbert_fft_axis_subset_converter_0_0.v" into library xil_defaultlib
INFO: [VRFC 10-311] analyzing module tlast_Hilbert_fft_axis_subset_converter_0_0
INFO: [VRFC 10-2263] Analyzing Verilog file "/home/janek/Magisterka/Intelligent-Vibroacoustic-Machine-Diagnostic-System-on-FPGA/Hilbert_with_fft/Hilbert_and_fft_test/Hilbert_and_fft_test.ip_user_files/bd/Hilbert_fft/ip/Hilbert_fft_axis_subset_converter_0_0/hdl/top_Hilbert_fft_axis_subset_converter_0_0.v" into library xil_defaultlib
INFO: [VRFC 10-311] analyzing module top_Hilbert_fft_axis_subset_converter_0_0
INFO: [VRFC 10-2263] Analyzing Verilog file "/home/janek/Magisterka/Intelligent-Vibroacoustic-Machine-Diagnostic-System-on-FPGA/Hilbert_with_fft/Hilbert_and_fft_test/Hilbert_and_fft_test.ip_user_files/bd/Hilbert_fft/ip/Hilbert_fft_axis_subset_converter_0_0/sim/Hilbert_fft_axis_subset_converter_0_0.v" into library xil_defaultlib
INFO: [VRFC 10-311] analyzing module Hilbert_fft_axis_subset_converter_0_0
INFO: [VRFC 10-2263] Analyzing Verilog file "/home/janek/Magisterka/Intelligent-Vibroacoustic-Machine-Diagnostic-System-on-FPGA/Hilbert_with_fft/Hilbert_and_fft_test/Hilbert_and_fft_test.ip_user_files/bd/Hilbert_fft/ip/Hilbert_fft_TDM_to_Parallel_Conv_0_0/sim/Hilbert_fft_TDM_to_Parallel_Conv_0_0.v" into library xil_defaultlib
INFO: [VRFC 10-311] analyzing module Hilbert_fft_TDM_to_Parallel_Conv_0_0
INFO: [VRFC 10-2263] Analyzing Verilog file "/home/janek/Magisterka/Intelligent-Vibroacoustic-Machine-Diagnostic-System-on-FPGA/Hilbert_with_fft/Hilbert_and_fft_test/Hilbert_and_fft_test.ip_user_files/bd/Hilbert_fft/ip/Hilbert_fft_xlconstant_0_0/sim/Hilbert_fft_xlconstant_0_0.v" into library xil_defaultlib
INFO: [VRFC 10-311] analyzing module Hilbert_fft_xlconstant_0_0
INFO: [VRFC 10-2263] Analyzing Verilog file "/home/janek/Magisterka/Intelligent-Vibroacoustic-Machine-Diagnostic-System-on-FPGA/Hilbert_with_fft/Hilbert_and_fft_test/Hilbert_and_fft_test.ip_user_files/bd/Hilbert_fft/ip/Hilbert_fft_xlconstant_1_0/sim/Hilbert_fft_xlconstant_1_0.v" into library xil_defaultlib
INFO: [VRFC 10-311] analyzing module Hilbert_fft_xlconstant_1_0
INFO: [VRFC 10-2263] Analyzing Verilog file "/home/janek/Magisterka/Intelligent-Vibroacoustic-Machine-Diagnostic-System-on-FPGA/Hilbert_with_fft/Hilbert_and_fft_test/Hilbert_and_fft_test.ip_user_files/bd/Hilbert_fft/ip/Hilbert_fft_brancher_0_0/sim/Hilbert_fft_brancher_0_0.v" into library xil_defaultlib
INFO: [VRFC 10-311] analyzing module Hilbert_fft_brancher_0_0
INFO: [VRFC 10-2263] Analyzing Verilog file "/home/janek/Magisterka/Intelligent-Vibroacoustic-Machine-Diagnostic-System-on-FPGA/Hilbert_with_fft/Hilbert_and_fft_test/Hilbert_and_fft_test.ip_user_files/bd/Hilbert_fft/ip/Hilbert_fft_fir0_spy_0_0/sim/Hilbert_fft_fir0_spy_0_0.v" into library xil_defaultlib
INFO: [VRFC 10-311] analyzing module Hilbert_fft_fir0_spy_0_0
INFO: [VRFC 10-2263] Analyzing Verilog file "/home/janek/Magisterka/Intelligent-Vibroacoustic-Machine-Diagnostic-System-on-FPGA/Hilbert_with_fft/Hilbert_and_fft_test/Hilbert_and_fft_test.ip_user_files/bd/Hilbert_fft/ip/Hilbert_fft_fir0_spy_0_2/sim/Hilbert_fft_fir0_spy_0_2.v" into library xil_defaultlib
INFO: [VRFC 10-311] analyzing module Hilbert_fft_fir0_spy_0_2
INFO: [VRFC 10-2263] Analyzing Verilog file "/home/janek/Magisterka/Intelligent-Vibroacoustic-Machine-Diagnostic-System-on-FPGA/Hilbert_with_fft/Hilbert_and_fft_test/Hilbert_and_fft_test.ip_user_files/bd/Hilbert_fft/ip/Hilbert_fft_xlslice_0_0/sim/Hilbert_fft_xlslice_0_0.v" into library xil_defaultlib
INFO: [VRFC 10-311] analyzing module Hilbert_fft_xlslice_0_0
INFO: [VRFC 10-2263] Analyzing Verilog file "/home/janek/Magisterka/Intelligent-Vibroacoustic-Machine-Diagnostic-System-on-FPGA/Hilbert_with_fft/Hilbert_and_fft_test/Hilbert_and_fft_test.ip_user_files/bd/Hilbert_fft/sim/Hilbert_fft.v" into library xil_defaultlib
INFO: [VRFC 10-311] analyzing module Hilbert_fft
xvhdl --incr --relax -prj tb_top_vhdl.prj
Waiting for jobs to finish...
No pending jobs, compilation finished.
INFO: [USF-XSim-69] 'compile' step finished in '2' seconds
INFO: [USF-XSim-3] XSim::Elaborate design
INFO: [USF-XSim-61] Executing 'ELABORATE' step in '/home/janek/Magisterka/Intelligent-Vibroacoustic-Machine-Diagnostic-System-on-FPGA/Hilbert_with_fft/Hilbert_and_fft_test/Hilbert_and_fft_test.sim/sim_1/behav/xsim'
xelab --incr --debug typical --relax --mt 8 -L xil_defaultlib -L xbip_utils_v3_0_15 -L axi_utils_v2_0_11 -L xbip_pipe_v3_0_11 -L fir_compiler_v7_2_26 -L c_reg_fd_v12_0_11 -L xbip_dsp48_wrapper_v3_0_7 -L c_addsub_v12_0_21 -L mult_gen_v12_0_24 -L cordic_v6_0_25 -L axis_infrastructure_v1_1_1 -L axis_register_slice_v1_1_35 -L axis_subset_converter_v1_1_36 -L c_shift_ram_v12_0_20 -L floating_point_v7_1_21 -L cmpy_v6_0_27 -L xfft_v9_1_15 -L xlconstant_v1_1_10 -L xlslice_v1_0_5 -L uvm -L unisims_ver -L unimacro_ver -L secureip -L xpm --snapshot tb_top_behav xil_defaultlib.tb_top xil_defaultlib.glbl -log elaborate.log
Vivado Simulator v2025.2
Copyright 1986-2022 Xilinx, Inc. All Rights Reserved.
Copyright 2022-2025 Advanced Micro Devices, Inc. All Rights Reserved.
Running: /home/janek/2025.2/Vivado/bin/unwrapped/lnx64.o/xelab --incr --debug typical --relax --mt 8 -L xil_defaultlib -L xbip_utils_v3_0_15 -L axi_utils_v2_0_11 -L xbip_pipe_v3_0_11 -L fir_compiler_v7_2_26 -L c_reg_fd_v12_0_11 -L xbip_dsp48_wrapper_v3_0_7 -L c_addsub_v12_0_21 -L mult_gen_v12_0_24 -L cordic_v6_0_25 -L axis_infrastructure_v1_1_1 -L axis_register_slice_v1_1_35 -L axis_subset_converter_v1_1_36 -L c_shift_ram_v12_0_20 -L floating_point_v7_1_21 -L cmpy_v6_0_27 -L xfft_v9_1_15 -L xlconstant_v1_1_10 -L xlslice_v1_0_5 -L uvm -L unisims_ver -L unimacro_ver -L secureip -L xpm --snapshot tb_top_behav xil_defaultlib.tb_top xil_defaultlib.glbl -log elaborate.log 
Using 8 slave threads.
WARNING: [XSIM 43-3431] One or more environment variables have been detected which affect the operation of the C compiler. These are typically not set in standard installations and are not tested by AMD, however they may be appropriate for your system, so the flow will attempt to continue.  If errors occur, try running xelab with the "-mt off -v 1" switches to see more information from the C compiler. The following environment variables have been detected:
    LIBRARY_PATH
Starting static elaboration
Pass Through NonSizing Optimizer
WARNING: [VRFC 10-5024] signed/unsigned conversion for real expression [/home/janek/Magisterka/Intelligent-Vibroacoustic-Machine-Diagnostic-System-on-FPGA/Hilbert_with_fft/Hilbert_and_fft_test/Hilbert_and_fft_test.srcs/sim_1/new/top.sv:94]
WARNING: [VRFC 10-5024] signed/unsigned conversion for real expression [/home/janek/Magisterka/Intelligent-Vibroacoustic-Machine-Diagnostic-System-on-FPGA/Hilbert_with_fft/Hilbert_and_fft_test/Hilbert_and_fft_test.srcs/sim_1/new/top.sv:100]
WARNING: [VRFC 10-5024] signed/unsigned conversion for real expression [/home/janek/Magisterka/Intelligent-Vibroacoustic-Machine-Diagnostic-System-on-FPGA/Hilbert_with_fft/Hilbert_and_fft_test/Hilbert_and_fft_test.srcs/sim_1/new/top.sv:106]
WARNING: [VRFC 10-5021] port 's_axis_cartesian_tready' is not connected on this instance [/home/janek/Magisterka/Intelligent-Vibroacoustic-Machine-Diagnostic-System-on-FPGA/Hilbert_with_fft/Hilbert_and_fft_test/Hilbert_and_fft_test.ip_user_files/bd/Hilbert_fft/sim/Hilbert_fft.v:86]
WARNING: [VRFC 10-5021] port 'm_axis_dout_tvalid' is not connected on this instance [/home/janek/Magisterka/Intelligent-Vibroacoustic-Machine-Diagnostic-System-on-FPGA/Hilbert_with_fft/Hilbert_and_fft_test/Hilbert_and_fft_test.ip_user_files/bd/Hilbert_fft/sim/Hilbert_fft.v:91]
WARNING: [VRFC 10-5021] port 'm_axis_dout_tvalid' is not connected on this instance [/home/janek/Magisterka/Intelligent-Vibroacoustic-Machine-Diagnostic-System-on-FPGA/Hilbert_with_fft/Hilbert_and_fft_test/Hilbert_and_fft_test.ip_user_files/bd/Hilbert_fft/sim/Hilbert_fft.v:96]
WARNING: [VRFC 10-5021] port 'm_axis_dout_tvalid' is not connected on this instance [/home/janek/Magisterka/Intelligent-Vibroacoustic-Machine-Diagnostic-System-on-FPGA/Hilbert_with_fft/Hilbert_and_fft_test/Hilbert_and_fft_test.ip_user_files/bd/Hilbert_fft/sim/Hilbert_fft.v:101]
WARNING: [VRFC 10-5021] port 's_axis_config_tready' is not connected on this instance [/home/janek/Magisterka/Intelligent-Vibroacoustic-Machine-Diagnostic-System-on-FPGA/Hilbert_with_fft/Hilbert_and_fft_test/Hilbert_and_fft_test.ip_user_files/bd/Hilbert_fft/sim/Hilbert_fft.v:130]
Completed static elaboration
Starting simulation data flow analysis
Completed simulation data flow analysis
Time Resolution for simulation is 1ps
Compiling package std.standard
Compiling package std.textio
Compiling package ieee.std_logic_1164
Compiling package ieee.numeric_std
Compiling package cordic_v6_0_25.cordic_v6_0_25_viv_comp
Compiling package xbip_utils_v3_0_15.xbip_utils_v3_0_15_pkg
Compiling package xbip_pipe_v3_0_11.xbip_pipe_v3_0_11_viv_comp
Compiling package axi_utils_v2_0_11.axi_utils_v2_0_11_pkg
Compiling package ieee.math_real
Compiling package axi_utils_v2_0_11.global_util_pkg
Compiling package axi_utils_v2_0_11.axi_utils_comps
Compiling package mult_gen_v12_0_24.mult_gen_v12_0_24_pkg
Compiling package ieee.std_logic_arith
Compiling package ieee.std_logic_signed
Compiling package cordic_v6_0_25.cordic_pack
Compiling package cordic_v6_0_25.cordic_hdl_comps
Compiling package c_addsub_v12_0_21.c_addsub_v12_0_21_viv_comp
Compiling package c_addsub_v12_0_21.c_addsub_v12_0_21_pkg
Compiling package c_addsub_v12_0_21.c_addsub_v12_0_21_pkg_legacy
Compiling package c_reg_fd_v12_0_11.c_reg_fd_v12_0_11_viv_comp
Compiling package unisim.vcomponents
Compiling package fir_compiler_v7_2_26.fir_compiler_v7_2_26_viv_comp
Compiling package ieee.std_logic_textio
Compiling package fir_compiler_v7_2_26.globals_pkg
Compiling package fir_compiler_v7_2_26.components
Compiling package ieee.vital_timing
Compiling package ieee.vital_primitives
Compiling package unisim.vpkg
Compiling package xfft_v9_1_15.xfft_v9_1_15_viv_comp
Compiling package ieee.std_logic_unsigned
Compiling package cmpy_v6_0_27.cmpy_v6_0_27_pkg
Compiling package floating_point_v7_1_21.floating_point_v7_1_21_consts
Compiling package floating_point_v7_1_21.floating_point_v7_1_21_exp_table...
Compiling package floating_point_v7_1_21.floating_point_v7_1_21_pkg
Compiling package xfft_v9_1_15.pkg
Compiling package xfft_v9_1_15.xfft_v9_1_15_axi_pkg
Compiling package c_shift_ram_v12_0_20.c_shift_ram_v12_0_20_pkg
Compiling package xfft_v9_1_15.half_sincos_tw_table
Compiling package xpm.vcomponents
Compiling package mult_gen_v12_0_24.dsp_pkg
Compiling module xil_defaultlib.TDM_to_Parallel_Converter
Compiling module xil_defaultlib.Hilbert_fft_TDM_to_Parallel_Conv...
Compiling module axis_subset_converter_v1_1_36.axis_subset_converter_v1_1_36_co...
Compiling module xil_defaultlib.tdata_Hilbert_fft_axis_subset_co...
Compiling module xil_defaultlib.tuser_Hilbert_fft_axis_subset_co...
Compiling module xil_defaultlib.tid_Hilbert_fft_axis_subset_conv...
Compiling module xil_defaultlib.tdest_Hilbert_fft_axis_subset_co...
Compiling module xil_defaultlib.tstrb_Hilbert_fft_axis_subset_co...
Compiling module xil_defaultlib.tkeep_Hilbert_fft_axis_subset_co...
Compiling module xil_defaultlib.tlast_Hilbert_fft_axis_subset_co...
Compiling module xil_defaultlib.top_Hilbert_fft_axis_subset_conv...
Compiling module xil_defaultlib.Hilbert_fft_axis_subset_converte...
Compiling module xil_defaultlib.brancher
Compiling module xil_defaultlib.Hilbert_fft_brancher_0_0
Compiling architecture xilinx of entity axi_utils_v2_0_11.axi_slave_2to1 [\axi_slave_2to1(c_a_tdata_width=...]
Compiling architecture synth of entity xbip_pipe_v3_0_11.xbip_pipe_v3_0_11_viv [\xbip_pipe_v3_0_11_viv(c_latency...]
Compiling architecture structural of entity c_reg_fd_v12_0_11.c_reg_fd_v12_0_11_viv [\c_reg_fd_v12_0_11_viv(c_width=2...]
Compiling architecture muxcy_v of entity unisim.MUXCY [muxcy_default]
Compiling architecture xorcy_v of entity unisim.XORCY [xorcy_default]
Compiling architecture rtl of entity c_addsub_v12_0_21.c_addsub_v12_0_21_lut6_legacy [\c_addsub_v12_0_21_lut6_legacy(c...]
Compiling architecture synth of entity c_addsub_v12_0_21.c_addsub_v12_0_21_fabric_legacy [\c_addsub_v12_0_21_fabric_legacy...]
Compiling architecture synth of entity c_addsub_v12_0_21.c_addsub_v12_0_21_legacy [\c_addsub_v12_0_21_legacy(c_fami...]
Compiling architecture synth of entity c_addsub_v12_0_21.c_addsub_v12_0_21_viv [\c_addsub_v12_0_21_viv(c_xdevice...]
Compiling architecture synth of entity cordic_v6_0_25.addsub [\addsub(family="zynquplus",add_m...]
Compiling architecture rtl of entity c_addsub_v12_0_21.c_addsub_v12_0_21_lut6_legacy [\c_addsub_v12_0_21_lut6_legacy(c...]
Compiling architecture synth of entity c_addsub_v12_0_21.c_addsub_v12_0_21_fabric_legacy [\c_addsub_v12_0_21_fabric_legacy...]
Compiling architecture synth of entity c_addsub_v12_0_21.c_addsub_v12_0_21_legacy [\c_addsub_v12_0_21_legacy(c_fami...]
Compiling architecture synth of entity c_addsub_v12_0_21.c_addsub_v12_0_21_viv [\c_addsub_v12_0_21_viv(c_xdevice...]
Compiling architecture synth of entity cordic_v6_0_25.addsub [\addsub(family="zynquplus",add_m...]
Compiling architecture struct_all of entity cordic_v6_0_25.delay [\delay(delay_len=1,family="zynqu...]
Compiling architecture structural of entity c_reg_fd_v12_0_11.c_reg_fd_v12_0_11_viv [\c_reg_fd_v12_0_11_viv(c_width=2...]
Compiling architecture rtl of entity c_addsub_v12_0_21.c_addsub_v12_0_21_lut6_legacy [\c_addsub_v12_0_21_lut6_legacy(c...]
Compiling architecture synth of entity c_addsub_v12_0_21.c_addsub_v12_0_21_fabric_legacy [\c_addsub_v12_0_21_fabric_legacy...]
Compiling architecture synth of entity c_addsub_v12_0_21.c_addsub_v12_0_21_legacy [\c_addsub_v12_0_21_legacy(c_fami...]
Compiling architecture synth of entity c_addsub_v12_0_21.c_addsub_v12_0_21_viv [\c_addsub_v12_0_21_viv(c_xdevice...]
Compiling architecture synth of entity cordic_v6_0_25.addsub [\addsub(family="zynquplus",add_m...]
Compiling architecture struct_all of entity cordic_v6_0_25.delay [\delay(delay_len=1,family="zynqu...]
Compiling architecture struct_all of entity cordic_v6_0_25.delay_bit [\delay_bit(delay_len=2,family="z...]
Compiling architecture synth of entity cordic_v6_0_25.cordic_inp_config [\cordic_inp_config(p_xdevicefami...]
Compiling architecture synth of entity cordic_v6_0_25.cordic_dat_acc_slice_par [\cordic_dat_acc_slice_par(p_xdev...]
Compiling architecture synth of entity cordic_v6_0_25.cordic_pha_acc_slice_par [\cordic_pha_acc_slice_par(p_xdev...]
Compiling architecture struct_all of entity cordic_v6_0_25.delay [\delay(delay_len=1,family="zynqu...]
Compiling architecture struct_all of entity cordic_v6_0_25.delay_bit [\delay_bit(delay_len=1,family="z...]
Compiling architecture synth of entity cordic_v6_0_25.cordic_ctrl_slice_par [\cordic_ctrl_slice_par(p_xdevice...]
Compiling architecture synth of entity cordic_v6_0_25.cordic_eng_slice_par [\cordic_eng_slice_par(p_xdevicef...]
Compiling architecture synth of entity cordic_v6_0_25.cordic_dat_acc_slice_par [\cordic_dat_acc_slice_par(p_xdev...]
Compiling architecture synth of entity cordic_v6_0_25.cordic_eng_slice_par [\cordic_eng_slice_par(p_xdevicef...]
Compiling architecture synth of entity cordic_v6_0_25.cordic_dat_acc_slice_par [\cordic_dat_acc_slice_par(p_xdev...]
Compiling architecture synth of entity cordic_v6_0_25.cordic_eng_slice_par [\cordic_eng_slice_par(p_xdevicef...]
Compiling architecture synth of entity cordic_v6_0_25.cordic_dat_acc_slice_par [\cordic_dat_acc_slice_par(p_xdev...]
Compiling architecture synth of entity cordic_v6_0_25.cordic_eng_slice_par [\cordic_eng_slice_par(p_xdevicef...]
Compiling architecture synth of entity cordic_v6_0_25.cordic_dat_acc_slice_par [\cordic_dat_acc_slice_par(p_xdev...]
Compiling architecture synth of entity cordic_v6_0_25.cordic_eng_slice_par [\cordic_eng_slice_par(p_xdevicef...]
Compiling architecture synth of entity cordic_v6_0_25.cordic_dat_acc_slice_par [\cordic_dat_acc_slice_par(p_xdev...]
Compiling architecture synth of entity cordic_v6_0_25.cordic_eng_slice_par [\cordic_eng_slice_par(p_xdevicef...]
Compiling architecture synth of entity cordic_v6_0_25.cordic_dat_acc_slice_par [\cordic_dat_acc_slice_par(p_xdev...]
Compiling architecture synth of entity cordic_v6_0_25.cordic_eng_slice_par [\cordic_eng_slice_par(p_xdevicef...]
Compiling architecture synth of entity cordic_v6_0_25.cordic_dat_acc_slice_par [\cordic_dat_acc_slice_par(p_xdev...]
Compiling architecture synth of entity cordic_v6_0_25.cordic_eng_slice_par [\cordic_eng_slice_par(p_xdevicef...]
Compiling architecture synth of entity cordic_v6_0_25.cordic_dat_acc_slice_par [\cordic_dat_acc_slice_par(p_xdev...]
Compiling architecture synth of entity cordic_v6_0_25.cordic_eng_slice_par [\cordic_eng_slice_par(p_xdevicef...]
Compiling architecture synth of entity cordic_v6_0_25.cordic_dat_acc_slice_par [\cordic_dat_acc_slice_par(p_xdev...]
Compiling architecture synth of entity cordic_v6_0_25.cordic_eng_slice_par [\cordic_eng_slice_par(p_xdevicef...]
Compiling architecture synth of entity cordic_v6_0_25.cordic_dat_acc_slice_par [\cordic_dat_acc_slice_par(p_xdev...]
Compiling architecture synth of entity cordic_v6_0_25.cordic_eng_slice_par [\cordic_eng_slice_par(p_xdevicef...]
Compiling architecture synth of entity cordic_v6_0_25.cordic_dat_acc_slice_par [\cordic_dat_acc_slice_par(p_xdev...]
Compiling architecture synth of entity cordic_v6_0_25.cordic_eng_slice_par [\cordic_eng_slice_par(p_xdevicef...]
Compiling architecture synth of entity cordic_v6_0_25.cordic_dat_acc_slice_par [\cordic_dat_acc_slice_par(p_xdev...]
Compiling architecture synth of entity cordic_v6_0_25.cordic_eng_slice_par [\cordic_eng_slice_par(p_xdevicef...]
Compiling architecture synth of entity cordic_v6_0_25.cordic_dat_acc_slice_par [\cordic_dat_acc_slice_par(p_xdev...]
Compiling architecture synth of entity cordic_v6_0_25.cordic_eng_slice_par [\cordic_eng_slice_par(p_xdevicef...]
Compiling architecture synth of entity cordic_v6_0_25.cordic_eng [\cordic_eng(p_xdevicefamily="zyn...]
Compiling architecture struct_all of entity cordic_v6_0_25.delay [\delay(delay_len=2,family="zynqu...]
Compiling architecture structural of entity c_reg_fd_v12_0_11.c_reg_fd_v12_0_11_viv [\c_reg_fd_v12_0_11_viv(c_width=2...]
Compiling architecture rtl of entity c_addsub_v12_0_21.c_addsub_v12_0_21_lut6_legacy [\c_addsub_v12_0_21_lut6_legacy(c...]
Compiling architecture synth of entity c_addsub_v12_0_21.c_addsub_v12_0_21_fabric_legacy [\c_addsub_v12_0_21_fabric_legacy...]
Compiling architecture synth of entity c_addsub_v12_0_21.c_addsub_v12_0_21_legacy [\c_addsub_v12_0_21_legacy(c_fami...]
Compiling architecture synth of entity c_addsub_v12_0_21.c_addsub_v12_0_21_viv [\c_addsub_v12_0_21_viv(c_xdevice...]
Compiling architecture synth of entity cordic_v6_0_25.addsub [\addsub(family="zynquplus",add_m...]
Compiling architecture synth of entity cordic_v6_0_25.cordic_round [\cordic_round(p_xdevicefamily="z...]
Compiling architecture struct_all of entity cordic_v6_0_25.delay_bit [\delay_bit(delay_len=0,family="z...]
Compiling architecture synth of entity cordic_v6_0_25.cordic_out_config [\cordic_out_config(p_xdevicefami...]
Compiling architecture synth of entity cordic_v6_0_25.cordic_v6_0_25_synth [\cordic_v6_0_25_synth(c_architec...]
Compiling architecture synth of entity cordic_v6_0_25.cordic_v6_0_25_viv [\cordic_v6_0_25_viv(c_architectu...]
Compiling architecture xilinx of entity cordic_v6_0_25.cordic_v6_0_25 [\cordic_v6_0_25(c_architecture=2...]
Compiling architecture hilbert_fft_cordic_0_0_arch of entity xil_defaultlib.Hilbert_fft_cordic_0_0 [hilbert_fft_cordic_0_0_default]
Compiling architecture synth of entity cordic_v6_0_25.cordic_v6_0_25_viv [\cordic_v6_0_25_viv(c_architectu...]
Compiling architecture xilinx of entity cordic_v6_0_25.cordic_v6_0_25 [\cordic_v6_0_25(c_architecture=2...]
Compiling architecture hilbert_fft_cordic_1_3_arch of entity xil_defaultlib.Hilbert_fft_cordic_1_3 [hilbert_fft_cordic_1_3_default]
Compiling architecture hilbert_fft_cordic_1_4_arch of entity xil_defaultlib.Hilbert_fft_cordic_1_4 [hilbert_fft_cordic_1_4_default]
Compiling architecture hilbert_fft_cordic_1_5_arch of entity xil_defaultlib.Hilbert_fft_cordic_1_5 [hilbert_fft_cordic_1_5_default]
Compiling module xil_defaultlib.fir0_spy
Compiling module xil_defaultlib.Hilbert_fft_fir0_spy_0_0
Compiling module xil_defaultlib.Hilbert_fft_fir0_spy_0_2
Compiling architecture xilinx of entity axi_utils_v2_0_11.glb_srl_fifo [\glb_srl_fifo(width=17,has_ifx=t...]
Compiling architecture xilinx of entity axi_utils_v2_0_11.glb_ifx_slave [\glb_ifx_slave(width=17,has_ifx=...]
Compiling architecture synth of entity fir_compiler_v7_2_26.delay [\delay(c_delay_len=1,c_xdevicefa...]
Compiling architecture synth of entity fir_compiler_v7_2_26.delay [\delay(c_delay_len=2,c_xdevicefa...]
Compiling architecture synth of entity fir_compiler_v7_2_26.delay [\delay(c_delay_len=4,c_xdevicefa...]
Compiling architecture synth of entity fir_compiler_v7_2_26.delay [\delay(c_delay_len=3,c_xdevicefa...]
Compiling architecture synth of entity fir_compiler_v7_2_26.dpt_mem [\dpt_mem(c_xdevicefamily="zynqup...]
Compiling architecture synth of entity fir_compiler_v7_2_26.filt_mem [\filt_mem(c_xdevicefamily="zynqu...]
Compiling architecture synth of entity fir_compiler_v7_2_26.sp_mem [\sp_mem(c_xdevicefamily="zynqupl...]
Compiling architecture synth of entity fir_compiler_v7_2_26.filt_mem [\filt_mem(c_xdevicefamily="zynqu...]
Compiling architecture synth of entity fir_compiler_v7_2_26.cntrl_delay [\cntrl_delay(c_delay_len=0,c_mem...]
Compiling architecture synth of entity fir_compiler_v7_2_26.delay [\delay(c_delay_len=3,c_xdevicefa...]
Compiling architecture synth of entity fir_compiler_v7_2_26.buff [\buff(c_xdevicefamily="zynquplus...]
Compiling architecture synth of entity fir_compiler_v7_2_26.delay [\delay(c_delay_len=0,c_xdevicefa...]
Compiling architecture synth of entity fir_compiler_v7_2_26.delay [\delay(c_delay_len=0,c_xdevicefa...]
Compiling architecture synth of entity fir_compiler_v7_2_26.delay [\delay(c_delay_len=0,c_xdevicefa...]
Compiling architecture dsp48e2_v of entity unisim.DSP48E2 [\DSP48E2(amultsel="AD",mask="111...]
Compiling architecture synth of entity fir_compiler_v7_2_26.calc [\calc(c_xdevicefamily="zynquplus...]
Compiling architecture synth of entity fir_compiler_v7_2_26.addsub_mult_accum [\addsub_mult_accum(c_xdevicefami...]
Compiling architecture synth of entity fir_compiler_v7_2_26.delay [\delay(c_delay_len=1,c_xdevicefa...]
Compiling architecture synth of entity fir_compiler_v7_2_26.delay [\delay(c_delay_len=0,c_xdevicefa...]
Compiling architecture synth of entity fir_compiler_v7_2_26.delay [\delay(c_delay_len=0,c_xdevicefa...]
Compiling architecture synth of entity fir_compiler_v7_2_26.delay [\delay(c_delay_len=2,c_xdevicefa...]
Compiling architecture synth of entity fir_compiler_v7_2_26.delay [\delay(c_delay_len=0,c_xdevicefa...]
Compiling architecture synth of entity fir_compiler_v7_2_26.delay [\delay(c_delay_len=1,c_xdevicefa...]
Compiling architecture synth of entity fir_compiler_v7_2_26.delay [\delay(c_delay_len=4,c_xdevicefa...]
Compiling architecture synth of entity fir_compiler_v7_2_26.delay [\delay(c_delay_len=7,c_xdevicefa...]
Compiling architecture xilinx of entity axi_utils_v2_0_11.glb_srl_fifo [\glb_srl_fifo(width=35,has_uvpro...]
Compiling architecture xilinx of entity axi_utils_v2_0_11.glb_ifx_master [\glb_ifx_master(width=35)\]
Compiling architecture synth of entity fir_compiler_v7_2_26.single_rate [\single_rate(c_xdevicefamily="zy...]
Compiling architecture synth of entity fir_compiler_v7_2_26.fir_compiler_v7_2_26_viv [\fir_compiler_v7_2_26_viv(c_xdev...]
Compiling architecture xilinx of entity fir_compiler_v7_2_26.fir_compiler_v7_2_26 [\fir_compiler_v7_2_26(c_xdevicef...]
Compiling architecture hilbert_fft_fir_compiler_0_0_arch of entity xil_defaultlib.Hilbert_fft_fir_compiler_0_0 [hilbert_fft_fir_compiler_0_0_def...]
Compiling architecture rb18_internal_vhdl_v of entity unisim.RB18_INTERNAL_VHDL [\RB18_INTERNAL_VHDL(bram_size=18...]
Compiling architecture ramb18e1_v of entity unisim.RAMB18E1 [\RAMB18E1(doa_reg=1,dob_reg=1,ra...]
Compiling architecture xilinx of entity xfft_v9_1_15.dpm [\dpm(c_xdevicefamily="zynquplus"...]
Compiling architecture xilinx of entity xfft_v9_1_15.shift_ram [\shift_ram(c_xdevicefamily="zynq...]
Compiling architecture xilinx of entity xfft_v9_1_15.mux_bus4 [\mux_bus4(c_xdevicefamily="zynqu...]
Compiling architecture xilinx of entity xfft_v9_1_15.mux_bus2 [\mux_bus2(c_xdevicefamily="zynqu...]
Compiling architecture xilinx of entity xfft_v9_1_15.mux_bus4 [\mux_bus4(c_xdevicefamily="zynqu...]
Compiling architecture xilinx of entity xfft_v9_1_15.arith_shift3 [\arith_shift3(c_xdevicefamily="z...]
Compiling architecture xilinx of entity xfft_v9_1_15.shift_ram [\shift_ram(c_xdevicefamily="zynq...]
Compiling architecture xilinx of entity cmpy_v6_0_27.delay_line [\delay_line(c_xdevicefamily="zyn...]
Compiling architecture xilinx of entity cmpy_v6_0_27.delay_line [\delay_line(c_xdevicefamily="zyn...]
Compiling architecture xilinx of entity mult_gen_v12_0_24.delay_line [\delay_line(c_xdevicefamily="zyn...]
Compiling architecture xilinx of entity mult_gen_v12_0_24.delay_line [\delay_line(c_xdevicefamily="zyn...]
Compiling architecture dsp48e2_v of entity unisim.DSP48E2 [\DSP48E2(acascreg=2,alumodereg=0...]
Compiling architecture xilinx of entity mult_gen_v12_0_24.delay_line [\delay_line(c_xdevicefamily="zyn...]
Compiling architecture xilinx of entity mult_gen_v12_0_24.op_resize [\op_resize(ai_width=17,bi_width=...]
Compiling architecture xilinx of entity mult_gen_v12_0_24.dsp [\dsp(c_xdevicefamily="zynquplus"...]
Compiling architecture xilinx of entity cmpy_v6_0_27.cmpy_3_dsp48_mult [\cmpy_3_dsp48_mult(c_xdevicefami...]
Compiling architecture xilinx of entity mult_gen_v12_0_24.delay_line [\delay_line(c_xdevicefamily="zyn...]
Compiling architecture xilinx of entity mult_gen_v12_0_24.delay_line [\delay_line(c_xdevicefamily="zyn...]
Compiling architecture dsp48e2_v of entity unisim.DSP48E2 [\DSP48E2(alumodereg=0,amultsel="...]
Compiling architecture xilinx of entity mult_gen_v12_0_24.op_resize [\op_resize(ai_width=18,ao_width=...]
Compiling architecture xilinx of entity mult_gen_v12_0_24.dsp [\dsp(c_xdevicefamily="zynquplus"...]
Compiling architecture xilinx of entity cmpy_v6_0_27.cmpy_3_dsp48_mult [\cmpy_3_dsp48_mult(c_xdevicefami...]
Compiling architecture xilinx of entity mult_gen_v12_0_24.dsp [\dsp(c_xdevicefamily="zynquplus"...]
Compiling architecture xilinx of entity cmpy_v6_0_27.cmpy_3_dsp48_mult [\cmpy_3_dsp48_mult(c_xdevicefami...]
Compiling architecture xilinx of entity cmpy_v6_0_27.input_negation [\input_negation(c_xdevicefamily=...]
Compiling architecture xilinx of entity cmpy_v6_0_27.delay_line [\delay_line(c_xdevicefamily="zyn...]
Compiling architecture xilinx of entity cmpy_v6_0_27.delay_line [\delay_line(c_xdevicefamily="zyn...]
Compiling architecture xilinx of entity cmpy_v6_0_27.cmpy_3_dsp48 [\cmpy_3_dsp48(c_xdevicefamily="z...]
Compiling architecture xilinx of entity cmpy_v6_0_27.cmpy_v6_0_27_synth [\cmpy_v6_0_27_synth(c_xdevicefam...]
Compiling architecture xilinx of entity xfft_v9_1_15.cmpy [\cmpy(c_xdevicefamily="zynquplus...]
Compiling architecture structural of entity c_reg_fd_v12_0_11.c_reg_fd_v12_0_11_viv [\c_reg_fd_v12_0_11_viv(c_width=2...]
Compiling architecture rtl of entity c_addsub_v12_0_21.c_addsub_v12_0_21_lut6_legacy [\c_addsub_v12_0_21_lut6_legacy(c...]
Compiling architecture synth of entity c_addsub_v12_0_21.c_addsub_v12_0_21_fabric_legacy [\c_addsub_v12_0_21_fabric_legacy...]
Compiling architecture synth of entity c_addsub_v12_0_21.c_addsub_v12_0_21_legacy [\c_addsub_v12_0_21_legacy(c_fami...]
Compiling architecture synth of entity c_addsub_v12_0_21.c_addsub_v12_0_21_viv [\c_addsub_v12_0_21_viv(c_xdevice...]
Compiling architecture xilinx of entity xfft_v9_1_15.adder [\adder(c_xdevicefamily="zynquplu...]
Compiling architecture rtl of entity c_addsub_v12_0_21.c_addsub_v12_0_21_lut6_legacy [\c_addsub_v12_0_21_lut6_legacy(c...]
Compiling architecture synth of entity c_addsub_v12_0_21.c_addsub_v12_0_21_fabric_legacy [\c_addsub_v12_0_21_fabric_legacy...]
Compiling architecture synth of entity c_addsub_v12_0_21.c_addsub_v12_0_21_legacy [\c_addsub_v12_0_21_legacy(c_fami...]
Compiling architecture synth of entity c_addsub_v12_0_21.c_addsub_v12_0_21_viv [\c_addsub_v12_0_21_viv(c_xdevice...]
Compiling architecture xilinx of entity xfft_v9_1_15.subtracter [\subtracter(c_xdevicefamily="zyn...]
Compiling architecture xilinx of entity xfft_v9_1_15.butterfly [\butterfly(c_xdevicefamily="zynq...]
Compiling architecture xilinx of entity xfft_v9_1_15.r2_pe [\r2_pe(c_xdevicefamily="zynquplu...]
Compiling architecture xilinx of entity xfft_v9_1_15.r2_datapath [\r2_datapath(c_xdevicefamily="zy...]
Compiling architecture xilinx of entity xfft_v9_1_15.r2_pe [\r2_pe(c_xdevicefamily="zynquplu...]
Compiling architecture xilinx of entity xfft_v9_1_15.r2_datapath [\r2_datapath(c_xdevicefamily="zy...]
Compiling architecture xilinx of entity xfft_v9_1_15.r2_pe [\r2_pe(c_xdevicefamily="zynquplu...]
Compiling architecture xilinx of entity xfft_v9_1_15.r2_datapath [\r2_datapath(c_xdevicefamily="zy...]
Compiling architecture struct of entity c_shift_ram_v12_0_20.c_shift_ram_v12_0_20_legacy [\c_shift_ram_v12_0_20_legacy(c_x...]
Compiling architecture synth of entity c_shift_ram_v12_0_20.c_shift_ram_v12_0_20_viv [\c_shift_ram_v12_0_20_viv(c_xdev...]
Compiling architecture xilinx of entity xfft_v9_1_15.shift_ram [\shift_ram(c_xdevicefamily="zynq...]
Compiling architecture fdre_v of entity unisim.FDRE [fdre_default]
Compiling architecture lut6_v of entity unisim.LUT6 [\LUT6(init="11111111000000001111...]
Compiling architecture muxf7_v of entity unisim.MUXF7 [muxf7_default]
Compiling architecture muxf8_v of entity unisim.MUXF8 [muxf8_default]
Compiling architecture xilinx of entity xfft_v9_1_15.mux_bus16 [\mux_bus16(c_xdevicefamily="zynq...]
Compiling architecture xilinx of entity xfft_v9_1_15.xor_bit_gate [\xor_bit_gate(c_inputs=10)\]
Compiling architecture xilinx of entity xfft_v9_1_15.r2_in_addr [\r2_in_addr(c_xdevicefamily="zyn...]
Compiling architecture xilinx of entity xfft_v9_1_15.shift_ram [\shift_ram(c_xdevicefamily="zynq...]
Compiling architecture xilinx of entity xfft_v9_1_15.mux_bus4 [\mux_bus4(c_xdevicefamily="zynqu...]
Compiling architecture xilinx of entity xfft_v9_1_15.xor_bit_gate [\xor_bit_gate(c_inputs=9)\]
Compiling architecture xilinx of entity xfft_v9_1_15.r2_rw_addr [\r2_rw_addr(c_xdevicefamily="zyn...]
Compiling architecture srl16e_v of entity unisim.SRL16E [\SRL16E(0,15)\]
Compiling architecture xilinx of entity xfft_v9_1_15.shift_ram [\shift_ram(c_xdevicefamily="zynq...]
Compiling architecture lut3_v of entity unisim.LUT3 [\LUT3(init="11001010")(0,7)\]
Compiling architecture xilinx of entity xfft_v9_1_15.mux_bus2 [\mux_bus2(c_xdevicefamily="zynqu...]
Compiling architecture struct of entity c_shift_ram_v12_0_20.c_shift_ram_v12_0_20_legacy [\c_shift_ram_v12_0_20_legacy(c_x...]
Compiling architecture synth of entity c_shift_ram_v12_0_20.c_shift_ram_v12_0_20_viv [\c_shift_ram_v12_0_20_viv(c_xdev...]
Compiling architecture xilinx of entity xfft_v9_1_15.shift_ram [\shift_ram(c_xdevicefamily="zynq...]
Compiling architecture xilinx of entity xfft_v9_1_15.shift_ram [\shift_ram(c_xdevicefamily="zynq...]
Compiling architecture struct of entity c_shift_ram_v12_0_20.c_shift_ram_v12_0_20_legacy [\c_shift_ram_v12_0_20_legacy(c_x...]
Compiling architecture synth of entity c_shift_ram_v12_0_20.c_shift_ram_v12_0_20_viv [\c_shift_ram_v12_0_20_viv(c_xdev...]
Compiling architecture xilinx of entity xfft_v9_1_15.shift_ram [\shift_ram(c_xdevicefamily="zynq...]
Compiling architecture vcc_v of entity unisim.VCC [vcc_default]
Compiling architecture xilinx of entity xfft_v9_1_15.twgen_half_sincos [\twgen_half_sincos(c_xdevicefami...]
Compiling architecture xilinx of entity xfft_v9_1_15.twiddle_gen [\twiddle_gen(c_xdevicefamily="zy...]
Compiling architecture xilinx of entity xfft_v9_1_15.mux_bus16 [\mux_bus16(c_xdevicefamily="zynq...]
Compiling architecture xilinx of entity xfft_v9_1_15.r2_tw_addr [\r2_tw_addr(c_xdevicefamily="zyn...]
Compiling architecture xilinx of entity xfft_v9_1_15.shift_ram [\shift_ram(c_xdevicefamily="zynq...]
Compiling architecture xilinx of entity xfft_v9_1_15.shift_ram [\shift_ram(c_xdevicefamily="zynq...]
Compiling architecture struct of entity c_shift_ram_v12_0_20.c_shift_ram_v12_0_20_legacy [\c_shift_ram_v12_0_20_legacy(c_x...]
Compiling architecture synth of entity c_shift_ram_v12_0_20.c_shift_ram_v12_0_20_viv [\c_shift_ram_v12_0_20_viv(c_xdev...]
Compiling architecture xilinx of entity xfft_v9_1_15.shift_ram [\shift_ram(c_xdevicefamily="zynq...]
Compiling architecture xilinx of entity xfft_v9_1_15.shift_ram [\shift_ram(c_xdevicefamily="zynq...]
Compiling architecture xilinx of entity xfft_v9_1_15.shift_ram [\shift_ram(c_xdevicefamily="zynq...]
Compiling architecture fde_v of entity unisim.FDE [fde_default]
Compiling architecture rtl of entity c_addsub_v12_0_21.c_addsub_v12_0_21_lut6_legacy [\c_addsub_v12_0_21_lut6_legacy(c...]
Compiling architecture synth of entity c_addsub_v12_0_21.c_addsub_v12_0_21_fabric_legacy [\c_addsub_v12_0_21_fabric_legacy...]
Compiling architecture synth of entity c_addsub_v12_0_21.c_addsub_v12_0_21_legacy [\c_addsub_v12_0_21_legacy(c_fami...]
Compiling architecture synth of entity c_addsub_v12_0_21.c_addsub_v12_0_21_viv [\c_addsub_v12_0_21_viv(c_xdevice...]
Compiling architecture xilinx of entity xfft_v9_1_15.equ_rtl [\equ_rtl(c_xdevicefamily="zynqup...]
Compiling architecture xilinx of entity xfft_v9_1_15.cnt_tc_rtl [\cnt_tc_rtl(c_xdevicefamily="zyn...]
Compiling architecture xilinx of entity xfft_v9_1_15.shift_ram [\shift_ram(c_xdevicefamily="zynq...]
Compiling architecture xilinx of entity xfft_v9_1_15.reg_rs_rtl [reg_rs_rtl_default]
Compiling architecture rtl of entity c_addsub_v12_0_21.c_addsub_v12_0_21_lut6_legacy [\c_addsub_v12_0_21_lut6_legacy(c...]
Compiling architecture synth of entity c_addsub_v12_0_21.c_addsub_v12_0_21_fabric_legacy [\c_addsub_v12_0_21_fabric_legacy...]
Compiling architecture synth of entity c_addsub_v12_0_21.c_addsub_v12_0_21_legacy [\c_addsub_v12_0_21_legacy(c_fami...]
Compiling architecture synth of entity c_addsub_v12_0_21.c_addsub_v12_0_21_viv [\c_addsub_v12_0_21_viv(c_xdevice...]
Compiling architecture lut6_v of entity unisim.LUT6 [\LUT6(init="10010000000010010000...]
Compiling architecture xilinx of entity xfft_v9_1_15.equ_rtl [\equ_rtl(c_xdevicefamily="zynqup...]
Compiling architecture xilinx of entity xfft_v9_1_15.cnt_tc_rtl [\cnt_tc_rtl(c_xdevicefamily="zyn...]
Compiling architecture rtl of entity c_addsub_v12_0_21.c_addsub_v12_0_21_lut6_legacy [\c_addsub_v12_0_21_lut6_legacy(c...]
Compiling architecture synth of entity c_addsub_v12_0_21.c_addsub_v12_0_21_fabric_legacy [\c_addsub_v12_0_21_fabric_legacy...]
Compiling architecture synth of entity c_addsub_v12_0_21.c_addsub_v12_0_21_legacy [\c_addsub_v12_0_21_legacy(c_fami...]
Compiling architecture synth of entity c_addsub_v12_0_21.c_addsub_v12_0_21_viv [\c_addsub_v12_0_21_viv(c_xdevice...]
Compiling architecture xilinx of entity xfft_v9_1_15.equ_rtl [\equ_rtl(c_xdevicefamily="zynqup...]
Compiling architecture xilinx of entity xfft_v9_1_15.cnt_tc_rtl [\cnt_tc_rtl(c_xdevicefamily="zyn...]
Compiling architecture rtl of entity c_addsub_v12_0_21.c_addsub_v12_0_21_lut6_legacy [\c_addsub_v12_0_21_lut6_legacy(c...]
Compiling architecture synth of entity c_addsub_v12_0_21.c_addsub_v12_0_21_fabric_legacy [\c_addsub_v12_0_21_fabric_legacy...]
Compiling architecture synth of entity c_addsub_v12_0_21.c_addsub_v12_0_21_legacy [\c_addsub_v12_0_21_legacy(c_fami...]
Compiling architecture synth of entity c_addsub_v12_0_21.c_addsub_v12_0_21_viv [\c_addsub_v12_0_21_viv(c_xdevice...]
Compiling architecture xilinx of entity xfft_v9_1_15.equ_rtl [\equ_rtl(c_xdevicefamily="zynqup...]
Compiling architecture xilinx of entity xfft_v9_1_15.cnt_tc_rtl [\cnt_tc_rtl(c_xdevicefamily="zyn...]
Compiling architecture xilinx of entity xfft_v9_1_15.flow_control_c [\flow_control_c(c_xdevicefamily=...]
Compiling architecture xilinx of entity xfft_v9_1_15.shift_ram [\shift_ram(c_xdevicefamily="zynq...]
Compiling architecture structural of entity c_reg_fd_v12_0_11.c_reg_fd_v12_0_11_viv [\c_reg_fd_v12_0_11_viv(c_sync_pr...]
Compiling architecture struct of entity c_shift_ram_v12_0_20.c_shift_ram_v12_0_20_legacy [\c_shift_ram_v12_0_20_legacy(c_x...]
Compiling architecture synth of entity c_shift_ram_v12_0_20.c_shift_ram_v12_0_20_viv [\c_shift_ram_v12_0_20_viv(c_xdev...]
Compiling architecture xilinx of entity xfft_v9_1_15.shift_ram [\shift_ram(c_xdevicefamily="zynq...]
Compiling architecture xilinx of entity xfft_v9_1_15.r2_control [\r2_control(c_xdevicefamily="zyn...]
Compiling architecture xilinx of entity xfft_v9_1_15.xfft_v9_1_15_c [\xfft_v9_1_15_c(c_channels=3,c_x...]
Compiling architecture synth of entity xfft_v9_1_15.xfft_v9_1_15_core [\xfft_v9_1_15_core(c_xdevicefami...]
Compiling architecture xilinx of entity axi_utils_v2_0_11.glb_srl_fifo [\glb_srl_fifo(width=97,has_uvpro...]
Compiling architecture xilinx of entity axi_utils_v2_0_11.glb_ifx_slave [\glb_ifx_slave(width=97,has_uvpr...]
Compiling architecture synth of entity xfft_v9_1_15.axi_wrapper_input_fifo [\axi_wrapper_input_fifo(c_fifo_w...]
Compiling architecture xilinx of entity axi_utils_v2_0_11.glb_srl_fifo [\glb_srl_fifo(width=63,has_uvpro...]
Compiling architecture xilinx of entity axi_utils_v2_0_11.glb_ifx_slave [\glb_ifx_slave(width=63,has_uvpr...]
Compiling architecture synth of entity xfft_v9_1_15.axi_wrapper_input_fifo [\axi_wrapper_input_fifo(c_fifo_w...]
Compiling architecture xilinx of entity axi_utils_v2_0_11.glb_srl_fifo [\glb_srl_fifo(width=97,has_uvpro...]
Compiling architecture xilinx of entity axi_utils_v2_0_11.glb_ifx_master [\glb_ifx_master(width=97,afull_t...]
Compiling architecture synth of entity xfft_v9_1_15.axi_wrapper_output_fifo [\axi_wrapper_output_fifo(c_fifo_...]
Compiling architecture synth of entity xfft_v9_1_15.axi_wrapper [\axi_wrapper(c_channels=3,c_nfft...]
Compiling architecture synth of entity xfft_v9_1_15.xfft_v9_1_15_viv [\xfft_v9_1_15_viv(c_xdevicefamil...]
Compiling architecture xilinx of entity xfft_v9_1_15.xfft_v9_1_15 [\xfft_v9_1_15(c_xdevicefamily="z...]
Compiling architecture hilbert_fft_xfft_0_0_arch of entity xil_defaultlib.Hilbert_fft_xfft_0_0 [hilbert_fft_xfft_0_0_default]
Compiling module xlconstant_v1_1_10.xlconstant_v1_1_10_xlconstant(CO...
Compiling module xil_defaultlib.Hilbert_fft_xlconstant_0_0
Compiling module xlconstant_v1_1_10.xlconstant_v1_1_10_xlconstant
Compiling module xil_defaultlib.Hilbert_fft_xlconstant_1_0
Compiling module xlslice_v1_0_5.xlslice_v1_0_5_xlslice(DIN_WIDTH...
Compiling module xil_defaultlib.Hilbert_fft_xlslice_0_0
Compiling module xil_defaultlib.Hilbert_fft
Compiling module xil_defaultlib.tb_top
Compiling module xil_defaultlib.glbl
Built simulation snapshot tb_top_behav
execute_script: Time (s): cpu = 00:00:32 ; elapsed = 00:00:16 . Memory (MB): peak = 11082.840 ; gain = 0.000 ; free physical = 20768 ; free virtual = 39368
INFO: [USF-XSim-69] 'elaborate' step finished in '16' seconds
INFO: [USF-XSim-4] XSim::Simulate design
INFO: [USF-XSim-61] Executing 'SIMULATE' step in '/home/janek/Magisterka/Intelligent-Vibroacoustic-Machine-Diagnostic-System-on-FPGA/Hilbert_with_fft/Hilbert_and_fft_test/Hilbert_and_fft_test.sim/sim_1/behav/xsim'
INFO: [USF-XSim-98] *** Running xsim
   with args "tb_top_behav -key {Behavioral:sim_1:Functional:tb_top} -tclbatch {tb_top.tcl} -protoinst "protoinst_files/Hilbert_fft.protoinst" -log {simulate.log}"
INFO: [USF-XSim-8] Loading simulator feature
INFO: [Wavedata 42-565] Reading protoinst file protoinst_files/Hilbert_fft.protoinst
INFO: [Wavedata 42-564]   Found protocol instance at /tb_top/Hilbert_fft//TDM_to_Parallel_Conv_0/m_axis
INFO: [Wavedata 42-564]   Found protocol instance at /tb_top/Hilbert_fft//xfft_0/S_AXIS_DATA
Time resolution is 1 ps
source tb_top.tcl
# set curr_wave [current_wave_config]
# if { [string length $curr_wave] == 0 } {
#   if { [llength [get_objects]] > 0} {
#     add_wave /
#     set_property needs_save false [current_wave_config]
#   } else {
#      send_msg_id Add_Wave-1 WARNING "No top level signals found. Simulator will start without a wave window. If you want to open a wave window go to 'File->New Waveform Configuration' or type 'create_wave_config' in the TCL console."
#   }
# }
# run 1000ns
START SYMULACJI - Generowanie danych TDM dla 3 kanalow
Note:   - SCALING_SCH: in_ptr = 3, out_ptr = 3
Time: 0 ps  Iteration: 0  Process: /tb_top/Hilbert_fft/xfft_0/U0/i_synth/axi_wrapper/gen_config_fifo_in/line__94240  File: /home/janek/2025.2/Vivado/data/ip/xilinx/xfft_v9_1/hdl/xfft_v9_1_vh_rfs.vhd
Note:     - C_CHANNELS  = 3
Time: 0 ps  Iteration: 0  Process: /tb_top/Hilbert_fft/xfft_0/U0/i_synth/axi_wrapper/gen_config_fifo_in/line__94240  File: /home/janek/2025.2/Vivado/data/ip/xilinx/xfft_v9_1/hdl/xfft_v9_1_vh_rfs.vhd
Note:     - field_width = 60
Time: 0 ps  Iteration: 0  Process: /tb_top/Hilbert_fft/xfft_0/U0/i_synth/axi_wrapper/gen_config_fifo_in/line__94240  File: /home/janek/2025.2/Vivado/data/ip/xilinx/xfft_v9_1/hdl/xfft_v9_1_vh_rfs.vhd
Note:   - Copying SCALE_SCH from 62 downto 3 to 62 downto 3
Time: 0 ps  Iteration: 0  Process: /tb_top/Hilbert_fft/xfft_0/U0/i_synth/axi_wrapper/gen_config_fifo_in/line__94240  File: /home/janek/2025.2/Vivado/data/ip/xilinx/xfft_v9_1/hdl/xfft_v9_1_vh_rfs.vhd
Note:   - SCALING_SCH: in_ptr = 3, out_ptr = 3
Time: 0 ps  Iteration: 1  Process: /tb_top/Hilbert_fft/xfft_0/U0/i_synth/axi_wrapper/gen_config_fifo_in/line__94240  File: /home/janek/2025.2/Vivado/data/ip/xilinx/xfft_v9_1/hdl/xfft_v9_1_vh_rfs.vhd
Note:     - C_CHANNELS  = 3
Time: 0 ps  Iteration: 1  Process: /tb_top/Hilbert_fft/xfft_0/U0/i_synth/axi_wrapper/gen_config_fifo_in/line__94240  File: /home/janek/2025.2/Vivado/data/ip/xilinx/xfft_v9_1/hdl/xfft_v9_1_vh_rfs.vhd
Note:     - field_width = 60
Time: 0 ps  Iteration: 1  Process: /tb_top/Hilbert_fft/xfft_0/U0/i_synth/axi_wrapper/gen_config_fifo_in/line__94240  File: /home/janek/2025.2/Vivado/data/ip/xilinx/xfft_v9_1/hdl/xfft_v9_1_vh_rfs.vhd
Note:   - Copying SCALE_SCH from 62 downto 3 to 62 downto 3
Time: 0 ps  Iteration: 1  Process: /tb_top/Hilbert_fft/xfft_0/U0/i_synth/axi_wrapper/gen_config_fifo_in/line__94240  File: /home/janek/2025.2/Vivado/data/ip/xilinx/xfft_v9_1/hdl/xfft_v9_1_vh_rfs.vhd
INFO: [USF-XSim-96] XSim completed. Design snapshot 'tb_top_behav' loaded.
INFO: [USF-XSim-97] XSim simulation ran for 1000ns
launch_simulation: Time (s): cpu = 00:00:37 ; elapsed = 00:00:22 . Memory (MB): peak = 11082.840 ; gain = 0.000 ; free physical = 20754 ; free virtual = 39318
current_wave_config {Untitled 3}
Untitled 3
add_wave {{/tb_top/Hilbert_fft/fir0_spy_0/debug_x}} {{/tb_top/Hilbert_fft/fir0_spy_0/debug_y}} {{/tb_top/Hilbert_fft/fir0_spy_0/debug_z}} 
current_wave_config {Untitled 3}
Untitled 3
add_wave {{/tb_top/Hilbert_fft/fir0_spy_1/debug_x}} {{/tb_top/Hilbert_fft/fir0_spy_1/debug_y}} {{/tb_top/Hilbert_fft/fir0_spy_1/debug_z}} 
run 40 ms
run: Time (s): cpu = 00:00:59 ; elapsed = 00:08:54 . Memory (MB): peak = 11082.840 ; gain = 0.000 ; free physical = 20689 ; free virtual = 39321
open_bd_design {/home/janek/Magisterka/Intelligent-Vibroacoustic-Machine-Diagnostic-System-on-FPGA/Hilbert_with_fft/Hilbert_and_fft_test/Hilbert_and_fft_test.srcs/sources_1/bd/Hilbert_fft/Hilbert_fft.bd}
open_bd_design {/home/janek/Magisterka/Intelligent-Vibroacoustic-Machine-Diagnostic-System-on-FPGA/Hilbert_with_fft/Hilbert_and_fft_test/Hilbert_and_fft_test.srcs/sources_1/bd/Hilbert_fft/Hilbert_fft.bd}
startgroup
set_property -dict [list \
  CONFIG.DIN_FROM {31} \
  CONFIG.DIN_TO {16} \
] [get_bd_cells xlslice_0]
endgroup
save_bd_design
Wrote  : </home/janek/Magisterka/Intelligent-Vibroacoustic-Machine-Diagnostic-System-on-FPGA/Hilbert_with_fft/Hilbert_and_fft_test/Hilbert_and_fft_test.srcs/sources_1/bd/Hilbert_fft/Hilbert_fft.bd> 
close_sim
INFO: xsimkernel Simulation Memory Usage: 317512 KB (Peak: 367364 KB), Simulation CPU Usage: 534830 ms
INFO: [Simtcl 6-16] Simulation closed
generate_target Simulation [get_files /home/janek/Magisterka/Intelligent-Vibroacoustic-Machine-Diagnostic-System-on-FPGA/Hilbert_with_fft/Hilbert_and_fft_test/Hilbert_and_fft_test.srcs/sources_1/bd/Hilbert_fft/Hilbert_fft.bd]
WARNING: [xilinx.com:ip:cordic:6.0-304] /cordic_0 S_AXIS_CARTESIAN-TDATA: Data transfer transaction mismatch. /cordic_0 transactions: 1.  -TDATA transactions: 3.
INFO: [xilinx.com:ip:cordic:6.0-315] /cordic_0 S_AXIS_CARTESIAN-TDATA: Will use first transaction for compatibility check
INFO: [xilinx.com:ip:cordic:6.0-7] /cordic_0 Setting Input Width to 16. S_AXIS_CARTESIAN_TDATA real input width: 16. S_AXIS_CARTESIAN_TDATA imag input width: 16.
WARNING: [xilinx.com:ip:cordic:6.0-304] /cordic_0 S_AXIS_CARTESIAN-TDATA: Data transfer transaction mismatch. /cordic_0 transactions: 1.  -TDATA transactions: 3.
INFO: [xilinx.com:ip:cordic:6.0-315] /cordic_0 S_AXIS_CARTESIAN-TDATA: Will use first transaction for compatibility check
INFO: [xilinx.com:ip:cordic:6.0-308] /cordic_0 S_AXIS_CARTESIAN-TDATA: Validating field: real(16:0): fix16_14 against  -TDATA: chan_0_path_0_real(16:0): fix16_16.
WARNING: [xilinx.com:ip:cordic:6.0-311] /cordic_0 S_AXIS_CARTESIAN-TDATA: Field property mismatch. Value mismatch for: real fixed fractwidth. /cordic_0 field: real = 14.  -TDATA field: chan_0_path_0_real = 16.
INFO: [xilinx.com:ip:cordic:6.0-308] /cordic_0 S_AXIS_CARTESIAN-TDATA: Validating field: imag(32:16): fix16_14 against  -TDATA: chan_0_path_0_imag(32:16): fix16_0.
WARNING: [xilinx.com:ip:cordic:6.0-311] /cordic_0 S_AXIS_CARTESIAN-TDATA: Field property mismatch. Value mismatch for: real fixed fractwidth. /cordic_0 field: imag = 14.  -TDATA field: chan_0_path_0_imag = 0.
INFO: [xilinx.com:ip:cordic:6.0-7] /cordic_1 Setting Input Width to 16. S_AXIS_CARTESIAN_TDATA real input width: 16. S_AXIS_CARTESIAN_TDATA imag input width: 16.
INFO: [xilinx.com:ip:cordic:6.0-7] /cordic_2 Setting Input Width to 16. S_AXIS_CARTESIAN_TDATA real input width: 16. S_AXIS_CARTESIAN_TDATA imag input width: 16.
INFO: [xilinx.com:ip:cordic:6.0-7] /cordic_3 Setting Input Width to 16. S_AXIS_CARTESIAN_TDATA real input width: 16. S_AXIS_CARTESIAN_TDATA imag input width: 16.
CRITICAL WARNING: [BD 41-759] The input pins (listed below) are either not connected or do not have a source port, and they don't have a tie-off specified. These pins are tied-off to all 0's to avoid error in Implementation flow.
Please check your design and connect them as needed: 
/TDM_to_Parallel_Conv_0/s_axis_tvalid

Wrote  : </home/janek/Magisterka/Intelligent-Vibroacoustic-Machine-Diagnostic-System-on-FPGA/Hilbert_with_fft/Hilbert_and_fft_test/Hilbert_and_fft_test.srcs/sources_1/bd/Hilbert_fft/Hilbert_fft.bd> 
Verilog Output written to : /home/janek/Magisterka/Intelligent-Vibroacoustic-Machine-Diagnostic-System-on-FPGA/Hilbert_with_fft/Hilbert_and_fft_test/Hilbert_and_fft_test.gen/sources_1/bd/Hilbert_fft/synth/Hilbert_fft.v
Verilog Output written to : /home/janek/Magisterka/Intelligent-Vibroacoustic-Machine-Diagnostic-System-on-FPGA/Hilbert_with_fft/Hilbert_and_fft_test/Hilbert_and_fft_test.gen/sources_1/bd/Hilbert_fft/sim/Hilbert_fft.v
Verilog Output written to : /home/janek/Magisterka/Intelligent-Vibroacoustic-Machine-Diagnostic-System-on-FPGA/Hilbert_with_fft/Hilbert_and_fft_test/Hilbert_and_fft_test.gen/sources_1/bd/Hilbert_fft/hdl/Hilbert_fft_wrapper.v
INFO: [BD 41-1029] Generation completed for the IP Integrator block xlslice_0 .
Exporting to file /home/janek/Magisterka/Intelligent-Vibroacoustic-Machine-Diagnostic-System-on-FPGA/Hilbert_with_fft/Hilbert_and_fft_test/Hilbert_and_fft_test.gen/sources_1/bd/Hilbert_fft/hw_handoff/Hilbert_fft.hwh
Generated Hardware Definition File /home/janek/Magisterka/Intelligent-Vibroacoustic-Machine-Diagnostic-System-on-FPGA/Hilbert_with_fft/Hilbert_and_fft_test/Hilbert_and_fft_test.gen/sources_1/bd/Hilbert_fft/synth/Hilbert_fft.hwdef
INFO: [BD 41-3262] Generated VHDL Instantiation Template file /home/janek/Magisterka/Intelligent-Vibroacoustic-Machine-Diagnostic-System-on-FPGA/Hilbert_with_fft/Hilbert_and_fft_test/Hilbert_and_fft_test.gen/sources_1/bd/Hilbert_fft/Hilbert_fft.vho
INFO: [BD 41-3262] Generated Verilog Instantiation Template file /home/janek/Magisterka/Intelligent-Vibroacoustic-Machine-Diagnostic-System-on-FPGA/Hilbert_with_fft/Hilbert_and_fft_test/Hilbert_and_fft_test.gen/sources_1/bd/Hilbert_fft/Hilbert_fft.veo
INFO: [BD 41-3262] Generated System Verilog Instantiation Template file /home/janek/Magisterka/Intelligent-Vibroacoustic-Machine-Diagnostic-System-on-FPGA/Hilbert_with_fft/Hilbert_and_fft_test/Hilbert_and_fft_test.gen/sources_1/bd/Hilbert_fft/Hilbert_fft_sv.sveo
export_ip_user_files -of_objects [get_files /home/janek/Magisterka/Intelligent-Vibroacoustic-Machine-Diagnostic-System-on-FPGA/Hilbert_with_fft/Hilbert_and_fft_test/Hilbert_and_fft_test.srcs/sources_1/bd/Hilbert_fft/Hilbert_fft.bd] -no_script -sync -force -quiet
export_simulation -of_objects [get_files /home/janek/Magisterka/Intelligent-Vibroacoustic-Machine-Diagnostic-System-on-FPGA/Hilbert_with_fft/Hilbert_and_fft_test/Hilbert_and_fft_test.srcs/sources_1/bd/Hilbert_fft/Hilbert_fft.bd] -directory /home/janek/Magisterka/Intelligent-Vibroacoustic-Machine-Diagnostic-System-on-FPGA/Hilbert_with_fft/Hilbert_and_fft_test/Hilbert_and_fft_test.ip_user_files/sim_scripts -ip_user_files_dir /home/janek/Magisterka/Intelligent-Vibroacoustic-Machine-Diagnostic-System-on-FPGA/Hilbert_with_fft/Hilbert_and_fft_test/Hilbert_and_fft_test.ip_user_files -ipstatic_source_dir /home/janek/Magisterka/Intelligent-Vibroacoustic-Machine-Diagnostic-System-on-FPGA/Hilbert_with_fft/Hilbert_and_fft_test/Hilbert_and_fft_test.ip_user_files/ipstatic -lib_map_path [list {modelsim=/home/janek/Magisterka/Intelligent-Vibroacoustic-Machine-Diagnostic-System-on-FPGA/Hilbert_with_fft/Hilbert_and_fft_test/Hilbert_and_fft_test.cache/compile_simlib/modelsim} {questa=/home/janek/Magisterka/Intelligent-Vibroacoustic-Machine-Diagnostic-System-on-FPGA/Hilbert_with_fft/Hilbert_and_fft_test/Hilbert_and_fft_test.cache/compile_simlib/questa} {xcelium=/home/janek/Magisterka/Intelligent-Vibroacoustic-Machine-Diagnostic-System-on-FPGA/Hilbert_with_fft/Hilbert_and_fft_test/Hilbert_and_fft_test.cache/compile_simlib/xcelium} {vcs=/home/janek/Magisterka/Intelligent-Vibroacoustic-Machine-Diagnostic-System-on-FPGA/Hilbert_with_fft/Hilbert_and_fft_test/Hilbert_and_fft_test.cache/compile_simlib/vcs} {riviera=/home/janek/Magisterka/Intelligent-Vibroacoustic-Machine-Diagnostic-System-on-FPGA/Hilbert_with_fft/Hilbert_and_fft_test/Hilbert_and_fft_test.cache/compile_simlib/riviera}] -use_ip_compiled_libs -force -quiet
launch_simulation
Command: launch_simulation 
INFO: [Vivado 12-25911] Executing simulation for 'XSim' simulator
INFO: [Project 1-5737] Running on host qtaz (64) - Ubuntu 24.04.4 LTS
INFO: [Vivado 12-28535] Process started - Tue Apr  7 00:31:27 2026

INFO: [Vivado 12-12493] Simulation top is 'tb_top'
INFO: [Vivado 12-5682] Launching behavioral simulation in '/home/janek/Magisterka/Intelligent-Vibroacoustic-Machine-Diagnostic-System-on-FPGA/Hilbert_with_fft/Hilbert_and_fft_test/Hilbert_and_fft_test.sim/sim_1/behav/xsim'
INFO: [SIM-utils-51] Simulation object is 'sim_1'
INFO: [SIM-utils-72] Using boost library from '/home/janek/2025.2/tps/boost_1_72_0'
INFO: [USF-XSim-7] Finding pre-compiled libraries...
INFO: [USF-XSim-11] File '/home/janek/2025.2/data/xsim/xsim.ini' copied to run dir:'/home/janek/Magisterka/Intelligent-Vibroacoustic-Machine-Diagnostic-System-on-FPGA/Hilbert_with_fft/Hilbert_and_fft_test/Hilbert_and_fft_test.sim/sim_1/behav/xsim'
INFO: [SIM-utils-54] Inspecting design source files for 'tb_top' in fileset 'sim_1'...
INFO: [SIM-utils-43] Exported '/home/janek/Magisterka/Intelligent-Vibroacoustic-Machine-Diagnostic-System-on-FPGA/Hilbert_with_fft/Hilbert_and_fft_test/Hilbert_and_fft_test.sim/sim_1/behav/xsim/Hilbert_fft_fir_compiler_0_0.mif'
INFO: [SIM-utils-43] Exported '/home/janek/Magisterka/Intelligent-Vibroacoustic-Machine-Diagnostic-System-on-FPGA/Hilbert_with_fft/Hilbert_and_fft_test/Hilbert_and_fft_test.sim/sim_1/behav/xsim/filet_2.coe'
INFO: [SIM-utils-43] Exported '/home/janek/Magisterka/Intelligent-Vibroacoustic-Machine-Diagnostic-System-on-FPGA/Hilbert_with_fft/Hilbert_and_fft_test/Hilbert_and_fft_test.sim/sim_1/behav/xsim/filter_coeffs.coe'
INFO: [USF-XSim-97] Finding global include files...
INFO: [USF-XSim-98] Fetching design files from 'sim_1'...
INFO: [USF-XSim-2] XSim::Compile design
INFO: [USF-XSim-61] Executing 'COMPILE and ANALYZE' step in '/home/janek/Magisterka/Intelligent-Vibroacoustic-Machine-Diagnostic-System-on-FPGA/Hilbert_with_fft/Hilbert_and_fft_test/Hilbert_and_fft_test.sim/sim_1/behav/xsim'
xvlog --incr --relax -L uvm -prj tb_top_vlog.prj
INFO: [VRFC 10-2263] Analyzing Verilog file "/home/janek/Magisterka/Intelligent-Vibroacoustic-Machine-Diagnostic-System-on-FPGA/Hilbert_with_fft/Hilbert_and_fft_test/Hilbert_and_fft_test.srcs/sources_1/new/TDM to Parallel Converter.v" into library xil_defaultlib
INFO: [VRFC 10-311] analyzing module TDM_to_Parallel_Converter
INFO: [VRFC 10-2263] Analyzing Verilog file "/home/janek/Magisterka/Intelligent-Vibroacoustic-Machine-Diagnostic-System-on-FPGA/Hilbert_with_fft/Hilbert_and_fft_test/Hilbert_and_fft_test.srcs/sources_1/new/brancher.v" into library xil_defaultlib
INFO: [VRFC 10-311] analyzing module brancher
INFO: [VRFC 10-2263] Analyzing Verilog file "/home/janek/Magisterka/Intelligent-Vibroacoustic-Machine-Diagnostic-System-on-FPGA/Hilbert_with_fft/Hilbert_and_fft_test/Hilbert_and_fft_test.srcs/sources_1/new/fir0_spy.v" into library xil_defaultlib
INFO: [VRFC 10-311] analyzing module fir0_spy
INFO: [VRFC 10-2263] Analyzing Verilog file "/home/janek/Magisterka/Intelligent-Vibroacoustic-Machine-Diagnostic-System-on-FPGA/Hilbert_with_fft/Hilbert_and_fft_test/Hilbert_and_fft_test.ip_user_files/bd/Hilbert_fft/ip/Hilbert_fft_axis_subset_converter_0_0/hdl/tdata_Hilbert_fft_axis_subset_converter_0_0.v" into library xil_defaultlib
INFO: [VRFC 10-311] analyzing module tdata_Hilbert_fft_axis_subset_converter_0_0
INFO: [VRFC 10-2263] Analyzing Verilog file "/home/janek/Magisterka/Intelligent-Vibroacoustic-Machine-Diagnostic-System-on-FPGA/Hilbert_with_fft/Hilbert_and_fft_test/Hilbert_and_fft_test.ip_user_files/bd/Hilbert_fft/ip/Hilbert_fft_axis_subset_converter_0_0/hdl/tuser_Hilbert_fft_axis_subset_converter_0_0.v" into library xil_defaultlib
INFO: [VRFC 10-311] analyzing module tuser_Hilbert_fft_axis_subset_converter_0_0
INFO: [VRFC 10-2263] Analyzing Verilog file "/home/janek/Magisterka/Intelligent-Vibroacoustic-Machine-Diagnostic-System-on-FPGA/Hilbert_with_fft/Hilbert_and_fft_test/Hilbert_and_fft_test.ip_user_files/bd/Hilbert_fft/ip/Hilbert_fft_axis_subset_converter_0_0/hdl/tstrb_Hilbert_fft_axis_subset_converter_0_0.v" into library xil_defaultlib
INFO: [VRFC 10-311] analyzing module tstrb_Hilbert_fft_axis_subset_converter_0_0
INFO: [VRFC 10-2263] Analyzing Verilog file "/home/janek/Magisterka/Intelligent-Vibroacoustic-Machine-Diagnostic-System-on-FPGA/Hilbert_with_fft/Hilbert_and_fft_test/Hilbert_and_fft_test.ip_user_files/bd/Hilbert_fft/ip/Hilbert_fft_axis_subset_converter_0_0/hdl/tkeep_Hilbert_fft_axis_subset_converter_0_0.v" into library xil_defaultlib
INFO: [VRFC 10-311] analyzing module tkeep_Hilbert_fft_axis_subset_converter_0_0
INFO: [VRFC 10-2263] Analyzing Verilog file "/home/janek/Magisterka/Intelligent-Vibroacoustic-Machine-Diagnostic-System-on-FPGA/Hilbert_with_fft/Hilbert_and_fft_test/Hilbert_and_fft_test.ip_user_files/bd/Hilbert_fft/ip/Hilbert_fft_axis_subset_converter_0_0/hdl/tid_Hilbert_fft_axis_subset_converter_0_0.v" into library xil_defaultlib
INFO: [VRFC 10-311] analyzing module tid_Hilbert_fft_axis_subset_converter_0_0
INFO: [VRFC 10-2263] Analyzing Verilog file "/home/janek/Magisterka/Intelligent-Vibroacoustic-Machine-Diagnostic-System-on-FPGA/Hilbert_with_fft/Hilbert_and_fft_test/Hilbert_and_fft_test.ip_user_files/bd/Hilbert_fft/ip/Hilbert_fft_axis_subset_converter_0_0/hdl/tdest_Hilbert_fft_axis_subset_converter_0_0.v" into library xil_defaultlib
INFO: [VRFC 10-311] analyzing module tdest_Hilbert_fft_axis_subset_converter_0_0
INFO: [VRFC 10-2263] Analyzing Verilog file "/home/janek/Magisterka/Intelligent-Vibroacoustic-Machine-Diagnostic-System-on-FPGA/Hilbert_with_fft/Hilbert_and_fft_test/Hilbert_and_fft_test.ip_user_files/bd/Hilbert_fft/ip/Hilbert_fft_axis_subset_converter_0_0/hdl/tlast_Hilbert_fft_axis_subset_converter_0_0.v" into library xil_defaultlib
INFO: [VRFC 10-311] analyzing module tlast_Hilbert_fft_axis_subset_converter_0_0
INFO: [VRFC 10-2263] Analyzing Verilog file "/home/janek/Magisterka/Intelligent-Vibroacoustic-Machine-Diagnostic-System-on-FPGA/Hilbert_with_fft/Hilbert_and_fft_test/Hilbert_and_fft_test.ip_user_files/bd/Hilbert_fft/ip/Hilbert_fft_axis_subset_converter_0_0/hdl/top_Hilbert_fft_axis_subset_converter_0_0.v" into library xil_defaultlib
INFO: [VRFC 10-311] analyzing module top_Hilbert_fft_axis_subset_converter_0_0
INFO: [VRFC 10-2263] Analyzing Verilog file "/home/janek/Magisterka/Intelligent-Vibroacoustic-Machine-Diagnostic-System-on-FPGA/Hilbert_with_fft/Hilbert_and_fft_test/Hilbert_and_fft_test.ip_user_files/bd/Hilbert_fft/ip/Hilbert_fft_axis_subset_converter_0_0/sim/Hilbert_fft_axis_subset_converter_0_0.v" into library xil_defaultlib
INFO: [VRFC 10-311] analyzing module Hilbert_fft_axis_subset_converter_0_0
INFO: [VRFC 10-2263] Analyzing Verilog file "/home/janek/Magisterka/Intelligent-Vibroacoustic-Machine-Diagnostic-System-on-FPGA/Hilbert_with_fft/Hilbert_and_fft_test/Hilbert_and_fft_test.ip_user_files/bd/Hilbert_fft/ip/Hilbert_fft_TDM_to_Parallel_Conv_0_0/sim/Hilbert_fft_TDM_to_Parallel_Conv_0_0.v" into library xil_defaultlib
INFO: [VRFC 10-311] analyzing module Hilbert_fft_TDM_to_Parallel_Conv_0_0
INFO: [VRFC 10-2263] Analyzing Verilog file "/home/janek/Magisterka/Intelligent-Vibroacoustic-Machine-Diagnostic-System-on-FPGA/Hilbert_with_fft/Hilbert_and_fft_test/Hilbert_and_fft_test.ip_user_files/bd/Hilbert_fft/ip/Hilbert_fft_xlconstant_0_0/sim/Hilbert_fft_xlconstant_0_0.v" into library xil_defaultlib
INFO: [VRFC 10-311] analyzing module Hilbert_fft_xlconstant_0_0
INFO: [VRFC 10-2263] Analyzing Verilog file "/home/janek/Magisterka/Intelligent-Vibroacoustic-Machine-Diagnostic-System-on-FPGA/Hilbert_with_fft/Hilbert_and_fft_test/Hilbert_and_fft_test.ip_user_files/bd/Hilbert_fft/ip/Hilbert_fft_xlconstant_1_0/sim/Hilbert_fft_xlconstant_1_0.v" into library xil_defaultlib
INFO: [VRFC 10-311] analyzing module Hilbert_fft_xlconstant_1_0
INFO: [VRFC 10-2263] Analyzing Verilog file "/home/janek/Magisterka/Intelligent-Vibroacoustic-Machine-Diagnostic-System-on-FPGA/Hilbert_with_fft/Hilbert_and_fft_test/Hilbert_and_fft_test.ip_user_files/bd/Hilbert_fft/ip/Hilbert_fft_brancher_0_0/sim/Hilbert_fft_brancher_0_0.v" into library xil_defaultlib
INFO: [VRFC 10-311] analyzing module Hilbert_fft_brancher_0_0
INFO: [VRFC 10-2263] Analyzing Verilog file "/home/janek/Magisterka/Intelligent-Vibroacoustic-Machine-Diagnostic-System-on-FPGA/Hilbert_with_fft/Hilbert_and_fft_test/Hilbert_and_fft_test.ip_user_files/bd/Hilbert_fft/ip/Hilbert_fft_fir0_spy_0_0/sim/Hilbert_fft_fir0_spy_0_0.v" into library xil_defaultlib
INFO: [VRFC 10-311] analyzing module Hilbert_fft_fir0_spy_0_0
INFO: [VRFC 10-2263] Analyzing Verilog file "/home/janek/Magisterka/Intelligent-Vibroacoustic-Machine-Diagnostic-System-on-FPGA/Hilbert_with_fft/Hilbert_and_fft_test/Hilbert_and_fft_test.ip_user_files/bd/Hilbert_fft/ip/Hilbert_fft_fir0_spy_0_2/sim/Hilbert_fft_fir0_spy_0_2.v" into library xil_defaultlib
INFO: [VRFC 10-311] analyzing module Hilbert_fft_fir0_spy_0_2
INFO: [VRFC 10-2263] Analyzing Verilog file "/home/janek/Magisterka/Intelligent-Vibroacoustic-Machine-Diagnostic-System-on-FPGA/Hilbert_with_fft/Hilbert_and_fft_test/Hilbert_and_fft_test.ip_user_files/bd/Hilbert_fft/ip/Hilbert_fft_xlslice_0_0/sim/Hilbert_fft_xlslice_0_0.v" into library xil_defaultlib
INFO: [VRFC 10-311] analyzing module Hilbert_fft_xlslice_0_0
INFO: [VRFC 10-2263] Analyzing Verilog file "/home/janek/Magisterka/Intelligent-Vibroacoustic-Machine-Diagnostic-System-on-FPGA/Hilbert_with_fft/Hilbert_and_fft_test/Hilbert_and_fft_test.ip_user_files/bd/Hilbert_fft/sim/Hilbert_fft.v" into library xil_defaultlib
INFO: [VRFC 10-311] analyzing module Hilbert_fft
xvhdl --incr --relax -prj tb_top_vhdl.prj
Waiting for jobs to finish...
No pending jobs, compilation finished.
INFO: [USF-XSim-69] 'compile' step finished in '2' seconds
INFO: [USF-XSim-3] XSim::Elaborate design
INFO: [USF-XSim-61] Executing 'ELABORATE' step in '/home/janek/Magisterka/Intelligent-Vibroacoustic-Machine-Diagnostic-System-on-FPGA/Hilbert_with_fft/Hilbert_and_fft_test/Hilbert_and_fft_test.sim/sim_1/behav/xsim'
xelab --incr --debug typical --relax --mt 8 -L xil_defaultlib -L xbip_utils_v3_0_15 -L axi_utils_v2_0_11 -L xbip_pipe_v3_0_11 -L fir_compiler_v7_2_26 -L c_reg_fd_v12_0_11 -L xbip_dsp48_wrapper_v3_0_7 -L c_addsub_v12_0_21 -L mult_gen_v12_0_24 -L cordic_v6_0_25 -L axis_infrastructure_v1_1_1 -L axis_register_slice_v1_1_35 -L axis_subset_converter_v1_1_36 -L c_shift_ram_v12_0_20 -L floating_point_v7_1_21 -L cmpy_v6_0_27 -L xfft_v9_1_15 -L xlconstant_v1_1_10 -L xlslice_v1_0_5 -L uvm -L unisims_ver -L unimacro_ver -L secureip -L xpm --snapshot tb_top_behav xil_defaultlib.tb_top xil_defaultlib.glbl -log elaborate.log
Vivado Simulator v2025.2
Copyright 1986-2022 Xilinx, Inc. All Rights Reserved.
Copyright 2022-2025 Advanced Micro Devices, Inc. All Rights Reserved.
Running: /home/janek/2025.2/Vivado/bin/unwrapped/lnx64.o/xelab --incr --debug typical --relax --mt 8 -L xil_defaultlib -L xbip_utils_v3_0_15 -L axi_utils_v2_0_11 -L xbip_pipe_v3_0_11 -L fir_compiler_v7_2_26 -L c_reg_fd_v12_0_11 -L xbip_dsp48_wrapper_v3_0_7 -L c_addsub_v12_0_21 -L mult_gen_v12_0_24 -L cordic_v6_0_25 -L axis_infrastructure_v1_1_1 -L axis_register_slice_v1_1_35 -L axis_subset_converter_v1_1_36 -L c_shift_ram_v12_0_20 -L floating_point_v7_1_21 -L cmpy_v6_0_27 -L xfft_v9_1_15 -L xlconstant_v1_1_10 -L xlslice_v1_0_5 -L uvm -L unisims_ver -L unimacro_ver -L secureip -L xpm --snapshot tb_top_behav xil_defaultlib.tb_top xil_defaultlib.glbl -log elaborate.log 
Using 8 slave threads.
WARNING: [XSIM 43-3431] One or more environment variables have been detected which affect the operation of the C compiler. These are typically not set in standard installations and are not tested by AMD, however they may be appropriate for your system, so the flow will attempt to continue.  If errors occur, try running xelab with the "-mt off -v 1" switches to see more information from the C compiler. The following environment variables have been detected:
    LIBRARY_PATH
Starting static elaboration
Pass Through NonSizing Optimizer
WARNING: [VRFC 10-5024] signed/unsigned conversion for real expression [/home/janek/Magisterka/Intelligent-Vibroacoustic-Machine-Diagnostic-System-on-FPGA/Hilbert_with_fft/Hilbert_and_fft_test/Hilbert_and_fft_test.srcs/sim_1/new/top.sv:94]
WARNING: [VRFC 10-5024] signed/unsigned conversion for real expression [/home/janek/Magisterka/Intelligent-Vibroacoustic-Machine-Diagnostic-System-on-FPGA/Hilbert_with_fft/Hilbert_and_fft_test/Hilbert_and_fft_test.srcs/sim_1/new/top.sv:100]
WARNING: [VRFC 10-5024] signed/unsigned conversion for real expression [/home/janek/Magisterka/Intelligent-Vibroacoustic-Machine-Diagnostic-System-on-FPGA/Hilbert_with_fft/Hilbert_and_fft_test/Hilbert_and_fft_test.srcs/sim_1/new/top.sv:106]
WARNING: [VRFC 10-5021] port 's_axis_cartesian_tready' is not connected on this instance [/home/janek/Magisterka/Intelligent-Vibroacoustic-Machine-Diagnostic-System-on-FPGA/Hilbert_with_fft/Hilbert_and_fft_test/Hilbert_and_fft_test.ip_user_files/bd/Hilbert_fft/sim/Hilbert_fft.v:86]
WARNING: [VRFC 10-5021] port 'm_axis_dout_tvalid' is not connected on this instance [/home/janek/Magisterka/Intelligent-Vibroacoustic-Machine-Diagnostic-System-on-FPGA/Hilbert_with_fft/Hilbert_and_fft_test/Hilbert_and_fft_test.ip_user_files/bd/Hilbert_fft/sim/Hilbert_fft.v:91]
WARNING: [VRFC 10-5021] port 'm_axis_dout_tvalid' is not connected on this instance [/home/janek/Magisterka/Intelligent-Vibroacoustic-Machine-Diagnostic-System-on-FPGA/Hilbert_with_fft/Hilbert_and_fft_test/Hilbert_and_fft_test.ip_user_files/bd/Hilbert_fft/sim/Hilbert_fft.v:96]
WARNING: [VRFC 10-5021] port 'm_axis_dout_tvalid' is not connected on this instance [/home/janek/Magisterka/Intelligent-Vibroacoustic-Machine-Diagnostic-System-on-FPGA/Hilbert_with_fft/Hilbert_and_fft_test/Hilbert_and_fft_test.ip_user_files/bd/Hilbert_fft/sim/Hilbert_fft.v:101]
WARNING: [VRFC 10-5021] port 's_axis_config_tready' is not connected on this instance [/home/janek/Magisterka/Intelligent-Vibroacoustic-Machine-Diagnostic-System-on-FPGA/Hilbert_with_fft/Hilbert_and_fft_test/Hilbert_and_fft_test.ip_user_files/bd/Hilbert_fft/sim/Hilbert_fft.v:130]
Completed static elaboration
Starting simulation data flow analysis
Completed simulation data flow analysis
Time Resolution for simulation is 1ps
Compiling package std.standard
Compiling package std.textio
Compiling package ieee.std_logic_1164
Compiling package ieee.numeric_std
Compiling package cordic_v6_0_25.cordic_v6_0_25_viv_comp
Compiling package xbip_utils_v3_0_15.xbip_utils_v3_0_15_pkg
Compiling package xbip_pipe_v3_0_11.xbip_pipe_v3_0_11_viv_comp
Compiling package axi_utils_v2_0_11.axi_utils_v2_0_11_pkg
Compiling package ieee.math_real
Compiling package axi_utils_v2_0_11.global_util_pkg
Compiling package axi_utils_v2_0_11.axi_utils_comps
Compiling package mult_gen_v12_0_24.mult_gen_v12_0_24_pkg
Compiling package ieee.std_logic_arith
Compiling package ieee.std_logic_signed
Compiling package cordic_v6_0_25.cordic_pack
Compiling package cordic_v6_0_25.cordic_hdl_comps
Compiling package c_addsub_v12_0_21.c_addsub_v12_0_21_viv_comp
Compiling package c_addsub_v12_0_21.c_addsub_v12_0_21_pkg
Compiling package c_addsub_v12_0_21.c_addsub_v12_0_21_pkg_legacy
Compiling package c_reg_fd_v12_0_11.c_reg_fd_v12_0_11_viv_comp
Compiling package unisim.vcomponents
Compiling package fir_compiler_v7_2_26.fir_compiler_v7_2_26_viv_comp
Compiling package ieee.std_logic_textio
Compiling package fir_compiler_v7_2_26.globals_pkg
Compiling package fir_compiler_v7_2_26.components
Compiling package ieee.vital_timing
Compiling package ieee.vital_primitives
Compiling package unisim.vpkg
Compiling package xfft_v9_1_15.xfft_v9_1_15_viv_comp
Compiling package ieee.std_logic_unsigned
Compiling package cmpy_v6_0_27.cmpy_v6_0_27_pkg
Compiling package floating_point_v7_1_21.floating_point_v7_1_21_consts
Compiling package floating_point_v7_1_21.floating_point_v7_1_21_exp_table...
Compiling package floating_point_v7_1_21.floating_point_v7_1_21_pkg
Compiling package xfft_v9_1_15.pkg
Compiling package xfft_v9_1_15.xfft_v9_1_15_axi_pkg
Compiling package c_shift_ram_v12_0_20.c_shift_ram_v12_0_20_pkg
Compiling package xfft_v9_1_15.half_sincos_tw_table
Compiling package xpm.vcomponents
Compiling package mult_gen_v12_0_24.dsp_pkg
Compiling module xil_defaultlib.TDM_to_Parallel_Converter
Compiling module xil_defaultlib.Hilbert_fft_TDM_to_Parallel_Conv...
Compiling module axis_subset_converter_v1_1_36.axis_subset_converter_v1_1_36_co...
Compiling module xil_defaultlib.tdata_Hilbert_fft_axis_subset_co...
Compiling module xil_defaultlib.tuser_Hilbert_fft_axis_subset_co...
Compiling module xil_defaultlib.tid_Hilbert_fft_axis_subset_conv...
Compiling module xil_defaultlib.tdest_Hilbert_fft_axis_subset_co...
Compiling module xil_defaultlib.tstrb_Hilbert_fft_axis_subset_co...
Compiling module xil_defaultlib.tkeep_Hilbert_fft_axis_subset_co...
Compiling module xil_defaultlib.tlast_Hilbert_fft_axis_subset_co...
Compiling module xil_defaultlib.top_Hilbert_fft_axis_subset_conv...
Compiling module xil_defaultlib.Hilbert_fft_axis_subset_converte...
Compiling module xil_defaultlib.brancher
Compiling module xil_defaultlib.Hilbert_fft_brancher_0_0
Compiling architecture xilinx of entity axi_utils_v2_0_11.axi_slave_2to1 [\axi_slave_2to1(c_a_tdata_width=...]
Compiling architecture synth of entity xbip_pipe_v3_0_11.xbip_pipe_v3_0_11_viv [\xbip_pipe_v3_0_11_viv(c_latency...]
Compiling architecture structural of entity c_reg_fd_v12_0_11.c_reg_fd_v12_0_11_viv [\c_reg_fd_v12_0_11_viv(c_width=2...]
Compiling architecture muxcy_v of entity unisim.MUXCY [muxcy_default]
Compiling architecture xorcy_v of entity unisim.XORCY [xorcy_default]
Compiling architecture rtl of entity c_addsub_v12_0_21.c_addsub_v12_0_21_lut6_legacy [\c_addsub_v12_0_21_lut6_legacy(c...]
Compiling architecture synth of entity c_addsub_v12_0_21.c_addsub_v12_0_21_fabric_legacy [\c_addsub_v12_0_21_fabric_legacy...]
Compiling architecture synth of entity c_addsub_v12_0_21.c_addsub_v12_0_21_legacy [\c_addsub_v12_0_21_legacy(c_fami...]
Compiling architecture synth of entity c_addsub_v12_0_21.c_addsub_v12_0_21_viv [\c_addsub_v12_0_21_viv(c_xdevice...]
Compiling architecture synth of entity cordic_v6_0_25.addsub [\addsub(family="zynquplus",add_m...]
Compiling architecture rtl of entity c_addsub_v12_0_21.c_addsub_v12_0_21_lut6_legacy [\c_addsub_v12_0_21_lut6_legacy(c...]
Compiling architecture synth of entity c_addsub_v12_0_21.c_addsub_v12_0_21_fabric_legacy [\c_addsub_v12_0_21_fabric_legacy...]
Compiling architecture synth of entity c_addsub_v12_0_21.c_addsub_v12_0_21_legacy [\c_addsub_v12_0_21_legacy(c_fami...]
Compiling architecture synth of entity c_addsub_v12_0_21.c_addsub_v12_0_21_viv [\c_addsub_v12_0_21_viv(c_xdevice...]
Compiling architecture synth of entity cordic_v6_0_25.addsub [\addsub(family="zynquplus",add_m...]
Compiling architecture struct_all of entity cordic_v6_0_25.delay [\delay(delay_len=1,family="zynqu...]
Compiling architecture structural of entity c_reg_fd_v12_0_11.c_reg_fd_v12_0_11_viv [\c_reg_fd_v12_0_11_viv(c_width=2...]
Compiling architecture rtl of entity c_addsub_v12_0_21.c_addsub_v12_0_21_lut6_legacy [\c_addsub_v12_0_21_lut6_legacy(c...]
Compiling architecture synth of entity c_addsub_v12_0_21.c_addsub_v12_0_21_fabric_legacy [\c_addsub_v12_0_21_fabric_legacy...]
Compiling architecture synth of entity c_addsub_v12_0_21.c_addsub_v12_0_21_legacy [\c_addsub_v12_0_21_legacy(c_fami...]
Compiling architecture synth of entity c_addsub_v12_0_21.c_addsub_v12_0_21_viv [\c_addsub_v12_0_21_viv(c_xdevice...]
Compiling architecture synth of entity cordic_v6_0_25.addsub [\addsub(family="zynquplus",add_m...]
Compiling architecture struct_all of entity cordic_v6_0_25.delay [\delay(delay_len=1,family="zynqu...]
Compiling architecture struct_all of entity cordic_v6_0_25.delay_bit [\delay_bit(delay_len=2,family="z...]
Compiling architecture synth of entity cordic_v6_0_25.cordic_inp_config [\cordic_inp_config(p_xdevicefami...]
Compiling architecture synth of entity cordic_v6_0_25.cordic_dat_acc_slice_par [\cordic_dat_acc_slice_par(p_xdev...]
Compiling architecture synth of entity cordic_v6_0_25.cordic_pha_acc_slice_par [\cordic_pha_acc_slice_par(p_xdev...]
Compiling architecture struct_all of entity cordic_v6_0_25.delay [\delay(delay_len=1,family="zynqu...]
Compiling architecture struct_all of entity cordic_v6_0_25.delay_bit [\delay_bit(delay_len=1,family="z...]
Compiling architecture synth of entity cordic_v6_0_25.cordic_ctrl_slice_par [\cordic_ctrl_slice_par(p_xdevice...]
Compiling architecture synth of entity cordic_v6_0_25.cordic_eng_slice_par [\cordic_eng_slice_par(p_xdevicef...]
Compiling architecture synth of entity cordic_v6_0_25.cordic_dat_acc_slice_par [\cordic_dat_acc_slice_par(p_xdev...]
Compiling architecture synth of entity cordic_v6_0_25.cordic_eng_slice_par [\cordic_eng_slice_par(p_xdevicef...]
Compiling architecture synth of entity cordic_v6_0_25.cordic_dat_acc_slice_par [\cordic_dat_acc_slice_par(p_xdev...]
Compiling architecture synth of entity cordic_v6_0_25.cordic_eng_slice_par [\cordic_eng_slice_par(p_xdevicef...]
Compiling architecture synth of entity cordic_v6_0_25.cordic_dat_acc_slice_par [\cordic_dat_acc_slice_par(p_xdev...]
Compiling architecture synth of entity cordic_v6_0_25.cordic_eng_slice_par [\cordic_eng_slice_par(p_xdevicef...]
Compiling architecture synth of entity cordic_v6_0_25.cordic_dat_acc_slice_par [\cordic_dat_acc_slice_par(p_xdev...]
Compiling architecture synth of entity cordic_v6_0_25.cordic_eng_slice_par [\cordic_eng_slice_par(p_xdevicef...]
Compiling architecture synth of entity cordic_v6_0_25.cordic_dat_acc_slice_par [\cordic_dat_acc_slice_par(p_xdev...]
Compiling architecture synth of entity cordic_v6_0_25.cordic_eng_slice_par [\cordic_eng_slice_par(p_xdevicef...]
Compiling architecture synth of entity cordic_v6_0_25.cordic_dat_acc_slice_par [\cordic_dat_acc_slice_par(p_xdev...]
Compiling architecture synth of entity cordic_v6_0_25.cordic_eng_slice_par [\cordic_eng_slice_par(p_xdevicef...]
Compiling architecture synth of entity cordic_v6_0_25.cordic_dat_acc_slice_par [\cordic_dat_acc_slice_par(p_xdev...]
Compiling architecture synth of entity cordic_v6_0_25.cordic_eng_slice_par [\cordic_eng_slice_par(p_xdevicef...]
Compiling architecture synth of entity cordic_v6_0_25.cordic_dat_acc_slice_par [\cordic_dat_acc_slice_par(p_xdev...]
Compiling architecture synth of entity cordic_v6_0_25.cordic_eng_slice_par [\cordic_eng_slice_par(p_xdevicef...]
Compiling architecture synth of entity cordic_v6_0_25.cordic_dat_acc_slice_par [\cordic_dat_acc_slice_par(p_xdev...]
Compiling architecture synth of entity cordic_v6_0_25.cordic_eng_slice_par [\cordic_eng_slice_par(p_xdevicef...]
Compiling architecture synth of entity cordic_v6_0_25.cordic_dat_acc_slice_par [\cordic_dat_acc_slice_par(p_xdev...]
Compiling architecture synth of entity cordic_v6_0_25.cordic_eng_slice_par [\cordic_eng_slice_par(p_xdevicef...]
Compiling architecture synth of entity cordic_v6_0_25.cordic_dat_acc_slice_par [\cordic_dat_acc_slice_par(p_xdev...]
Compiling architecture synth of entity cordic_v6_0_25.cordic_eng_slice_par [\cordic_eng_slice_par(p_xdevicef...]
Compiling architecture synth of entity cordic_v6_0_25.cordic_dat_acc_slice_par [\cordic_dat_acc_slice_par(p_xdev...]
Compiling architecture synth of entity cordic_v6_0_25.cordic_eng_slice_par [\cordic_eng_slice_par(p_xdevicef...]
Compiling architecture synth of entity cordic_v6_0_25.cordic_dat_acc_slice_par [\cordic_dat_acc_slice_par(p_xdev...]
Compiling architecture synth of entity cordic_v6_0_25.cordic_eng_slice_par [\cordic_eng_slice_par(p_xdevicef...]
Compiling architecture synth of entity cordic_v6_0_25.cordic_eng [\cordic_eng(p_xdevicefamily="zyn...]
Compiling architecture struct_all of entity cordic_v6_0_25.delay [\delay(delay_len=2,family="zynqu...]
Compiling architecture structural of entity c_reg_fd_v12_0_11.c_reg_fd_v12_0_11_viv [\c_reg_fd_v12_0_11_viv(c_width=2...]
Compiling architecture rtl of entity c_addsub_v12_0_21.c_addsub_v12_0_21_lut6_legacy [\c_addsub_v12_0_21_lut6_legacy(c...]
Compiling architecture synth of entity c_addsub_v12_0_21.c_addsub_v12_0_21_fabric_legacy [\c_addsub_v12_0_21_fabric_legacy...]
Compiling architecture synth of entity c_addsub_v12_0_21.c_addsub_v12_0_21_legacy [\c_addsub_v12_0_21_legacy(c_fami...]
Compiling architecture synth of entity c_addsub_v12_0_21.c_addsub_v12_0_21_viv [\c_addsub_v12_0_21_viv(c_xdevice...]
Compiling architecture synth of entity cordic_v6_0_25.addsub [\addsub(family="zynquplus",add_m...]
Compiling architecture synth of entity cordic_v6_0_25.cordic_round [\cordic_round(p_xdevicefamily="z...]
Compiling architecture struct_all of entity cordic_v6_0_25.delay_bit [\delay_bit(delay_len=0,family="z...]
Compiling architecture synth of entity cordic_v6_0_25.cordic_out_config [\cordic_out_config(p_xdevicefami...]
Compiling architecture synth of entity cordic_v6_0_25.cordic_v6_0_25_synth [\cordic_v6_0_25_synth(c_architec...]
Compiling architecture synth of entity cordic_v6_0_25.cordic_v6_0_25_viv [\cordic_v6_0_25_viv(c_architectu...]
Compiling architecture xilinx of entity cordic_v6_0_25.cordic_v6_0_25 [\cordic_v6_0_25(c_architecture=2...]
Compiling architecture hilbert_fft_cordic_0_0_arch of entity xil_defaultlib.Hilbert_fft_cordic_0_0 [hilbert_fft_cordic_0_0_default]
Compiling architecture synth of entity cordic_v6_0_25.cordic_v6_0_25_viv [\cordic_v6_0_25_viv(c_architectu...]
Compiling architecture xilinx of entity cordic_v6_0_25.cordic_v6_0_25 [\cordic_v6_0_25(c_architecture=2...]
Compiling architecture hilbert_fft_cordic_1_3_arch of entity xil_defaultlib.Hilbert_fft_cordic_1_3 [hilbert_fft_cordic_1_3_default]
Compiling architecture hilbert_fft_cordic_1_4_arch of entity xil_defaultlib.Hilbert_fft_cordic_1_4 [hilbert_fft_cordic_1_4_default]
Compiling architecture hilbert_fft_cordic_1_5_arch of entity xil_defaultlib.Hilbert_fft_cordic_1_5 [hilbert_fft_cordic_1_5_default]
Compiling module xil_defaultlib.fir0_spy
Compiling module xil_defaultlib.Hilbert_fft_fir0_spy_0_0
Compiling module xil_defaultlib.Hilbert_fft_fir0_spy_0_2
Compiling architecture xilinx of entity axi_utils_v2_0_11.glb_srl_fifo [\glb_srl_fifo(width=17,has_ifx=t...]
Compiling architecture xilinx of entity axi_utils_v2_0_11.glb_ifx_slave [\glb_ifx_slave(width=17,has_ifx=...]
Compiling architecture synth of entity fir_compiler_v7_2_26.delay [\delay(c_delay_len=1,c_xdevicefa...]
Compiling architecture synth of entity fir_compiler_v7_2_26.delay [\delay(c_delay_len=2,c_xdevicefa...]
Compiling architecture synth of entity fir_compiler_v7_2_26.delay [\delay(c_delay_len=4,c_xdevicefa...]
Compiling architecture synth of entity fir_compiler_v7_2_26.delay [\delay(c_delay_len=3,c_xdevicefa...]
Compiling architecture synth of entity fir_compiler_v7_2_26.dpt_mem [\dpt_mem(c_xdevicefamily="zynqup...]
Compiling architecture synth of entity fir_compiler_v7_2_26.filt_mem [\filt_mem(c_xdevicefamily="zynqu...]
Compiling architecture synth of entity fir_compiler_v7_2_26.sp_mem [\sp_mem(c_xdevicefamily="zynqupl...]
Compiling architecture synth of entity fir_compiler_v7_2_26.filt_mem [\filt_mem(c_xdevicefamily="zynqu...]
Compiling architecture synth of entity fir_compiler_v7_2_26.cntrl_delay [\cntrl_delay(c_delay_len=0,c_mem...]
Compiling architecture synth of entity fir_compiler_v7_2_26.delay [\delay(c_delay_len=3,c_xdevicefa...]
Compiling architecture synth of entity fir_compiler_v7_2_26.buff [\buff(c_xdevicefamily="zynquplus...]
Compiling architecture synth of entity fir_compiler_v7_2_26.delay [\delay(c_delay_len=0,c_xdevicefa...]
Compiling architecture synth of entity fir_compiler_v7_2_26.delay [\delay(c_delay_len=0,c_xdevicefa...]
Compiling architecture synth of entity fir_compiler_v7_2_26.delay [\delay(c_delay_len=0,c_xdevicefa...]
Compiling architecture dsp48e2_v of entity unisim.DSP48E2 [\DSP48E2(amultsel="AD",mask="111...]
Compiling architecture synth of entity fir_compiler_v7_2_26.calc [\calc(c_xdevicefamily="zynquplus...]
Compiling architecture synth of entity fir_compiler_v7_2_26.addsub_mult_accum [\addsub_mult_accum(c_xdevicefami...]
Compiling architecture synth of entity fir_compiler_v7_2_26.delay [\delay(c_delay_len=1,c_xdevicefa...]
Compiling architecture synth of entity fir_compiler_v7_2_26.delay [\delay(c_delay_len=0,c_xdevicefa...]
Compiling architecture synth of entity fir_compiler_v7_2_26.delay [\delay(c_delay_len=0,c_xdevicefa...]
Compiling architecture synth of entity fir_compiler_v7_2_26.delay [\delay(c_delay_len=2,c_xdevicefa...]
Compiling architecture synth of entity fir_compiler_v7_2_26.delay [\delay(c_delay_len=0,c_xdevicefa...]
Compiling architecture synth of entity fir_compiler_v7_2_26.delay [\delay(c_delay_len=1,c_xdevicefa...]
Compiling architecture synth of entity fir_compiler_v7_2_26.delay [\delay(c_delay_len=4,c_xdevicefa...]
Compiling architecture synth of entity fir_compiler_v7_2_26.delay [\delay(c_delay_len=7,c_xdevicefa...]
Compiling architecture xilinx of entity axi_utils_v2_0_11.glb_srl_fifo [\glb_srl_fifo(width=35,has_uvpro...]
Compiling architecture xilinx of entity axi_utils_v2_0_11.glb_ifx_master [\glb_ifx_master(width=35)\]
Compiling architecture synth of entity fir_compiler_v7_2_26.single_rate [\single_rate(c_xdevicefamily="zy...]
Compiling architecture synth of entity fir_compiler_v7_2_26.fir_compiler_v7_2_26_viv [\fir_compiler_v7_2_26_viv(c_xdev...]
Compiling architecture xilinx of entity fir_compiler_v7_2_26.fir_compiler_v7_2_26 [\fir_compiler_v7_2_26(c_xdevicef...]
Compiling architecture hilbert_fft_fir_compiler_0_0_arch of entity xil_defaultlib.Hilbert_fft_fir_compiler_0_0 [hilbert_fft_fir_compiler_0_0_def...]
Compiling architecture rb18_internal_vhdl_v of entity unisim.RB18_INTERNAL_VHDL [\RB18_INTERNAL_VHDL(bram_size=18...]
Compiling architecture ramb18e1_v of entity unisim.RAMB18E1 [\RAMB18E1(doa_reg=1,dob_reg=1,ra...]
Compiling architecture xilinx of entity xfft_v9_1_15.dpm [\dpm(c_xdevicefamily="zynquplus"...]
Compiling architecture xilinx of entity xfft_v9_1_15.shift_ram [\shift_ram(c_xdevicefamily="zynq...]
Compiling architecture xilinx of entity xfft_v9_1_15.mux_bus4 [\mux_bus4(c_xdevicefamily="zynqu...]
Compiling architecture xilinx of entity xfft_v9_1_15.mux_bus2 [\mux_bus2(c_xdevicefamily="zynqu...]
Compiling architecture xilinx of entity xfft_v9_1_15.mux_bus4 [\mux_bus4(c_xdevicefamily="zynqu...]
Compiling architecture xilinx of entity xfft_v9_1_15.arith_shift3 [\arith_shift3(c_xdevicefamily="z...]
Compiling architecture xilinx of entity xfft_v9_1_15.shift_ram [\shift_ram(c_xdevicefamily="zynq...]
Compiling architecture xilinx of entity cmpy_v6_0_27.delay_line [\delay_line(c_xdevicefamily="zyn...]
Compiling architecture xilinx of entity cmpy_v6_0_27.delay_line [\delay_line(c_xdevicefamily="zyn...]
Compiling architecture xilinx of entity mult_gen_v12_0_24.delay_line [\delay_line(c_xdevicefamily="zyn...]
Compiling architecture xilinx of entity mult_gen_v12_0_24.delay_line [\delay_line(c_xdevicefamily="zyn...]
Compiling architecture dsp48e2_v of entity unisim.DSP48E2 [\DSP48E2(acascreg=2,alumodereg=0...]
Compiling architecture xilinx of entity mult_gen_v12_0_24.delay_line [\delay_line(c_xdevicefamily="zyn...]
Compiling architecture xilinx of entity mult_gen_v12_0_24.op_resize [\op_resize(ai_width=17,bi_width=...]
Compiling architecture xilinx of entity mult_gen_v12_0_24.dsp [\dsp(c_xdevicefamily="zynquplus"...]
Compiling architecture xilinx of entity cmpy_v6_0_27.cmpy_3_dsp48_mult [\cmpy_3_dsp48_mult(c_xdevicefami...]
Compiling architecture xilinx of entity mult_gen_v12_0_24.delay_line [\delay_line(c_xdevicefamily="zyn...]
Compiling architecture xilinx of entity mult_gen_v12_0_24.delay_line [\delay_line(c_xdevicefamily="zyn...]
Compiling architecture dsp48e2_v of entity unisim.DSP48E2 [\DSP48E2(alumodereg=0,amultsel="...]
Compiling architecture xilinx of entity mult_gen_v12_0_24.op_resize [\op_resize(ai_width=18,ao_width=...]
Compiling architecture xilinx of entity mult_gen_v12_0_24.dsp [\dsp(c_xdevicefamily="zynquplus"...]
Compiling architecture xilinx of entity cmpy_v6_0_27.cmpy_3_dsp48_mult [\cmpy_3_dsp48_mult(c_xdevicefami...]
Compiling architecture xilinx of entity mult_gen_v12_0_24.dsp [\dsp(c_xdevicefamily="zynquplus"...]
Compiling architecture xilinx of entity cmpy_v6_0_27.cmpy_3_dsp48_mult [\cmpy_3_dsp48_mult(c_xdevicefami...]
Compiling architecture xilinx of entity cmpy_v6_0_27.input_negation [\input_negation(c_xdevicefamily=...]
Compiling architecture xilinx of entity cmpy_v6_0_27.delay_line [\delay_line(c_xdevicefamily="zyn...]
Compiling architecture xilinx of entity cmpy_v6_0_27.delay_line [\delay_line(c_xdevicefamily="zyn...]
Compiling architecture xilinx of entity cmpy_v6_0_27.cmpy_3_dsp48 [\cmpy_3_dsp48(c_xdevicefamily="z...]
Compiling architecture xilinx of entity cmpy_v6_0_27.cmpy_v6_0_27_synth [\cmpy_v6_0_27_synth(c_xdevicefam...]
Compiling architecture xilinx of entity xfft_v9_1_15.cmpy [\cmpy(c_xdevicefamily="zynquplus...]
Compiling architecture structural of entity c_reg_fd_v12_0_11.c_reg_fd_v12_0_11_viv [\c_reg_fd_v12_0_11_viv(c_width=2...]
Compiling architecture rtl of entity c_addsub_v12_0_21.c_addsub_v12_0_21_lut6_legacy [\c_addsub_v12_0_21_lut6_legacy(c...]
Compiling architecture synth of entity c_addsub_v12_0_21.c_addsub_v12_0_21_fabric_legacy [\c_addsub_v12_0_21_fabric_legacy...]
Compiling architecture synth of entity c_addsub_v12_0_21.c_addsub_v12_0_21_legacy [\c_addsub_v12_0_21_legacy(c_fami...]
Compiling architecture synth of entity c_addsub_v12_0_21.c_addsub_v12_0_21_viv [\c_addsub_v12_0_21_viv(c_xdevice...]
Compiling architecture xilinx of entity xfft_v9_1_15.adder [\adder(c_xdevicefamily="zynquplu...]
Compiling architecture rtl of entity c_addsub_v12_0_21.c_addsub_v12_0_21_lut6_legacy [\c_addsub_v12_0_21_lut6_legacy(c...]
Compiling architecture synth of entity c_addsub_v12_0_21.c_addsub_v12_0_21_fabric_legacy [\c_addsub_v12_0_21_fabric_legacy...]
Compiling architecture synth of entity c_addsub_v12_0_21.c_addsub_v12_0_21_legacy [\c_addsub_v12_0_21_legacy(c_fami...]
Compiling architecture synth of entity c_addsub_v12_0_21.c_addsub_v12_0_21_viv [\c_addsub_v12_0_21_viv(c_xdevice...]
Compiling architecture xilinx of entity xfft_v9_1_15.subtracter [\subtracter(c_xdevicefamily="zyn...]
Compiling architecture xilinx of entity xfft_v9_1_15.butterfly [\butterfly(c_xdevicefamily="zynq...]
Compiling architecture xilinx of entity xfft_v9_1_15.r2_pe [\r2_pe(c_xdevicefamily="zynquplu...]
Compiling architecture xilinx of entity xfft_v9_1_15.r2_datapath [\r2_datapath(c_xdevicefamily="zy...]
Compiling architecture xilinx of entity xfft_v9_1_15.r2_pe [\r2_pe(c_xdevicefamily="zynquplu...]
Compiling architecture xilinx of entity xfft_v9_1_15.r2_datapath [\r2_datapath(c_xdevicefamily="zy...]
Compiling architecture xilinx of entity xfft_v9_1_15.r2_pe [\r2_pe(c_xdevicefamily="zynquplu...]
Compiling architecture xilinx of entity xfft_v9_1_15.r2_datapath [\r2_datapath(c_xdevicefamily="zy...]
Compiling architecture struct of entity c_shift_ram_v12_0_20.c_shift_ram_v12_0_20_legacy [\c_shift_ram_v12_0_20_legacy(c_x...]
Compiling architecture synth of entity c_shift_ram_v12_0_20.c_shift_ram_v12_0_20_viv [\c_shift_ram_v12_0_20_viv(c_xdev...]
Compiling architecture xilinx of entity xfft_v9_1_15.shift_ram [\shift_ram(c_xdevicefamily="zynq...]
Compiling architecture fdre_v of entity unisim.FDRE [fdre_default]
Compiling architecture lut6_v of entity unisim.LUT6 [\LUT6(init="11111111000000001111...]
Compiling architecture muxf7_v of entity unisim.MUXF7 [muxf7_default]
Compiling architecture muxf8_v of entity unisim.MUXF8 [muxf8_default]
Compiling architecture xilinx of entity xfft_v9_1_15.mux_bus16 [\mux_bus16(c_xdevicefamily="zynq...]
Compiling architecture xilinx of entity xfft_v9_1_15.xor_bit_gate [\xor_bit_gate(c_inputs=10)\]
Compiling architecture xilinx of entity xfft_v9_1_15.r2_in_addr [\r2_in_addr(c_xdevicefamily="zyn...]
Compiling architecture xilinx of entity xfft_v9_1_15.shift_ram [\shift_ram(c_xdevicefamily="zynq...]
Compiling architecture xilinx of entity xfft_v9_1_15.mux_bus4 [\mux_bus4(c_xdevicefamily="zynqu...]
Compiling architecture xilinx of entity xfft_v9_1_15.xor_bit_gate [\xor_bit_gate(c_inputs=9)\]
Compiling architecture xilinx of entity xfft_v9_1_15.r2_rw_addr [\r2_rw_addr(c_xdevicefamily="zyn...]
Compiling architecture srl16e_v of entity unisim.SRL16E [\SRL16E(0,15)\]
Compiling architecture xilinx of entity xfft_v9_1_15.shift_ram [\shift_ram(c_xdevicefamily="zynq...]
Compiling architecture lut3_v of entity unisim.LUT3 [\LUT3(init="11001010")(0,7)\]
Compiling architecture xilinx of entity xfft_v9_1_15.mux_bus2 [\mux_bus2(c_xdevicefamily="zynqu...]
Compiling architecture struct of entity c_shift_ram_v12_0_20.c_shift_ram_v12_0_20_legacy [\c_shift_ram_v12_0_20_legacy(c_x...]
Compiling architecture synth of entity c_shift_ram_v12_0_20.c_shift_ram_v12_0_20_viv [\c_shift_ram_v12_0_20_viv(c_xdev...]
Compiling architecture xilinx of entity xfft_v9_1_15.shift_ram [\shift_ram(c_xdevicefamily="zynq...]
Compiling architecture xilinx of entity xfft_v9_1_15.shift_ram [\shift_ram(c_xdevicefamily="zynq...]
Compiling architecture struct of entity c_shift_ram_v12_0_20.c_shift_ram_v12_0_20_legacy [\c_shift_ram_v12_0_20_legacy(c_x...]
Compiling architecture synth of entity c_shift_ram_v12_0_20.c_shift_ram_v12_0_20_viv [\c_shift_ram_v12_0_20_viv(c_xdev...]
Compiling architecture xilinx of entity xfft_v9_1_15.shift_ram [\shift_ram(c_xdevicefamily="zynq...]
Compiling architecture vcc_v of entity unisim.VCC [vcc_default]
Compiling architecture xilinx of entity xfft_v9_1_15.twgen_half_sincos [\twgen_half_sincos(c_xdevicefami...]
Compiling architecture xilinx of entity xfft_v9_1_15.twiddle_gen [\twiddle_gen(c_xdevicefamily="zy...]
Compiling architecture xilinx of entity xfft_v9_1_15.mux_bus16 [\mux_bus16(c_xdevicefamily="zynq...]
Compiling architecture xilinx of entity xfft_v9_1_15.r2_tw_addr [\r2_tw_addr(c_xdevicefamily="zyn...]
Compiling architecture xilinx of entity xfft_v9_1_15.shift_ram [\shift_ram(c_xdevicefamily="zynq...]
Compiling architecture xilinx of entity xfft_v9_1_15.shift_ram [\shift_ram(c_xdevicefamily="zynq...]
Compiling architecture struct of entity c_shift_ram_v12_0_20.c_shift_ram_v12_0_20_legacy [\c_shift_ram_v12_0_20_legacy(c_x...]
Compiling architecture synth of entity c_shift_ram_v12_0_20.c_shift_ram_v12_0_20_viv [\c_shift_ram_v12_0_20_viv(c_xdev...]
Compiling architecture xilinx of entity xfft_v9_1_15.shift_ram [\shift_ram(c_xdevicefamily="zynq...]
Compiling architecture xilinx of entity xfft_v9_1_15.shift_ram [\shift_ram(c_xdevicefamily="zynq...]
Compiling architecture xilinx of entity xfft_v9_1_15.shift_ram [\shift_ram(c_xdevicefamily="zynq...]
Compiling architecture fde_v of entity unisim.FDE [fde_default]
Compiling architecture rtl of entity c_addsub_v12_0_21.c_addsub_v12_0_21_lut6_legacy [\c_addsub_v12_0_21_lut6_legacy(c...]
Compiling architecture synth of entity c_addsub_v12_0_21.c_addsub_v12_0_21_fabric_legacy [\c_addsub_v12_0_21_fabric_legacy...]
Compiling architecture synth of entity c_addsub_v12_0_21.c_addsub_v12_0_21_legacy [\c_addsub_v12_0_21_legacy(c_fami...]
Compiling architecture synth of entity c_addsub_v12_0_21.c_addsub_v12_0_21_viv [\c_addsub_v12_0_21_viv(c_xdevice...]
Compiling architecture xilinx of entity xfft_v9_1_15.equ_rtl [\equ_rtl(c_xdevicefamily="zynqup...]
Compiling architecture xilinx of entity xfft_v9_1_15.cnt_tc_rtl [\cnt_tc_rtl(c_xdevicefamily="zyn...]
Compiling architecture xilinx of entity xfft_v9_1_15.shift_ram [\shift_ram(c_xdevicefamily="zynq...]
Compiling architecture xilinx of entity xfft_v9_1_15.reg_rs_rtl [reg_rs_rtl_default]
Compiling architecture rtl of entity c_addsub_v12_0_21.c_addsub_v12_0_21_lut6_legacy [\c_addsub_v12_0_21_lut6_legacy(c...]
Compiling architecture synth of entity c_addsub_v12_0_21.c_addsub_v12_0_21_fabric_legacy [\c_addsub_v12_0_21_fabric_legacy...]
Compiling architecture synth of entity c_addsub_v12_0_21.c_addsub_v12_0_21_legacy [\c_addsub_v12_0_21_legacy(c_fami...]
Compiling architecture synth of entity c_addsub_v12_0_21.c_addsub_v12_0_21_viv [\c_addsub_v12_0_21_viv(c_xdevice...]
Compiling architecture lut6_v of entity unisim.LUT6 [\LUT6(init="10010000000010010000...]
Compiling architecture xilinx of entity xfft_v9_1_15.equ_rtl [\equ_rtl(c_xdevicefamily="zynqup...]
Compiling architecture xilinx of entity xfft_v9_1_15.cnt_tc_rtl [\cnt_tc_rtl(c_xdevicefamily="zyn...]
Compiling architecture rtl of entity c_addsub_v12_0_21.c_addsub_v12_0_21_lut6_legacy [\c_addsub_v12_0_21_lut6_legacy(c...]
Compiling architecture synth of entity c_addsub_v12_0_21.c_addsub_v12_0_21_fabric_legacy [\c_addsub_v12_0_21_fabric_legacy...]
Compiling architecture synth of entity c_addsub_v12_0_21.c_addsub_v12_0_21_legacy [\c_addsub_v12_0_21_legacy(c_fami...]
Compiling architecture synth of entity c_addsub_v12_0_21.c_addsub_v12_0_21_viv [\c_addsub_v12_0_21_viv(c_xdevice...]
Compiling architecture xilinx of entity xfft_v9_1_15.equ_rtl [\equ_rtl(c_xdevicefamily="zynqup...]
Compiling architecture xilinx of entity xfft_v9_1_15.cnt_tc_rtl [\cnt_tc_rtl(c_xdevicefamily="zyn...]
Compiling architecture rtl of entity c_addsub_v12_0_21.c_addsub_v12_0_21_lut6_legacy [\c_addsub_v12_0_21_lut6_legacy(c...]
Compiling architecture synth of entity c_addsub_v12_0_21.c_addsub_v12_0_21_fabric_legacy [\c_addsub_v12_0_21_fabric_legacy...]
Compiling architecture synth of entity c_addsub_v12_0_21.c_addsub_v12_0_21_legacy [\c_addsub_v12_0_21_legacy(c_fami...]
Compiling architecture synth of entity c_addsub_v12_0_21.c_addsub_v12_0_21_viv [\c_addsub_v12_0_21_viv(c_xdevice...]
Compiling architecture xilinx of entity xfft_v9_1_15.equ_rtl [\equ_rtl(c_xdevicefamily="zynqup...]
Compiling architecture xilinx of entity xfft_v9_1_15.cnt_tc_rtl [\cnt_tc_rtl(c_xdevicefamily="zyn...]
Compiling architecture xilinx of entity xfft_v9_1_15.flow_control_c [\flow_control_c(c_xdevicefamily=...]
Compiling architecture xilinx of entity xfft_v9_1_15.shift_ram [\shift_ram(c_xdevicefamily="zynq...]
Compiling architecture structural of entity c_reg_fd_v12_0_11.c_reg_fd_v12_0_11_viv [\c_reg_fd_v12_0_11_viv(c_sync_pr...]
Compiling architecture struct of entity c_shift_ram_v12_0_20.c_shift_ram_v12_0_20_legacy [\c_shift_ram_v12_0_20_legacy(c_x...]
Compiling architecture synth of entity c_shift_ram_v12_0_20.c_shift_ram_v12_0_20_viv [\c_shift_ram_v12_0_20_viv(c_xdev...]
Compiling architecture xilinx of entity xfft_v9_1_15.shift_ram [\shift_ram(c_xdevicefamily="zynq...]
Compiling architecture xilinx of entity xfft_v9_1_15.r2_control [\r2_control(c_xdevicefamily="zyn...]
Compiling architecture xilinx of entity xfft_v9_1_15.xfft_v9_1_15_c [\xfft_v9_1_15_c(c_channels=3,c_x...]
Compiling architecture synth of entity xfft_v9_1_15.xfft_v9_1_15_core [\xfft_v9_1_15_core(c_xdevicefami...]
Compiling architecture xilinx of entity axi_utils_v2_0_11.glb_srl_fifo [\glb_srl_fifo(width=97,has_uvpro...]
Compiling architecture xilinx of entity axi_utils_v2_0_11.glb_ifx_slave [\glb_ifx_slave(width=97,has_uvpr...]
Compiling architecture synth of entity xfft_v9_1_15.axi_wrapper_input_fifo [\axi_wrapper_input_fifo(c_fifo_w...]
Compiling architecture xilinx of entity axi_utils_v2_0_11.glb_srl_fifo [\glb_srl_fifo(width=63,has_uvpro...]
Compiling architecture xilinx of entity axi_utils_v2_0_11.glb_ifx_slave [\glb_ifx_slave(width=63,has_uvpr...]
Compiling architecture synth of entity xfft_v9_1_15.axi_wrapper_input_fifo [\axi_wrapper_input_fifo(c_fifo_w...]
Compiling architecture xilinx of entity axi_utils_v2_0_11.glb_srl_fifo [\glb_srl_fifo(width=97,has_uvpro...]
Compiling architecture xilinx of entity axi_utils_v2_0_11.glb_ifx_master [\glb_ifx_master(width=97,afull_t...]
Compiling architecture synth of entity xfft_v9_1_15.axi_wrapper_output_fifo [\axi_wrapper_output_fifo(c_fifo_...]
Compiling architecture synth of entity xfft_v9_1_15.axi_wrapper [\axi_wrapper(c_channels=3,c_nfft...]
Compiling architecture synth of entity xfft_v9_1_15.xfft_v9_1_15_viv [\xfft_v9_1_15_viv(c_xdevicefamil...]
Compiling architecture xilinx of entity xfft_v9_1_15.xfft_v9_1_15 [\xfft_v9_1_15(c_xdevicefamily="z...]
Compiling architecture hilbert_fft_xfft_0_0_arch of entity xil_defaultlib.Hilbert_fft_xfft_0_0 [hilbert_fft_xfft_0_0_default]
Compiling module xlconstant_v1_1_10.xlconstant_v1_1_10_xlconstant(CO...
Compiling module xil_defaultlib.Hilbert_fft_xlconstant_0_0
Compiling module xlconstant_v1_1_10.xlconstant_v1_1_10_xlconstant
Compiling module xil_defaultlib.Hilbert_fft_xlconstant_1_0
Compiling module xlslice_v1_0_5.xlslice_v1_0_5_xlslice(DIN_WIDTH...
Compiling module xil_defaultlib.Hilbert_fft_xlslice_0_0
Compiling module xil_defaultlib.Hilbert_fft
Compiling module xil_defaultlib.tb_top
Compiling module xil_defaultlib.glbl
Built simulation snapshot tb_top_behav
execute_script: Time (s): cpu = 00:00:24 ; elapsed = 00:00:13 . Memory (MB): peak = 11116.852 ; gain = 0.000 ; free physical = 20769 ; free virtual = 39371
INFO: [USF-XSim-69] 'elaborate' step finished in '13' seconds
INFO: [USF-XSim-4] XSim::Simulate design
INFO: [USF-XSim-61] Executing 'SIMULATE' step in '/home/janek/Magisterka/Intelligent-Vibroacoustic-Machine-Diagnostic-System-on-FPGA/Hilbert_with_fft/Hilbert_and_fft_test/Hilbert_and_fft_test.sim/sim_1/behav/xsim'
INFO: [USF-XSim-98] *** Running xsim
   with args "tb_top_behav -key {Behavioral:sim_1:Functional:tb_top} -tclbatch {tb_top.tcl} -protoinst "protoinst_files/Hilbert_fft.protoinst" -log {simulate.log}"
INFO: [USF-XSim-8] Loading simulator feature
INFO: [Wavedata 42-565] Reading protoinst file protoinst_files/Hilbert_fft.protoinst
INFO: [Wavedata 42-564]   Found protocol instance at /tb_top/Hilbert_fft//TDM_to_Parallel_Conv_0/m_axis
INFO: [Wavedata 42-564]   Found protocol instance at /tb_top/Hilbert_fft//xfft_0/S_AXIS_DATA
Time resolution is 1 ps
source tb_top.tcl
# set curr_wave [current_wave_config]
# if { [string length $curr_wave] == 0 } {
#   if { [llength [get_objects]] > 0} {
#     add_wave /
#     set_property needs_save false [current_wave_config]
#   } else {
#      send_msg_id Add_Wave-1 WARNING "No top level signals found. Simulator will start without a wave window. If you want to open a wave window go to 'File->New Waveform Configuration' or type 'create_wave_config' in the TCL console."
#   }
# }
# run 1000ns
START SYMULACJI - Generowanie danych TDM dla 3 kanalow
Note:   - SCALING_SCH: in_ptr = 3, out_ptr = 3
Time: 0 ps  Iteration: 0  Process: /tb_top/Hilbert_fft/xfft_0/U0/i_synth/axi_wrapper/gen_config_fifo_in/line__94240  File: /home/janek/2025.2/Vivado/data/ip/xilinx/xfft_v9_1/hdl/xfft_v9_1_vh_rfs.vhd
Note:     - C_CHANNELS  = 3
Time: 0 ps  Iteration: 0  Process: /tb_top/Hilbert_fft/xfft_0/U0/i_synth/axi_wrapper/gen_config_fifo_in/line__94240  File: /home/janek/2025.2/Vivado/data/ip/xilinx/xfft_v9_1/hdl/xfft_v9_1_vh_rfs.vhd
Note:     - field_width = 60
Time: 0 ps  Iteration: 0  Process: /tb_top/Hilbert_fft/xfft_0/U0/i_synth/axi_wrapper/gen_config_fifo_in/line__94240  File: /home/janek/2025.2/Vivado/data/ip/xilinx/xfft_v9_1/hdl/xfft_v9_1_vh_rfs.vhd
Note:   - Copying SCALE_SCH from 62 downto 3 to 62 downto 3
Time: 0 ps  Iteration: 0  Process: /tb_top/Hilbert_fft/xfft_0/U0/i_synth/axi_wrapper/gen_config_fifo_in/line__94240  File: /home/janek/2025.2/Vivado/data/ip/xilinx/xfft_v9_1/hdl/xfft_v9_1_vh_rfs.vhd
Note:   - SCALING_SCH: in_ptr = 3, out_ptr = 3
Time: 0 ps  Iteration: 1  Process: /tb_top/Hilbert_fft/xfft_0/U0/i_synth/axi_wrapper/gen_config_fifo_in/line__94240  File: /home/janek/2025.2/Vivado/data/ip/xilinx/xfft_v9_1/hdl/xfft_v9_1_vh_rfs.vhd
Note:     - C_CHANNELS  = 3
Time: 0 ps  Iteration: 1  Process: /tb_top/Hilbert_fft/xfft_0/U0/i_synth/axi_wrapper/gen_config_fifo_in/line__94240  File: /home/janek/2025.2/Vivado/data/ip/xilinx/xfft_v9_1/hdl/xfft_v9_1_vh_rfs.vhd
Note:     - field_width = 60
Time: 0 ps  Iteration: 1  Process: /tb_top/Hilbert_fft/xfft_0/U0/i_synth/axi_wrapper/gen_config_fifo_in/line__94240  File: /home/janek/2025.2/Vivado/data/ip/xilinx/xfft_v9_1/hdl/xfft_v9_1_vh_rfs.vhd
Note:   - Copying SCALE_SCH from 62 downto 3 to 62 downto 3
Time: 0 ps  Iteration: 1  Process: /tb_top/Hilbert_fft/xfft_0/U0/i_synth/axi_wrapper/gen_config_fifo_in/line__94240  File: /home/janek/2025.2/Vivado/data/ip/xilinx/xfft_v9_1/hdl/xfft_v9_1_vh_rfs.vhd
INFO: [USF-XSim-96] XSim completed. Design snapshot 'tb_top_behav' loaded.
INFO: [USF-XSim-97] XSim simulation ran for 1000ns
launch_simulation: Time (s): cpu = 00:00:29 ; elapsed = 00:00:19 . Memory (MB): peak = 11116.852 ; gain = 0.000 ; free physical = 20757 ; free virtual = 39323
current_wave_config {Untitled 4}
Untitled 4
add_wave {{/tb_top/Hilbert_fft/fir0_spy_0/debug_x}} {{/tb_top/Hilbert_fft/fir0_spy_0/debug_y}} {{/tb_top/Hilbert_fft/fir0_spy_0/debug_z}} 
current_wave_config {Untitled 4}
Untitled 4
add_wave {{/tb_top/Hilbert_fft/fir0_spy_1/debug_x}} {{/tb_top/Hilbert_fft/fir0_spy_1/debug_y}} {{/tb_top/Hilbert_fft/fir0_spy_1/debug_z}} 
run 40 ms
run: Time (s): cpu = 00:00:35 ; elapsed = 00:05:10 . Memory (MB): peak = 11116.852 ; gain = 0.000 ; free physical = 20716 ; free virtual = 39324
run 40 ms
run: Time (s): cpu = 00:00:08 ; elapsed = 00:00:45 . Memory (MB): peak = 11116.852 ; gain = 0.000 ; free physical = 20704 ; free virtual = 39318
open_bd_design {/home/janek/Magisterka/Intelligent-Vibroacoustic-Machine-Diagnostic-System-on-FPGA/Hilbert_with_fft/Hilbert_and_fft_test/Hilbert_and_fft_test.srcs/sources_1/bd/Hilbert_fft/Hilbert_fft.bd}
WARNING: [filemgmt 56-199] Attempt to get parsing info during refresh. "On-the-fly" syntax checking information may be incorrect. [/home/janek/Magisterka/Intelligent-Vibroacoustic-Machine-Diagnostic-System-on-FPGA/Hilbert_with_fft/Hilbert_and_fft_test/Hilbert_and_fft_test.srcs/sources_1/new/fir0_spy.v:]
WARNING: [filemgmt 56-199] Attempt to get parsing info during refresh. "On-the-fly" syntax checking information may be incorrect. [/home/janek/Magisterka/Intelligent-Vibroacoustic-Machine-Diagnostic-System-on-FPGA/Hilbert_with_fft/Hilbert_and_fft_test/Hilbert_and_fft_test.srcs/sim_1/new/top.sv:]
WARNING: [filemgmt 56-199] Attempt to get parsing info during refresh. "On-the-fly" syntax checking information may be incorrect. [/home/janek/Magisterka/Intelligent-Vibroacoustic-Machine-Diagnostic-System-on-FPGA/Hilbert_with_fft/Hilbert_and_fft_test/Hilbert_and_fft_test.srcs/sources_1/new/fir0_spy.v:]
WARNING: [filemgmt 56-199] Attempt to get parsing info during refresh. "On-the-fly" syntax checking information may be incorrect. [/home/janek/Magisterka/Intelligent-Vibroacoustic-Machine-Diagnostic-System-on-FPGA/Hilbert_with_fft/Hilbert_and_fft_test/Hilbert_and_fft_test.srcs/sources_1/new/fir0_spy.v:]
close_sim
INFO: xsimkernel Simulation Memory Usage: 317512 KB (Peak: 367364 KB), Simulation CPU Usage: 356530 ms
INFO: [Simtcl 6-16] Simulation closed
launch_simulation
Command: launch_simulation 
INFO: [Vivado 12-25911] Executing simulation for 'XSim' simulator
INFO: [Project 1-5737] Running on host qtaz (64) - Ubuntu 24.04.4 LTS
INFO: [Vivado 12-28535] Process started - Tue Apr  7 00:38:44 2026

INFO: [Vivado 12-12493] Simulation top is 'tb_top'
INFO: [Vivado 12-5682] Launching behavioral simulation in '/home/janek/Magisterka/Intelligent-Vibroacoustic-Machine-Diagnostic-System-on-FPGA/Hilbert_with_fft/Hilbert_and_fft_test/Hilbert_and_fft_test.sim/sim_1/behav/xsim'
INFO: [SIM-utils-51] Simulation object is 'sim_1'
INFO: [SIM-utils-72] Using boost library from '/home/janek/2025.2/tps/boost_1_72_0'
INFO: [USF-XSim-7] Finding pre-compiled libraries...
INFO: [USF-XSim-11] File '/home/janek/2025.2/data/xsim/xsim.ini' copied to run dir:'/home/janek/Magisterka/Intelligent-Vibroacoustic-Machine-Diagnostic-System-on-FPGA/Hilbert_with_fft/Hilbert_and_fft_test/Hilbert_and_fft_test.sim/sim_1/behav/xsim'
INFO: [SIM-utils-54] Inspecting design source files for 'tb_top' in fileset 'sim_1'...
INFO: [SIM-utils-43] Exported '/home/janek/Magisterka/Intelligent-Vibroacoustic-Machine-Diagnostic-System-on-FPGA/Hilbert_with_fft/Hilbert_and_fft_test/Hilbert_and_fft_test.sim/sim_1/behav/xsim/Hilbert_fft_fir_compiler_0_0.mif'
INFO: [SIM-utils-43] Exported '/home/janek/Magisterka/Intelligent-Vibroacoustic-Machine-Diagnostic-System-on-FPGA/Hilbert_with_fft/Hilbert_and_fft_test/Hilbert_and_fft_test.sim/sim_1/behav/xsim/filet_2.coe'
INFO: [SIM-utils-43] Exported '/home/janek/Magisterka/Intelligent-Vibroacoustic-Machine-Diagnostic-System-on-FPGA/Hilbert_with_fft/Hilbert_and_fft_test/Hilbert_and_fft_test.sim/sim_1/behav/xsim/filter_coeffs.coe'
INFO: [USF-XSim-97] Finding global include files...
INFO: [USF-XSim-98] Fetching design files from 'sim_1'...
INFO: [USF-XSim-2] XSim::Compile design
INFO: [USF-XSim-61] Executing 'COMPILE and ANALYZE' step in '/home/janek/Magisterka/Intelligent-Vibroacoustic-Machine-Diagnostic-System-on-FPGA/Hilbert_with_fft/Hilbert_and_fft_test/Hilbert_and_fft_test.sim/sim_1/behav/xsim'
xvlog --incr --relax -L uvm -prj tb_top_vlog.prj
INFO: [VRFC 10-2263] Analyzing Verilog file "/home/janek/Magisterka/Intelligent-Vibroacoustic-Machine-Diagnostic-System-on-FPGA/Hilbert_with_fft/Hilbert_and_fft_test/Hilbert_and_fft_test.srcs/sources_1/new/TDM to Parallel Converter.v" into library xil_defaultlib
INFO: [VRFC 10-311] analyzing module TDM_to_Parallel_Converter
INFO: [VRFC 10-2263] Analyzing Verilog file "/home/janek/Magisterka/Intelligent-Vibroacoustic-Machine-Diagnostic-System-on-FPGA/Hilbert_with_fft/Hilbert_and_fft_test/Hilbert_and_fft_test.srcs/sources_1/new/brancher.v" into library xil_defaultlib
INFO: [VRFC 10-311] analyzing module brancher
INFO: [VRFC 10-2263] Analyzing Verilog file "/home/janek/Magisterka/Intelligent-Vibroacoustic-Machine-Diagnostic-System-on-FPGA/Hilbert_with_fft/Hilbert_and_fft_test/Hilbert_and_fft_test.srcs/sources_1/new/fir0_spy.v" into library xil_defaultlib
INFO: [VRFC 10-311] analyzing module fir0_spy
INFO: [VRFC 10-2263] Analyzing Verilog file "/home/janek/Magisterka/Intelligent-Vibroacoustic-Machine-Diagnostic-System-on-FPGA/Hilbert_with_fft/Hilbert_and_fft_test/Hilbert_and_fft_test.ip_user_files/bd/Hilbert_fft/ip/Hilbert_fft_axis_subset_converter_0_0/hdl/tdata_Hilbert_fft_axis_subset_converter_0_0.v" into library xil_defaultlib
INFO: [VRFC 10-311] analyzing module tdata_Hilbert_fft_axis_subset_converter_0_0
INFO: [VRFC 10-2263] Analyzing Verilog file "/home/janek/Magisterka/Intelligent-Vibroacoustic-Machine-Diagnostic-System-on-FPGA/Hilbert_with_fft/Hilbert_and_fft_test/Hilbert_and_fft_test.ip_user_files/bd/Hilbert_fft/ip/Hilbert_fft_axis_subset_converter_0_0/hdl/tuser_Hilbert_fft_axis_subset_converter_0_0.v" into library xil_defaultlib
INFO: [VRFC 10-311] analyzing module tuser_Hilbert_fft_axis_subset_converter_0_0
INFO: [VRFC 10-2263] Analyzing Verilog file "/home/janek/Magisterka/Intelligent-Vibroacoustic-Machine-Diagnostic-System-on-FPGA/Hilbert_with_fft/Hilbert_and_fft_test/Hilbert_and_fft_test.ip_user_files/bd/Hilbert_fft/ip/Hilbert_fft_axis_subset_converter_0_0/hdl/tstrb_Hilbert_fft_axis_subset_converter_0_0.v" into library xil_defaultlib
INFO: [VRFC 10-311] analyzing module tstrb_Hilbert_fft_axis_subset_converter_0_0
INFO: [VRFC 10-2263] Analyzing Verilog file "/home/janek/Magisterka/Intelligent-Vibroacoustic-Machine-Diagnostic-System-on-FPGA/Hilbert_with_fft/Hilbert_and_fft_test/Hilbert_and_fft_test.ip_user_files/bd/Hilbert_fft/ip/Hilbert_fft_axis_subset_converter_0_0/hdl/tkeep_Hilbert_fft_axis_subset_converter_0_0.v" into library xil_defaultlib
INFO: [VRFC 10-311] analyzing module tkeep_Hilbert_fft_axis_subset_converter_0_0
INFO: [VRFC 10-2263] Analyzing Verilog file "/home/janek/Magisterka/Intelligent-Vibroacoustic-Machine-Diagnostic-System-on-FPGA/Hilbert_with_fft/Hilbert_and_fft_test/Hilbert_and_fft_test.ip_user_files/bd/Hilbert_fft/ip/Hilbert_fft_axis_subset_converter_0_0/hdl/tid_Hilbert_fft_axis_subset_converter_0_0.v" into library xil_defaultlib
INFO: [VRFC 10-311] analyzing module tid_Hilbert_fft_axis_subset_converter_0_0
INFO: [VRFC 10-2263] Analyzing Verilog file "/home/janek/Magisterka/Intelligent-Vibroacoustic-Machine-Diagnostic-System-on-FPGA/Hilbert_with_fft/Hilbert_and_fft_test/Hilbert_and_fft_test.ip_user_files/bd/Hilbert_fft/ip/Hilbert_fft_axis_subset_converter_0_0/hdl/tdest_Hilbert_fft_axis_subset_converter_0_0.v" into library xil_defaultlib
INFO: [VRFC 10-311] analyzing module tdest_Hilbert_fft_axis_subset_converter_0_0
INFO: [VRFC 10-2263] Analyzing Verilog file "/home/janek/Magisterka/Intelligent-Vibroacoustic-Machine-Diagnostic-System-on-FPGA/Hilbert_with_fft/Hilbert_and_fft_test/Hilbert_and_fft_test.ip_user_files/bd/Hilbert_fft/ip/Hilbert_fft_axis_subset_converter_0_0/hdl/tlast_Hilbert_fft_axis_subset_converter_0_0.v" into library xil_defaultlib
INFO: [VRFC 10-311] analyzing module tlast_Hilbert_fft_axis_subset_converter_0_0
INFO: [VRFC 10-2263] Analyzing Verilog file "/home/janek/Magisterka/Intelligent-Vibroacoustic-Machine-Diagnostic-System-on-FPGA/Hilbert_with_fft/Hilbert_and_fft_test/Hilbert_and_fft_test.ip_user_files/bd/Hilbert_fft/ip/Hilbert_fft_axis_subset_converter_0_0/hdl/top_Hilbert_fft_axis_subset_converter_0_0.v" into library xil_defaultlib
INFO: [VRFC 10-311] analyzing module top_Hilbert_fft_axis_subset_converter_0_0
INFO: [VRFC 10-2263] Analyzing Verilog file "/home/janek/Magisterka/Intelligent-Vibroacoustic-Machine-Diagnostic-System-on-FPGA/Hilbert_with_fft/Hilbert_and_fft_test/Hilbert_and_fft_test.ip_user_files/bd/Hilbert_fft/ip/Hilbert_fft_axis_subset_converter_0_0/sim/Hilbert_fft_axis_subset_converter_0_0.v" into library xil_defaultlib
INFO: [VRFC 10-311] analyzing module Hilbert_fft_axis_subset_converter_0_0
INFO: [VRFC 10-2263] Analyzing Verilog file "/home/janek/Magisterka/Intelligent-Vibroacoustic-Machine-Diagnostic-System-on-FPGA/Hilbert_with_fft/Hilbert_and_fft_test/Hilbert_and_fft_test.ip_user_files/bd/Hilbert_fft/ip/Hilbert_fft_TDM_to_Parallel_Conv_0_0/sim/Hilbert_fft_TDM_to_Parallel_Conv_0_0.v" into library xil_defaultlib
INFO: [VRFC 10-311] analyzing module Hilbert_fft_TDM_to_Parallel_Conv_0_0
INFO: [VRFC 10-2263] Analyzing Verilog file "/home/janek/Magisterka/Intelligent-Vibroacoustic-Machine-Diagnostic-System-on-FPGA/Hilbert_with_fft/Hilbert_and_fft_test/Hilbert_and_fft_test.ip_user_files/bd/Hilbert_fft/ip/Hilbert_fft_xlconstant_0_0/sim/Hilbert_fft_xlconstant_0_0.v" into library xil_defaultlib
INFO: [VRFC 10-311] analyzing module Hilbert_fft_xlconstant_0_0
INFO: [VRFC 10-2263] Analyzing Verilog file "/home/janek/Magisterka/Intelligent-Vibroacoustic-Machine-Diagnostic-System-on-FPGA/Hilbert_with_fft/Hilbert_and_fft_test/Hilbert_and_fft_test.ip_user_files/bd/Hilbert_fft/ip/Hilbert_fft_xlconstant_1_0/sim/Hilbert_fft_xlconstant_1_0.v" into library xil_defaultlib
INFO: [VRFC 10-311] analyzing module Hilbert_fft_xlconstant_1_0
INFO: [VRFC 10-2263] Analyzing Verilog file "/home/janek/Magisterka/Intelligent-Vibroacoustic-Machine-Diagnostic-System-on-FPGA/Hilbert_with_fft/Hilbert_and_fft_test/Hilbert_and_fft_test.ip_user_files/bd/Hilbert_fft/ip/Hilbert_fft_brancher_0_0/sim/Hilbert_fft_brancher_0_0.v" into library xil_defaultlib
INFO: [VRFC 10-311] analyzing module Hilbert_fft_brancher_0_0
INFO: [VRFC 10-2263] Analyzing Verilog file "/home/janek/Magisterka/Intelligent-Vibroacoustic-Machine-Diagnostic-System-on-FPGA/Hilbert_with_fft/Hilbert_and_fft_test/Hilbert_and_fft_test.ip_user_files/bd/Hilbert_fft/ip/Hilbert_fft_fir0_spy_0_0/sim/Hilbert_fft_fir0_spy_0_0.v" into library xil_defaultlib
INFO: [VRFC 10-311] analyzing module Hilbert_fft_fir0_spy_0_0
INFO: [VRFC 10-2263] Analyzing Verilog file "/home/janek/Magisterka/Intelligent-Vibroacoustic-Machine-Diagnostic-System-on-FPGA/Hilbert_with_fft/Hilbert_and_fft_test/Hilbert_and_fft_test.ip_user_files/bd/Hilbert_fft/ip/Hilbert_fft_fir0_spy_0_2/sim/Hilbert_fft_fir0_spy_0_2.v" into library xil_defaultlib
INFO: [VRFC 10-311] analyzing module Hilbert_fft_fir0_spy_0_2
INFO: [VRFC 10-2263] Analyzing Verilog file "/home/janek/Magisterka/Intelligent-Vibroacoustic-Machine-Diagnostic-System-on-FPGA/Hilbert_with_fft/Hilbert_and_fft_test/Hilbert_and_fft_test.ip_user_files/bd/Hilbert_fft/ip/Hilbert_fft_xlslice_0_0/sim/Hilbert_fft_xlslice_0_0.v" into library xil_defaultlib
INFO: [VRFC 10-311] analyzing module Hilbert_fft_xlslice_0_0
INFO: [VRFC 10-2263] Analyzing Verilog file "/home/janek/Magisterka/Intelligent-Vibroacoustic-Machine-Diagnostic-System-on-FPGA/Hilbert_with_fft/Hilbert_and_fft_test/Hilbert_and_fft_test.ip_user_files/bd/Hilbert_fft/sim/Hilbert_fft.v" into library xil_defaultlib
INFO: [VRFC 10-311] analyzing module Hilbert_fft
INFO: [VRFC 10-2263] Analyzing SystemVerilog file "/home/janek/Magisterka/Intelligent-Vibroacoustic-Machine-Diagnostic-System-on-FPGA/Hilbert_with_fft/Hilbert_and_fft_test/Hilbert_and_fft_test.srcs/sim_1/new/top.sv" into library xil_defaultlib
INFO: [VRFC 10-311] analyzing module tb_top
WARNING: [VRFC 10-5024] signed/unsigned conversion for real expression [/home/janek/Magisterka/Intelligent-Vibroacoustic-Machine-Diagnostic-System-on-FPGA/Hilbert_with_fft/Hilbert_and_fft_test/Hilbert_and_fft_test.srcs/sim_1/new/top.sv:94]
WARNING: [VRFC 10-5024] signed/unsigned conversion for real expression [/home/janek/Magisterka/Intelligent-Vibroacoustic-Machine-Diagnostic-System-on-FPGA/Hilbert_with_fft/Hilbert_and_fft_test/Hilbert_and_fft_test.srcs/sim_1/new/top.sv:100]
WARNING: [VRFC 10-5024] signed/unsigned conversion for real expression [/home/janek/Magisterka/Intelligent-Vibroacoustic-Machine-Diagnostic-System-on-FPGA/Hilbert_with_fft/Hilbert_and_fft_test/Hilbert_and_fft_test.srcs/sim_1/new/top.sv:106]
xvhdl --incr --relax -prj tb_top_vhdl.prj
Waiting for jobs to finish...
No pending jobs, compilation finished.
INFO: [USF-XSim-69] 'compile' step finished in '2' seconds
INFO: [USF-XSim-3] XSim::Elaborate design
INFO: [USF-XSim-61] Executing 'ELABORATE' step in '/home/janek/Magisterka/Intelligent-Vibroacoustic-Machine-Diagnostic-System-on-FPGA/Hilbert_with_fft/Hilbert_and_fft_test/Hilbert_and_fft_test.sim/sim_1/behav/xsim'
xelab --incr --debug typical --relax --mt 8 -L xil_defaultlib -L xbip_utils_v3_0_15 -L axi_utils_v2_0_11 -L xbip_pipe_v3_0_11 -L fir_compiler_v7_2_26 -L c_reg_fd_v12_0_11 -L xbip_dsp48_wrapper_v3_0_7 -L c_addsub_v12_0_21 -L mult_gen_v12_0_24 -L cordic_v6_0_25 -L axis_infrastructure_v1_1_1 -L axis_register_slice_v1_1_35 -L axis_subset_converter_v1_1_36 -L c_shift_ram_v12_0_20 -L floating_point_v7_1_21 -L cmpy_v6_0_27 -L xfft_v9_1_15 -L xlconstant_v1_1_10 -L xlslice_v1_0_5 -L uvm -L unisims_ver -L unimacro_ver -L secureip -L xpm --snapshot tb_top_behav xil_defaultlib.tb_top xil_defaultlib.glbl -log elaborate.log
Vivado Simulator v2025.2
Copyright 1986-2022 Xilinx, Inc. All Rights Reserved.
Copyright 2022-2025 Advanced Micro Devices, Inc. All Rights Reserved.
Running: /home/janek/2025.2/Vivado/bin/unwrapped/lnx64.o/xelab --incr --debug typical --relax --mt 8 -L xil_defaultlib -L xbip_utils_v3_0_15 -L axi_utils_v2_0_11 -L xbip_pipe_v3_0_11 -L fir_compiler_v7_2_26 -L c_reg_fd_v12_0_11 -L xbip_dsp48_wrapper_v3_0_7 -L c_addsub_v12_0_21 -L mult_gen_v12_0_24 -L cordic_v6_0_25 -L axis_infrastructure_v1_1_1 -L axis_register_slice_v1_1_35 -L axis_subset_converter_v1_1_36 -L c_shift_ram_v12_0_20 -L floating_point_v7_1_21 -L cmpy_v6_0_27 -L xfft_v9_1_15 -L xlconstant_v1_1_10 -L xlslice_v1_0_5 -L uvm -L unisims_ver -L unimacro_ver -L secureip -L xpm --snapshot tb_top_behav xil_defaultlib.tb_top xil_defaultlib.glbl -log elaborate.log 
Using 8 slave threads.
WARNING: [XSIM 43-3431] One or more environment variables have been detected which affect the operation of the C compiler. These are typically not set in standard installations and are not tested by AMD, however they may be appropriate for your system, so the flow will attempt to continue.  If errors occur, try running xelab with the "-mt off -v 1" switches to see more information from the C compiler. The following environment variables have been detected:
    LIBRARY_PATH
Starting static elaboration
Pass Through NonSizing Optimizer
WARNING: [VRFC 10-5024] signed/unsigned conversion for real expression [/home/janek/Magisterka/Intelligent-Vibroacoustic-Machine-Diagnostic-System-on-FPGA/Hilbert_with_fft/Hilbert_and_fft_test/Hilbert_and_fft_test.srcs/sim_1/new/top.sv:94]
WARNING: [VRFC 10-5024] signed/unsigned conversion for real expression [/home/janek/Magisterka/Intelligent-Vibroacoustic-Machine-Diagnostic-System-on-FPGA/Hilbert_with_fft/Hilbert_and_fft_test/Hilbert_and_fft_test.srcs/sim_1/new/top.sv:100]
WARNING: [VRFC 10-5024] signed/unsigned conversion for real expression [/home/janek/Magisterka/Intelligent-Vibroacoustic-Machine-Diagnostic-System-on-FPGA/Hilbert_with_fft/Hilbert_and_fft_test/Hilbert_and_fft_test.srcs/sim_1/new/top.sv:106]
WARNING: [VRFC 10-5021] port 's_axis_cartesian_tready' is not connected on this instance [/home/janek/Magisterka/Intelligent-Vibroacoustic-Machine-Diagnostic-System-on-FPGA/Hilbert_with_fft/Hilbert_and_fft_test/Hilbert_and_fft_test.ip_user_files/bd/Hilbert_fft/sim/Hilbert_fft.v:86]
WARNING: [VRFC 10-5021] port 'm_axis_dout_tvalid' is not connected on this instance [/home/janek/Magisterka/Intelligent-Vibroacoustic-Machine-Diagnostic-System-on-FPGA/Hilbert_with_fft/Hilbert_and_fft_test/Hilbert_and_fft_test.ip_user_files/bd/Hilbert_fft/sim/Hilbert_fft.v:91]
WARNING: [VRFC 10-5021] port 'm_axis_dout_tvalid' is not connected on this instance [/home/janek/Magisterka/Intelligent-Vibroacoustic-Machine-Diagnostic-System-on-FPGA/Hilbert_with_fft/Hilbert_and_fft_test/Hilbert_and_fft_test.ip_user_files/bd/Hilbert_fft/sim/Hilbert_fft.v:96]
WARNING: [VRFC 10-5021] port 'm_axis_dout_tvalid' is not connected on this instance [/home/janek/Magisterka/Intelligent-Vibroacoustic-Machine-Diagnostic-System-on-FPGA/Hilbert_with_fft/Hilbert_and_fft_test/Hilbert_and_fft_test.ip_user_files/bd/Hilbert_fft/sim/Hilbert_fft.v:101]
WARNING: [VRFC 10-5021] port 's_axis_config_tready' is not connected on this instance [/home/janek/Magisterka/Intelligent-Vibroacoustic-Machine-Diagnostic-System-on-FPGA/Hilbert_with_fft/Hilbert_and_fft_test/Hilbert_and_fft_test.ip_user_files/bd/Hilbert_fft/sim/Hilbert_fft.v:130]
Completed static elaboration
Starting simulation data flow analysis
Completed simulation data flow analysis
Time Resolution for simulation is 1ps
Compiling package std.standard
Compiling package std.textio
Compiling package ieee.std_logic_1164
Compiling package ieee.numeric_std
Compiling package cordic_v6_0_25.cordic_v6_0_25_viv_comp
Compiling package xbip_utils_v3_0_15.xbip_utils_v3_0_15_pkg
Compiling package xbip_pipe_v3_0_11.xbip_pipe_v3_0_11_viv_comp
Compiling package axi_utils_v2_0_11.axi_utils_v2_0_11_pkg
Compiling package ieee.math_real
Compiling package axi_utils_v2_0_11.global_util_pkg
Compiling package axi_utils_v2_0_11.axi_utils_comps
Compiling package mult_gen_v12_0_24.mult_gen_v12_0_24_pkg
Compiling package ieee.std_logic_arith
Compiling package ieee.std_logic_signed
Compiling package cordic_v6_0_25.cordic_pack
Compiling package cordic_v6_0_25.cordic_hdl_comps
Compiling package c_addsub_v12_0_21.c_addsub_v12_0_21_viv_comp
Compiling package c_addsub_v12_0_21.c_addsub_v12_0_21_pkg
Compiling package c_addsub_v12_0_21.c_addsub_v12_0_21_pkg_legacy
Compiling package c_reg_fd_v12_0_11.c_reg_fd_v12_0_11_viv_comp
Compiling package unisim.vcomponents
Compiling package fir_compiler_v7_2_26.fir_compiler_v7_2_26_viv_comp
Compiling package ieee.std_logic_textio
Compiling package fir_compiler_v7_2_26.globals_pkg
Compiling package fir_compiler_v7_2_26.components
Compiling package ieee.vital_timing
Compiling package ieee.vital_primitives
Compiling package unisim.vpkg
Compiling package xfft_v9_1_15.xfft_v9_1_15_viv_comp
Compiling package ieee.std_logic_unsigned
Compiling package cmpy_v6_0_27.cmpy_v6_0_27_pkg
Compiling package floating_point_v7_1_21.floating_point_v7_1_21_consts
Compiling package floating_point_v7_1_21.floating_point_v7_1_21_exp_table...
Compiling package floating_point_v7_1_21.floating_point_v7_1_21_pkg
Compiling package xfft_v9_1_15.pkg
Compiling package xfft_v9_1_15.xfft_v9_1_15_axi_pkg
Compiling package c_shift_ram_v12_0_20.c_shift_ram_v12_0_20_pkg
Compiling package xfft_v9_1_15.half_sincos_tw_table
Compiling package xpm.vcomponents
Compiling package mult_gen_v12_0_24.dsp_pkg
Compiling module xil_defaultlib.TDM_to_Parallel_Converter
Compiling module xil_defaultlib.Hilbert_fft_TDM_to_Parallel_Conv...
Compiling module axis_subset_converter_v1_1_36.axis_subset_converter_v1_1_36_co...
Compiling module xil_defaultlib.tdata_Hilbert_fft_axis_subset_co...
Compiling module xil_defaultlib.tuser_Hilbert_fft_axis_subset_co...
Compiling module xil_defaultlib.tid_Hilbert_fft_axis_subset_conv...
Compiling module xil_defaultlib.tdest_Hilbert_fft_axis_subset_co...
Compiling module xil_defaultlib.tstrb_Hilbert_fft_axis_subset_co...
Compiling module xil_defaultlib.tkeep_Hilbert_fft_axis_subset_co...
Compiling module xil_defaultlib.tlast_Hilbert_fft_axis_subset_co...
Compiling module xil_defaultlib.top_Hilbert_fft_axis_subset_conv...
Compiling module xil_defaultlib.Hilbert_fft_axis_subset_converte...
Compiling module xil_defaultlib.brancher
Compiling module xil_defaultlib.Hilbert_fft_brancher_0_0
Compiling architecture xilinx of entity axi_utils_v2_0_11.axi_slave_2to1 [\axi_slave_2to1(c_a_tdata_width=...]
Compiling architecture synth of entity xbip_pipe_v3_0_11.xbip_pipe_v3_0_11_viv [\xbip_pipe_v3_0_11_viv(c_latency...]
Compiling architecture structural of entity c_reg_fd_v12_0_11.c_reg_fd_v12_0_11_viv [\c_reg_fd_v12_0_11_viv(c_width=2...]
Compiling architecture muxcy_v of entity unisim.MUXCY [muxcy_default]
Compiling architecture xorcy_v of entity unisim.XORCY [xorcy_default]
Compiling architecture rtl of entity c_addsub_v12_0_21.c_addsub_v12_0_21_lut6_legacy [\c_addsub_v12_0_21_lut6_legacy(c...]
Compiling architecture synth of entity c_addsub_v12_0_21.c_addsub_v12_0_21_fabric_legacy [\c_addsub_v12_0_21_fabric_legacy...]
Compiling architecture synth of entity c_addsub_v12_0_21.c_addsub_v12_0_21_legacy [\c_addsub_v12_0_21_legacy(c_fami...]
Compiling architecture synth of entity c_addsub_v12_0_21.c_addsub_v12_0_21_viv [\c_addsub_v12_0_21_viv(c_xdevice...]
Compiling architecture synth of entity cordic_v6_0_25.addsub [\addsub(family="zynquplus",add_m...]
Compiling architecture rtl of entity c_addsub_v12_0_21.c_addsub_v12_0_21_lut6_legacy [\c_addsub_v12_0_21_lut6_legacy(c...]
Compiling architecture synth of entity c_addsub_v12_0_21.c_addsub_v12_0_21_fabric_legacy [\c_addsub_v12_0_21_fabric_legacy...]
Compiling architecture synth of entity c_addsub_v12_0_21.c_addsub_v12_0_21_legacy [\c_addsub_v12_0_21_legacy(c_fami...]
Compiling architecture synth of entity c_addsub_v12_0_21.c_addsub_v12_0_21_viv [\c_addsub_v12_0_21_viv(c_xdevice...]
Compiling architecture synth of entity cordic_v6_0_25.addsub [\addsub(family="zynquplus",add_m...]
Compiling architecture struct_all of entity cordic_v6_0_25.delay [\delay(delay_len=1,family="zynqu...]
Compiling architecture structural of entity c_reg_fd_v12_0_11.c_reg_fd_v12_0_11_viv [\c_reg_fd_v12_0_11_viv(c_width=2...]
Compiling architecture rtl of entity c_addsub_v12_0_21.c_addsub_v12_0_21_lut6_legacy [\c_addsub_v12_0_21_lut6_legacy(c...]
Compiling architecture synth of entity c_addsub_v12_0_21.c_addsub_v12_0_21_fabric_legacy [\c_addsub_v12_0_21_fabric_legacy...]
Compiling architecture synth of entity c_addsub_v12_0_21.c_addsub_v12_0_21_legacy [\c_addsub_v12_0_21_legacy(c_fami...]
Compiling architecture synth of entity c_addsub_v12_0_21.c_addsub_v12_0_21_viv [\c_addsub_v12_0_21_viv(c_xdevice...]
Compiling architecture synth of entity cordic_v6_0_25.addsub [\addsub(family="zynquplus",add_m...]
Compiling architecture struct_all of entity cordic_v6_0_25.delay [\delay(delay_len=1,family="zynqu...]
Compiling architecture struct_all of entity cordic_v6_0_25.delay_bit [\delay_bit(delay_len=2,family="z...]
Compiling architecture synth of entity cordic_v6_0_25.cordic_inp_config [\cordic_inp_config(p_xdevicefami...]
Compiling architecture synth of entity cordic_v6_0_25.cordic_dat_acc_slice_par [\cordic_dat_acc_slice_par(p_xdev...]
Compiling architecture synth of entity cordic_v6_0_25.cordic_pha_acc_slice_par [\cordic_pha_acc_slice_par(p_xdev...]
Compiling architecture struct_all of entity cordic_v6_0_25.delay [\delay(delay_len=1,family="zynqu...]
Compiling architecture struct_all of entity cordic_v6_0_25.delay_bit [\delay_bit(delay_len=1,family="z...]
Compiling architecture synth of entity cordic_v6_0_25.cordic_ctrl_slice_par [\cordic_ctrl_slice_par(p_xdevice...]
Compiling architecture synth of entity cordic_v6_0_25.cordic_eng_slice_par [\cordic_eng_slice_par(p_xdevicef...]
Compiling architecture synth of entity cordic_v6_0_25.cordic_dat_acc_slice_par [\cordic_dat_acc_slice_par(p_xdev...]
Compiling architecture synth of entity cordic_v6_0_25.cordic_eng_slice_par [\cordic_eng_slice_par(p_xdevicef...]
Compiling architecture synth of entity cordic_v6_0_25.cordic_dat_acc_slice_par [\cordic_dat_acc_slice_par(p_xdev...]
Compiling architecture synth of entity cordic_v6_0_25.cordic_eng_slice_par [\cordic_eng_slice_par(p_xdevicef...]
Compiling architecture synth of entity cordic_v6_0_25.cordic_dat_acc_slice_par [\cordic_dat_acc_slice_par(p_xdev...]
Compiling architecture synth of entity cordic_v6_0_25.cordic_eng_slice_par [\cordic_eng_slice_par(p_xdevicef...]
Compiling architecture synth of entity cordic_v6_0_25.cordic_dat_acc_slice_par [\cordic_dat_acc_slice_par(p_xdev...]
Compiling architecture synth of entity cordic_v6_0_25.cordic_eng_slice_par [\cordic_eng_slice_par(p_xdevicef...]
Compiling architecture synth of entity cordic_v6_0_25.cordic_dat_acc_slice_par [\cordic_dat_acc_slice_par(p_xdev...]
Compiling architecture synth of entity cordic_v6_0_25.cordic_eng_slice_par [\cordic_eng_slice_par(p_xdevicef...]
Compiling architecture synth of entity cordic_v6_0_25.cordic_dat_acc_slice_par [\cordic_dat_acc_slice_par(p_xdev...]
Compiling architecture synth of entity cordic_v6_0_25.cordic_eng_slice_par [\cordic_eng_slice_par(p_xdevicef...]
Compiling architecture synth of entity cordic_v6_0_25.cordic_dat_acc_slice_par [\cordic_dat_acc_slice_par(p_xdev...]
Compiling architecture synth of entity cordic_v6_0_25.cordic_eng_slice_par [\cordic_eng_slice_par(p_xdevicef...]
Compiling architecture synth of entity cordic_v6_0_25.cordic_dat_acc_slice_par [\cordic_dat_acc_slice_par(p_xdev...]
Compiling architecture synth of entity cordic_v6_0_25.cordic_eng_slice_par [\cordic_eng_slice_par(p_xdevicef...]
Compiling architecture synth of entity cordic_v6_0_25.cordic_dat_acc_slice_par [\cordic_dat_acc_slice_par(p_xdev...]
Compiling architecture synth of entity cordic_v6_0_25.cordic_eng_slice_par [\cordic_eng_slice_par(p_xdevicef...]
Compiling architecture synth of entity cordic_v6_0_25.cordic_dat_acc_slice_par [\cordic_dat_acc_slice_par(p_xdev...]
Compiling architecture synth of entity cordic_v6_0_25.cordic_eng_slice_par [\cordic_eng_slice_par(p_xdevicef...]
Compiling architecture synth of entity cordic_v6_0_25.cordic_dat_acc_slice_par [\cordic_dat_acc_slice_par(p_xdev...]
Compiling architecture synth of entity cordic_v6_0_25.cordic_eng_slice_par [\cordic_eng_slice_par(p_xdevicef...]
Compiling architecture synth of entity cordic_v6_0_25.cordic_dat_acc_slice_par [\cordic_dat_acc_slice_par(p_xdev...]
Compiling architecture synth of entity cordic_v6_0_25.cordic_eng_slice_par [\cordic_eng_slice_par(p_xdevicef...]
Compiling architecture synth of entity cordic_v6_0_25.cordic_dat_acc_slice_par [\cordic_dat_acc_slice_par(p_xdev...]
Compiling architecture synth of entity cordic_v6_0_25.cordic_eng_slice_par [\cordic_eng_slice_par(p_xdevicef...]
Compiling architecture synth of entity cordic_v6_0_25.cordic_eng [\cordic_eng(p_xdevicefamily="zyn...]
Compiling architecture struct_all of entity cordic_v6_0_25.delay [\delay(delay_len=2,family="zynqu...]
Compiling architecture structural of entity c_reg_fd_v12_0_11.c_reg_fd_v12_0_11_viv [\c_reg_fd_v12_0_11_viv(c_width=2...]
Compiling architecture rtl of entity c_addsub_v12_0_21.c_addsub_v12_0_21_lut6_legacy [\c_addsub_v12_0_21_lut6_legacy(c...]
Compiling architecture synth of entity c_addsub_v12_0_21.c_addsub_v12_0_21_fabric_legacy [\c_addsub_v12_0_21_fabric_legacy...]
Compiling architecture synth of entity c_addsub_v12_0_21.c_addsub_v12_0_21_legacy [\c_addsub_v12_0_21_legacy(c_fami...]
Compiling architecture synth of entity c_addsub_v12_0_21.c_addsub_v12_0_21_viv [\c_addsub_v12_0_21_viv(c_xdevice...]
Compiling architecture synth of entity cordic_v6_0_25.addsub [\addsub(family="zynquplus",add_m...]
Compiling architecture synth of entity cordic_v6_0_25.cordic_round [\cordic_round(p_xdevicefamily="z...]
Compiling architecture struct_all of entity cordic_v6_0_25.delay_bit [\delay_bit(delay_len=0,family="z...]
Compiling architecture synth of entity cordic_v6_0_25.cordic_out_config [\cordic_out_config(p_xdevicefami...]
Compiling architecture synth of entity cordic_v6_0_25.cordic_v6_0_25_synth [\cordic_v6_0_25_synth(c_architec...]
Compiling architecture synth of entity cordic_v6_0_25.cordic_v6_0_25_viv [\cordic_v6_0_25_viv(c_architectu...]
Compiling architecture xilinx of entity cordic_v6_0_25.cordic_v6_0_25 [\cordic_v6_0_25(c_architecture=2...]
Compiling architecture hilbert_fft_cordic_0_0_arch of entity xil_defaultlib.Hilbert_fft_cordic_0_0 [hilbert_fft_cordic_0_0_default]
Compiling architecture synth of entity cordic_v6_0_25.cordic_v6_0_25_viv [\cordic_v6_0_25_viv(c_architectu...]
Compiling architecture xilinx of entity cordic_v6_0_25.cordic_v6_0_25 [\cordic_v6_0_25(c_architecture=2...]
Compiling architecture hilbert_fft_cordic_1_3_arch of entity xil_defaultlib.Hilbert_fft_cordic_1_3 [hilbert_fft_cordic_1_3_default]
Compiling architecture hilbert_fft_cordic_1_4_arch of entity xil_defaultlib.Hilbert_fft_cordic_1_4 [hilbert_fft_cordic_1_4_default]
Compiling architecture hilbert_fft_cordic_1_5_arch of entity xil_defaultlib.Hilbert_fft_cordic_1_5 [hilbert_fft_cordic_1_5_default]
Compiling module xil_defaultlib.fir0_spy
Compiling module xil_defaultlib.Hilbert_fft_fir0_spy_0_0
Compiling module xil_defaultlib.Hilbert_fft_fir0_spy_0_2
Compiling architecture xilinx of entity axi_utils_v2_0_11.glb_srl_fifo [\glb_srl_fifo(width=17,has_ifx=t...]
Compiling architecture xilinx of entity axi_utils_v2_0_11.glb_ifx_slave [\glb_ifx_slave(width=17,has_ifx=...]
Compiling architecture synth of entity fir_compiler_v7_2_26.delay [\delay(c_delay_len=1,c_xdevicefa...]
Compiling architecture synth of entity fir_compiler_v7_2_26.delay [\delay(c_delay_len=2,c_xdevicefa...]
Compiling architecture synth of entity fir_compiler_v7_2_26.delay [\delay(c_delay_len=4,c_xdevicefa...]
Compiling architecture synth of entity fir_compiler_v7_2_26.delay [\delay(c_delay_len=3,c_xdevicefa...]
Compiling architecture synth of entity fir_compiler_v7_2_26.dpt_mem [\dpt_mem(c_xdevicefamily="zynqup...]
Compiling architecture synth of entity fir_compiler_v7_2_26.filt_mem [\filt_mem(c_xdevicefamily="zynqu...]
Compiling architecture synth of entity fir_compiler_v7_2_26.sp_mem [\sp_mem(c_xdevicefamily="zynqupl...]
Compiling architecture synth of entity fir_compiler_v7_2_26.filt_mem [\filt_mem(c_xdevicefamily="zynqu...]
Compiling architecture synth of entity fir_compiler_v7_2_26.cntrl_delay [\cntrl_delay(c_delay_len=0,c_mem...]
Compiling architecture synth of entity fir_compiler_v7_2_26.delay [\delay(c_delay_len=3,c_xdevicefa...]
Compiling architecture synth of entity fir_compiler_v7_2_26.buff [\buff(c_xdevicefamily="zynquplus...]
Compiling architecture synth of entity fir_compiler_v7_2_26.delay [\delay(c_delay_len=0,c_xdevicefa...]
Compiling architecture synth of entity fir_compiler_v7_2_26.delay [\delay(c_delay_len=0,c_xdevicefa...]
Compiling architecture synth of entity fir_compiler_v7_2_26.delay [\delay(c_delay_len=0,c_xdevicefa...]
Compiling architecture dsp48e2_v of entity unisim.DSP48E2 [\DSP48E2(amultsel="AD",mask="111...]
Compiling architecture synth of entity fir_compiler_v7_2_26.calc [\calc(c_xdevicefamily="zynquplus...]
Compiling architecture synth of entity fir_compiler_v7_2_26.addsub_mult_accum [\addsub_mult_accum(c_xdevicefami...]
Compiling architecture synth of entity fir_compiler_v7_2_26.delay [\delay(c_delay_len=1,c_xdevicefa...]
Compiling architecture synth of entity fir_compiler_v7_2_26.delay [\delay(c_delay_len=0,c_xdevicefa...]
Compiling architecture synth of entity fir_compiler_v7_2_26.delay [\delay(c_delay_len=0,c_xdevicefa...]
Compiling architecture synth of entity fir_compiler_v7_2_26.delay [\delay(c_delay_len=2,c_xdevicefa...]
Compiling architecture synth of entity fir_compiler_v7_2_26.delay [\delay(c_delay_len=0,c_xdevicefa...]
Compiling architecture synth of entity fir_compiler_v7_2_26.delay [\delay(c_delay_len=1,c_xdevicefa...]
Compiling architecture synth of entity fir_compiler_v7_2_26.delay [\delay(c_delay_len=4,c_xdevicefa...]
Compiling architecture synth of entity fir_compiler_v7_2_26.delay [\delay(c_delay_len=7,c_xdevicefa...]
Compiling architecture xilinx of entity axi_utils_v2_0_11.glb_srl_fifo [\glb_srl_fifo(width=35,has_uvpro...]
Compiling architecture xilinx of entity axi_utils_v2_0_11.glb_ifx_master [\glb_ifx_master(width=35)\]
Compiling architecture synth of entity fir_compiler_v7_2_26.single_rate [\single_rate(c_xdevicefamily="zy...]
Compiling architecture synth of entity fir_compiler_v7_2_26.fir_compiler_v7_2_26_viv [\fir_compiler_v7_2_26_viv(c_xdev...]
Compiling architecture xilinx of entity fir_compiler_v7_2_26.fir_compiler_v7_2_26 [\fir_compiler_v7_2_26(c_xdevicef...]
Compiling architecture hilbert_fft_fir_compiler_0_0_arch of entity xil_defaultlib.Hilbert_fft_fir_compiler_0_0 [hilbert_fft_fir_compiler_0_0_def...]
Compiling architecture rb18_internal_vhdl_v of entity unisim.RB18_INTERNAL_VHDL [\RB18_INTERNAL_VHDL(bram_size=18...]
Compiling architecture ramb18e1_v of entity unisim.RAMB18E1 [\RAMB18E1(doa_reg=1,dob_reg=1,ra...]
Compiling architecture xilinx of entity xfft_v9_1_15.dpm [\dpm(c_xdevicefamily="zynquplus"...]
Compiling architecture xilinx of entity xfft_v9_1_15.shift_ram [\shift_ram(c_xdevicefamily="zynq...]
Compiling architecture xilinx of entity xfft_v9_1_15.mux_bus4 [\mux_bus4(c_xdevicefamily="zynqu...]
Compiling architecture xilinx of entity xfft_v9_1_15.mux_bus2 [\mux_bus2(c_xdevicefamily="zynqu...]
Compiling architecture xilinx of entity xfft_v9_1_15.mux_bus4 [\mux_bus4(c_xdevicefamily="zynqu...]
Compiling architecture xilinx of entity xfft_v9_1_15.arith_shift3 [\arith_shift3(c_xdevicefamily="z...]
Compiling architecture xilinx of entity xfft_v9_1_15.shift_ram [\shift_ram(c_xdevicefamily="zynq...]
Compiling architecture xilinx of entity cmpy_v6_0_27.delay_line [\delay_line(c_xdevicefamily="zyn...]
Compiling architecture xilinx of entity cmpy_v6_0_27.delay_line [\delay_line(c_xdevicefamily="zyn...]
Compiling architecture xilinx of entity mult_gen_v12_0_24.delay_line [\delay_line(c_xdevicefamily="zyn...]
Compiling architecture xilinx of entity mult_gen_v12_0_24.delay_line [\delay_line(c_xdevicefamily="zyn...]
Compiling architecture dsp48e2_v of entity unisim.DSP48E2 [\DSP48E2(acascreg=2,alumodereg=0...]
Compiling architecture xilinx of entity mult_gen_v12_0_24.delay_line [\delay_line(c_xdevicefamily="zyn...]
Compiling architecture xilinx of entity mult_gen_v12_0_24.op_resize [\op_resize(ai_width=17,bi_width=...]
Compiling architecture xilinx of entity mult_gen_v12_0_24.dsp [\dsp(c_xdevicefamily="zynquplus"...]
Compiling architecture xilinx of entity cmpy_v6_0_27.cmpy_3_dsp48_mult [\cmpy_3_dsp48_mult(c_xdevicefami...]
Compiling architecture xilinx of entity mult_gen_v12_0_24.delay_line [\delay_line(c_xdevicefamily="zyn...]
Compiling architecture xilinx of entity mult_gen_v12_0_24.delay_line [\delay_line(c_xdevicefamily="zyn...]
Compiling architecture dsp48e2_v of entity unisim.DSP48E2 [\DSP48E2(alumodereg=0,amultsel="...]
Compiling architecture xilinx of entity mult_gen_v12_0_24.op_resize [\op_resize(ai_width=18,ao_width=...]
Compiling architecture xilinx of entity mult_gen_v12_0_24.dsp [\dsp(c_xdevicefamily="zynquplus"...]
Compiling architecture xilinx of entity cmpy_v6_0_27.cmpy_3_dsp48_mult [\cmpy_3_dsp48_mult(c_xdevicefami...]
Compiling architecture xilinx of entity mult_gen_v12_0_24.dsp [\dsp(c_xdevicefamily="zynquplus"...]
Compiling architecture xilinx of entity cmpy_v6_0_27.cmpy_3_dsp48_mult [\cmpy_3_dsp48_mult(c_xdevicefami...]
Compiling architecture xilinx of entity cmpy_v6_0_27.input_negation [\input_negation(c_xdevicefamily=...]
Compiling architecture xilinx of entity cmpy_v6_0_27.delay_line [\delay_line(c_xdevicefamily="zyn...]
Compiling architecture xilinx of entity cmpy_v6_0_27.delay_line [\delay_line(c_xdevicefamily="zyn...]
Compiling architecture xilinx of entity cmpy_v6_0_27.cmpy_3_dsp48 [\cmpy_3_dsp48(c_xdevicefamily="z...]
Compiling architecture xilinx of entity cmpy_v6_0_27.cmpy_v6_0_27_synth [\cmpy_v6_0_27_synth(c_xdevicefam...]
Compiling architecture xilinx of entity xfft_v9_1_15.cmpy [\cmpy(c_xdevicefamily="zynquplus...]
Compiling architecture structural of entity c_reg_fd_v12_0_11.c_reg_fd_v12_0_11_viv [\c_reg_fd_v12_0_11_viv(c_width=2...]
Compiling architecture rtl of entity c_addsub_v12_0_21.c_addsub_v12_0_21_lut6_legacy [\c_addsub_v12_0_21_lut6_legacy(c...]
Compiling architecture synth of entity c_addsub_v12_0_21.c_addsub_v12_0_21_fabric_legacy [\c_addsub_v12_0_21_fabric_legacy...]
Compiling architecture synth of entity c_addsub_v12_0_21.c_addsub_v12_0_21_legacy [\c_addsub_v12_0_21_legacy(c_fami...]
Compiling architecture synth of entity c_addsub_v12_0_21.c_addsub_v12_0_21_viv [\c_addsub_v12_0_21_viv(c_xdevice...]
Compiling architecture xilinx of entity xfft_v9_1_15.adder [\adder(c_xdevicefamily="zynquplu...]
Compiling architecture rtl of entity c_addsub_v12_0_21.c_addsub_v12_0_21_lut6_legacy [\c_addsub_v12_0_21_lut6_legacy(c...]
Compiling architecture synth of entity c_addsub_v12_0_21.c_addsub_v12_0_21_fabric_legacy [\c_addsub_v12_0_21_fabric_legacy...]
Compiling architecture synth of entity c_addsub_v12_0_21.c_addsub_v12_0_21_legacy [\c_addsub_v12_0_21_legacy(c_fami...]
Compiling architecture synth of entity c_addsub_v12_0_21.c_addsub_v12_0_21_viv [\c_addsub_v12_0_21_viv(c_xdevice...]
Compiling architecture xilinx of entity xfft_v9_1_15.subtracter [\subtracter(c_xdevicefamily="zyn...]
Compiling architecture xilinx of entity xfft_v9_1_15.butterfly [\butterfly(c_xdevicefamily="zynq...]
Compiling architecture xilinx of entity xfft_v9_1_15.r2_pe [\r2_pe(c_xdevicefamily="zynquplu...]
Compiling architecture xilinx of entity xfft_v9_1_15.r2_datapath [\r2_datapath(c_xdevicefamily="zy...]
Compiling architecture xilinx of entity xfft_v9_1_15.r2_pe [\r2_pe(c_xdevicefamily="zynquplu...]
Compiling architecture xilinx of entity xfft_v9_1_15.r2_datapath [\r2_datapath(c_xdevicefamily="zy...]
Compiling architecture xilinx of entity xfft_v9_1_15.r2_pe [\r2_pe(c_xdevicefamily="zynquplu...]
Compiling architecture xilinx of entity xfft_v9_1_15.r2_datapath [\r2_datapath(c_xdevicefamily="zy...]
Compiling architecture struct of entity c_shift_ram_v12_0_20.c_shift_ram_v12_0_20_legacy [\c_shift_ram_v12_0_20_legacy(c_x...]
Compiling architecture synth of entity c_shift_ram_v12_0_20.c_shift_ram_v12_0_20_viv [\c_shift_ram_v12_0_20_viv(c_xdev...]
Compiling architecture xilinx of entity xfft_v9_1_15.shift_ram [\shift_ram(c_xdevicefamily="zynq...]
Compiling architecture fdre_v of entity unisim.FDRE [fdre_default]
Compiling architecture lut6_v of entity unisim.LUT6 [\LUT6(init="11111111000000001111...]
Compiling architecture muxf7_v of entity unisim.MUXF7 [muxf7_default]
Compiling architecture muxf8_v of entity unisim.MUXF8 [muxf8_default]
Compiling architecture xilinx of entity xfft_v9_1_15.mux_bus16 [\mux_bus16(c_xdevicefamily="zynq...]
Compiling architecture xilinx of entity xfft_v9_1_15.xor_bit_gate [\xor_bit_gate(c_inputs=10)\]
Compiling architecture xilinx of entity xfft_v9_1_15.r2_in_addr [\r2_in_addr(c_xdevicefamily="zyn...]
Compiling architecture xilinx of entity xfft_v9_1_15.shift_ram [\shift_ram(c_xdevicefamily="zynq...]
Compiling architecture xilinx of entity xfft_v9_1_15.mux_bus4 [\mux_bus4(c_xdevicefamily="zynqu...]
Compiling architecture xilinx of entity xfft_v9_1_15.xor_bit_gate [\xor_bit_gate(c_inputs=9)\]
Compiling architecture xilinx of entity xfft_v9_1_15.r2_rw_addr [\r2_rw_addr(c_xdevicefamily="zyn...]
Compiling architecture srl16e_v of entity unisim.SRL16E [\SRL16E(0,15)\]
Compiling architecture xilinx of entity xfft_v9_1_15.shift_ram [\shift_ram(c_xdevicefamily="zynq...]
Compiling architecture lut3_v of entity unisim.LUT3 [\LUT3(init="11001010")(0,7)\]
Compiling architecture xilinx of entity xfft_v9_1_15.mux_bus2 [\mux_bus2(c_xdevicefamily="zynqu...]
Compiling architecture struct of entity c_shift_ram_v12_0_20.c_shift_ram_v12_0_20_legacy [\c_shift_ram_v12_0_20_legacy(c_x...]
Compiling architecture synth of entity c_shift_ram_v12_0_20.c_shift_ram_v12_0_20_viv [\c_shift_ram_v12_0_20_viv(c_xdev...]
Compiling architecture xilinx of entity xfft_v9_1_15.shift_ram [\shift_ram(c_xdevicefamily="zynq...]
Compiling architecture xilinx of entity xfft_v9_1_15.shift_ram [\shift_ram(c_xdevicefamily="zynq...]
Compiling architecture struct of entity c_shift_ram_v12_0_20.c_shift_ram_v12_0_20_legacy [\c_shift_ram_v12_0_20_legacy(c_x...]
Compiling architecture synth of entity c_shift_ram_v12_0_20.c_shift_ram_v12_0_20_viv [\c_shift_ram_v12_0_20_viv(c_xdev...]
Compiling architecture xilinx of entity xfft_v9_1_15.shift_ram [\shift_ram(c_xdevicefamily="zynq...]
Compiling architecture vcc_v of entity unisim.VCC [vcc_default]
Compiling architecture xilinx of entity xfft_v9_1_15.twgen_half_sincos [\twgen_half_sincos(c_xdevicefami...]
Compiling architecture xilinx of entity xfft_v9_1_15.twiddle_gen [\twiddle_gen(c_xdevicefamily="zy...]
Compiling architecture xilinx of entity xfft_v9_1_15.mux_bus16 [\mux_bus16(c_xdevicefamily="zynq...]
Compiling architecture xilinx of entity xfft_v9_1_15.r2_tw_addr [\r2_tw_addr(c_xdevicefamily="zyn...]
Compiling architecture xilinx of entity xfft_v9_1_15.shift_ram [\shift_ram(c_xdevicefamily="zynq...]
Compiling architecture xilinx of entity xfft_v9_1_15.shift_ram [\shift_ram(c_xdevicefamily="zynq...]
Compiling architecture struct of entity c_shift_ram_v12_0_20.c_shift_ram_v12_0_20_legacy [\c_shift_ram_v12_0_20_legacy(c_x...]
Compiling architecture synth of entity c_shift_ram_v12_0_20.c_shift_ram_v12_0_20_viv [\c_shift_ram_v12_0_20_viv(c_xdev...]
Compiling architecture xilinx of entity xfft_v9_1_15.shift_ram [\shift_ram(c_xdevicefamily="zynq...]
Compiling architecture xilinx of entity xfft_v9_1_15.shift_ram [\shift_ram(c_xdevicefamily="zynq...]
Compiling architecture xilinx of entity xfft_v9_1_15.shift_ram [\shift_ram(c_xdevicefamily="zynq...]
Compiling architecture fde_v of entity unisim.FDE [fde_default]
Compiling architecture rtl of entity c_addsub_v12_0_21.c_addsub_v12_0_21_lut6_legacy [\c_addsub_v12_0_21_lut6_legacy(c...]
Compiling architecture synth of entity c_addsub_v12_0_21.c_addsub_v12_0_21_fabric_legacy [\c_addsub_v12_0_21_fabric_legacy...]
Compiling architecture synth of entity c_addsub_v12_0_21.c_addsub_v12_0_21_legacy [\c_addsub_v12_0_21_legacy(c_fami...]
Compiling architecture synth of entity c_addsub_v12_0_21.c_addsub_v12_0_21_viv [\c_addsub_v12_0_21_viv(c_xdevice...]
Compiling architecture xilinx of entity xfft_v9_1_15.equ_rtl [\equ_rtl(c_xdevicefamily="zynqup...]
Compiling architecture xilinx of entity xfft_v9_1_15.cnt_tc_rtl [\cnt_tc_rtl(c_xdevicefamily="zyn...]
Compiling architecture xilinx of entity xfft_v9_1_15.shift_ram [\shift_ram(c_xdevicefamily="zynq...]
Compiling architecture xilinx of entity xfft_v9_1_15.reg_rs_rtl [reg_rs_rtl_default]
Compiling architecture rtl of entity c_addsub_v12_0_21.c_addsub_v12_0_21_lut6_legacy [\c_addsub_v12_0_21_lut6_legacy(c...]
Compiling architecture synth of entity c_addsub_v12_0_21.c_addsub_v12_0_21_fabric_legacy [\c_addsub_v12_0_21_fabric_legacy...]
Compiling architecture synth of entity c_addsub_v12_0_21.c_addsub_v12_0_21_legacy [\c_addsub_v12_0_21_legacy(c_fami...]
Compiling architecture synth of entity c_addsub_v12_0_21.c_addsub_v12_0_21_viv [\c_addsub_v12_0_21_viv(c_xdevice...]
Compiling architecture lut6_v of entity unisim.LUT6 [\LUT6(init="10010000000010010000...]
Compiling architecture xilinx of entity xfft_v9_1_15.equ_rtl [\equ_rtl(c_xdevicefamily="zynqup...]
Compiling architecture xilinx of entity xfft_v9_1_15.cnt_tc_rtl [\cnt_tc_rtl(c_xdevicefamily="zyn...]
Compiling architecture rtl of entity c_addsub_v12_0_21.c_addsub_v12_0_21_lut6_legacy [\c_addsub_v12_0_21_lut6_legacy(c...]
Compiling architecture synth of entity c_addsub_v12_0_21.c_addsub_v12_0_21_fabric_legacy [\c_addsub_v12_0_21_fabric_legacy...]
Compiling architecture synth of entity c_addsub_v12_0_21.c_addsub_v12_0_21_legacy [\c_addsub_v12_0_21_legacy(c_fami...]
Compiling architecture synth of entity c_addsub_v12_0_21.c_addsub_v12_0_21_viv [\c_addsub_v12_0_21_viv(c_xdevice...]
Compiling architecture xilinx of entity xfft_v9_1_15.equ_rtl [\equ_rtl(c_xdevicefamily="zynqup...]
Compiling architecture xilinx of entity xfft_v9_1_15.cnt_tc_rtl [\cnt_tc_rtl(c_xdevicefamily="zyn...]
Compiling architecture rtl of entity c_addsub_v12_0_21.c_addsub_v12_0_21_lut6_legacy [\c_addsub_v12_0_21_lut6_legacy(c...]
Compiling architecture synth of entity c_addsub_v12_0_21.c_addsub_v12_0_21_fabric_legacy [\c_addsub_v12_0_21_fabric_legacy...]
Compiling architecture synth of entity c_addsub_v12_0_21.c_addsub_v12_0_21_legacy [\c_addsub_v12_0_21_legacy(c_fami...]
Compiling architecture synth of entity c_addsub_v12_0_21.c_addsub_v12_0_21_viv [\c_addsub_v12_0_21_viv(c_xdevice...]
Compiling architecture xilinx of entity xfft_v9_1_15.equ_rtl [\equ_rtl(c_xdevicefamily="zynqup...]
Compiling architecture xilinx of entity xfft_v9_1_15.cnt_tc_rtl [\cnt_tc_rtl(c_xdevicefamily="zyn...]
Compiling architecture xilinx of entity xfft_v9_1_15.flow_control_c [\flow_control_c(c_xdevicefamily=...]
Compiling architecture xilinx of entity xfft_v9_1_15.shift_ram [\shift_ram(c_xdevicefamily="zynq...]
Compiling architecture structural of entity c_reg_fd_v12_0_11.c_reg_fd_v12_0_11_viv [\c_reg_fd_v12_0_11_viv(c_sync_pr...]
Compiling architecture struct of entity c_shift_ram_v12_0_20.c_shift_ram_v12_0_20_legacy [\c_shift_ram_v12_0_20_legacy(c_x...]
Compiling architecture synth of entity c_shift_ram_v12_0_20.c_shift_ram_v12_0_20_viv [\c_shift_ram_v12_0_20_viv(c_xdev...]
Compiling architecture xilinx of entity xfft_v9_1_15.shift_ram [\shift_ram(c_xdevicefamily="zynq...]
Compiling architecture xilinx of entity xfft_v9_1_15.r2_control [\r2_control(c_xdevicefamily="zyn...]
Compiling architecture xilinx of entity xfft_v9_1_15.xfft_v9_1_15_c [\xfft_v9_1_15_c(c_channels=3,c_x...]
Compiling architecture synth of entity xfft_v9_1_15.xfft_v9_1_15_core [\xfft_v9_1_15_core(c_xdevicefami...]
Compiling architecture xilinx of entity axi_utils_v2_0_11.glb_srl_fifo [\glb_srl_fifo(width=97,has_uvpro...]
Compiling architecture xilinx of entity axi_utils_v2_0_11.glb_ifx_slave [\glb_ifx_slave(width=97,has_uvpr...]
Compiling architecture synth of entity xfft_v9_1_15.axi_wrapper_input_fifo [\axi_wrapper_input_fifo(c_fifo_w...]
Compiling architecture xilinx of entity axi_utils_v2_0_11.glb_srl_fifo [\glb_srl_fifo(width=63,has_uvpro...]
Compiling architecture xilinx of entity axi_utils_v2_0_11.glb_ifx_slave [\glb_ifx_slave(width=63,has_uvpr...]
Compiling architecture synth of entity xfft_v9_1_15.axi_wrapper_input_fifo [\axi_wrapper_input_fifo(c_fifo_w...]
Compiling architecture xilinx of entity axi_utils_v2_0_11.glb_srl_fifo [\glb_srl_fifo(width=97,has_uvpro...]
Compiling architecture xilinx of entity axi_utils_v2_0_11.glb_ifx_master [\glb_ifx_master(width=97,afull_t...]
Compiling architecture synth of entity xfft_v9_1_15.axi_wrapper_output_fifo [\axi_wrapper_output_fifo(c_fifo_...]
Compiling architecture synth of entity xfft_v9_1_15.axi_wrapper [\axi_wrapper(c_channels=3,c_nfft...]
Compiling architecture synth of entity xfft_v9_1_15.xfft_v9_1_15_viv [\xfft_v9_1_15_viv(c_xdevicefamil...]
Compiling architecture xilinx of entity xfft_v9_1_15.xfft_v9_1_15 [\xfft_v9_1_15(c_xdevicefamily="z...]
Compiling architecture hilbert_fft_xfft_0_0_arch of entity xil_defaultlib.Hilbert_fft_xfft_0_0 [hilbert_fft_xfft_0_0_default]
Compiling module xlconstant_v1_1_10.xlconstant_v1_1_10_xlconstant(CO...
Compiling module xil_defaultlib.Hilbert_fft_xlconstant_0_0
Compiling module xlconstant_v1_1_10.xlconstant_v1_1_10_xlconstant
Compiling module xil_defaultlib.Hilbert_fft_xlconstant_1_0
Compiling module xlslice_v1_0_5.xlslice_v1_0_5_xlslice(DIN_WIDTH...
Compiling module xil_defaultlib.Hilbert_fft_xlslice_0_0
Compiling module xil_defaultlib.Hilbert_fft
Compiling module xil_defaultlib.tb_top
Compiling module xil_defaultlib.glbl
Built simulation snapshot tb_top_behav
execute_script: Time (s): cpu = 00:00:26 ; elapsed = 00:00:14 . Memory (MB): peak = 11116.852 ; gain = 0.000 ; free physical = 20785 ; free virtual = 39376
INFO: [USF-XSim-69] 'elaborate' step finished in '14' seconds
INFO: [USF-XSim-4] XSim::Simulate design
INFO: [USF-XSim-61] Executing 'SIMULATE' step in '/home/janek/Magisterka/Intelligent-Vibroacoustic-Machine-Diagnostic-System-on-FPGA/Hilbert_with_fft/Hilbert_and_fft_test/Hilbert_and_fft_test.sim/sim_1/behav/xsim'
INFO: [USF-XSim-98] *** Running xsim
   with args "tb_top_behav -key {Behavioral:sim_1:Functional:tb_top} -tclbatch {tb_top.tcl} -protoinst "protoinst_files/Hilbert_fft.protoinst" -log {simulate.log}"
INFO: [USF-XSim-8] Loading simulator feature
INFO: [Wavedata 42-565] Reading protoinst file protoinst_files/Hilbert_fft.protoinst
INFO: [Wavedata 42-564]   Found protocol instance at /tb_top/Hilbert_fft//TDM_to_Parallel_Conv_0/m_axis
INFO: [Wavedata 42-564]   Found protocol instance at /tb_top/Hilbert_fft//xfft_0/S_AXIS_DATA
Time resolution is 1 ps
source tb_top.tcl
# set curr_wave [current_wave_config]
# if { [string length $curr_wave] == 0 } {
#   if { [llength [get_objects]] > 0} {
#     add_wave /
#     set_property needs_save false [current_wave_config]
#   } else {
#      send_msg_id Add_Wave-1 WARNING "No top level signals found. Simulator will start without a wave window. If you want to open a wave window go to 'File->New Waveform Configuration' or type 'create_wave_config' in the TCL console."
#   }
# }
# run 1000ns
START SYMULACJI - Generowanie danych TDM dla 3 kanalow
Note:   - SCALING_SCH: in_ptr = 3, out_ptr = 3
Time: 0 ps  Iteration: 0  Process: /tb_top/Hilbert_fft/xfft_0/U0/i_synth/axi_wrapper/gen_config_fifo_in/line__94240  File: /home/janek/2025.2/Vivado/data/ip/xilinx/xfft_v9_1/hdl/xfft_v9_1_vh_rfs.vhd
Note:     - C_CHANNELS  = 3
Time: 0 ps  Iteration: 0  Process: /tb_top/Hilbert_fft/xfft_0/U0/i_synth/axi_wrapper/gen_config_fifo_in/line__94240  File: /home/janek/2025.2/Vivado/data/ip/xilinx/xfft_v9_1/hdl/xfft_v9_1_vh_rfs.vhd
Note:     - field_width = 60
Time: 0 ps  Iteration: 0  Process: /tb_top/Hilbert_fft/xfft_0/U0/i_synth/axi_wrapper/gen_config_fifo_in/line__94240  File: /home/janek/2025.2/Vivado/data/ip/xilinx/xfft_v9_1/hdl/xfft_v9_1_vh_rfs.vhd
Note:   - Copying SCALE_SCH from 62 downto 3 to 62 downto 3
Time: 0 ps  Iteration: 0  Process: /tb_top/Hilbert_fft/xfft_0/U0/i_synth/axi_wrapper/gen_config_fifo_in/line__94240  File: /home/janek/2025.2/Vivado/data/ip/xilinx/xfft_v9_1/hdl/xfft_v9_1_vh_rfs.vhd
Note:   - SCALING_SCH: in_ptr = 3, out_ptr = 3
Time: 0 ps  Iteration: 1  Process: /tb_top/Hilbert_fft/xfft_0/U0/i_synth/axi_wrapper/gen_config_fifo_in/line__94240  File: /home/janek/2025.2/Vivado/data/ip/xilinx/xfft_v9_1/hdl/xfft_v9_1_vh_rfs.vhd
Note:     - C_CHANNELS  = 3
Time: 0 ps  Iteration: 1  Process: /tb_top/Hilbert_fft/xfft_0/U0/i_synth/axi_wrapper/gen_config_fifo_in/line__94240  File: /home/janek/2025.2/Vivado/data/ip/xilinx/xfft_v9_1/hdl/xfft_v9_1_vh_rfs.vhd
Note:     - field_width = 60
Time: 0 ps  Iteration: 1  Process: /tb_top/Hilbert_fft/xfft_0/U0/i_synth/axi_wrapper/gen_config_fifo_in/line__94240  File: /home/janek/2025.2/Vivado/data/ip/xilinx/xfft_v9_1/hdl/xfft_v9_1_vh_rfs.vhd
Note:   - Copying SCALE_SCH from 62 downto 3 to 62 downto 3
Time: 0 ps  Iteration: 1  Process: /tb_top/Hilbert_fft/xfft_0/U0/i_synth/axi_wrapper/gen_config_fifo_in/line__94240  File: /home/janek/2025.2/Vivado/data/ip/xilinx/xfft_v9_1/hdl/xfft_v9_1_vh_rfs.vhd
INFO: [USF-XSim-96] XSim completed. Design snapshot 'tb_top_behav' loaded.
INFO: [USF-XSim-97] XSim simulation ran for 1000ns
launch_simulation: Time (s): cpu = 00:00:31 ; elapsed = 00:00:20 . Memory (MB): peak = 11116.852 ; gain = 0.000 ; free physical = 20744 ; free virtual = 39311
current_wave_config {Untitled 5}
Untitled 5
add_wave {{/tb_top/Hilbert_fft/fir0_spy_0/debug_x}} {{/tb_top/Hilbert_fft/fir0_spy_0/debug_y}} {{/tb_top/Hilbert_fft/fir0_spy_0/debug_z}} 
current_wave_config {Untitled 5}
Untitled 5
add_wave {{/tb_top/Hilbert_fft/fir0_spy_1/debug_x}} {{/tb_top/Hilbert_fft/fir0_spy_1/debug_y}} {{/tb_top/Hilbert_fft/fir0_spy_1/debug_z}} 
run 40 ms
run: Time (s): cpu = 00:00:45 ; elapsed = 00:06:58 . Memory (MB): peak = 11116.852 ; gain = 0.000 ; free physical = 20694 ; free virtual = 39317
open_bd_design {/home/janek/Magisterka/Intelligent-Vibroacoustic-Machine-Diagnostic-System-on-FPGA/Hilbert_with_fft/Hilbert_and_fft_test/Hilbert_and_fft_test.srcs/sources_1/bd/Hilbert_fft/Hilbert_fft.bd}
delete_bd_objs [get_bd_nets fir_compiler_0_m_axis_data_tvalid] [get_bd_nets fir_compiler_0_m_axis_data_tlast] [get_bd_nets xlslice_0_Dout] [get_bd_cells fir0_spy_0]
startgroup
create_bd_cell -type ip -vlnv xilinx.com:ip:fir_compiler:7.2 fir_compiler_1
endgroup
set_property location {3.5 1583 176} [get_bd_cells fir_compiler_1]
connect_bd_net [get_bd_ports clk_100MHz] [get_bd_pins fir_compiler_1/aclk]
connect_bd_net [get_bd_pins xlslice_0/Dout] [get_bd_pins fir_compiler_1/s_axis_data_tdata]
WARNING: [BD 41-1306] The connection to interface pin </fir_compiler_1/s_axis_data_tdata> is being overridden by the user with net <xlslice_0_Dout>. This pin will not be connected as a part of interface connection <S_AXIS_DATA>, and might not recreate the connectivity as expected using the writ_bd_tcl command.
set_property location {2.5 1113 184} [get_bd_cells xlslice_0]
connect_bd_net [get_bd_pins fir_compiler_0/m_axis_data_tvalid] [get_bd_pins fir_compiler_1/s_axis_data_tvalid]
WARNING: [BD 41-1306] The connection to interface pin </fir_compiler_0/m_axis_data_tvalid> is being overridden by the user with net <fir_compiler_0_m_axis_data_tvalid>. This pin will not be connected as a part of interface connection <M_AXIS_DATA>, and might not recreate the connectivity as expected using the writ_bd_tcl command.
WARNING: [BD 41-1306] The connection to interface pin </fir_compiler_1/s_axis_data_tvalid> is being overridden by the user with net <fir_compiler_0_m_axis_data_tvalid>. This pin will not be connected as a part of interface connection <S_AXIS_DATA>, and might not recreate the connectivity as expected using the writ_bd_tcl command.
connect_bd_net [get_bd_pins fir_compiler_1/s_axis_data_tready] [get_bd_pins fir_compiler_0/m_axis_data_tready]
WARNING: [BD 41-1306] The connection to interface pin </fir_compiler_1/s_axis_data_tready> is being overridden by the user with net <fir_compiler_1_s_axis_data_tready>. This pin will not be connected as a part of interface connection <S_AXIS_DATA>, and might not recreate the connectivity as expected using the writ_bd_tcl command.
WARNING: [BD 41-1306] The connection to interface pin </fir_compiler_0/m_axis_data_tready> is being overridden by the user with net <fir_compiler_1_s_axis_data_tready>. This pin will not be connected as a part of interface connection <M_AXIS_DATA>, and might not recreate the connectivity as expected using the writ_bd_tcl command.
startgroup
set_property -dict [list \
  CONFIG.Clock_Frequency {100} \
  CONFIG.CoefficientSource {COE_File} \
  CONFIG.CoefficientVector {6,0,-4,-3,5,6,-6,-13,7,44,64,44,7,-13,-6,6,5,-3,-4,0,6} \
  CONFIG.Coefficient_File {/home/janek/Magisterka/Intelligent-Vibroacoustic-Machine-Diagnostic-System-on-FPGA/COE_File/hilbert.coe} \
  CONFIG.Coefficient_Fractional_Bits {0} \
  CONFIG.Coefficient_Sets {1} \
  CONFIG.Coefficient_Sign {Signed} \
  CONFIG.Coefficient_Structure {Hilbert} \
  CONFIG.Coefficient_Width {16} \
  CONFIG.DATA_Has_TLAST {Not_Required} \
  CONFIG.Decimation_Rate {1} \
  CONFIG.Filter_Architecture {Systolic_Multiply_Accumulate} \
  CONFIG.Filter_Type {Hilbert} \
  CONFIG.Interpolation_Rate {1} \
  CONFIG.M_DATA_Has_TUSER {Not_Required} \
  CONFIG.Number_Channels {3} \
  CONFIG.Output_Rounding_Mode {Full_Precision} \
  CONFIG.Output_Width {33} \
  CONFIG.Quantization {Integer_Coefficients} \
  CONFIG.RateSpecification {Frequency_Specification} \
  CONFIG.S_DATA_Has_TUSER {Not_Required} \
  CONFIG.Sample_Frequency {0.02667} \
  CONFIG.Select_Pattern {All} \
  CONFIG.Zero_Pack_Factor {1} \
] [get_bd_cells fir_compiler_1]
INFO: [IP_Flow 19-3484] Absolute path of file '/home/janek/Magisterka/Intelligent-Vibroacoustic-Machine-Diagnostic-System-on-FPGA/COE_File/hilbert.coe' provided. It will be converted relative to IP Instance files '../../../../../../../../COE_File/hilbert.coe'
endgroup
startgroup
set_property -dict [list \
  CONFIG.DATA_Has_TLAST {Packet_Framing} \
  CONFIG.M_DATA_Has_TREADY {true} \
] [get_bd_cells fir_compiler_1]
endgroup
connect_bd_net [get_bd_pins fir_compiler_1/s_axis_data_tlast] [get_bd_pins fir_compiler_0/m_axis_data_tdata]
WARNING: [BD 41-1306] The connection to interface pin </fir_compiler_1/s_axis_data_tlast> is being overridden by the user with net </fir_compiler_0_m_axis_data_tdata>. This pin will not be connected as a part of interface connection <S_AXIS_DATA>, and might not recreate the connectivity as expected using the writ_bd_tcl command.
undo
INFO: [Common 17-17] undo 'connect_bd_net [get_bd_pins fir_compiler_1/s_axis_data_tlast] [get_bd_pins fir_compiler_0/m_axis_data_tdata]'
connect_bd_net [get_bd_pins fir_compiler_1/s_axis_data_tlast] [get_bd_pins fir_compiler_0/m_axis_data_tlast]
WARNING: [BD 41-1306] The connection to interface pin </fir_compiler_1/s_axis_data_tlast> is being overridden by the user with net <fir_compiler_0_m_axis_data_tlast>. This pin will not be connected as a part of interface connection <S_AXIS_DATA>, and might not recreate the connectivity as expected using the writ_bd_tcl command.
WARNING: [BD 41-1306] The connection to interface pin </fir_compiler_0/m_axis_data_tlast> is being overridden by the user with net <fir_compiler_0_m_axis_data_tlast>. This pin will not be connected as a part of interface connection <M_AXIS_DATA>, and might not recreate the connectivity as expected using the writ_bd_tcl command.
startgroup
set_property -dict [list \
  CONFIG.Coefficient_Fractional_Bits {15} \
  CONFIG.Coefficient_Sets {1} \
  CONFIG.Coefficient_Sign {Signed} \
  CONFIG.Coefficient_Structure {Hilbert} \
  CONFIG.Coefficient_Width {16} \
  CONFIG.Output_Rounding_Mode {Truncate_LSBs} \
  CONFIG.Output_Width {16} \
  CONFIG.Quantization {Maximize_Dynamic_Range} \
] [get_bd_cells fir_compiler_1]
ERROR: [IP_Flow 19-3458] Validation failed for parameter 'Fractional Bits(Coefficient_Fractional_Bits)' for BD Cell 'fir_compiler_1'. Value '15' is out of the range (0,0)
INFO: [IP_Flow 19-3438] Customization errors found on 'fir_compiler_1'. Restoring to previous valid configuration.
ERROR: [IP_Flow 19-3439] Failed to restore IP 'fir_compiler_1' customization to its previous valid configuration.
INFO: [Common 17-17] undo 'set_property -dict [list \
  CONFIG.Coefficient_Fractional_Bits {15} \
  CONFIG.Coefficient_Sets {1} \
  CONFIG.Coefficient_Sign {Signed} \
  CONFIG.Coefficient_Structure {Hilbert} \
  CONFIG.Coefficient_Width {16} \
  CONFIG.Output_Rounding_Mode {Truncate_LSBs} \
  CONFIG.Output_Width {16} \
  CONFIG.Quantization {Maximize_Dynamic_Range} \
] [get_bd_cells fir_compiler_1]'
ERROR: [Common 17-39] 'set_property' failed due to earlier errors.
endgroup
WARNING: [IP_Flow 19-982] Invalid parameter order found. Parameter 'Data_Width' with  order 30.00 tries to set value on parameter 'Coefficient_Structure' of  order 28.00.
WARNING: [IP_Flow 19-982] Invalid parameter order found. Parameter 'Data_Width' with  order 30.00 tries to set value on parameter 'Coefficient_Structure' of  order 28.00.
startgroup
set_property -dict [list \
  CONFIG.BestPrecision {false} \
  CONFIG.Coefficient_Fractional_Bits {15} \
  CONFIG.Coefficient_Structure {Hilbert} \
  CONFIG.Coefficient_Width {16} \
  CONFIG.Filter_Architecture {Systolic_Multiply_Accumulate} \
  CONFIG.Output_Rounding_Mode {Convergent_Rounding_to_Even} \
  CONFIG.Output_Width {16} \
  CONFIG.Quantization {Maximize_Dynamic_Range} \
] [get_bd_cells fir_compiler_1]
endgroup
validate_bd_design
WARNING: [xilinx.com:ip:cordic:6.0-304] /cordic_0 S_AXIS_CARTESIAN-TDATA: Data transfer transaction mismatch. /cordic_0 transactions: 1.  -TDATA transactions: 3.
INFO: [xilinx.com:ip:cordic:6.0-315] /cordic_0 S_AXIS_CARTESIAN-TDATA: Will use first transaction for compatibility check
INFO: [xilinx.com:ip:cordic:6.0-7] /cordic_0 Setting Input Width to 16. S_AXIS_CARTESIAN_TDATA real input width: 16. S_AXIS_CARTESIAN_TDATA imag input width: 16.
INFO: [xilinx.com:ip:cordic:6.0-308] /cordic_0 S_AXIS_CARTESIAN-TDATA: Validating field: real(16:0): fix16_14 against  -TDATA: chan_0_path_0_real(16:0): fix16_16.
WARNING: [xilinx.com:ip:cordic:6.0-311] /cordic_0 S_AXIS_CARTESIAN-TDATA: Field property mismatch. Value mismatch for: real fixed fractwidth. /cordic_0 field: real = 14.  -TDATA field: chan_0_path_0_real = 16.
INFO: [xilinx.com:ip:cordic:6.0-308] /cordic_0 S_AXIS_CARTESIAN-TDATA: Validating field: imag(32:16): fix16_14 against  -TDATA: chan_0_path_0_imag(32:16): fix16_0.
WARNING: [xilinx.com:ip:cordic:6.0-311] /cordic_0 S_AXIS_CARTESIAN-TDATA: Field property mismatch. Value mismatch for: real fixed fractwidth. /cordic_0 field: imag = 14.  -TDATA field: chan_0_path_0_imag = 0.
INFO: [xilinx.com:ip:cordic:6.0-7] /cordic_1 Setting Input Width to 16. S_AXIS_CARTESIAN_TDATA real input width: 16. S_AXIS_CARTESIAN_TDATA imag input width: 16.
INFO: [xilinx.com:ip:cordic:6.0-7] /cordic_2 Setting Input Width to 16. S_AXIS_CARTESIAN_TDATA real input width: 16. S_AXIS_CARTESIAN_TDATA imag input width: 16.
INFO: [xilinx.com:ip:cordic:6.0-7] /cordic_3 Setting Input Width to 16. S_AXIS_CARTESIAN_TDATA real input width: 16. S_AXIS_CARTESIAN_TDATA imag input width: 16.
CRITICAL WARNING: [BD 41-759] The input pins (listed below) are either not connected or do not have a source port, and they don't have a tie-off specified. These pins are tied-off to all 0's to avoid error in Implementation flow.
Please check your design and connect them as needed: 
/TDM_to_Parallel_Conv_0/s_axis_tvalid

close [ open /home/janek/Magisterka/Intelligent-Vibroacoustic-Machine-Diagnostic-System-on-FPGA/Hilbert_with_fft/Hilbert_and_fft_test/Hilbert_and_fft_test.srcs/sources_1/new/hilbert_spy.v w ]
add_files /home/janek/Magisterka/Intelligent-Vibroacoustic-Machine-Diagnostic-System-on-FPGA/Hilbert_with_fft/Hilbert_and_fft_test/Hilbert_and_fft_test.srcs/sources_1/new/hilbert_spy.v
WARNING: [filemgmt 56-199] Attempt to get parsing info during refresh. "On-the-fly" syntax checking information may be incorrect. [/home/janek/Magisterka/Intelligent-Vibroacoustic-Machine-Diagnostic-System-on-FPGA/Hilbert_with_fft/Hilbert_and_fft_test/Hilbert_and_fft_test.srcs/sources_1/new/fir0_spy.v:]
WARNING: [filemgmt 56-199] Attempt to get parsing info during refresh. "On-the-fly" syntax checking information may be incorrect. [/home/janek/Magisterka/Intelligent-Vibroacoustic-Machine-Diagnostic-System-on-FPGA/Hilbert_with_fft/Hilbert_and_fft_test/Hilbert_and_fft_test.srcs/sim_1/new/top.sv:]
WARNING: [filemgmt 56-199] Attempt to get parsing info during refresh. "On-the-fly" syntax checking information may be incorrect. [/home/janek/Magisterka/Intelligent-Vibroacoustic-Machine-Diagnostic-System-on-FPGA/Hilbert_with_fft/Hilbert_and_fft_test/Hilbert_and_fft_test.srcs/sim_1/new/top.sv:]
WARNING: [filemgmt 56-199] Attempt to get parsing info during refresh. "On-the-fly" syntax checking information may be incorrect. [/home/janek/Magisterka/Intelligent-Vibroacoustic-Machine-Diagnostic-System-on-FPGA/Hilbert_with_fft/Hilbert_and_fft_test/Hilbert_and_fft_test.srcs/sim_1/new/top.sv:]
WARNING: [filemgmt 56-199] Attempt to get parsing info during refresh. "On-the-fly" syntax checking information may be incorrect. [/home/janek/Magisterka/Intelligent-Vibroacoustic-Machine-Diagnostic-System-on-FPGA/Hilbert_with_fft/Hilbert_and_fft_test/Hilbert_and_fft_test.srcs/sources_1/new/fir0_spy.v:]
WARNING: [filemgmt 56-199] Attempt to get parsing info during refresh. "On-the-fly" syntax checking information may be incorrect. [/home/janek/Magisterka/Intelligent-Vibroacoustic-Machine-Diagnostic-System-on-FPGA/Hilbert_with_fft/Hilbert_and_fft_test/Hilbert_and_fft_test.srcs/sim_1/new/top.sv:]
WARNING: [filemgmt 56-199] Attempt to get parsing info during refresh. "On-the-fly" syntax checking information may be incorrect. [/home/janek/Magisterka/Intelligent-Vibroacoustic-Machine-Diagnostic-System-on-FPGA/Hilbert_with_fft/Hilbert_and_fft_test/Hilbert_and_fft_test.srcs/sources_1/new/fir0_spy.v:]
WARNING: [filemgmt 56-199] Attempt to get parsing info during refresh. "On-the-fly" syntax checking information may be incorrect. [/home/janek/Magisterka/Intelligent-Vibroacoustic-Machine-Diagnostic-System-on-FPGA/Hilbert_with_fft/Hilbert_and_fft_test/Hilbert_and_fft_test.srcs/sources_1/new/fir0_spy.v:]
update_compile_order -fileset sources_1
WARNING: [filemgmt 56-199] Attempt to get parsing info during refresh. "On-the-fly" syntax checking information may be incorrect. [/home/janek/Magisterka/Intelligent-Vibroacoustic-Machine-Diagnostic-System-on-FPGA/Hilbert_with_fft/Hilbert_and_fft_test/Hilbert_and_fft_test.srcs/sources_1/new/fir0_spy.v:]
WARNING: [filemgmt 56-199] Attempt to get parsing info during refresh. "On-the-fly" syntax checking information may be incorrect. [/home/janek/Magisterka/Intelligent-Vibroacoustic-Machine-Diagnostic-System-on-FPGA/Hilbert_with_fft/Hilbert_and_fft_test/Hilbert_and_fft_test.srcs/sim_1/new/top.sv:]
WARNING: [filemgmt 56-199] Attempt to get parsing info during refresh. "On-the-fly" syntax checking information may be incorrect. [/home/janek/Magisterka/Intelligent-Vibroacoustic-Machine-Diagnostic-System-on-FPGA/Hilbert_with_fft/Hilbert_and_fft_test/Hilbert_and_fft_test.srcs/sim_1/new/top.sv:]
WARNING: [filemgmt 56-199] Attempt to get parsing info during refresh. "On-the-fly" syntax checking information may be incorrect. [/home/janek/Magisterka/Intelligent-Vibroacoustic-Machine-Diagnostic-System-on-FPGA/Hilbert_with_fft/Hilbert_and_fft_test/Hilbert_and_fft_test.srcs/sim_1/new/top.sv:]
export_ip_user_files -of_objects  [get_files /home/janek/Magisterka/Intelligent-Vibroacoustic-Machine-Diagnostic-System-on-FPGA/Hilbert_with_fft/Hilbert_and_fft_test/Hilbert_and_fft_test.srcs/sources_1/new/hilbert_spy.v] -no_script -reset -force -quiet
remove_files  /home/janek/Magisterka/Intelligent-Vibroacoustic-Machine-Diagnostic-System-on-FPGA/Hilbert_with_fft/Hilbert_and_fft_test/Hilbert_and_fft_test.srcs/sources_1/new/hilbert_spy.v
startgroup
create_bd_cell -type ip -vlnv xilinx.com:ip:xlslice:1.0 xlslice_1
INFO: [BD 5-1043] It is recommended to use inline hdl version xilinx.com:inline_hdl:ilslice:1.0 for the IP type xilinx.com:ip:xlslice:1.0 for improved performance and reduced disk space. IPs with VLNV xilinx.com:ip:xlslice:1.0 will not be supported from release 2025.2. More information on inline hdl IP is available in UG994 
endgroup
set_property location {3.5 2086 440} [get_bd_cells xlslice_1]
connect_bd_net [get_bd_pins fir_compiler_1/m_axis_data_tdata] [get_bd_pins xlslice_1/Din]
WARNING: [BD 41-1306] The connection to interface pin </fir_compiler_1/m_axis_data_tdata> is being overridden by the user with net <fir_compiler_1_m_axis_data_tdata>. This pin will not be connected as a part of interface connection <M_AXIS_DATA>, and might not recreate the connectivity as expected using the writ_bd_tcl command.
copy_bd_objs /  [get_bd_cells {xlslice_1}]
connect_bd_net [get_bd_pins xlslice_2/Din] [get_bd_pins fir_compiler_1/m_axis_data_tdata]
startgroup
set_property -dict [list \
  CONFIG.DIN_FROM {31} \
  CONFIG.DIN_TO {16} \
] [get_bd_cells xlslice_1]
endgroup
startgroup
set_property CONFIG.DIN_FROM {15} [get_bd_cells xlslice_2]
endgroup
set_property name imag [get_bd_cells xlslice_1]
set_property name rel [get_bd_cells xlslice_2]
copy_bd_objs /  [get_bd_cells {fir0_spy_1}]
copy_bd_objs /  [get_bd_cells {fir0_spy_1}]
connect_bd_net [get_bd_pins fir0_spy_2/s_axis_tdata] [get_bd_pins imag/Dout]
WARNING: [BD 41-1306] The connection to interface pin </fir0_spy_2/s_axis_tdata> is being overridden by the user with net <imag_Dout>. This pin will not be connected as a part of interface connection <s_axis>, and might not recreate the connectivity as expected using the writ_bd_tcl command.
connect_bd_net [get_bd_pins fir0_spy_3/s_axis_tdata] [get_bd_pins rel/Dout]
WARNING: [BD 41-1306] The connection to interface pin </fir0_spy_3/s_axis_tdata> is being overridden by the user with net <rel_Dout>. This pin will not be connected as a part of interface connection <s_axis>, and might not recreate the connectivity as expected using the writ_bd_tcl command.
connect_bd_net [get_bd_pins fir0_spy_3/s_axis_tlast] [get_bd_pins fir_compiler_1/m_axis_data_tlast]
WARNING: [BD 41-1306] The connection to interface pin </fir0_spy_3/s_axis_tlast> is being overridden by the user with net <fir_compiler_1_m_axis_data_tlast>. This pin will not be connected as a part of interface connection <s_axis>, and might not recreate the connectivity as expected using the writ_bd_tcl command.
WARNING: [BD 41-1306] The connection to interface pin </fir_compiler_1/m_axis_data_tlast> is being overridden by the user with net <fir_compiler_1_m_axis_data_tlast>. This pin will not be connected as a part of interface connection <M_AXIS_DATA>, and might not recreate the connectivity as expected using the writ_bd_tcl command.
connect_bd_net [get_bd_pins fir0_spy_2/s_axis_tlast] [get_bd_pins fir_compiler_1/m_axis_data_tlast]
WARNING: [BD 41-1306] The connection to interface pin </fir0_spy_2/s_axis_tlast> is being overridden by the user with net </fir_compiler_1_m_axis_data_tlast>. This pin will not be connected as a part of interface connection <s_axis>, and might not recreate the connectivity as expected using the writ_bd_tcl command.
connect_bd_net [get_bd_pins fir0_spy_2/s_axis_tvalid] [get_bd_pins fir_compiler_1/m_axis_data_tvalid]
WARNING: [BD 41-1306] The connection to interface pin </fir0_spy_2/s_axis_tvalid> is being overridden by the user with net <fir_compiler_1_m_axis_data_tvalid>. This pin will not be connected as a part of interface connection <s_axis>, and might not recreate the connectivity as expected using the writ_bd_tcl command.
WARNING: [BD 41-1306] The connection to interface pin </fir_compiler_1/m_axis_data_tvalid> is being overridden by the user with net <fir_compiler_1_m_axis_data_tvalid>. This pin will not be connected as a part of interface connection <M_AXIS_DATA>, and might not recreate the connectivity as expected using the writ_bd_tcl command.
connect_bd_net [get_bd_pins fir0_spy_3/s_axis_tvalid] [get_bd_pins fir_compiler_1/m_axis_data_tvalid]
WARNING: [BD 41-1306] The connection to interface pin </fir0_spy_3/s_axis_tvalid> is being overridden by the user with net </fir_compiler_1_m_axis_data_tvalid>. This pin will not be connected as a part of interface connection <s_axis>, and might not recreate the connectivity as expected using the writ_bd_tcl command.
connect_bd_net [get_bd_pins fir0_spy_2/s_axis_tready] [get_bd_pins fir_compiler_1/s_axis_data_tready]
WARNING: [BD 41-1306] The connection to interface pin </fir0_spy_2/s_axis_tready> is being overridden by the user with net </fir_compiler_1_s_axis_data_tready>. This pin will not be connected as a part of interface connection <s_axis>, and might not recreate the connectivity as expected using the writ_bd_tcl command.
connect_bd_net [get_bd_pins fir0_spy_3/s_axis_tready] [get_bd_pins fir_compiler_1/s_axis_data_tready]
WARNING: [BD 41-1306] The connection to interface pin </fir0_spy_3/s_axis_tready> is being overridden by the user with net </fir_compiler_1_s_axis_data_tready>. This pin will not be connected as a part of interface connection <s_axis>, and might not recreate the connectivity as expected using the writ_bd_tcl command.
connect_bd_net [get_bd_ports clk_100MHz] [get_bd_pins fir0_spy_3/aclk]
connect_bd_net [get_bd_ports aresetn] [get_bd_pins fir0_spy_3/aresetn]
save_bd_design
Wrote  : </home/janek/Magisterka/Intelligent-Vibroacoustic-Machine-Diagnostic-System-on-FPGA/Hilbert_with_fft/Hilbert_and_fft_test/Hilbert_and_fft_test.srcs/sources_1/bd/Hilbert_fft/Hilbert_fft.bd> 
Wrote  : </home/janek/Magisterka/Intelligent-Vibroacoustic-Machine-Diagnostic-System-on-FPGA/Hilbert_with_fft/Hilbert_and_fft_test/Hilbert_and_fft_test.srcs/sources_1/bd/Hilbert_fft/ui/bd_126cc625.ui> 
WARNING: [filemgmt 56-199] Attempt to get parsing info during refresh. "On-the-fly" syntax checking information may be incorrect. [/home/janek/Magisterka/Intelligent-Vibroacoustic-Machine-Diagnostic-System-on-FPGA/Hilbert_with_fft/Hilbert_and_fft_test/Hilbert_and_fft_test.srcs/sources_1/new/fir0_spy.v:]
WARNING: [filemgmt 56-199] Attempt to get parsing info during refresh. "On-the-fly" syntax checking information may be incorrect. [/home/janek/Magisterka/Intelligent-Vibroacoustic-Machine-Diagnostic-System-on-FPGA/Hilbert_with_fft/Hilbert_and_fft_test/Hilbert_and_fft_test.srcs/sim_1/new/top.sv:]
WARNING: [filemgmt 56-199] Attempt to get parsing info during refresh. "On-the-fly" syntax checking information may be incorrect. [/home/janek/Magisterka/Intelligent-Vibroacoustic-Machine-Diagnostic-System-on-FPGA/Hilbert_with_fft/Hilbert_and_fft_test/Hilbert_and_fft_test.srcs/sources_1/new/fir0_spy.v:]
WARNING: [filemgmt 56-199] Attempt to get parsing info during refresh. "On-the-fly" syntax checking information may be incorrect. [/home/janek/Magisterka/Intelligent-Vibroacoustic-Machine-Diagnostic-System-on-FPGA/Hilbert_with_fft/Hilbert_and_fft_test/Hilbert_and_fft_test.srcs/sources_1/new/fir0_spy.v:]
update_compile_order -fileset sources_1
WARNING: [filemgmt 56-199] Attempt to get parsing info during refresh. "On-the-fly" syntax checking information may be incorrect. [/home/janek/Magisterka/Intelligent-Vibroacoustic-Machine-Diagnostic-System-on-FPGA/Hilbert_with_fft/Hilbert_and_fft_test/Hilbert_and_fft_test.srcs/sources_1/new/fir0_spy.v:]
WARNING: [filemgmt 56-199] Attempt to get parsing info during refresh. "On-the-fly" syntax checking information may be incorrect. [/home/janek/Magisterka/Intelligent-Vibroacoustic-Machine-Diagnostic-System-on-FPGA/Hilbert_with_fft/Hilbert_and_fft_test/Hilbert_and_fft_test.srcs/sim_1/new/top.sv:]
WARNING: [filemgmt 56-199] Attempt to get parsing info during refresh. "On-the-fly" syntax checking information may be incorrect. [/home/janek/Magisterka/Intelligent-Vibroacoustic-Machine-Diagnostic-System-on-FPGA/Hilbert_with_fft/Hilbert_and_fft_test/Hilbert_and_fft_test.srcs/sources_1/new/fir0_spy.v:]
WARNING: [filemgmt 56-199] Attempt to get parsing info during refresh. "On-the-fly" syntax checking information may be incorrect. [/home/janek/Magisterka/Intelligent-Vibroacoustic-Machine-Diagnostic-System-on-FPGA/Hilbert_with_fft/Hilbert_and_fft_test/Hilbert_and_fft_test.srcs/sources_1/new/fir0_spy.v:]
close_sim
INFO: xsimkernel Simulation Memory Usage: 317512 KB (Peak: 367364 KB), Simulation CPU Usage: 418790 ms
INFO: [Simtcl 6-16] Simulation closed
generate_target Simulation [get_files /home/janek/Magisterka/Intelligent-Vibroacoustic-Machine-Diagnostic-System-on-FPGA/Hilbert_with_fft/Hilbert_and_fft_test/Hilbert_and_fft_test.srcs/sources_1/bd/Hilbert_fft/Hilbert_fft.bd]
ERROR: [BD 41-758] The following clock pins are not connected to a valid clock source: 
/fir0_spy_2/aclk

ERROR: [BD 41-1031] Hdl Generation failed for the IP Integrator design /home/janek/Magisterka/Intelligent-Vibroacoustic-Machine-Diagnostic-System-on-FPGA/Hilbert_with_fft/Hilbert_and_fft_test/Hilbert_and_fft_test.srcs/sources_1/bd/Hilbert_fft/Hilbert_fft.bd 
ERROR: [Common 17-39] 'generate_target' failed due to earlier errors.
connect_bd_net [get_bd_ports clk_100MHz] [get_bd_pins fir0_spy_2/aclk]
save_bd_design
Wrote  : </home/janek/Magisterka/Intelligent-Vibroacoustic-Machine-Diagnostic-System-on-FPGA/Hilbert_with_fft/Hilbert_and_fft_test/Hilbert_and_fft_test.srcs/sources_1/bd/Hilbert_fft/Hilbert_fft.bd> 
generate_target Simulation [get_files /home/janek/Magisterka/Intelligent-Vibroacoustic-Machine-Diagnostic-System-on-FPGA/Hilbert_with_fft/Hilbert_and_fft_test/Hilbert_and_fft_test.srcs/sources_1/bd/Hilbert_fft/Hilbert_fft.bd]
WARNING: [xilinx.com:ip:cordic:6.0-304] /cordic_0 S_AXIS_CARTESIAN-TDATA: Data transfer transaction mismatch. /cordic_0 transactions: 1.  -TDATA transactions: 3.
INFO: [xilinx.com:ip:cordic:6.0-315] /cordic_0 S_AXIS_CARTESIAN-TDATA: Will use first transaction for compatibility check
INFO: [xilinx.com:ip:cordic:6.0-7] /cordic_0 Setting Input Width to 16. S_AXIS_CARTESIAN_TDATA real input width: 16. S_AXIS_CARTESIAN_TDATA imag input width: 16.
WARNING: [xilinx.com:ip:cordic:6.0-304] /cordic_0 S_AXIS_CARTESIAN-TDATA: Data transfer transaction mismatch. /cordic_0 transactions: 1.  -TDATA transactions: 3.
INFO: [xilinx.com:ip:cordic:6.0-315] /cordic_0 S_AXIS_CARTESIAN-TDATA: Will use first transaction for compatibility check
INFO: [xilinx.com:ip:cordic:6.0-308] /cordic_0 S_AXIS_CARTESIAN-TDATA: Validating field: real(16:0): fix16_14 against  -TDATA: chan_0_path_0_real(16:0): fix16_16.
WARNING: [xilinx.com:ip:cordic:6.0-311] /cordic_0 S_AXIS_CARTESIAN-TDATA: Field property mismatch. Value mismatch for: real fixed fractwidth. /cordic_0 field: real = 14.  -TDATA field: chan_0_path_0_real = 16.
INFO: [xilinx.com:ip:cordic:6.0-308] /cordic_0 S_AXIS_CARTESIAN-TDATA: Validating field: imag(32:16): fix16_14 against  -TDATA: chan_0_path_0_imag(32:16): fix16_0.
WARNING: [xilinx.com:ip:cordic:6.0-311] /cordic_0 S_AXIS_CARTESIAN-TDATA: Field property mismatch. Value mismatch for: real fixed fractwidth. /cordic_0 field: imag = 14.  -TDATA field: chan_0_path_0_imag = 0.
INFO: [xilinx.com:ip:cordic:6.0-7] /cordic_1 Setting Input Width to 16. S_AXIS_CARTESIAN_TDATA real input width: 16. S_AXIS_CARTESIAN_TDATA imag input width: 16.
INFO: [xilinx.com:ip:cordic:6.0-7] /cordic_2 Setting Input Width to 16. S_AXIS_CARTESIAN_TDATA real input width: 16. S_AXIS_CARTESIAN_TDATA imag input width: 16.
INFO: [xilinx.com:ip:cordic:6.0-7] /cordic_3 Setting Input Width to 16. S_AXIS_CARTESIAN_TDATA real input width: 16. S_AXIS_CARTESIAN_TDATA imag input width: 16.
CRITICAL WARNING: [BD 41-759] The input pins (listed below) are either not connected or do not have a source port, and they don't have a tie-off specified. These pins are tied-off to all 0's to avoid error in Implementation flow.
Please check your design and connect them as needed: 
/TDM_to_Parallel_Conv_0/s_axis_tvalid
/fir0_spy_2/aresetn

Wrote  : </home/janek/Magisterka/Intelligent-Vibroacoustic-Machine-Diagnostic-System-on-FPGA/Hilbert_with_fft/Hilbert_and_fft_test/Hilbert_and_fft_test.srcs/sources_1/bd/Hilbert_fft/Hilbert_fft.bd> 
Verilog Output written to : /home/janek/Magisterka/Intelligent-Vibroacoustic-Machine-Diagnostic-System-on-FPGA/Hilbert_with_fft/Hilbert_and_fft_test/Hilbert_and_fft_test.gen/sources_1/bd/Hilbert_fft/synth/Hilbert_fft.v
Verilog Output written to : /home/janek/Magisterka/Intelligent-Vibroacoustic-Machine-Diagnostic-System-on-FPGA/Hilbert_with_fft/Hilbert_and_fft_test/Hilbert_and_fft_test.gen/sources_1/bd/Hilbert_fft/sim/Hilbert_fft.v
Verilog Output written to : /home/janek/Magisterka/Intelligent-Vibroacoustic-Machine-Diagnostic-System-on-FPGA/Hilbert_with_fft/Hilbert_and_fft_test/Hilbert_and_fft_test.gen/sources_1/bd/Hilbert_fft/hdl/Hilbert_fft_wrapper.v
INFO: [BD 41-1029] Generation completed for the IP Integrator block fir_compiler_1 .
INFO: [BD 41-1029] Generation completed for the IP Integrator block imag .
INFO: [BD 41-1029] Generation completed for the IP Integrator block rel .
INFO: [BD 41-1029] Generation completed for the IP Integrator block fir0_spy_2 .
INFO: [BD 41-1029] Generation completed for the IP Integrator block fir0_spy_3 .
Exporting to file /home/janek/Magisterka/Intelligent-Vibroacoustic-Machine-Diagnostic-System-on-FPGA/Hilbert_with_fft/Hilbert_and_fft_test/Hilbert_and_fft_test.gen/sources_1/bd/Hilbert_fft/hw_handoff/Hilbert_fft.hwh
Generated Hardware Definition File /home/janek/Magisterka/Intelligent-Vibroacoustic-Machine-Diagnostic-System-on-FPGA/Hilbert_with_fft/Hilbert_and_fft_test/Hilbert_and_fft_test.gen/sources_1/bd/Hilbert_fft/synth/Hilbert_fft.hwdef
INFO: [BD 41-3262] Generated VHDL Instantiation Template file /home/janek/Magisterka/Intelligent-Vibroacoustic-Machine-Diagnostic-System-on-FPGA/Hilbert_with_fft/Hilbert_and_fft_test/Hilbert_and_fft_test.gen/sources_1/bd/Hilbert_fft/Hilbert_fft.vho
INFO: [BD 41-3262] Generated Verilog Instantiation Template file /home/janek/Magisterka/Intelligent-Vibroacoustic-Machine-Diagnostic-System-on-FPGA/Hilbert_with_fft/Hilbert_and_fft_test/Hilbert_and_fft_test.gen/sources_1/bd/Hilbert_fft/Hilbert_fft.veo
INFO: [BD 41-3262] Generated System Verilog Instantiation Template file /home/janek/Magisterka/Intelligent-Vibroacoustic-Machine-Diagnostic-System-on-FPGA/Hilbert_with_fft/Hilbert_and_fft_test/Hilbert_and_fft_test.gen/sources_1/bd/Hilbert_fft/Hilbert_fft_sv.sveo
export_ip_user_files -of_objects [get_files /home/janek/Magisterka/Intelligent-Vibroacoustic-Machine-Diagnostic-System-on-FPGA/Hilbert_with_fft/Hilbert_and_fft_test/Hilbert_and_fft_test.srcs/sources_1/bd/Hilbert_fft/Hilbert_fft.bd] -no_script -sync -force -quiet
export_simulation -of_objects [get_files /home/janek/Magisterka/Intelligent-Vibroacoustic-Machine-Diagnostic-System-on-FPGA/Hilbert_with_fft/Hilbert_and_fft_test/Hilbert_and_fft_test.srcs/sources_1/bd/Hilbert_fft/Hilbert_fft.bd] -directory /home/janek/Magisterka/Intelligent-Vibroacoustic-Machine-Diagnostic-System-on-FPGA/Hilbert_with_fft/Hilbert_and_fft_test/Hilbert_and_fft_test.ip_user_files/sim_scripts -ip_user_files_dir /home/janek/Magisterka/Intelligent-Vibroacoustic-Machine-Diagnostic-System-on-FPGA/Hilbert_with_fft/Hilbert_and_fft_test/Hilbert_and_fft_test.ip_user_files -ipstatic_source_dir /home/janek/Magisterka/Intelligent-Vibroacoustic-Machine-Diagnostic-System-on-FPGA/Hilbert_with_fft/Hilbert_and_fft_test/Hilbert_and_fft_test.ip_user_files/ipstatic -lib_map_path [list {modelsim=/home/janek/Magisterka/Intelligent-Vibroacoustic-Machine-Diagnostic-System-on-FPGA/Hilbert_with_fft/Hilbert_and_fft_test/Hilbert_and_fft_test.cache/compile_simlib/modelsim} {questa=/home/janek/Magisterka/Intelligent-Vibroacoustic-Machine-Diagnostic-System-on-FPGA/Hilbert_with_fft/Hilbert_and_fft_test/Hilbert_and_fft_test.cache/compile_simlib/questa} {xcelium=/home/janek/Magisterka/Intelligent-Vibroacoustic-Machine-Diagnostic-System-on-FPGA/Hilbert_with_fft/Hilbert_and_fft_test/Hilbert_and_fft_test.cache/compile_simlib/xcelium} {vcs=/home/janek/Magisterka/Intelligent-Vibroacoustic-Machine-Diagnostic-System-on-FPGA/Hilbert_with_fft/Hilbert_and_fft_test/Hilbert_and_fft_test.cache/compile_simlib/vcs} {riviera=/home/janek/Magisterka/Intelligent-Vibroacoustic-Machine-Diagnostic-System-on-FPGA/Hilbert_with_fft/Hilbert_and_fft_test/Hilbert_and_fft_test.cache/compile_simlib/riviera}] -use_ip_compiled_libs -force -quiet
launch_simulation
Command: launch_simulation 
INFO: [Vivado 12-25911] Executing simulation for 'XSim' simulator
INFO: [Project 1-5737] Running on host qtaz (64) - Ubuntu 24.04.4 LTS
INFO: [Vivado 12-28535] Process started - Wed Apr  8 01:34:01 2026

INFO: [Vivado 12-12493] Simulation top is 'tb_top'
INFO: [Vivado 12-12490] The selected simulation model for 'Hilbert_fft_fir0_spy_1_0' IP changed to 'rtl' from '', the simulation run directory will be deleted.
INFO: [Vivado 12-5682] Launching behavioral simulation in '/home/janek/Magisterka/Intelligent-Vibroacoustic-Machine-Diagnostic-System-on-FPGA/Hilbert_with_fft/Hilbert_and_fft_test/Hilbert_and_fft_test.sim/sim_1/behav/xsim'
INFO: [SIM-utils-51] Simulation object is 'sim_1'
INFO: [SIM-utils-72] Using boost library from '/home/janek/2025.2/tps/boost_1_72_0'
INFO: [USF-XSim-7] Finding pre-compiled libraries...
INFO: [USF-XSim-11] File '/home/janek/2025.2/data/xsim/xsim.ini' copied to run dir:'/home/janek/Magisterka/Intelligent-Vibroacoustic-Machine-Diagnostic-System-on-FPGA/Hilbert_with_fft/Hilbert_and_fft_test/Hilbert_and_fft_test.sim/sim_1/behav/xsim'
INFO: [SIM-utils-54] Inspecting design source files for 'tb_top' in fileset 'sim_1'...
INFO: [SIM-utils-43] Exported '/home/janek/Magisterka/Intelligent-Vibroacoustic-Machine-Diagnostic-System-on-FPGA/Hilbert_with_fft/Hilbert_and_fft_test/Hilbert_and_fft_test.sim/sim_1/behav/xsim/Hilbert_fft_fir_compiler_0_0.mif'
INFO: [SIM-utils-43] Exported '/home/janek/Magisterka/Intelligent-Vibroacoustic-Machine-Diagnostic-System-on-FPGA/Hilbert_with_fft/Hilbert_and_fft_test/Hilbert_and_fft_test.sim/sim_1/behav/xsim/filet_2.coe'
INFO: [SIM-utils-43] Exported '/home/janek/Magisterka/Intelligent-Vibroacoustic-Machine-Diagnostic-System-on-FPGA/Hilbert_with_fft/Hilbert_and_fft_test/Hilbert_and_fft_test.sim/sim_1/behav/xsim/hilbert.coe'
INFO: [SIM-utils-43] Exported '/home/janek/Magisterka/Intelligent-Vibroacoustic-Machine-Diagnostic-System-on-FPGA/Hilbert_with_fft/Hilbert_and_fft_test/Hilbert_and_fft_test.sim/sim_1/behav/xsim/Hilbert_fft_fir_compiler_1_0.mif'
INFO: [SIM-utils-43] Exported '/home/janek/Magisterka/Intelligent-Vibroacoustic-Machine-Diagnostic-System-on-FPGA/Hilbert_with_fft/Hilbert_and_fft_test/Hilbert_and_fft_test.sim/sim_1/behav/xsim/filter_coeffs.coe'
INFO: [USF-XSim-97] Finding global include files...
INFO: [USF-XSim-98] Fetching design files from 'sim_1'...
INFO: [USF-XSim-2] XSim::Compile design
INFO: [USF-XSim-61] Executing 'COMPILE and ANALYZE' step in '/home/janek/Magisterka/Intelligent-Vibroacoustic-Machine-Diagnostic-System-on-FPGA/Hilbert_with_fft/Hilbert_and_fft_test/Hilbert_and_fft_test.sim/sim_1/behav/xsim'
xvlog --incr --relax -L uvm -prj tb_top_vlog.prj
INFO: [VRFC 10-2263] Analyzing Verilog file "/home/janek/Magisterka/Intelligent-Vibroacoustic-Machine-Diagnostic-System-on-FPGA/Hilbert_with_fft/Hilbert_and_fft_test/Hilbert_and_fft_test.srcs/sources_1/new/TDM to Parallel Converter.v" into library xil_defaultlib
INFO: [VRFC 10-311] analyzing module TDM_to_Parallel_Converter
INFO: [VRFC 10-2263] Analyzing Verilog file "/home/janek/Magisterka/Intelligent-Vibroacoustic-Machine-Diagnostic-System-on-FPGA/Hilbert_with_fft/Hilbert_and_fft_test/Hilbert_and_fft_test.srcs/sources_1/new/brancher.v" into library xil_defaultlib
INFO: [VRFC 10-311] analyzing module brancher
INFO: [VRFC 10-2263] Analyzing Verilog file "/home/janek/Magisterka/Intelligent-Vibroacoustic-Machine-Diagnostic-System-on-FPGA/Hilbert_with_fft/Hilbert_and_fft_test/Hilbert_and_fft_test.srcs/sources_1/new/fir0_spy.v" into library xil_defaultlib
INFO: [VRFC 10-311] analyzing module fir0_spy
INFO: [VRFC 10-2263] Analyzing Verilog file "/home/janek/Magisterka/Intelligent-Vibroacoustic-Machine-Diagnostic-System-on-FPGA/Hilbert_with_fft/Hilbert_and_fft_test/Hilbert_and_fft_test.ip_user_files/bd/Hilbert_fft/ip/Hilbert_fft_axis_subset_converter_0_0/hdl/tdata_Hilbert_fft_axis_subset_converter_0_0.v" into library xil_defaultlib
INFO: [VRFC 10-311] analyzing module tdata_Hilbert_fft_axis_subset_converter_0_0
INFO: [VRFC 10-2263] Analyzing Verilog file "/home/janek/Magisterka/Intelligent-Vibroacoustic-Machine-Diagnostic-System-on-FPGA/Hilbert_with_fft/Hilbert_and_fft_test/Hilbert_and_fft_test.ip_user_files/bd/Hilbert_fft/ip/Hilbert_fft_axis_subset_converter_0_0/hdl/tuser_Hilbert_fft_axis_subset_converter_0_0.v" into library xil_defaultlib
INFO: [VRFC 10-311] analyzing module tuser_Hilbert_fft_axis_subset_converter_0_0
INFO: [VRFC 10-2263] Analyzing Verilog file "/home/janek/Magisterka/Intelligent-Vibroacoustic-Machine-Diagnostic-System-on-FPGA/Hilbert_with_fft/Hilbert_and_fft_test/Hilbert_and_fft_test.ip_user_files/bd/Hilbert_fft/ip/Hilbert_fft_axis_subset_converter_0_0/hdl/tstrb_Hilbert_fft_axis_subset_converter_0_0.v" into library xil_defaultlib
INFO: [VRFC 10-311] analyzing module tstrb_Hilbert_fft_axis_subset_converter_0_0
INFO: [VRFC 10-2263] Analyzing Verilog file "/home/janek/Magisterka/Intelligent-Vibroacoustic-Machine-Diagnostic-System-on-FPGA/Hilbert_with_fft/Hilbert_and_fft_test/Hilbert_and_fft_test.ip_user_files/bd/Hilbert_fft/ip/Hilbert_fft_axis_subset_converter_0_0/hdl/tkeep_Hilbert_fft_axis_subset_converter_0_0.v" into library xil_defaultlib
INFO: [VRFC 10-311] analyzing module tkeep_Hilbert_fft_axis_subset_converter_0_0
INFO: [VRFC 10-2263] Analyzing Verilog file "/home/janek/Magisterka/Intelligent-Vibroacoustic-Machine-Diagnostic-System-on-FPGA/Hilbert_with_fft/Hilbert_and_fft_test/Hilbert_and_fft_test.ip_user_files/bd/Hilbert_fft/ip/Hilbert_fft_axis_subset_converter_0_0/hdl/tid_Hilbert_fft_axis_subset_converter_0_0.v" into library xil_defaultlib
INFO: [VRFC 10-311] analyzing module tid_Hilbert_fft_axis_subset_converter_0_0
INFO: [VRFC 10-2263] Analyzing Verilog file "/home/janek/Magisterka/Intelligent-Vibroacoustic-Machine-Diagnostic-System-on-FPGA/Hilbert_with_fft/Hilbert_and_fft_test/Hilbert_and_fft_test.ip_user_files/bd/Hilbert_fft/ip/Hilbert_fft_axis_subset_converter_0_0/hdl/tdest_Hilbert_fft_axis_subset_converter_0_0.v" into library xil_defaultlib
INFO: [VRFC 10-311] analyzing module tdest_Hilbert_fft_axis_subset_converter_0_0
INFO: [VRFC 10-2263] Analyzing Verilog file "/home/janek/Magisterka/Intelligent-Vibroacoustic-Machine-Diagnostic-System-on-FPGA/Hilbert_with_fft/Hilbert_and_fft_test/Hilbert_and_fft_test.ip_user_files/bd/Hilbert_fft/ip/Hilbert_fft_axis_subset_converter_0_0/hdl/tlast_Hilbert_fft_axis_subset_converter_0_0.v" into library xil_defaultlib
INFO: [VRFC 10-311] analyzing module tlast_Hilbert_fft_axis_subset_converter_0_0
INFO: [VRFC 10-2263] Analyzing Verilog file "/home/janek/Magisterka/Intelligent-Vibroacoustic-Machine-Diagnostic-System-on-FPGA/Hilbert_with_fft/Hilbert_and_fft_test/Hilbert_and_fft_test.ip_user_files/bd/Hilbert_fft/ip/Hilbert_fft_axis_subset_converter_0_0/hdl/top_Hilbert_fft_axis_subset_converter_0_0.v" into library xil_defaultlib
INFO: [VRFC 10-311] analyzing module top_Hilbert_fft_axis_subset_converter_0_0
INFO: [VRFC 10-2263] Analyzing Verilog file "/home/janek/Magisterka/Intelligent-Vibroacoustic-Machine-Diagnostic-System-on-FPGA/Hilbert_with_fft/Hilbert_and_fft_test/Hilbert_and_fft_test.ip_user_files/bd/Hilbert_fft/ip/Hilbert_fft_axis_subset_converter_0_0/sim/Hilbert_fft_axis_subset_converter_0_0.v" into library xil_defaultlib
INFO: [VRFC 10-311] analyzing module Hilbert_fft_axis_subset_converter_0_0
INFO: [VRFC 10-2263] Analyzing Verilog file "/home/janek/Magisterka/Intelligent-Vibroacoustic-Machine-Diagnostic-System-on-FPGA/Hilbert_with_fft/Hilbert_and_fft_test/Hilbert_and_fft_test.ip_user_files/bd/Hilbert_fft/ip/Hilbert_fft_TDM_to_Parallel_Conv_0_0/sim/Hilbert_fft_TDM_to_Parallel_Conv_0_0.v" into library xil_defaultlib
INFO: [VRFC 10-311] analyzing module Hilbert_fft_TDM_to_Parallel_Conv_0_0
INFO: [VRFC 10-2263] Analyzing Verilog file "/home/janek/Magisterka/Intelligent-Vibroacoustic-Machine-Diagnostic-System-on-FPGA/Hilbert_with_fft/Hilbert_and_fft_test/Hilbert_and_fft_test.ip_user_files/bd/Hilbert_fft/ip/Hilbert_fft_xlconstant_0_0/sim/Hilbert_fft_xlconstant_0_0.v" into library xil_defaultlib
INFO: [VRFC 10-311] analyzing module Hilbert_fft_xlconstant_0_0
INFO: [VRFC 10-2263] Analyzing Verilog file "/home/janek/Magisterka/Intelligent-Vibroacoustic-Machine-Diagnostic-System-on-FPGA/Hilbert_with_fft/Hilbert_and_fft_test/Hilbert_and_fft_test.ip_user_files/bd/Hilbert_fft/ip/Hilbert_fft_xlconstant_1_0/sim/Hilbert_fft_xlconstant_1_0.v" into library xil_defaultlib
INFO: [VRFC 10-311] analyzing module Hilbert_fft_xlconstant_1_0
INFO: [VRFC 10-2263] Analyzing Verilog file "/home/janek/Magisterka/Intelligent-Vibroacoustic-Machine-Diagnostic-System-on-FPGA/Hilbert_with_fft/Hilbert_and_fft_test/Hilbert_and_fft_test.ip_user_files/bd/Hilbert_fft/ip/Hilbert_fft_brancher_0_0/sim/Hilbert_fft_brancher_0_0.v" into library xil_defaultlib
INFO: [VRFC 10-311] analyzing module Hilbert_fft_brancher_0_0
INFO: [VRFC 10-2263] Analyzing Verilog file "/home/janek/Magisterka/Intelligent-Vibroacoustic-Machine-Diagnostic-System-on-FPGA/Hilbert_with_fft/Hilbert_and_fft_test/Hilbert_and_fft_test.ip_user_files/bd/Hilbert_fft/ip/Hilbert_fft_fir0_spy_0_2/sim/Hilbert_fft_fir0_spy_0_2.v" into library xil_defaultlib
INFO: [VRFC 10-311] analyzing module Hilbert_fft_fir0_spy_0_2
INFO: [VRFC 10-2263] Analyzing Verilog file "/home/janek/Magisterka/Intelligent-Vibroacoustic-Machine-Diagnostic-System-on-FPGA/Hilbert_with_fft/Hilbert_and_fft_test/Hilbert_and_fft_test.ip_user_files/bd/Hilbert_fft/ip/Hilbert_fft_xlslice_0_0/sim/Hilbert_fft_xlslice_0_0.v" into library xil_defaultlib
INFO: [VRFC 10-311] analyzing module Hilbert_fft_xlslice_0_0
INFO: [VRFC 10-2263] Analyzing Verilog file "/home/janek/Magisterka/Intelligent-Vibroacoustic-Machine-Diagnostic-System-on-FPGA/Hilbert_with_fft/Hilbert_and_fft_test/Hilbert_and_fft_test.ip_user_files/bd/Hilbert_fft/sim/Hilbert_fft.v" into library xil_defaultlib
INFO: [VRFC 10-311] analyzing module Hilbert_fft
INFO: [VRFC 10-2263] Analyzing Verilog file "/home/janek/Magisterka/Intelligent-Vibroacoustic-Machine-Diagnostic-System-on-FPGA/Hilbert_with_fft/Hilbert_and_fft_test/Hilbert_and_fft_test.ip_user_files/bd/Hilbert_fft/ip/Hilbert_fft_xlslice_1_0/sim/Hilbert_fft_xlslice_1_0.v" into library xil_defaultlib
INFO: [VRFC 10-311] analyzing module Hilbert_fft_xlslice_1_0
INFO: [VRFC 10-2263] Analyzing Verilog file "/home/janek/Magisterka/Intelligent-Vibroacoustic-Machine-Diagnostic-System-on-FPGA/Hilbert_with_fft/Hilbert_and_fft_test/Hilbert_and_fft_test.ip_user_files/bd/Hilbert_fft/ip/Hilbert_fft_xlslice_1_1/sim/Hilbert_fft_xlslice_1_1.v" into library xil_defaultlib
INFO: [VRFC 10-311] analyzing module Hilbert_fft_xlslice_1_1
INFO: [VRFC 10-2263] Analyzing Verilog file "/home/janek/Magisterka/Intelligent-Vibroacoustic-Machine-Diagnostic-System-on-FPGA/Hilbert_with_fft/Hilbert_and_fft_test/Hilbert_and_fft_test.ip_user_files/bd/Hilbert_fft/ip/Hilbert_fft_fir0_spy_1_0/sim/Hilbert_fft_fir0_spy_1_0.v" into library xil_defaultlib
INFO: [VRFC 10-311] analyzing module Hilbert_fft_fir0_spy_1_0
INFO: [VRFC 10-2263] Analyzing Verilog file "/home/janek/Magisterka/Intelligent-Vibroacoustic-Machine-Diagnostic-System-on-FPGA/Hilbert_with_fft/Hilbert_and_fft_test/Hilbert_and_fft_test.ip_user_files/bd/Hilbert_fft/ip/Hilbert_fft_fir0_spy_1_1/sim/Hilbert_fft_fir0_spy_1_1.v" into library xil_defaultlib
INFO: [VRFC 10-311] analyzing module Hilbert_fft_fir0_spy_1_1
INFO: [VRFC 10-2263] Analyzing SystemVerilog file "/home/janek/Magisterka/Intelligent-Vibroacoustic-Machine-Diagnostic-System-on-FPGA/Hilbert_with_fft/Hilbert_and_fft_test/Hilbert_and_fft_test.srcs/sim_1/new/top.sv" into library xil_defaultlib
INFO: [VRFC 10-311] analyzing module tb_top
WARNING: [VRFC 10-5024] signed/unsigned conversion for real expression [/home/janek/Magisterka/Intelligent-Vibroacoustic-Machine-Diagnostic-System-on-FPGA/Hilbert_with_fft/Hilbert_and_fft_test/Hilbert_and_fft_test.srcs/sim_1/new/top.sv:94]
WARNING: [VRFC 10-5024] signed/unsigned conversion for real expression [/home/janek/Magisterka/Intelligent-Vibroacoustic-Machine-Diagnostic-System-on-FPGA/Hilbert_with_fft/Hilbert_and_fft_test/Hilbert_and_fft_test.srcs/sim_1/new/top.sv:100]
WARNING: [VRFC 10-5024] signed/unsigned conversion for real expression [/home/janek/Magisterka/Intelligent-Vibroacoustic-Machine-Diagnostic-System-on-FPGA/Hilbert_with_fft/Hilbert_and_fft_test/Hilbert_and_fft_test.srcs/sim_1/new/top.sv:106]
INFO: [VRFC 10-2263] Analyzing Verilog file "/home/janek/Magisterka/Intelligent-Vibroacoustic-Machine-Diagnostic-System-on-FPGA/Hilbert_with_fft/Hilbert_and_fft_test/Hilbert_and_fft_test.sim/sim_1/behav/xsim/glbl.v" into library xil_defaultlib
INFO: [VRFC 10-311] analyzing module glbl
xvhdl --incr --relax -prj tb_top_vhdl.prj
INFO: [VRFC 10-163] Analyzing VHDL file "/home/janek/Magisterka/Intelligent-Vibroacoustic-Machine-Diagnostic-System-on-FPGA/Hilbert_with_fft/Hilbert_and_fft_test/Hilbert_and_fft_test.ip_user_files/bd/Hilbert_fft/ip/Hilbert_fft_fir_compiler_0_0/sim/Hilbert_fft_fir_compiler_0_0.vhd" into library xil_defaultlib
INFO: [VRFC 10-3107] analyzing entity 'Hilbert_fft_fir_compiler_0_0'
INFO: [VRFC 10-163] Analyzing VHDL file "/home/janek/Magisterka/Intelligent-Vibroacoustic-Machine-Diagnostic-System-on-FPGA/Hilbert_with_fft/Hilbert_and_fft_test/Hilbert_and_fft_test.ip_user_files/bd/Hilbert_fft/ip/Hilbert_fft_cordic_0_0/sim/Hilbert_fft_cordic_0_0.vhd" into library xil_defaultlib
INFO: [VRFC 10-3107] analyzing entity 'Hilbert_fft_cordic_0_0'
INFO: [VRFC 10-163] Analyzing VHDL file "/home/janek/Magisterka/Intelligent-Vibroacoustic-Machine-Diagnostic-System-on-FPGA/Hilbert_with_fft/Hilbert_and_fft_test/Hilbert_and_fft_test.ip_user_files/bd/Hilbert_fft/ip/Hilbert_fft_xfft_0_0/sim/Hilbert_fft_xfft_0_0.vhd" into library xil_defaultlib
INFO: [VRFC 10-3107] analyzing entity 'Hilbert_fft_xfft_0_0'
INFO: [VRFC 10-163] Analyzing VHDL file "/home/janek/Magisterka/Intelligent-Vibroacoustic-Machine-Diagnostic-System-on-FPGA/Hilbert_with_fft/Hilbert_and_fft_test/Hilbert_and_fft_test.ip_user_files/bd/Hilbert_fft/ip/Hilbert_fft_cordic_1_3/sim/Hilbert_fft_cordic_1_3.vhd" into library xil_defaultlib
INFO: [VRFC 10-3107] analyzing entity 'Hilbert_fft_cordic_1_3'
INFO: [VRFC 10-163] Analyzing VHDL file "/home/janek/Magisterka/Intelligent-Vibroacoustic-Machine-Diagnostic-System-on-FPGA/Hilbert_with_fft/Hilbert_and_fft_test/Hilbert_and_fft_test.ip_user_files/bd/Hilbert_fft/ip/Hilbert_fft_cordic_1_4/sim/Hilbert_fft_cordic_1_4.vhd" into library xil_defaultlib
INFO: [VRFC 10-3107] analyzing entity 'Hilbert_fft_cordic_1_4'
INFO: [VRFC 10-163] Analyzing VHDL file "/home/janek/Magisterka/Intelligent-Vibroacoustic-Machine-Diagnostic-System-on-FPGA/Hilbert_with_fft/Hilbert_and_fft_test/Hilbert_and_fft_test.ip_user_files/bd/Hilbert_fft/ip/Hilbert_fft_cordic_1_5/sim/Hilbert_fft_cordic_1_5.vhd" into library xil_defaultlib
INFO: [VRFC 10-3107] analyzing entity 'Hilbert_fft_cordic_1_5'
INFO: [VRFC 10-163] Analyzing VHDL file "/home/janek/Magisterka/Intelligent-Vibroacoustic-Machine-Diagnostic-System-on-FPGA/Hilbert_with_fft/Hilbert_and_fft_test/Hilbert_and_fft_test.ip_user_files/bd/Hilbert_fft/ip/Hilbert_fft_fir_compiler_1_0/sim/Hilbert_fft_fir_compiler_1_0.vhd" into library xil_defaultlib
INFO: [VRFC 10-3107] analyzing entity 'Hilbert_fft_fir_compiler_1_0'
Waiting for jobs to finish...
No pending jobs, compilation finished.
INFO: [USF-XSim-69] 'compile' step finished in '2' seconds
INFO: [USF-XSim-3] XSim::Elaborate design
INFO: [USF-XSim-61] Executing 'ELABORATE' step in '/home/janek/Magisterka/Intelligent-Vibroacoustic-Machine-Diagnostic-System-on-FPGA/Hilbert_with_fft/Hilbert_and_fft_test/Hilbert_and_fft_test.sim/sim_1/behav/xsim'
xelab --incr --debug typical --relax --mt 8 -L xil_defaultlib -L xbip_utils_v3_0_15 -L axi_utils_v2_0_11 -L xbip_pipe_v3_0_11 -L fir_compiler_v7_2_26 -L c_reg_fd_v12_0_11 -L xbip_dsp48_wrapper_v3_0_7 -L c_addsub_v12_0_21 -L mult_gen_v12_0_24 -L cordic_v6_0_25 -L axis_infrastructure_v1_1_1 -L axis_register_slice_v1_1_35 -L axis_subset_converter_v1_1_36 -L c_shift_ram_v12_0_20 -L floating_point_v7_1_21 -L cmpy_v6_0_27 -L xfft_v9_1_15 -L xlconstant_v1_1_10 -L xlslice_v1_0_5 -L uvm -L unisims_ver -L unimacro_ver -L secureip -L xpm --snapshot tb_top_behav xil_defaultlib.tb_top xil_defaultlib.glbl -log elaborate.log
Vivado Simulator v2025.2
Copyright 1986-2022 Xilinx, Inc. All Rights Reserved.
Copyright 2022-2025 Advanced Micro Devices, Inc. All Rights Reserved.
Running: /home/janek/2025.2/Vivado/bin/unwrapped/lnx64.o/xelab --incr --debug typical --relax --mt 8 -L xil_defaultlib -L xbip_utils_v3_0_15 -L axi_utils_v2_0_11 -L xbip_pipe_v3_0_11 -L fir_compiler_v7_2_26 -L c_reg_fd_v12_0_11 -L xbip_dsp48_wrapper_v3_0_7 -L c_addsub_v12_0_21 -L mult_gen_v12_0_24 -L cordic_v6_0_25 -L axis_infrastructure_v1_1_1 -L axis_register_slice_v1_1_35 -L axis_subset_converter_v1_1_36 -L c_shift_ram_v12_0_20 -L floating_point_v7_1_21 -L cmpy_v6_0_27 -L xfft_v9_1_15 -L xlconstant_v1_1_10 -L xlslice_v1_0_5 -L uvm -L unisims_ver -L unimacro_ver -L secureip -L xpm --snapshot tb_top_behav xil_defaultlib.tb_top xil_defaultlib.glbl -log elaborate.log 
Using 8 slave threads.
WARNING: [XSIM 43-3431] One or more environment variables have been detected which affect the operation of the C compiler. These are typically not set in standard installations and are not tested by AMD, however they may be appropriate for your system, so the flow will attempt to continue.  If errors occur, try running xelab with the "-mt off -v 1" switches to see more information from the C compiler. The following environment variables have been detected:
    LIBRARY_PATH
Starting static elaboration
Pass Through NonSizing Optimizer
WARNING: [VRFC 10-5024] signed/unsigned conversion for real expression [/home/janek/Magisterka/Intelligent-Vibroacoustic-Machine-Diagnostic-System-on-FPGA/Hilbert_with_fft/Hilbert_and_fft_test/Hilbert_and_fft_test.srcs/sim_1/new/top.sv:94]
WARNING: [VRFC 10-5024] signed/unsigned conversion for real expression [/home/janek/Magisterka/Intelligent-Vibroacoustic-Machine-Diagnostic-System-on-FPGA/Hilbert_with_fft/Hilbert_and_fft_test/Hilbert_and_fft_test.srcs/sim_1/new/top.sv:100]
WARNING: [VRFC 10-5024] signed/unsigned conversion for real expression [/home/janek/Magisterka/Intelligent-Vibroacoustic-Machine-Diagnostic-System-on-FPGA/Hilbert_with_fft/Hilbert_and_fft_test/Hilbert_and_fft_test.srcs/sim_1/new/top.sv:106]
WARNING: [VRFC 10-5021] port 's_axis_cartesian_tready' is not connected on this instance [/home/janek/Magisterka/Intelligent-Vibroacoustic-Machine-Diagnostic-System-on-FPGA/Hilbert_with_fft/Hilbert_and_fft_test/Hilbert_and_fft_test.ip_user_files/bd/Hilbert_fft/sim/Hilbert_fft.v:92]
WARNING: [VRFC 10-5021] port 'm_axis_dout_tvalid' is not connected on this instance [/home/janek/Magisterka/Intelligent-Vibroacoustic-Machine-Diagnostic-System-on-FPGA/Hilbert_with_fft/Hilbert_and_fft_test/Hilbert_and_fft_test.ip_user_files/bd/Hilbert_fft/sim/Hilbert_fft.v:97]
WARNING: [VRFC 10-5021] port 'm_axis_dout_tvalid' is not connected on this instance [/home/janek/Magisterka/Intelligent-Vibroacoustic-Machine-Diagnostic-System-on-FPGA/Hilbert_with_fft/Hilbert_and_fft_test/Hilbert_and_fft_test.ip_user_files/bd/Hilbert_fft/sim/Hilbert_fft.v:102]
WARNING: [VRFC 10-5021] port 'm_axis_dout_tvalid' is not connected on this instance [/home/janek/Magisterka/Intelligent-Vibroacoustic-Machine-Diagnostic-System-on-FPGA/Hilbert_with_fft/Hilbert_and_fft_test/Hilbert_and_fft_test.ip_user_files/bd/Hilbert_fft/sim/Hilbert_fft.v:107]
WARNING: [VRFC 10-5021] port 's_axis_config_tready' is not connected on this instance [/home/janek/Magisterka/Intelligent-Vibroacoustic-Machine-Diagnostic-System-on-FPGA/Hilbert_with_fft/Hilbert_and_fft_test/Hilbert_and_fft_test.ip_user_files/bd/Hilbert_fft/sim/Hilbert_fft.v:159]
Completed static elaboration
Starting simulation data flow analysis
Completed simulation data flow analysis
Time Resolution for simulation is 1ps
Compiling package std.standard
Compiling package std.textio
Compiling package ieee.std_logic_1164
Compiling package ieee.numeric_std
Compiling package cordic_v6_0_25.cordic_v6_0_25_viv_comp
Compiling package xbip_utils_v3_0_15.xbip_utils_v3_0_15_pkg
Compiling package xbip_pipe_v3_0_11.xbip_pipe_v3_0_11_viv_comp
Compiling package axi_utils_v2_0_11.axi_utils_v2_0_11_pkg
Compiling package ieee.math_real
Compiling package axi_utils_v2_0_11.global_util_pkg
Compiling package axi_utils_v2_0_11.axi_utils_comps
Compiling package mult_gen_v12_0_24.mult_gen_v12_0_24_pkg
Compiling package ieee.std_logic_arith
Compiling package ieee.std_logic_signed
Compiling package cordic_v6_0_25.cordic_pack
Compiling package cordic_v6_0_25.cordic_hdl_comps
Compiling package c_addsub_v12_0_21.c_addsub_v12_0_21_viv_comp
Compiling package c_addsub_v12_0_21.c_addsub_v12_0_21_pkg
Compiling package c_addsub_v12_0_21.c_addsub_v12_0_21_pkg_legacy
Compiling package c_reg_fd_v12_0_11.c_reg_fd_v12_0_11_viv_comp
Compiling package unisim.vcomponents
Compiling package fir_compiler_v7_2_26.fir_compiler_v7_2_26_viv_comp
Compiling package ieee.std_logic_textio
Compiling package fir_compiler_v7_2_26.globals_pkg
Compiling package fir_compiler_v7_2_26.components
Compiling package ieee.vital_timing
Compiling package ieee.vital_primitives
Compiling package unisim.vpkg
Compiling package xfft_v9_1_15.xfft_v9_1_15_viv_comp
Compiling package ieee.std_logic_unsigned
Compiling package cmpy_v6_0_27.cmpy_v6_0_27_pkg
Compiling package floating_point_v7_1_21.floating_point_v7_1_21_consts
Compiling package floating_point_v7_1_21.floating_point_v7_1_21_exp_table...
Compiling package floating_point_v7_1_21.floating_point_v7_1_21_pkg
Compiling package xfft_v9_1_15.pkg
Compiling package xfft_v9_1_15.xfft_v9_1_15_axi_pkg
Compiling package c_shift_ram_v12_0_20.c_shift_ram_v12_0_20_pkg
Compiling package xfft_v9_1_15.half_sincos_tw_table
Compiling package xpm.vcomponents
Compiling package mult_gen_v12_0_24.dsp_pkg
Compiling module xil_defaultlib.TDM_to_Parallel_Converter
Compiling module xil_defaultlib.Hilbert_fft_TDM_to_Parallel_Conv...
Compiling module axis_subset_converter_v1_1_36.axis_subset_converter_v1_1_36_co...
Compiling module xil_defaultlib.tdata_Hilbert_fft_axis_subset_co...
Compiling module xil_defaultlib.tuser_Hilbert_fft_axis_subset_co...
Compiling module xil_defaultlib.tid_Hilbert_fft_axis_subset_conv...
Compiling module xil_defaultlib.tdest_Hilbert_fft_axis_subset_co...
Compiling module xil_defaultlib.tstrb_Hilbert_fft_axis_subset_co...
Compiling module xil_defaultlib.tkeep_Hilbert_fft_axis_subset_co...
Compiling module xil_defaultlib.tlast_Hilbert_fft_axis_subset_co...
Compiling module xil_defaultlib.top_Hilbert_fft_axis_subset_conv...
Compiling module xil_defaultlib.Hilbert_fft_axis_subset_converte...
Compiling module xil_defaultlib.brancher
Compiling module xil_defaultlib.Hilbert_fft_brancher_0_0
Compiling architecture xilinx of entity axi_utils_v2_0_11.axi_slave_2to1 [\axi_slave_2to1(c_a_tdata_width=...]
Compiling architecture synth of entity xbip_pipe_v3_0_11.xbip_pipe_v3_0_11_viv [\xbip_pipe_v3_0_11_viv(c_latency...]
Compiling architecture structural of entity c_reg_fd_v12_0_11.c_reg_fd_v12_0_11_viv [\c_reg_fd_v12_0_11_viv(c_width=2...]
Compiling architecture muxcy_v of entity unisim.MUXCY [muxcy_default]
Compiling architecture xorcy_v of entity unisim.XORCY [xorcy_default]
Compiling architecture rtl of entity c_addsub_v12_0_21.c_addsub_v12_0_21_lut6_legacy [\c_addsub_v12_0_21_lut6_legacy(c...]
Compiling architecture synth of entity c_addsub_v12_0_21.c_addsub_v12_0_21_fabric_legacy [\c_addsub_v12_0_21_fabric_legacy...]
Compiling architecture synth of entity c_addsub_v12_0_21.c_addsub_v12_0_21_legacy [\c_addsub_v12_0_21_legacy(c_fami...]
Compiling architecture synth of entity c_addsub_v12_0_21.c_addsub_v12_0_21_viv [\c_addsub_v12_0_21_viv(c_xdevice...]
Compiling architecture synth of entity cordic_v6_0_25.addsub [\addsub(family="zynquplus",add_m...]
Compiling architecture rtl of entity c_addsub_v12_0_21.c_addsub_v12_0_21_lut6_legacy [\c_addsub_v12_0_21_lut6_legacy(c...]
Compiling architecture synth of entity c_addsub_v12_0_21.c_addsub_v12_0_21_fabric_legacy [\c_addsub_v12_0_21_fabric_legacy...]
Compiling architecture synth of entity c_addsub_v12_0_21.c_addsub_v12_0_21_legacy [\c_addsub_v12_0_21_legacy(c_fami...]
Compiling architecture synth of entity c_addsub_v12_0_21.c_addsub_v12_0_21_viv [\c_addsub_v12_0_21_viv(c_xdevice...]
Compiling architecture synth of entity cordic_v6_0_25.addsub [\addsub(family="zynquplus",add_m...]
Compiling architecture struct_all of entity cordic_v6_0_25.delay [\delay(delay_len=1,family="zynqu...]
Compiling architecture structural of entity c_reg_fd_v12_0_11.c_reg_fd_v12_0_11_viv [\c_reg_fd_v12_0_11_viv(c_width=2...]
Compiling architecture rtl of entity c_addsub_v12_0_21.c_addsub_v12_0_21_lut6_legacy [\c_addsub_v12_0_21_lut6_legacy(c...]
Compiling architecture synth of entity c_addsub_v12_0_21.c_addsub_v12_0_21_fabric_legacy [\c_addsub_v12_0_21_fabric_legacy...]
Compiling architecture synth of entity c_addsub_v12_0_21.c_addsub_v12_0_21_legacy [\c_addsub_v12_0_21_legacy(c_fami...]
Compiling architecture synth of entity c_addsub_v12_0_21.c_addsub_v12_0_21_viv [\c_addsub_v12_0_21_viv(c_xdevice...]
Compiling architecture synth of entity cordic_v6_0_25.addsub [\addsub(family="zynquplus",add_m...]
Compiling architecture struct_all of entity cordic_v6_0_25.delay [\delay(delay_len=1,family="zynqu...]
Compiling architecture struct_all of entity cordic_v6_0_25.delay_bit [\delay_bit(delay_len=2,family="z...]
Compiling architecture synth of entity cordic_v6_0_25.cordic_inp_config [\cordic_inp_config(p_xdevicefami...]
Compiling architecture synth of entity cordic_v6_0_25.cordic_dat_acc_slice_par [\cordic_dat_acc_slice_par(p_xdev...]
Compiling architecture synth of entity cordic_v6_0_25.cordic_pha_acc_slice_par [\cordic_pha_acc_slice_par(p_xdev...]
Compiling architecture struct_all of entity cordic_v6_0_25.delay [\delay(delay_len=1,family="zynqu...]
Compiling architecture struct_all of entity cordic_v6_0_25.delay_bit [\delay_bit(delay_len=1,family="z...]
Compiling architecture synth of entity cordic_v6_0_25.cordic_ctrl_slice_par [\cordic_ctrl_slice_par(p_xdevice...]
Compiling architecture synth of entity cordic_v6_0_25.cordic_eng_slice_par [\cordic_eng_slice_par(p_xdevicef...]
Compiling architecture synth of entity cordic_v6_0_25.cordic_dat_acc_slice_par [\cordic_dat_acc_slice_par(p_xdev...]
Compiling architecture synth of entity cordic_v6_0_25.cordic_eng_slice_par [\cordic_eng_slice_par(p_xdevicef...]
Compiling architecture synth of entity cordic_v6_0_25.cordic_dat_acc_slice_par [\cordic_dat_acc_slice_par(p_xdev...]
Compiling architecture synth of entity cordic_v6_0_25.cordic_eng_slice_par [\cordic_eng_slice_par(p_xdevicef...]
Compiling architecture synth of entity cordic_v6_0_25.cordic_dat_acc_slice_par [\cordic_dat_acc_slice_par(p_xdev...]
Compiling architecture synth of entity cordic_v6_0_25.cordic_eng_slice_par [\cordic_eng_slice_par(p_xdevicef...]
Compiling architecture synth of entity cordic_v6_0_25.cordic_dat_acc_slice_par [\cordic_dat_acc_slice_par(p_xdev...]
Compiling architecture synth of entity cordic_v6_0_25.cordic_eng_slice_par [\cordic_eng_slice_par(p_xdevicef...]
Compiling architecture synth of entity cordic_v6_0_25.cordic_dat_acc_slice_par [\cordic_dat_acc_slice_par(p_xdev...]
Compiling architecture synth of entity cordic_v6_0_25.cordic_eng_slice_par [\cordic_eng_slice_par(p_xdevicef...]
Compiling architecture synth of entity cordic_v6_0_25.cordic_dat_acc_slice_par [\cordic_dat_acc_slice_par(p_xdev...]
Compiling architecture synth of entity cordic_v6_0_25.cordic_eng_slice_par [\cordic_eng_slice_par(p_xdevicef...]
Compiling architecture synth of entity cordic_v6_0_25.cordic_dat_acc_slice_par [\cordic_dat_acc_slice_par(p_xdev...]
Compiling architecture synth of entity cordic_v6_0_25.cordic_eng_slice_par [\cordic_eng_slice_par(p_xdevicef...]
Compiling architecture synth of entity cordic_v6_0_25.cordic_dat_acc_slice_par [\cordic_dat_acc_slice_par(p_xdev...]
Compiling architecture synth of entity cordic_v6_0_25.cordic_eng_slice_par [\cordic_eng_slice_par(p_xdevicef...]
Compiling architecture synth of entity cordic_v6_0_25.cordic_dat_acc_slice_par [\cordic_dat_acc_slice_par(p_xdev...]
Compiling architecture synth of entity cordic_v6_0_25.cordic_eng_slice_par [\cordic_eng_slice_par(p_xdevicef...]
Compiling architecture synth of entity cordic_v6_0_25.cordic_dat_acc_slice_par [\cordic_dat_acc_slice_par(p_xdev...]
Compiling architecture synth of entity cordic_v6_0_25.cordic_eng_slice_par [\cordic_eng_slice_par(p_xdevicef...]
Compiling architecture synth of entity cordic_v6_0_25.cordic_dat_acc_slice_par [\cordic_dat_acc_slice_par(p_xdev...]
Compiling architecture synth of entity cordic_v6_0_25.cordic_eng_slice_par [\cordic_eng_slice_par(p_xdevicef...]
Compiling architecture synth of entity cordic_v6_0_25.cordic_dat_acc_slice_par [\cordic_dat_acc_slice_par(p_xdev...]
Compiling architecture synth of entity cordic_v6_0_25.cordic_eng_slice_par [\cordic_eng_slice_par(p_xdevicef...]
Compiling architecture synth of entity cordic_v6_0_25.cordic_dat_acc_slice_par [\cordic_dat_acc_slice_par(p_xdev...]
Compiling architecture synth of entity cordic_v6_0_25.cordic_eng_slice_par [\cordic_eng_slice_par(p_xdevicef...]
Compiling architecture synth of entity cordic_v6_0_25.cordic_eng [\cordic_eng(p_xdevicefamily="zyn...]
Compiling architecture struct_all of entity cordic_v6_0_25.delay [\delay(delay_len=2,family="zynqu...]
Compiling architecture structural of entity c_reg_fd_v12_0_11.c_reg_fd_v12_0_11_viv [\c_reg_fd_v12_0_11_viv(c_width=2...]
Compiling architecture rtl of entity c_addsub_v12_0_21.c_addsub_v12_0_21_lut6_legacy [\c_addsub_v12_0_21_lut6_legacy(c...]
Compiling architecture synth of entity c_addsub_v12_0_21.c_addsub_v12_0_21_fabric_legacy [\c_addsub_v12_0_21_fabric_legacy...]
Compiling architecture synth of entity c_addsub_v12_0_21.c_addsub_v12_0_21_legacy [\c_addsub_v12_0_21_legacy(c_fami...]
Compiling architecture synth of entity c_addsub_v12_0_21.c_addsub_v12_0_21_viv [\c_addsub_v12_0_21_viv(c_xdevice...]
Compiling architecture synth of entity cordic_v6_0_25.addsub [\addsub(family="zynquplus",add_m...]
Compiling architecture synth of entity cordic_v6_0_25.cordic_round [\cordic_round(p_xdevicefamily="z...]
Compiling architecture struct_all of entity cordic_v6_0_25.delay_bit [\delay_bit(delay_len=0,family="z...]
Compiling architecture synth of entity cordic_v6_0_25.cordic_out_config [\cordic_out_config(p_xdevicefami...]
Compiling architecture synth of entity cordic_v6_0_25.cordic_v6_0_25_synth [\cordic_v6_0_25_synth(c_architec...]
Compiling architecture synth of entity cordic_v6_0_25.cordic_v6_0_25_viv [\cordic_v6_0_25_viv(c_architectu...]
Compiling architecture xilinx of entity cordic_v6_0_25.cordic_v6_0_25 [\cordic_v6_0_25(c_architecture=2...]
Compiling architecture hilbert_fft_cordic_0_0_arch of entity xil_defaultlib.Hilbert_fft_cordic_0_0 [hilbert_fft_cordic_0_0_default]
Compiling architecture synth of entity cordic_v6_0_25.cordic_v6_0_25_viv [\cordic_v6_0_25_viv(c_architectu...]
Compiling architecture xilinx of entity cordic_v6_0_25.cordic_v6_0_25 [\cordic_v6_0_25(c_architecture=2...]
Compiling architecture hilbert_fft_cordic_1_3_arch of entity xil_defaultlib.Hilbert_fft_cordic_1_3 [hilbert_fft_cordic_1_3_default]
Compiling architecture hilbert_fft_cordic_1_4_arch of entity xil_defaultlib.Hilbert_fft_cordic_1_4 [hilbert_fft_cordic_1_4_default]
Compiling architecture hilbert_fft_cordic_1_5_arch of entity xil_defaultlib.Hilbert_fft_cordic_1_5 [hilbert_fft_cordic_1_5_default]
Compiling module xil_defaultlib.fir0_spy
Compiling module xil_defaultlib.Hilbert_fft_fir0_spy_0_2
Compiling module xil_defaultlib.Hilbert_fft_fir0_spy_1_0
Compiling module xil_defaultlib.Hilbert_fft_fir0_spy_1_1
Compiling architecture xilinx of entity axi_utils_v2_0_11.glb_srl_fifo [\glb_srl_fifo(width=17,has_ifx=t...]
Compiling architecture xilinx of entity axi_utils_v2_0_11.glb_ifx_slave [\glb_ifx_slave(width=17,has_ifx=...]
Compiling architecture synth of entity fir_compiler_v7_2_26.delay [\delay(c_delay_len=1,c_xdevicefa...]
Compiling architecture synth of entity fir_compiler_v7_2_26.delay [\delay(c_delay_len=2,c_xdevicefa...]
Compiling architecture synth of entity fir_compiler_v7_2_26.delay [\delay(c_delay_len=4,c_xdevicefa...]
Compiling architecture synth of entity fir_compiler_v7_2_26.delay [\delay(c_delay_len=3,c_xdevicefa...]
Compiling architecture synth of entity fir_compiler_v7_2_26.dpt_mem [\dpt_mem(c_xdevicefamily="zynqup...]
Compiling architecture synth of entity fir_compiler_v7_2_26.filt_mem [\filt_mem(c_xdevicefamily="zynqu...]
Compiling architecture synth of entity fir_compiler_v7_2_26.sp_mem [\sp_mem(c_xdevicefamily="zynqupl...]
Compiling architecture synth of entity fir_compiler_v7_2_26.filt_mem [\filt_mem(c_xdevicefamily="zynqu...]
Compiling architecture synth of entity fir_compiler_v7_2_26.cntrl_delay [\cntrl_delay(c_delay_len=0,c_mem...]
Compiling architecture synth of entity fir_compiler_v7_2_26.delay [\delay(c_delay_len=3,c_xdevicefa...]
Compiling architecture synth of entity fir_compiler_v7_2_26.buff [\buff(c_xdevicefamily="zynquplus...]
Compiling architecture synth of entity fir_compiler_v7_2_26.delay [\delay(c_delay_len=0,c_xdevicefa...]
Compiling architecture synth of entity fir_compiler_v7_2_26.delay [\delay(c_delay_len=0,c_xdevicefa...]
Compiling architecture synth of entity fir_compiler_v7_2_26.delay [\delay(c_delay_len=0,c_xdevicefa...]
Compiling architecture dsp48e2_v of entity unisim.DSP48E2 [\DSP48E2(amultsel="AD",mask="111...]
Compiling architecture synth of entity fir_compiler_v7_2_26.calc [\calc(c_xdevicefamily="zynquplus...]
Compiling architecture synth of entity fir_compiler_v7_2_26.addsub_mult_accum [\addsub_mult_accum(c_xdevicefami...]
Compiling architecture synth of entity fir_compiler_v7_2_26.delay [\delay(c_delay_len=1,c_xdevicefa...]
Compiling architecture synth of entity fir_compiler_v7_2_26.delay [\delay(c_delay_len=0,c_xdevicefa...]
Compiling architecture synth of entity fir_compiler_v7_2_26.delay [\delay(c_delay_len=0,c_xdevicefa...]
Compiling architecture synth of entity fir_compiler_v7_2_26.delay [\delay(c_delay_len=2,c_xdevicefa...]
Compiling architecture synth of entity fir_compiler_v7_2_26.delay [\delay(c_delay_len=0,c_xdevicefa...]
Compiling architecture synth of entity fir_compiler_v7_2_26.delay [\delay(c_delay_len=1,c_xdevicefa...]
Compiling architecture synth of entity fir_compiler_v7_2_26.delay [\delay(c_delay_len=4,c_xdevicefa...]
Compiling architecture synth of entity fir_compiler_v7_2_26.delay [\delay(c_delay_len=7,c_xdevicefa...]
Compiling architecture xilinx of entity axi_utils_v2_0_11.glb_srl_fifo [\glb_srl_fifo(width=35,has_uvpro...]
Compiling architecture xilinx of entity axi_utils_v2_0_11.glb_ifx_master [\glb_ifx_master(width=35)\]
Compiling architecture synth of entity fir_compiler_v7_2_26.single_rate [\single_rate(c_xdevicefamily="zy...]
Compiling architecture synth of entity fir_compiler_v7_2_26.fir_compiler_v7_2_26_viv [\fir_compiler_v7_2_26_viv(c_xdev...]
Compiling architecture xilinx of entity fir_compiler_v7_2_26.fir_compiler_v7_2_26 [\fir_compiler_v7_2_26(c_xdevicef...]
Compiling architecture hilbert_fft_fir_compiler_0_0_arch of entity xil_defaultlib.Hilbert_fft_fir_compiler_0_0 [hilbert_fft_fir_compiler_0_0_def...]
Compiling architecture synth of entity fir_compiler_v7_2_26.dpt_mem [\dpt_mem(c_xdevicefamily="zynqup...]
Compiling architecture synth of entity fir_compiler_v7_2_26.filt_mem [\filt_mem(c_xdevicefamily="zynqu...]
Compiling architecture synth of entity fir_compiler_v7_2_26.sp_mem [\sp_mem(c_xdevicefamily="zynqupl...]
Compiling architecture synth of entity fir_compiler_v7_2_26.filt_mem [\filt_mem(c_xdevicefamily="zynqu...]
Compiling architecture synth of entity fir_compiler_v7_2_26.cntrl_delay [\cntrl_delay(c_delay_len=0,c_mem...]
Compiling architecture synth of entity fir_compiler_v7_2_26.delay [\delay(c_delay_len=6,c_xdevicefa...]
Compiling architecture synth of entity fir_compiler_v7_2_26.buff [\buff(c_xdevicefamily="zynquplus...]
Compiling architecture synth of entity fir_compiler_v7_2_26.delay [\delay(c_delay_len=5,c_xdevicefa...]
Compiling architecture synth of entity fir_compiler_v7_2_26.buff [\buff(c_xdevicefamily="zynquplus...]
Compiling architecture synth of entity fir_compiler_v7_2_26.delay [\delay(c_delay_len=0,c_xdevicefa...]
Compiling architecture dsp48e2_v of entity unisim.DSP48E2 [\DSP48E2(amultsel="AD",mask="111...]
Compiling architecture synth of entity fir_compiler_v7_2_26.calc [\calc(c_xdevicefamily="zynquplus...]
Compiling architecture synth of entity fir_compiler_v7_2_26.addsub_mult_accum [\addsub_mult_accum(c_xdevicefami...]
Compiling architecture synth of entity fir_compiler_v7_2_26.delay [\delay(c_delay_len=0,c_xdevicefa...]
Compiling architecture synth of entity fir_compiler_v7_2_26.delay [\delay(c_delay_len=3,c_xdevicefa...]
Compiling architecture xilinx of entity axi_utils_v2_0_11.glb_srl_fifo [\glb_srl_fifo(width=33,has_uvpro...]
Compiling architecture xilinx of entity axi_utils_v2_0_11.glb_ifx_master [\glb_ifx_master(width=33)\]
Compiling architecture synth of entity fir_compiler_v7_2_26.single_rate_hb_hilb_ipol [\single_rate_hb_hilb_ipol(c_xdev...]
Compiling architecture synth of entity fir_compiler_v7_2_26.fir_compiler_v7_2_26_viv [\fir_compiler_v7_2_26_viv(c_xdev...]
Compiling architecture xilinx of entity fir_compiler_v7_2_26.fir_compiler_v7_2_26 [\fir_compiler_v7_2_26(c_xdevicef...]
Compiling architecture hilbert_fft_fir_compiler_1_0_arch of entity xil_defaultlib.Hilbert_fft_fir_compiler_1_0 [hilbert_fft_fir_compiler_1_0_def...]
Compiling module xlslice_v1_0_5.xlslice_v1_0_5_xlslice(DIN_FROM=...
Compiling module xil_defaultlib.Hilbert_fft_xlslice_1_0
Compiling module xlslice_v1_0_5.xlslice_v1_0_5_xlslice(DIN_FROM=...
Compiling module xil_defaultlib.Hilbert_fft_xlslice_1_1
Compiling architecture rb18_internal_vhdl_v of entity unisim.RB18_INTERNAL_VHDL [\RB18_INTERNAL_VHDL(bram_size=18...]
Compiling architecture ramb18e1_v of entity unisim.RAMB18E1 [\RAMB18E1(doa_reg=1,dob_reg=1,ra...]
Compiling architecture xilinx of entity xfft_v9_1_15.dpm [\dpm(c_xdevicefamily="zynquplus"...]
Compiling architecture xilinx of entity xfft_v9_1_15.shift_ram [\shift_ram(c_xdevicefamily="zynq...]
Compiling architecture xilinx of entity xfft_v9_1_15.mux_bus4 [\mux_bus4(c_xdevicefamily="zynqu...]
Compiling architecture xilinx of entity xfft_v9_1_15.mux_bus2 [\mux_bus2(c_xdevicefamily="zynqu...]
Compiling architecture xilinx of entity xfft_v9_1_15.mux_bus4 [\mux_bus4(c_xdevicefamily="zynqu...]
Compiling architecture xilinx of entity xfft_v9_1_15.arith_shift3 [\arith_shift3(c_xdevicefamily="z...]
Compiling architecture xilinx of entity xfft_v9_1_15.shift_ram [\shift_ram(c_xdevicefamily="zynq...]
Compiling architecture xilinx of entity cmpy_v6_0_27.delay_line [\delay_line(c_xdevicefamily="zyn...]
Compiling architecture xilinx of entity cmpy_v6_0_27.delay_line [\delay_line(c_xdevicefamily="zyn...]
Compiling architecture xilinx of entity mult_gen_v12_0_24.delay_line [\delay_line(c_xdevicefamily="zyn...]
Compiling architecture xilinx of entity mult_gen_v12_0_24.delay_line [\delay_line(c_xdevicefamily="zyn...]
Compiling architecture dsp48e2_v of entity unisim.DSP48E2 [\DSP48E2(acascreg=2,alumodereg=0...]
Compiling architecture xilinx of entity mult_gen_v12_0_24.delay_line [\delay_line(c_xdevicefamily="zyn...]
Compiling architecture xilinx of entity mult_gen_v12_0_24.op_resize [\op_resize(ai_width=17,bi_width=...]
Compiling architecture xilinx of entity mult_gen_v12_0_24.dsp [\dsp(c_xdevicefamily="zynquplus"...]
Compiling architecture xilinx of entity cmpy_v6_0_27.cmpy_3_dsp48_mult [\cmpy_3_dsp48_mult(c_xdevicefami...]
Compiling architecture xilinx of entity mult_gen_v12_0_24.delay_line [\delay_line(c_xdevicefamily="zyn...]
Compiling architecture xilinx of entity mult_gen_v12_0_24.delay_line [\delay_line(c_xdevicefamily="zyn...]
Compiling architecture dsp48e2_v of entity unisim.DSP48E2 [\DSP48E2(alumodereg=0,amultsel="...]
Compiling architecture xilinx of entity mult_gen_v12_0_24.op_resize [\op_resize(ai_width=18,ao_width=...]
Compiling architecture xilinx of entity mult_gen_v12_0_24.dsp [\dsp(c_xdevicefamily="zynquplus"...]
Compiling architecture xilinx of entity cmpy_v6_0_27.cmpy_3_dsp48_mult [\cmpy_3_dsp48_mult(c_xdevicefami...]
Compiling architecture xilinx of entity mult_gen_v12_0_24.dsp [\dsp(c_xdevicefamily="zynquplus"...]
Compiling architecture xilinx of entity cmpy_v6_0_27.cmpy_3_dsp48_mult [\cmpy_3_dsp48_mult(c_xdevicefami...]
Compiling architecture xilinx of entity cmpy_v6_0_27.input_negation [\input_negation(c_xdevicefamily=...]
Compiling architecture xilinx of entity cmpy_v6_0_27.delay_line [\delay_line(c_xdevicefamily="zyn...]
Compiling architecture xilinx of entity cmpy_v6_0_27.delay_line [\delay_line(c_xdevicefamily="zyn...]
Compiling architecture xilinx of entity cmpy_v6_0_27.cmpy_3_dsp48 [\cmpy_3_dsp48(c_xdevicefamily="z...]
Compiling architecture xilinx of entity cmpy_v6_0_27.cmpy_v6_0_27_synth [\cmpy_v6_0_27_synth(c_xdevicefam...]
Compiling architecture xilinx of entity xfft_v9_1_15.cmpy [\cmpy(c_xdevicefamily="zynquplus...]
Compiling architecture structural of entity c_reg_fd_v12_0_11.c_reg_fd_v12_0_11_viv [\c_reg_fd_v12_0_11_viv(c_width=2...]
Compiling architecture rtl of entity c_addsub_v12_0_21.c_addsub_v12_0_21_lut6_legacy [\c_addsub_v12_0_21_lut6_legacy(c...]
Compiling architecture synth of entity c_addsub_v12_0_21.c_addsub_v12_0_21_fabric_legacy [\c_addsub_v12_0_21_fabric_legacy...]
Compiling architecture synth of entity c_addsub_v12_0_21.c_addsub_v12_0_21_legacy [\c_addsub_v12_0_21_legacy(c_fami...]
Compiling architecture synth of entity c_addsub_v12_0_21.c_addsub_v12_0_21_viv [\c_addsub_v12_0_21_viv(c_xdevice...]
Compiling architecture xilinx of entity xfft_v9_1_15.adder [\adder(c_xdevicefamily="zynquplu...]
Compiling architecture rtl of entity c_addsub_v12_0_21.c_addsub_v12_0_21_lut6_legacy [\c_addsub_v12_0_21_lut6_legacy(c...]
Compiling architecture synth of entity c_addsub_v12_0_21.c_addsub_v12_0_21_fabric_legacy [\c_addsub_v12_0_21_fabric_legacy...]
Compiling architecture synth of entity c_addsub_v12_0_21.c_addsub_v12_0_21_legacy [\c_addsub_v12_0_21_legacy(c_fami...]
Compiling architecture synth of entity c_addsub_v12_0_21.c_addsub_v12_0_21_viv [\c_addsub_v12_0_21_viv(c_xdevice...]
Compiling architecture xilinx of entity xfft_v9_1_15.subtracter [\subtracter(c_xdevicefamily="zyn...]
Compiling architecture xilinx of entity xfft_v9_1_15.butterfly [\butterfly(c_xdevicefamily="zynq...]
Compiling architecture xilinx of entity xfft_v9_1_15.r2_pe [\r2_pe(c_xdevicefamily="zynquplu...]
Compiling architecture xilinx of entity xfft_v9_1_15.r2_datapath [\r2_datapath(c_xdevicefamily="zy...]
Compiling architecture xilinx of entity xfft_v9_1_15.r2_pe [\r2_pe(c_xdevicefamily="zynquplu...]
Compiling architecture xilinx of entity xfft_v9_1_15.r2_datapath [\r2_datapath(c_xdevicefamily="zy...]
Compiling architecture xilinx of entity xfft_v9_1_15.r2_pe [\r2_pe(c_xdevicefamily="zynquplu...]
Compiling architecture xilinx of entity xfft_v9_1_15.r2_datapath [\r2_datapath(c_xdevicefamily="zy...]
Compiling architecture struct of entity c_shift_ram_v12_0_20.c_shift_ram_v12_0_20_legacy [\c_shift_ram_v12_0_20_legacy(c_x...]
Compiling architecture synth of entity c_shift_ram_v12_0_20.c_shift_ram_v12_0_20_viv [\c_shift_ram_v12_0_20_viv(c_xdev...]
Compiling architecture xilinx of entity xfft_v9_1_15.shift_ram [\shift_ram(c_xdevicefamily="zynq...]
Compiling architecture fdre_v of entity unisim.FDRE [fdre_default]
Compiling architecture lut6_v of entity unisim.LUT6 [\LUT6(init="11111111000000001111...]
Compiling architecture muxf7_v of entity unisim.MUXF7 [muxf7_default]
Compiling architecture muxf8_v of entity unisim.MUXF8 [muxf8_default]
Compiling architecture xilinx of entity xfft_v9_1_15.mux_bus16 [\mux_bus16(c_xdevicefamily="zynq...]
Compiling architecture xilinx of entity xfft_v9_1_15.xor_bit_gate [\xor_bit_gate(c_inputs=10)\]
Compiling architecture xilinx of entity xfft_v9_1_15.r2_in_addr [\r2_in_addr(c_xdevicefamily="zyn...]
Compiling architecture xilinx of entity xfft_v9_1_15.shift_ram [\shift_ram(c_xdevicefamily="zynq...]
Compiling architecture xilinx of entity xfft_v9_1_15.mux_bus4 [\mux_bus4(c_xdevicefamily="zynqu...]
Compiling architecture xilinx of entity xfft_v9_1_15.xor_bit_gate [\xor_bit_gate(c_inputs=9)\]
Compiling architecture xilinx of entity xfft_v9_1_15.r2_rw_addr [\r2_rw_addr(c_xdevicefamily="zyn...]
Compiling architecture srl16e_v of entity unisim.SRL16E [\SRL16E(0,15)\]
Compiling architecture xilinx of entity xfft_v9_1_15.shift_ram [\shift_ram(c_xdevicefamily="zynq...]
Compiling architecture lut3_v of entity unisim.LUT3 [\LUT3(init="11001010")(0,7)\]
Compiling architecture xilinx of entity xfft_v9_1_15.mux_bus2 [\mux_bus2(c_xdevicefamily="zynqu...]
Compiling architecture struct of entity c_shift_ram_v12_0_20.c_shift_ram_v12_0_20_legacy [\c_shift_ram_v12_0_20_legacy(c_x...]
Compiling architecture synth of entity c_shift_ram_v12_0_20.c_shift_ram_v12_0_20_viv [\c_shift_ram_v12_0_20_viv(c_xdev...]
Compiling architecture xilinx of entity xfft_v9_1_15.shift_ram [\shift_ram(c_xdevicefamily="zynq...]
Compiling architecture xilinx of entity xfft_v9_1_15.shift_ram [\shift_ram(c_xdevicefamily="zynq...]
Compiling architecture struct of entity c_shift_ram_v12_0_20.c_shift_ram_v12_0_20_legacy [\c_shift_ram_v12_0_20_legacy(c_x...]
Compiling architecture synth of entity c_shift_ram_v12_0_20.c_shift_ram_v12_0_20_viv [\c_shift_ram_v12_0_20_viv(c_xdev...]
Compiling architecture xilinx of entity xfft_v9_1_15.shift_ram [\shift_ram(c_xdevicefamily="zynq...]
Compiling architecture vcc_v of entity unisim.VCC [vcc_default]
Compiling architecture xilinx of entity xfft_v9_1_15.twgen_half_sincos [\twgen_half_sincos(c_xdevicefami...]
Compiling architecture xilinx of entity xfft_v9_1_15.twiddle_gen [\twiddle_gen(c_xdevicefamily="zy...]
Compiling architecture xilinx of entity xfft_v9_1_15.mux_bus16 [\mux_bus16(c_xdevicefamily="zynq...]
Compiling architecture xilinx of entity xfft_v9_1_15.r2_tw_addr [\r2_tw_addr(c_xdevicefamily="zyn...]
Compiling architecture xilinx of entity xfft_v9_1_15.shift_ram [\shift_ram(c_xdevicefamily="zynq...]
Compiling architecture xilinx of entity xfft_v9_1_15.shift_ram [\shift_ram(c_xdevicefamily="zynq...]
Compiling architecture struct of entity c_shift_ram_v12_0_20.c_shift_ram_v12_0_20_legacy [\c_shift_ram_v12_0_20_legacy(c_x...]
Compiling architecture synth of entity c_shift_ram_v12_0_20.c_shift_ram_v12_0_20_viv [\c_shift_ram_v12_0_20_viv(c_xdev...]
Compiling architecture xilinx of entity xfft_v9_1_15.shift_ram [\shift_ram(c_xdevicefamily="zynq...]
Compiling architecture xilinx of entity xfft_v9_1_15.shift_ram [\shift_ram(c_xdevicefamily="zynq...]
Compiling architecture xilinx of entity xfft_v9_1_15.shift_ram [\shift_ram(c_xdevicefamily="zynq...]
Compiling architecture fde_v of entity unisim.FDE [fde_default]
Compiling architecture rtl of entity c_addsub_v12_0_21.c_addsub_v12_0_21_lut6_legacy [\c_addsub_v12_0_21_lut6_legacy(c...]
Compiling architecture synth of entity c_addsub_v12_0_21.c_addsub_v12_0_21_fabric_legacy [\c_addsub_v12_0_21_fabric_legacy...]
Compiling architecture synth of entity c_addsub_v12_0_21.c_addsub_v12_0_21_legacy [\c_addsub_v12_0_21_legacy(c_fami...]
Compiling architecture synth of entity c_addsub_v12_0_21.c_addsub_v12_0_21_viv [\c_addsub_v12_0_21_viv(c_xdevice...]
Compiling architecture xilinx of entity xfft_v9_1_15.equ_rtl [\equ_rtl(c_xdevicefamily="zynqup...]
Compiling architecture xilinx of entity xfft_v9_1_15.cnt_tc_rtl [\cnt_tc_rtl(c_xdevicefamily="zyn...]
Compiling architecture xilinx of entity xfft_v9_1_15.shift_ram [\shift_ram(c_xdevicefamily="zynq...]
Compiling architecture xilinx of entity xfft_v9_1_15.reg_rs_rtl [reg_rs_rtl_default]
Compiling architecture rtl of entity c_addsub_v12_0_21.c_addsub_v12_0_21_lut6_legacy [\c_addsub_v12_0_21_lut6_legacy(c...]
Compiling architecture synth of entity c_addsub_v12_0_21.c_addsub_v12_0_21_fabric_legacy [\c_addsub_v12_0_21_fabric_legacy...]
Compiling architecture synth of entity c_addsub_v12_0_21.c_addsub_v12_0_21_legacy [\c_addsub_v12_0_21_legacy(c_fami...]
Compiling architecture synth of entity c_addsub_v12_0_21.c_addsub_v12_0_21_viv [\c_addsub_v12_0_21_viv(c_xdevice...]
Compiling architecture lut6_v of entity unisim.LUT6 [\LUT6(init="10010000000010010000...]
Compiling architecture xilinx of entity xfft_v9_1_15.equ_rtl [\equ_rtl(c_xdevicefamily="zynqup...]
Compiling architecture xilinx of entity xfft_v9_1_15.cnt_tc_rtl [\cnt_tc_rtl(c_xdevicefamily="zyn...]
Compiling architecture rtl of entity c_addsub_v12_0_21.c_addsub_v12_0_21_lut6_legacy [\c_addsub_v12_0_21_lut6_legacy(c...]
Compiling architecture synth of entity c_addsub_v12_0_21.c_addsub_v12_0_21_fabric_legacy [\c_addsub_v12_0_21_fabric_legacy...]
Compiling architecture synth of entity c_addsub_v12_0_21.c_addsub_v12_0_21_legacy [\c_addsub_v12_0_21_legacy(c_fami...]
Compiling architecture synth of entity c_addsub_v12_0_21.c_addsub_v12_0_21_viv [\c_addsub_v12_0_21_viv(c_xdevice...]
Compiling architecture xilinx of entity xfft_v9_1_15.equ_rtl [\equ_rtl(c_xdevicefamily="zynqup...]
Compiling architecture xilinx of entity xfft_v9_1_15.cnt_tc_rtl [\cnt_tc_rtl(c_xdevicefamily="zyn...]
Compiling architecture rtl of entity c_addsub_v12_0_21.c_addsub_v12_0_21_lut6_legacy [\c_addsub_v12_0_21_lut6_legacy(c...]
Compiling architecture synth of entity c_addsub_v12_0_21.c_addsub_v12_0_21_fabric_legacy [\c_addsub_v12_0_21_fabric_legacy...]
Compiling architecture synth of entity c_addsub_v12_0_21.c_addsub_v12_0_21_legacy [\c_addsub_v12_0_21_legacy(c_fami...]
Compiling architecture synth of entity c_addsub_v12_0_21.c_addsub_v12_0_21_viv [\c_addsub_v12_0_21_viv(c_xdevice...]
Compiling architecture xilinx of entity xfft_v9_1_15.equ_rtl [\equ_rtl(c_xdevicefamily="zynqup...]
Compiling architecture xilinx of entity xfft_v9_1_15.cnt_tc_rtl [\cnt_tc_rtl(c_xdevicefamily="zyn...]
Compiling architecture xilinx of entity xfft_v9_1_15.flow_control_c [\flow_control_c(c_xdevicefamily=...]
Compiling architecture xilinx of entity xfft_v9_1_15.shift_ram [\shift_ram(c_xdevicefamily="zynq...]
Compiling architecture structural of entity c_reg_fd_v12_0_11.c_reg_fd_v12_0_11_viv [\c_reg_fd_v12_0_11_viv(c_sync_pr...]
Compiling architecture struct of entity c_shift_ram_v12_0_20.c_shift_ram_v12_0_20_legacy [\c_shift_ram_v12_0_20_legacy(c_x...]
Compiling architecture synth of entity c_shift_ram_v12_0_20.c_shift_ram_v12_0_20_viv [\c_shift_ram_v12_0_20_viv(c_xdev...]
Compiling architecture xilinx of entity xfft_v9_1_15.shift_ram [\shift_ram(c_xdevicefamily="zynq...]
Compiling architecture xilinx of entity xfft_v9_1_15.r2_control [\r2_control(c_xdevicefamily="zyn...]
Compiling architecture xilinx of entity xfft_v9_1_15.xfft_v9_1_15_c [\xfft_v9_1_15_c(c_channels=3,c_x...]
Compiling architecture synth of entity xfft_v9_1_15.xfft_v9_1_15_core [\xfft_v9_1_15_core(c_xdevicefami...]
Compiling architecture xilinx of entity axi_utils_v2_0_11.glb_srl_fifo [\glb_srl_fifo(width=97,has_uvpro...]
Compiling architecture xilinx of entity axi_utils_v2_0_11.glb_ifx_slave [\glb_ifx_slave(width=97,has_uvpr...]
Compiling architecture synth of entity xfft_v9_1_15.axi_wrapper_input_fifo [\axi_wrapper_input_fifo(c_fifo_w...]
Compiling architecture xilinx of entity axi_utils_v2_0_11.glb_srl_fifo [\glb_srl_fifo(width=63,has_uvpro...]
Compiling architecture xilinx of entity axi_utils_v2_0_11.glb_ifx_slave [\glb_ifx_slave(width=63,has_uvpr...]
Compiling architecture synth of entity xfft_v9_1_15.axi_wrapper_input_fifo [\axi_wrapper_input_fifo(c_fifo_w...]
Compiling architecture xilinx of entity axi_utils_v2_0_11.glb_srl_fifo [\glb_srl_fifo(width=97,has_uvpro...]
Compiling architecture xilinx of entity axi_utils_v2_0_11.glb_ifx_master [\glb_ifx_master(width=97,afull_t...]
Compiling architecture synth of entity xfft_v9_1_15.axi_wrapper_output_fifo [\axi_wrapper_output_fifo(c_fifo_...]
Compiling architecture synth of entity xfft_v9_1_15.axi_wrapper [\axi_wrapper(c_channels=3,c_nfft...]
Compiling architecture synth of entity xfft_v9_1_15.xfft_v9_1_15_viv [\xfft_v9_1_15_viv(c_xdevicefamil...]
Compiling architecture xilinx of entity xfft_v9_1_15.xfft_v9_1_15 [\xfft_v9_1_15(c_xdevicefamily="z...]
Compiling architecture hilbert_fft_xfft_0_0_arch of entity xil_defaultlib.Hilbert_fft_xfft_0_0 [hilbert_fft_xfft_0_0_default]
Compiling module xlconstant_v1_1_10.xlconstant_v1_1_10_xlconstant(CO...
Compiling module xil_defaultlib.Hilbert_fft_xlconstant_0_0
Compiling module xlconstant_v1_1_10.xlconstant_v1_1_10_xlconstant
Compiling module xil_defaultlib.Hilbert_fft_xlconstant_1_0
Compiling module xlslice_v1_0_5.xlslice_v1_0_5_xlslice(DIN_WIDTH...
Compiling module xil_defaultlib.Hilbert_fft_xlslice_0_0
Compiling module xil_defaultlib.Hilbert_fft
Compiling module xil_defaultlib.tb_top
Compiling module xil_defaultlib.glbl
Built simulation snapshot tb_top_behav
execute_script: Time (s): cpu = 00:00:26 ; elapsed = 00:00:16 . Memory (MB): peak = 11529.930 ; gain = 0.000 ; free physical = 20282 ; free virtual = 39131
INFO: [USF-XSim-69] 'elaborate' step finished in '17' seconds
INFO: [USF-XSim-4] XSim::Simulate design
INFO: [USF-XSim-61] Executing 'SIMULATE' step in '/home/janek/Magisterka/Intelligent-Vibroacoustic-Machine-Diagnostic-System-on-FPGA/Hilbert_with_fft/Hilbert_and_fft_test/Hilbert_and_fft_test.sim/sim_1/behav/xsim'
INFO: [USF-XSim-98] *** Running xsim
   with args "tb_top_behav -key {Behavioral:sim_1:Functional:tb_top} -tclbatch {tb_top.tcl} -protoinst "protoinst_files/Hilbert_fft.protoinst" -log {simulate.log}"
INFO: [USF-XSim-8] Loading simulator feature
INFO: [Wavedata 42-565] Reading protoinst file protoinst_files/Hilbert_fft.protoinst
INFO: [Wavedata 42-564]   Found protocol instance at /tb_top/Hilbert_fft//TDM_to_Parallel_Conv_0/m_axis
INFO: [Wavedata 42-564]   Found protocol instance at /tb_top/Hilbert_fft//xfft_0/S_AXIS_DATA
Time resolution is 1 ps
source tb_top.tcl
# set curr_wave [current_wave_config]
# if { [string length $curr_wave] == 0 } {
#   if { [llength [get_objects]] > 0} {
#     add_wave /
#     set_property needs_save false [current_wave_config]
#   } else {
#      send_msg_id Add_Wave-1 WARNING "No top level signals found. Simulator will start without a wave window. If you want to open a wave window go to 'File->New Waveform Configuration' or type 'create_wave_config' in the TCL console."
#   }
# }
# run 1000ns
START SYMULACJI - Generowanie danych TDM dla 3 kanalow
Note:   - SCALING_SCH: in_ptr = 3, out_ptr = 3
Time: 0 ps  Iteration: 0  Process: /tb_top/Hilbert_fft/xfft_0/U0/i_synth/axi_wrapper/gen_config_fifo_in/line__94240  File: /home/janek/2025.2/Vivado/data/ip/xilinx/xfft_v9_1/hdl/xfft_v9_1_vh_rfs.vhd
Note:     - C_CHANNELS  = 3
Time: 0 ps  Iteration: 0  Process: /tb_top/Hilbert_fft/xfft_0/U0/i_synth/axi_wrapper/gen_config_fifo_in/line__94240  File: /home/janek/2025.2/Vivado/data/ip/xilinx/xfft_v9_1/hdl/xfft_v9_1_vh_rfs.vhd
Note:     - field_width = 60
Time: 0 ps  Iteration: 0  Process: /tb_top/Hilbert_fft/xfft_0/U0/i_synth/axi_wrapper/gen_config_fifo_in/line__94240  File: /home/janek/2025.2/Vivado/data/ip/xilinx/xfft_v9_1/hdl/xfft_v9_1_vh_rfs.vhd
Note:   - Copying SCALE_SCH from 62 downto 3 to 62 downto 3
Time: 0 ps  Iteration: 0  Process: /tb_top/Hilbert_fft/xfft_0/U0/i_synth/axi_wrapper/gen_config_fifo_in/line__94240  File: /home/janek/2025.2/Vivado/data/ip/xilinx/xfft_v9_1/hdl/xfft_v9_1_vh_rfs.vhd
Note:   - SCALING_SCH: in_ptr = 3, out_ptr = 3
Time: 0 ps  Iteration: 1  Process: /tb_top/Hilbert_fft/xfft_0/U0/i_synth/axi_wrapper/gen_config_fifo_in/line__94240  File: /home/janek/2025.2/Vivado/data/ip/xilinx/xfft_v9_1/hdl/xfft_v9_1_vh_rfs.vhd
Note:     - C_CHANNELS  = 3
Time: 0 ps  Iteration: 1  Process: /tb_top/Hilbert_fft/xfft_0/U0/i_synth/axi_wrapper/gen_config_fifo_in/line__94240  File: /home/janek/2025.2/Vivado/data/ip/xilinx/xfft_v9_1/hdl/xfft_v9_1_vh_rfs.vhd
Note:     - field_width = 60
Time: 0 ps  Iteration: 1  Process: /tb_top/Hilbert_fft/xfft_0/U0/i_synth/axi_wrapper/gen_config_fifo_in/line__94240  File: /home/janek/2025.2/Vivado/data/ip/xilinx/xfft_v9_1/hdl/xfft_v9_1_vh_rfs.vhd
Note:   - Copying SCALE_SCH from 62 downto 3 to 62 downto 3
Time: 0 ps  Iteration: 1  Process: /tb_top/Hilbert_fft/xfft_0/U0/i_synth/axi_wrapper/gen_config_fifo_in/line__94240  File: /home/janek/2025.2/Vivado/data/ip/xilinx/xfft_v9_1/hdl/xfft_v9_1_vh_rfs.vhd
INFO: [USF-XSim-96] XSim completed. Design snapshot 'tb_top_behav' loaded.
INFO: [USF-XSim-97] XSim simulation ran for 1000ns
launch_simulation: Time (s): cpu = 00:00:32 ; elapsed = 00:00:22 . Memory (MB): peak = 11529.930 ; gain = 0.000 ; free physical = 20235 ; free virtual = 39085
open_bd_design {/home/janek/Magisterka/Intelligent-Vibroacoustic-Machine-Diagnostic-System-on-FPGA/Hilbert_with_fft/Hilbert_and_fft_test/Hilbert_and_fft_test.srcs/sources_1/bd/Hilbert_fft/Hilbert_fft.bd}
connect_bd_net [get_bd_ports aresetn] [get_bd_pins fir0_spy_2/aresetn]
validate_bd_design
WARNING: [xilinx.com:ip:cordic:6.0-304] /cordic_0 S_AXIS_CARTESIAN-TDATA: Data transfer transaction mismatch. /cordic_0 transactions: 1.  -TDATA transactions: 3.
INFO: [xilinx.com:ip:cordic:6.0-315] /cordic_0 S_AXIS_CARTESIAN-TDATA: Will use first transaction for compatibility check
INFO: [xilinx.com:ip:cordic:6.0-7] /cordic_0 Setting Input Width to 16. S_AXIS_CARTESIAN_TDATA real input width: 16. S_AXIS_CARTESIAN_TDATA imag input width: 16.
INFO: [xilinx.com:ip:cordic:6.0-308] /cordic_0 S_AXIS_CARTESIAN-TDATA: Validating field: real(16:0): fix16_14 against  -TDATA: chan_0_path_0_real(16:0): fix16_16.
WARNING: [xilinx.com:ip:cordic:6.0-311] /cordic_0 S_AXIS_CARTESIAN-TDATA: Field property mismatch. Value mismatch for: real fixed fractwidth. /cordic_0 field: real = 14.  -TDATA field: chan_0_path_0_real = 16.
INFO: [xilinx.com:ip:cordic:6.0-308] /cordic_0 S_AXIS_CARTESIAN-TDATA: Validating field: imag(32:16): fix16_14 against  -TDATA: chan_0_path_0_imag(32:16): fix16_0.
WARNING: [xilinx.com:ip:cordic:6.0-311] /cordic_0 S_AXIS_CARTESIAN-TDATA: Field property mismatch. Value mismatch for: real fixed fractwidth. /cordic_0 field: imag = 14.  -TDATA field: chan_0_path_0_imag = 0.
INFO: [xilinx.com:ip:cordic:6.0-7] /cordic_1 Setting Input Width to 16. S_AXIS_CARTESIAN_TDATA real input width: 16. S_AXIS_CARTESIAN_TDATA imag input width: 16.
INFO: [xilinx.com:ip:cordic:6.0-7] /cordic_2 Setting Input Width to 16. S_AXIS_CARTESIAN_TDATA real input width: 16. S_AXIS_CARTESIAN_TDATA imag input width: 16.
INFO: [xilinx.com:ip:cordic:6.0-7] /cordic_3 Setting Input Width to 16. S_AXIS_CARTESIAN_TDATA real input width: 16. S_AXIS_CARTESIAN_TDATA imag input width: 16.
CRITICAL WARNING: [BD 41-759] The input pins (listed below) are either not connected or do not have a source port, and they don't have a tie-off specified. These pins are tied-off to all 0's to avoid error in Implementation flow.
Please check your design and connect them as needed: 
/TDM_to_Parallel_Conv_0/s_axis_tvalid

save_bd_design
Wrote  : </home/janek/Magisterka/Intelligent-Vibroacoustic-Machine-Diagnostic-System-on-FPGA/Hilbert_with_fft/Hilbert_and_fft_test/Hilbert_and_fft_test.srcs/sources_1/bd/Hilbert_fft/Hilbert_fft.bd> 
Wrote  : </home/janek/Magisterka/Intelligent-Vibroacoustic-Machine-Diagnostic-System-on-FPGA/Hilbert_with_fft/Hilbert_and_fft_test/Hilbert_and_fft_test.srcs/sources_1/bd/Hilbert_fft/ui/bd_126cc625.ui> 
close_sim
INFO: xsimkernel Simulation Memory Usage: 318576 KB (Peak: 368940 KB), Simulation CPU Usage: 880 ms
INFO: [Simtcl 6-16] Simulation closed
generate_target Simulation [get_files /home/janek/Magisterka/Intelligent-Vibroacoustic-Machine-Diagnostic-System-on-FPGA/Hilbert_with_fft/Hilbert_and_fft_test/Hilbert_and_fft_test.srcs/sources_1/bd/Hilbert_fft/Hilbert_fft.bd]
INFO: [BD 41-1662] The design 'Hilbert_fft.bd' is already validated. Therefore parameter propagation will not be re-run.
CRITICAL WARNING: [BD 41-759] The input pins (listed below) are either not connected or do not have a source port, and they don't have a tie-off specified. These pins are tied-off to all 0's to avoid error in Implementation flow.
Please check your design and connect them as needed: 
/TDM_to_Parallel_Conv_0/s_axis_tvalid

Verilog Output written to : /home/janek/Magisterka/Intelligent-Vibroacoustic-Machine-Diagnostic-System-on-FPGA/Hilbert_with_fft/Hilbert_and_fft_test/Hilbert_and_fft_test.gen/sources_1/bd/Hilbert_fft/synth/Hilbert_fft.v
Verilog Output written to : /home/janek/Magisterka/Intelligent-Vibroacoustic-Machine-Diagnostic-System-on-FPGA/Hilbert_with_fft/Hilbert_and_fft_test/Hilbert_and_fft_test.gen/sources_1/bd/Hilbert_fft/sim/Hilbert_fft.v
Verilog Output written to : /home/janek/Magisterka/Intelligent-Vibroacoustic-Machine-Diagnostic-System-on-FPGA/Hilbert_with_fft/Hilbert_and_fft_test/Hilbert_and_fft_test.gen/sources_1/bd/Hilbert_fft/hdl/Hilbert_fft_wrapper.v
Exporting to file /home/janek/Magisterka/Intelligent-Vibroacoustic-Machine-Diagnostic-System-on-FPGA/Hilbert_with_fft/Hilbert_and_fft_test/Hilbert_and_fft_test.gen/sources_1/bd/Hilbert_fft/hw_handoff/Hilbert_fft.hwh
Generated Hardware Definition File /home/janek/Magisterka/Intelligent-Vibroacoustic-Machine-Diagnostic-System-on-FPGA/Hilbert_with_fft/Hilbert_and_fft_test/Hilbert_and_fft_test.gen/sources_1/bd/Hilbert_fft/synth/Hilbert_fft.hwdef
INFO: [BD 41-3262] Generated VHDL Instantiation Template file /home/janek/Magisterka/Intelligent-Vibroacoustic-Machine-Diagnostic-System-on-FPGA/Hilbert_with_fft/Hilbert_and_fft_test/Hilbert_and_fft_test.gen/sources_1/bd/Hilbert_fft/Hilbert_fft.vho
INFO: [BD 41-3262] Generated Verilog Instantiation Template file /home/janek/Magisterka/Intelligent-Vibroacoustic-Machine-Diagnostic-System-on-FPGA/Hilbert_with_fft/Hilbert_and_fft_test/Hilbert_and_fft_test.gen/sources_1/bd/Hilbert_fft/Hilbert_fft.veo
INFO: [BD 41-3262] Generated System Verilog Instantiation Template file /home/janek/Magisterka/Intelligent-Vibroacoustic-Machine-Diagnostic-System-on-FPGA/Hilbert_with_fft/Hilbert_and_fft_test/Hilbert_and_fft_test.gen/sources_1/bd/Hilbert_fft/Hilbert_fft_sv.sveo
export_ip_user_files -of_objects [get_files /home/janek/Magisterka/Intelligent-Vibroacoustic-Machine-Diagnostic-System-on-FPGA/Hilbert_with_fft/Hilbert_and_fft_test/Hilbert_and_fft_test.srcs/sources_1/bd/Hilbert_fft/Hilbert_fft.bd] -no_script -sync -force -quiet
export_simulation -of_objects [get_files /home/janek/Magisterka/Intelligent-Vibroacoustic-Machine-Diagnostic-System-on-FPGA/Hilbert_with_fft/Hilbert_and_fft_test/Hilbert_and_fft_test.srcs/sources_1/bd/Hilbert_fft/Hilbert_fft.bd] -directory /home/janek/Magisterka/Intelligent-Vibroacoustic-Machine-Diagnostic-System-on-FPGA/Hilbert_with_fft/Hilbert_and_fft_test/Hilbert_and_fft_test.ip_user_files/sim_scripts -ip_user_files_dir /home/janek/Magisterka/Intelligent-Vibroacoustic-Machine-Diagnostic-System-on-FPGA/Hilbert_with_fft/Hilbert_and_fft_test/Hilbert_and_fft_test.ip_user_files -ipstatic_source_dir /home/janek/Magisterka/Intelligent-Vibroacoustic-Machine-Diagnostic-System-on-FPGA/Hilbert_with_fft/Hilbert_and_fft_test/Hilbert_and_fft_test.ip_user_files/ipstatic -lib_map_path [list {modelsim=/home/janek/Magisterka/Intelligent-Vibroacoustic-Machine-Diagnostic-System-on-FPGA/Hilbert_with_fft/Hilbert_and_fft_test/Hilbert_and_fft_test.cache/compile_simlib/modelsim} {questa=/home/janek/Magisterka/Intelligent-Vibroacoustic-Machine-Diagnostic-System-on-FPGA/Hilbert_with_fft/Hilbert_and_fft_test/Hilbert_and_fft_test.cache/compile_simlib/questa} {xcelium=/home/janek/Magisterka/Intelligent-Vibroacoustic-Machine-Diagnostic-System-on-FPGA/Hilbert_with_fft/Hilbert_and_fft_test/Hilbert_and_fft_test.cache/compile_simlib/xcelium} {vcs=/home/janek/Magisterka/Intelligent-Vibroacoustic-Machine-Diagnostic-System-on-FPGA/Hilbert_with_fft/Hilbert_and_fft_test/Hilbert_and_fft_test.cache/compile_simlib/vcs} {riviera=/home/janek/Magisterka/Intelligent-Vibroacoustic-Machine-Diagnostic-System-on-FPGA/Hilbert_with_fft/Hilbert_and_fft_test/Hilbert_and_fft_test.cache/compile_simlib/riviera}] -use_ip_compiled_libs -force -quiet
launch_simulation
Command: launch_simulation 
INFO: [Vivado 12-25911] Executing simulation for 'XSim' simulator
INFO: [Project 1-5737] Running on host qtaz (64) - Ubuntu 24.04.4 LTS
INFO: [Vivado 12-28535] Process started - Wed Apr  8 01:37:41 2026

INFO: [Vivado 12-12493] Simulation top is 'tb_top'
INFO: [Vivado 12-5682] Launching behavioral simulation in '/home/janek/Magisterka/Intelligent-Vibroacoustic-Machine-Diagnostic-System-on-FPGA/Hilbert_with_fft/Hilbert_and_fft_test/Hilbert_and_fft_test.sim/sim_1/behav/xsim'
INFO: [SIM-utils-51] Simulation object is 'sim_1'
INFO: [SIM-utils-72] Using boost library from '/home/janek/2025.2/tps/boost_1_72_0'
INFO: [USF-XSim-7] Finding pre-compiled libraries...
INFO: [USF-XSim-11] File '/home/janek/2025.2/data/xsim/xsim.ini' copied to run dir:'/home/janek/Magisterka/Intelligent-Vibroacoustic-Machine-Diagnostic-System-on-FPGA/Hilbert_with_fft/Hilbert_and_fft_test/Hilbert_and_fft_test.sim/sim_1/behav/xsim'
INFO: [SIM-utils-54] Inspecting design source files for 'tb_top' in fileset 'sim_1'...
INFO: [SIM-utils-43] Exported '/home/janek/Magisterka/Intelligent-Vibroacoustic-Machine-Diagnostic-System-on-FPGA/Hilbert_with_fft/Hilbert_and_fft_test/Hilbert_and_fft_test.sim/sim_1/behav/xsim/Hilbert_fft_fir_compiler_0_0.mif'
INFO: [SIM-utils-43] Exported '/home/janek/Magisterka/Intelligent-Vibroacoustic-Machine-Diagnostic-System-on-FPGA/Hilbert_with_fft/Hilbert_and_fft_test/Hilbert_and_fft_test.sim/sim_1/behav/xsim/filet_2.coe'
INFO: [SIM-utils-43] Exported '/home/janek/Magisterka/Intelligent-Vibroacoustic-Machine-Diagnostic-System-on-FPGA/Hilbert_with_fft/Hilbert_and_fft_test/Hilbert_and_fft_test.sim/sim_1/behav/xsim/hilbert.coe'
INFO: [SIM-utils-43] Exported '/home/janek/Magisterka/Intelligent-Vibroacoustic-Machine-Diagnostic-System-on-FPGA/Hilbert_with_fft/Hilbert_and_fft_test/Hilbert_and_fft_test.sim/sim_1/behav/xsim/Hilbert_fft_fir_compiler_1_0.mif'
INFO: [SIM-utils-43] Exported '/home/janek/Magisterka/Intelligent-Vibroacoustic-Machine-Diagnostic-System-on-FPGA/Hilbert_with_fft/Hilbert_and_fft_test/Hilbert_and_fft_test.sim/sim_1/behav/xsim/filter_coeffs.coe'
INFO: [USF-XSim-97] Finding global include files...
INFO: [USF-XSim-98] Fetching design files from 'sim_1'...
INFO: [USF-XSim-2] XSim::Compile design
INFO: [USF-XSim-61] Executing 'COMPILE and ANALYZE' step in '/home/janek/Magisterka/Intelligent-Vibroacoustic-Machine-Diagnostic-System-on-FPGA/Hilbert_with_fft/Hilbert_and_fft_test/Hilbert_and_fft_test.sim/sim_1/behav/xsim'
xvlog --incr --relax -L uvm -prj tb_top_vlog.prj
INFO: [VRFC 10-2263] Analyzing Verilog file "/home/janek/Magisterka/Intelligent-Vibroacoustic-Machine-Diagnostic-System-on-FPGA/Hilbert_with_fft/Hilbert_and_fft_test/Hilbert_and_fft_test.srcs/sources_1/new/TDM to Parallel Converter.v" into library xil_defaultlib
INFO: [VRFC 10-311] analyzing module TDM_to_Parallel_Converter
INFO: [VRFC 10-2263] Analyzing Verilog file "/home/janek/Magisterka/Intelligent-Vibroacoustic-Machine-Diagnostic-System-on-FPGA/Hilbert_with_fft/Hilbert_and_fft_test/Hilbert_and_fft_test.srcs/sources_1/new/brancher.v" into library xil_defaultlib
INFO: [VRFC 10-311] analyzing module brancher
INFO: [VRFC 10-2263] Analyzing Verilog file "/home/janek/Magisterka/Intelligent-Vibroacoustic-Machine-Diagnostic-System-on-FPGA/Hilbert_with_fft/Hilbert_and_fft_test/Hilbert_and_fft_test.srcs/sources_1/new/fir0_spy.v" into library xil_defaultlib
INFO: [VRFC 10-311] analyzing module fir0_spy
INFO: [VRFC 10-2263] Analyzing Verilog file "/home/janek/Magisterka/Intelligent-Vibroacoustic-Machine-Diagnostic-System-on-FPGA/Hilbert_with_fft/Hilbert_and_fft_test/Hilbert_and_fft_test.ip_user_files/bd/Hilbert_fft/ip/Hilbert_fft_axis_subset_converter_0_0/hdl/tdata_Hilbert_fft_axis_subset_converter_0_0.v" into library xil_defaultlib
INFO: [VRFC 10-311] analyzing module tdata_Hilbert_fft_axis_subset_converter_0_0
INFO: [VRFC 10-2263] Analyzing Verilog file "/home/janek/Magisterka/Intelligent-Vibroacoustic-Machine-Diagnostic-System-on-FPGA/Hilbert_with_fft/Hilbert_and_fft_test/Hilbert_and_fft_test.ip_user_files/bd/Hilbert_fft/ip/Hilbert_fft_axis_subset_converter_0_0/hdl/tuser_Hilbert_fft_axis_subset_converter_0_0.v" into library xil_defaultlib
INFO: [VRFC 10-311] analyzing module tuser_Hilbert_fft_axis_subset_converter_0_0
INFO: [VRFC 10-2263] Analyzing Verilog file "/home/janek/Magisterka/Intelligent-Vibroacoustic-Machine-Diagnostic-System-on-FPGA/Hilbert_with_fft/Hilbert_and_fft_test/Hilbert_and_fft_test.ip_user_files/bd/Hilbert_fft/ip/Hilbert_fft_axis_subset_converter_0_0/hdl/tstrb_Hilbert_fft_axis_subset_converter_0_0.v" into library xil_defaultlib
INFO: [VRFC 10-311] analyzing module tstrb_Hilbert_fft_axis_subset_converter_0_0
INFO: [VRFC 10-2263] Analyzing Verilog file "/home/janek/Magisterka/Intelligent-Vibroacoustic-Machine-Diagnostic-System-on-FPGA/Hilbert_with_fft/Hilbert_and_fft_test/Hilbert_and_fft_test.ip_user_files/bd/Hilbert_fft/ip/Hilbert_fft_axis_subset_converter_0_0/hdl/tkeep_Hilbert_fft_axis_subset_converter_0_0.v" into library xil_defaultlib
INFO: [VRFC 10-311] analyzing module tkeep_Hilbert_fft_axis_subset_converter_0_0
INFO: [VRFC 10-2263] Analyzing Verilog file "/home/janek/Magisterka/Intelligent-Vibroacoustic-Machine-Diagnostic-System-on-FPGA/Hilbert_with_fft/Hilbert_and_fft_test/Hilbert_and_fft_test.ip_user_files/bd/Hilbert_fft/ip/Hilbert_fft_axis_subset_converter_0_0/hdl/tid_Hilbert_fft_axis_subset_converter_0_0.v" into library xil_defaultlib
INFO: [VRFC 10-311] analyzing module tid_Hilbert_fft_axis_subset_converter_0_0
INFO: [VRFC 10-2263] Analyzing Verilog file "/home/janek/Magisterka/Intelligent-Vibroacoustic-Machine-Diagnostic-System-on-FPGA/Hilbert_with_fft/Hilbert_and_fft_test/Hilbert_and_fft_test.ip_user_files/bd/Hilbert_fft/ip/Hilbert_fft_axis_subset_converter_0_0/hdl/tdest_Hilbert_fft_axis_subset_converter_0_0.v" into library xil_defaultlib
INFO: [VRFC 10-311] analyzing module tdest_Hilbert_fft_axis_subset_converter_0_0
INFO: [VRFC 10-2263] Analyzing Verilog file "/home/janek/Magisterka/Intelligent-Vibroacoustic-Machine-Diagnostic-System-on-FPGA/Hilbert_with_fft/Hilbert_and_fft_test/Hilbert_and_fft_test.ip_user_files/bd/Hilbert_fft/ip/Hilbert_fft_axis_subset_converter_0_0/hdl/tlast_Hilbert_fft_axis_subset_converter_0_0.v" into library xil_defaultlib
INFO: [VRFC 10-311] analyzing module tlast_Hilbert_fft_axis_subset_converter_0_0
INFO: [VRFC 10-2263] Analyzing Verilog file "/home/janek/Magisterka/Intelligent-Vibroacoustic-Machine-Diagnostic-System-on-FPGA/Hilbert_with_fft/Hilbert_and_fft_test/Hilbert_and_fft_test.ip_user_files/bd/Hilbert_fft/ip/Hilbert_fft_axis_subset_converter_0_0/hdl/top_Hilbert_fft_axis_subset_converter_0_0.v" into library xil_defaultlib
INFO: [VRFC 10-311] analyzing module top_Hilbert_fft_axis_subset_converter_0_0
INFO: [VRFC 10-2263] Analyzing Verilog file "/home/janek/Magisterka/Intelligent-Vibroacoustic-Machine-Diagnostic-System-on-FPGA/Hilbert_with_fft/Hilbert_and_fft_test/Hilbert_and_fft_test.ip_user_files/bd/Hilbert_fft/ip/Hilbert_fft_axis_subset_converter_0_0/sim/Hilbert_fft_axis_subset_converter_0_0.v" into library xil_defaultlib
INFO: [VRFC 10-311] analyzing module Hilbert_fft_axis_subset_converter_0_0
INFO: [VRFC 10-2263] Analyzing Verilog file "/home/janek/Magisterka/Intelligent-Vibroacoustic-Machine-Diagnostic-System-on-FPGA/Hilbert_with_fft/Hilbert_and_fft_test/Hilbert_and_fft_test.ip_user_files/bd/Hilbert_fft/ip/Hilbert_fft_TDM_to_Parallel_Conv_0_0/sim/Hilbert_fft_TDM_to_Parallel_Conv_0_0.v" into library xil_defaultlib
INFO: [VRFC 10-311] analyzing module Hilbert_fft_TDM_to_Parallel_Conv_0_0
INFO: [VRFC 10-2263] Analyzing Verilog file "/home/janek/Magisterka/Intelligent-Vibroacoustic-Machine-Diagnostic-System-on-FPGA/Hilbert_with_fft/Hilbert_and_fft_test/Hilbert_and_fft_test.ip_user_files/bd/Hilbert_fft/ip/Hilbert_fft_xlconstant_0_0/sim/Hilbert_fft_xlconstant_0_0.v" into library xil_defaultlib
INFO: [VRFC 10-311] analyzing module Hilbert_fft_xlconstant_0_0
INFO: [VRFC 10-2263] Analyzing Verilog file "/home/janek/Magisterka/Intelligent-Vibroacoustic-Machine-Diagnostic-System-on-FPGA/Hilbert_with_fft/Hilbert_and_fft_test/Hilbert_and_fft_test.ip_user_files/bd/Hilbert_fft/ip/Hilbert_fft_xlconstant_1_0/sim/Hilbert_fft_xlconstant_1_0.v" into library xil_defaultlib
INFO: [VRFC 10-311] analyzing module Hilbert_fft_xlconstant_1_0
INFO: [VRFC 10-2263] Analyzing Verilog file "/home/janek/Magisterka/Intelligent-Vibroacoustic-Machine-Diagnostic-System-on-FPGA/Hilbert_with_fft/Hilbert_and_fft_test/Hilbert_and_fft_test.ip_user_files/bd/Hilbert_fft/ip/Hilbert_fft_brancher_0_0/sim/Hilbert_fft_brancher_0_0.v" into library xil_defaultlib
INFO: [VRFC 10-311] analyzing module Hilbert_fft_brancher_0_0
INFO: [VRFC 10-2263] Analyzing Verilog file "/home/janek/Magisterka/Intelligent-Vibroacoustic-Machine-Diagnostic-System-on-FPGA/Hilbert_with_fft/Hilbert_and_fft_test/Hilbert_and_fft_test.ip_user_files/bd/Hilbert_fft/ip/Hilbert_fft_fir0_spy_0_2/sim/Hilbert_fft_fir0_spy_0_2.v" into library xil_defaultlib
INFO: [VRFC 10-311] analyzing module Hilbert_fft_fir0_spy_0_2
INFO: [VRFC 10-2263] Analyzing Verilog file "/home/janek/Magisterka/Intelligent-Vibroacoustic-Machine-Diagnostic-System-on-FPGA/Hilbert_with_fft/Hilbert_and_fft_test/Hilbert_and_fft_test.ip_user_files/bd/Hilbert_fft/ip/Hilbert_fft_xlslice_0_0/sim/Hilbert_fft_xlslice_0_0.v" into library xil_defaultlib
INFO: [VRFC 10-311] analyzing module Hilbert_fft_xlslice_0_0
INFO: [VRFC 10-2263] Analyzing Verilog file "/home/janek/Magisterka/Intelligent-Vibroacoustic-Machine-Diagnostic-System-on-FPGA/Hilbert_with_fft/Hilbert_and_fft_test/Hilbert_and_fft_test.ip_user_files/bd/Hilbert_fft/sim/Hilbert_fft.v" into library xil_defaultlib
INFO: [VRFC 10-311] analyzing module Hilbert_fft
INFO: [VRFC 10-2263] Analyzing Verilog file "/home/janek/Magisterka/Intelligent-Vibroacoustic-Machine-Diagnostic-System-on-FPGA/Hilbert_with_fft/Hilbert_and_fft_test/Hilbert_and_fft_test.ip_user_files/bd/Hilbert_fft/ip/Hilbert_fft_xlslice_1_0/sim/Hilbert_fft_xlslice_1_0.v" into library xil_defaultlib
INFO: [VRFC 10-311] analyzing module Hilbert_fft_xlslice_1_0
INFO: [VRFC 10-2263] Analyzing Verilog file "/home/janek/Magisterka/Intelligent-Vibroacoustic-Machine-Diagnostic-System-on-FPGA/Hilbert_with_fft/Hilbert_and_fft_test/Hilbert_and_fft_test.ip_user_files/bd/Hilbert_fft/ip/Hilbert_fft_xlslice_1_1/sim/Hilbert_fft_xlslice_1_1.v" into library xil_defaultlib
INFO: [VRFC 10-311] analyzing module Hilbert_fft_xlslice_1_1
INFO: [VRFC 10-2263] Analyzing Verilog file "/home/janek/Magisterka/Intelligent-Vibroacoustic-Machine-Diagnostic-System-on-FPGA/Hilbert_with_fft/Hilbert_and_fft_test/Hilbert_and_fft_test.ip_user_files/bd/Hilbert_fft/ip/Hilbert_fft_fir0_spy_1_0/sim/Hilbert_fft_fir0_spy_1_0.v" into library xil_defaultlib
INFO: [VRFC 10-311] analyzing module Hilbert_fft_fir0_spy_1_0
INFO: [VRFC 10-2263] Analyzing Verilog file "/home/janek/Magisterka/Intelligent-Vibroacoustic-Machine-Diagnostic-System-on-FPGA/Hilbert_with_fft/Hilbert_and_fft_test/Hilbert_and_fft_test.ip_user_files/bd/Hilbert_fft/ip/Hilbert_fft_fir0_spy_1_1/sim/Hilbert_fft_fir0_spy_1_1.v" into library xil_defaultlib
INFO: [VRFC 10-311] analyzing module Hilbert_fft_fir0_spy_1_1
xvhdl --incr --relax -prj tb_top_vhdl.prj
Waiting for jobs to finish...
No pending jobs, compilation finished.
INFO: [USF-XSim-69] 'compile' step finished in '2' seconds
INFO: [USF-XSim-3] XSim::Elaborate design
INFO: [USF-XSim-61] Executing 'ELABORATE' step in '/home/janek/Magisterka/Intelligent-Vibroacoustic-Machine-Diagnostic-System-on-FPGA/Hilbert_with_fft/Hilbert_and_fft_test/Hilbert_and_fft_test.sim/sim_1/behav/xsim'
xelab --incr --debug typical --relax --mt 8 -L xil_defaultlib -L xbip_utils_v3_0_15 -L axi_utils_v2_0_11 -L xbip_pipe_v3_0_11 -L fir_compiler_v7_2_26 -L c_reg_fd_v12_0_11 -L xbip_dsp48_wrapper_v3_0_7 -L c_addsub_v12_0_21 -L mult_gen_v12_0_24 -L cordic_v6_0_25 -L axis_infrastructure_v1_1_1 -L axis_register_slice_v1_1_35 -L axis_subset_converter_v1_1_36 -L c_shift_ram_v12_0_20 -L floating_point_v7_1_21 -L cmpy_v6_0_27 -L xfft_v9_1_15 -L xlconstant_v1_1_10 -L xlslice_v1_0_5 -L uvm -L unisims_ver -L unimacro_ver -L secureip -L xpm --snapshot tb_top_behav xil_defaultlib.tb_top xil_defaultlib.glbl -log elaborate.log
Vivado Simulator v2025.2
Copyright 1986-2022 Xilinx, Inc. All Rights Reserved.
Copyright 2022-2025 Advanced Micro Devices, Inc. All Rights Reserved.
Running: /home/janek/2025.2/Vivado/bin/unwrapped/lnx64.o/xelab --incr --debug typical --relax --mt 8 -L xil_defaultlib -L xbip_utils_v3_0_15 -L axi_utils_v2_0_11 -L xbip_pipe_v3_0_11 -L fir_compiler_v7_2_26 -L c_reg_fd_v12_0_11 -L xbip_dsp48_wrapper_v3_0_7 -L c_addsub_v12_0_21 -L mult_gen_v12_0_24 -L cordic_v6_0_25 -L axis_infrastructure_v1_1_1 -L axis_register_slice_v1_1_35 -L axis_subset_converter_v1_1_36 -L c_shift_ram_v12_0_20 -L floating_point_v7_1_21 -L cmpy_v6_0_27 -L xfft_v9_1_15 -L xlconstant_v1_1_10 -L xlslice_v1_0_5 -L uvm -L unisims_ver -L unimacro_ver -L secureip -L xpm --snapshot tb_top_behav xil_defaultlib.tb_top xil_defaultlib.glbl -log elaborate.log 
Using 8 slave threads.
WARNING: [XSIM 43-3431] One or more environment variables have been detected which affect the operation of the C compiler. These are typically not set in standard installations and are not tested by AMD, however they may be appropriate for your system, so the flow will attempt to continue.  If errors occur, try running xelab with the "-mt off -v 1" switches to see more information from the C compiler. The following environment variables have been detected:
    LIBRARY_PATH
Starting static elaboration
Pass Through NonSizing Optimizer
WARNING: [VRFC 10-5024] signed/unsigned conversion for real expression [/home/janek/Magisterka/Intelligent-Vibroacoustic-Machine-Diagnostic-System-on-FPGA/Hilbert_with_fft/Hilbert_and_fft_test/Hilbert_and_fft_test.srcs/sim_1/new/top.sv:94]
WARNING: [VRFC 10-5024] signed/unsigned conversion for real expression [/home/janek/Magisterka/Intelligent-Vibroacoustic-Machine-Diagnostic-System-on-FPGA/Hilbert_with_fft/Hilbert_and_fft_test/Hilbert_and_fft_test.srcs/sim_1/new/top.sv:100]
WARNING: [VRFC 10-5024] signed/unsigned conversion for real expression [/home/janek/Magisterka/Intelligent-Vibroacoustic-Machine-Diagnostic-System-on-FPGA/Hilbert_with_fft/Hilbert_and_fft_test/Hilbert_and_fft_test.srcs/sim_1/new/top.sv:106]
WARNING: [VRFC 10-5021] port 's_axis_cartesian_tready' is not connected on this instance [/home/janek/Magisterka/Intelligent-Vibroacoustic-Machine-Diagnostic-System-on-FPGA/Hilbert_with_fft/Hilbert_and_fft_test/Hilbert_and_fft_test.ip_user_files/bd/Hilbert_fft/sim/Hilbert_fft.v:92]
WARNING: [VRFC 10-5021] port 'm_axis_dout_tvalid' is not connected on this instance [/home/janek/Magisterka/Intelligent-Vibroacoustic-Machine-Diagnostic-System-on-FPGA/Hilbert_with_fft/Hilbert_and_fft_test/Hilbert_and_fft_test.ip_user_files/bd/Hilbert_fft/sim/Hilbert_fft.v:97]
WARNING: [VRFC 10-5021] port 'm_axis_dout_tvalid' is not connected on this instance [/home/janek/Magisterka/Intelligent-Vibroacoustic-Machine-Diagnostic-System-on-FPGA/Hilbert_with_fft/Hilbert_and_fft_test/Hilbert_and_fft_test.ip_user_files/bd/Hilbert_fft/sim/Hilbert_fft.v:102]
WARNING: [VRFC 10-5021] port 'm_axis_dout_tvalid' is not connected on this instance [/home/janek/Magisterka/Intelligent-Vibroacoustic-Machine-Diagnostic-System-on-FPGA/Hilbert_with_fft/Hilbert_and_fft_test/Hilbert_and_fft_test.ip_user_files/bd/Hilbert_fft/sim/Hilbert_fft.v:107]
WARNING: [VRFC 10-5021] port 's_axis_config_tready' is not connected on this instance [/home/janek/Magisterka/Intelligent-Vibroacoustic-Machine-Diagnostic-System-on-FPGA/Hilbert_with_fft/Hilbert_and_fft_test/Hilbert_and_fft_test.ip_user_files/bd/Hilbert_fft/sim/Hilbert_fft.v:159]
Completed static elaboration
Starting simulation data flow analysis
Completed simulation data flow analysis
Time Resolution for simulation is 1ps
Compiling package std.standard
Compiling package std.textio
Compiling package ieee.std_logic_1164
Compiling package ieee.numeric_std
Compiling package cordic_v6_0_25.cordic_v6_0_25_viv_comp
Compiling package xbip_utils_v3_0_15.xbip_utils_v3_0_15_pkg
Compiling package xbip_pipe_v3_0_11.xbip_pipe_v3_0_11_viv_comp
Compiling package axi_utils_v2_0_11.axi_utils_v2_0_11_pkg
Compiling package ieee.math_real
Compiling package axi_utils_v2_0_11.global_util_pkg
Compiling package axi_utils_v2_0_11.axi_utils_comps
Compiling package mult_gen_v12_0_24.mult_gen_v12_0_24_pkg
Compiling package ieee.std_logic_arith
Compiling package ieee.std_logic_signed
Compiling package cordic_v6_0_25.cordic_pack
Compiling package cordic_v6_0_25.cordic_hdl_comps
Compiling package c_addsub_v12_0_21.c_addsub_v12_0_21_viv_comp
Compiling package c_addsub_v12_0_21.c_addsub_v12_0_21_pkg
Compiling package c_addsub_v12_0_21.c_addsub_v12_0_21_pkg_legacy
Compiling package c_reg_fd_v12_0_11.c_reg_fd_v12_0_11_viv_comp
Compiling package unisim.vcomponents
Compiling package fir_compiler_v7_2_26.fir_compiler_v7_2_26_viv_comp
Compiling package ieee.std_logic_textio
Compiling package fir_compiler_v7_2_26.globals_pkg
Compiling package fir_compiler_v7_2_26.components
Compiling package ieee.vital_timing
Compiling package ieee.vital_primitives
Compiling package unisim.vpkg
Compiling package xfft_v9_1_15.xfft_v9_1_15_viv_comp
Compiling package ieee.std_logic_unsigned
Compiling package cmpy_v6_0_27.cmpy_v6_0_27_pkg
Compiling package floating_point_v7_1_21.floating_point_v7_1_21_consts
Compiling package floating_point_v7_1_21.floating_point_v7_1_21_exp_table...
Compiling package floating_point_v7_1_21.floating_point_v7_1_21_pkg
Compiling package xfft_v9_1_15.pkg
Compiling package xfft_v9_1_15.xfft_v9_1_15_axi_pkg
Compiling package c_shift_ram_v12_0_20.c_shift_ram_v12_0_20_pkg
Compiling package xfft_v9_1_15.half_sincos_tw_table
Compiling package xpm.vcomponents
Compiling package mult_gen_v12_0_24.dsp_pkg
Compiling module xil_defaultlib.TDM_to_Parallel_Converter
Compiling module xil_defaultlib.Hilbert_fft_TDM_to_Parallel_Conv...
Compiling module axis_subset_converter_v1_1_36.axis_subset_converter_v1_1_36_co...
Compiling module xil_defaultlib.tdata_Hilbert_fft_axis_subset_co...
Compiling module xil_defaultlib.tuser_Hilbert_fft_axis_subset_co...
Compiling module xil_defaultlib.tid_Hilbert_fft_axis_subset_conv...
Compiling module xil_defaultlib.tdest_Hilbert_fft_axis_subset_co...
Compiling module xil_defaultlib.tstrb_Hilbert_fft_axis_subset_co...
Compiling module xil_defaultlib.tkeep_Hilbert_fft_axis_subset_co...
Compiling module xil_defaultlib.tlast_Hilbert_fft_axis_subset_co...
Compiling module xil_defaultlib.top_Hilbert_fft_axis_subset_conv...
Compiling module xil_defaultlib.Hilbert_fft_axis_subset_converte...
Compiling module xil_defaultlib.brancher
Compiling module xil_defaultlib.Hilbert_fft_brancher_0_0
Compiling architecture xilinx of entity axi_utils_v2_0_11.axi_slave_2to1 [\axi_slave_2to1(c_a_tdata_width=...]
Compiling architecture synth of entity xbip_pipe_v3_0_11.xbip_pipe_v3_0_11_viv [\xbip_pipe_v3_0_11_viv(c_latency...]
Compiling architecture structural of entity c_reg_fd_v12_0_11.c_reg_fd_v12_0_11_viv [\c_reg_fd_v12_0_11_viv(c_width=2...]
Compiling architecture muxcy_v of entity unisim.MUXCY [muxcy_default]
Compiling architecture xorcy_v of entity unisim.XORCY [xorcy_default]
Compiling architecture rtl of entity c_addsub_v12_0_21.c_addsub_v12_0_21_lut6_legacy [\c_addsub_v12_0_21_lut6_legacy(c...]
Compiling architecture synth of entity c_addsub_v12_0_21.c_addsub_v12_0_21_fabric_legacy [\c_addsub_v12_0_21_fabric_legacy...]
Compiling architecture synth of entity c_addsub_v12_0_21.c_addsub_v12_0_21_legacy [\c_addsub_v12_0_21_legacy(c_fami...]
Compiling architecture synth of entity c_addsub_v12_0_21.c_addsub_v12_0_21_viv [\c_addsub_v12_0_21_viv(c_xdevice...]
Compiling architecture synth of entity cordic_v6_0_25.addsub [\addsub(family="zynquplus",add_m...]
Compiling architecture rtl of entity c_addsub_v12_0_21.c_addsub_v12_0_21_lut6_legacy [\c_addsub_v12_0_21_lut6_legacy(c...]
Compiling architecture synth of entity c_addsub_v12_0_21.c_addsub_v12_0_21_fabric_legacy [\c_addsub_v12_0_21_fabric_legacy...]
Compiling architecture synth of entity c_addsub_v12_0_21.c_addsub_v12_0_21_legacy [\c_addsub_v12_0_21_legacy(c_fami...]
Compiling architecture synth of entity c_addsub_v12_0_21.c_addsub_v12_0_21_viv [\c_addsub_v12_0_21_viv(c_xdevice...]
Compiling architecture synth of entity cordic_v6_0_25.addsub [\addsub(family="zynquplus",add_m...]
Compiling architecture struct_all of entity cordic_v6_0_25.delay [\delay(delay_len=1,family="zynqu...]
Compiling architecture structural of entity c_reg_fd_v12_0_11.c_reg_fd_v12_0_11_viv [\c_reg_fd_v12_0_11_viv(c_width=2...]
Compiling architecture rtl of entity c_addsub_v12_0_21.c_addsub_v12_0_21_lut6_legacy [\c_addsub_v12_0_21_lut6_legacy(c...]
Compiling architecture synth of entity c_addsub_v12_0_21.c_addsub_v12_0_21_fabric_legacy [\c_addsub_v12_0_21_fabric_legacy...]
Compiling architecture synth of entity c_addsub_v12_0_21.c_addsub_v12_0_21_legacy [\c_addsub_v12_0_21_legacy(c_fami...]
Compiling architecture synth of entity c_addsub_v12_0_21.c_addsub_v12_0_21_viv [\c_addsub_v12_0_21_viv(c_xdevice...]
Compiling architecture synth of entity cordic_v6_0_25.addsub [\addsub(family="zynquplus",add_m...]
Compiling architecture struct_all of entity cordic_v6_0_25.delay [\delay(delay_len=1,family="zynqu...]
Compiling architecture struct_all of entity cordic_v6_0_25.delay_bit [\delay_bit(delay_len=2,family="z...]
Compiling architecture synth of entity cordic_v6_0_25.cordic_inp_config [\cordic_inp_config(p_xdevicefami...]
Compiling architecture synth of entity cordic_v6_0_25.cordic_dat_acc_slice_par [\cordic_dat_acc_slice_par(p_xdev...]
Compiling architecture synth of entity cordic_v6_0_25.cordic_pha_acc_slice_par [\cordic_pha_acc_slice_par(p_xdev...]
Compiling architecture struct_all of entity cordic_v6_0_25.delay [\delay(delay_len=1,family="zynqu...]
Compiling architecture struct_all of entity cordic_v6_0_25.delay_bit [\delay_bit(delay_len=1,family="z...]
Compiling architecture synth of entity cordic_v6_0_25.cordic_ctrl_slice_par [\cordic_ctrl_slice_par(p_xdevice...]
Compiling architecture synth of entity cordic_v6_0_25.cordic_eng_slice_par [\cordic_eng_slice_par(p_xdevicef...]
Compiling architecture synth of entity cordic_v6_0_25.cordic_dat_acc_slice_par [\cordic_dat_acc_slice_par(p_xdev...]
Compiling architecture synth of entity cordic_v6_0_25.cordic_eng_slice_par [\cordic_eng_slice_par(p_xdevicef...]
Compiling architecture synth of entity cordic_v6_0_25.cordic_dat_acc_slice_par [\cordic_dat_acc_slice_par(p_xdev...]
Compiling architecture synth of entity cordic_v6_0_25.cordic_eng_slice_par [\cordic_eng_slice_par(p_xdevicef...]
Compiling architecture synth of entity cordic_v6_0_25.cordic_dat_acc_slice_par [\cordic_dat_acc_slice_par(p_xdev...]
Compiling architecture synth of entity cordic_v6_0_25.cordic_eng_slice_par [\cordic_eng_slice_par(p_xdevicef...]
Compiling architecture synth of entity cordic_v6_0_25.cordic_dat_acc_slice_par [\cordic_dat_acc_slice_par(p_xdev...]
Compiling architecture synth of entity cordic_v6_0_25.cordic_eng_slice_par [\cordic_eng_slice_par(p_xdevicef...]
Compiling architecture synth of entity cordic_v6_0_25.cordic_dat_acc_slice_par [\cordic_dat_acc_slice_par(p_xdev...]
Compiling architecture synth of entity cordic_v6_0_25.cordic_eng_slice_par [\cordic_eng_slice_par(p_xdevicef...]
Compiling architecture synth of entity cordic_v6_0_25.cordic_dat_acc_slice_par [\cordic_dat_acc_slice_par(p_xdev...]
Compiling architecture synth of entity cordic_v6_0_25.cordic_eng_slice_par [\cordic_eng_slice_par(p_xdevicef...]
Compiling architecture synth of entity cordic_v6_0_25.cordic_dat_acc_slice_par [\cordic_dat_acc_slice_par(p_xdev...]
Compiling architecture synth of entity cordic_v6_0_25.cordic_eng_slice_par [\cordic_eng_slice_par(p_xdevicef...]
Compiling architecture synth of entity cordic_v6_0_25.cordic_dat_acc_slice_par [\cordic_dat_acc_slice_par(p_xdev...]
Compiling architecture synth of entity cordic_v6_0_25.cordic_eng_slice_par [\cordic_eng_slice_par(p_xdevicef...]
Compiling architecture synth of entity cordic_v6_0_25.cordic_dat_acc_slice_par [\cordic_dat_acc_slice_par(p_xdev...]
Compiling architecture synth of entity cordic_v6_0_25.cordic_eng_slice_par [\cordic_eng_slice_par(p_xdevicef...]
Compiling architecture synth of entity cordic_v6_0_25.cordic_dat_acc_slice_par [\cordic_dat_acc_slice_par(p_xdev...]
Compiling architecture synth of entity cordic_v6_0_25.cordic_eng_slice_par [\cordic_eng_slice_par(p_xdevicef...]
Compiling architecture synth of entity cordic_v6_0_25.cordic_dat_acc_slice_par [\cordic_dat_acc_slice_par(p_xdev...]
Compiling architecture synth of entity cordic_v6_0_25.cordic_eng_slice_par [\cordic_eng_slice_par(p_xdevicef...]
Compiling architecture synth of entity cordic_v6_0_25.cordic_dat_acc_slice_par [\cordic_dat_acc_slice_par(p_xdev...]
Compiling architecture synth of entity cordic_v6_0_25.cordic_eng_slice_par [\cordic_eng_slice_par(p_xdevicef...]
Compiling architecture synth of entity cordic_v6_0_25.cordic_dat_acc_slice_par [\cordic_dat_acc_slice_par(p_xdev...]
Compiling architecture synth of entity cordic_v6_0_25.cordic_eng_slice_par [\cordic_eng_slice_par(p_xdevicef...]
Compiling architecture synth of entity cordic_v6_0_25.cordic_eng [\cordic_eng(p_xdevicefamily="zyn...]
Compiling architecture struct_all of entity cordic_v6_0_25.delay [\delay(delay_len=2,family="zynqu...]
Compiling architecture structural of entity c_reg_fd_v12_0_11.c_reg_fd_v12_0_11_viv [\c_reg_fd_v12_0_11_viv(c_width=2...]
Compiling architecture rtl of entity c_addsub_v12_0_21.c_addsub_v12_0_21_lut6_legacy [\c_addsub_v12_0_21_lut6_legacy(c...]
Compiling architecture synth of entity c_addsub_v12_0_21.c_addsub_v12_0_21_fabric_legacy [\c_addsub_v12_0_21_fabric_legacy...]
Compiling architecture synth of entity c_addsub_v12_0_21.c_addsub_v12_0_21_legacy [\c_addsub_v12_0_21_legacy(c_fami...]
Compiling architecture synth of entity c_addsub_v12_0_21.c_addsub_v12_0_21_viv [\c_addsub_v12_0_21_viv(c_xdevice...]
Compiling architecture synth of entity cordic_v6_0_25.addsub [\addsub(family="zynquplus",add_m...]
Compiling architecture synth of entity cordic_v6_0_25.cordic_round [\cordic_round(p_xdevicefamily="z...]
Compiling architecture struct_all of entity cordic_v6_0_25.delay_bit [\delay_bit(delay_len=0,family="z...]
Compiling architecture synth of entity cordic_v6_0_25.cordic_out_config [\cordic_out_config(p_xdevicefami...]
Compiling architecture synth of entity cordic_v6_0_25.cordic_v6_0_25_synth [\cordic_v6_0_25_synth(c_architec...]
Compiling architecture synth of entity cordic_v6_0_25.cordic_v6_0_25_viv [\cordic_v6_0_25_viv(c_architectu...]
Compiling architecture xilinx of entity cordic_v6_0_25.cordic_v6_0_25 [\cordic_v6_0_25(c_architecture=2...]
Compiling architecture hilbert_fft_cordic_0_0_arch of entity xil_defaultlib.Hilbert_fft_cordic_0_0 [hilbert_fft_cordic_0_0_default]
Compiling architecture synth of entity cordic_v6_0_25.cordic_v6_0_25_viv [\cordic_v6_0_25_viv(c_architectu...]
Compiling architecture xilinx of entity cordic_v6_0_25.cordic_v6_0_25 [\cordic_v6_0_25(c_architecture=2...]
Compiling architecture hilbert_fft_cordic_1_3_arch of entity xil_defaultlib.Hilbert_fft_cordic_1_3 [hilbert_fft_cordic_1_3_default]
Compiling architecture hilbert_fft_cordic_1_4_arch of entity xil_defaultlib.Hilbert_fft_cordic_1_4 [hilbert_fft_cordic_1_4_default]
Compiling architecture hilbert_fft_cordic_1_5_arch of entity xil_defaultlib.Hilbert_fft_cordic_1_5 [hilbert_fft_cordic_1_5_default]
Compiling module xil_defaultlib.fir0_spy
Compiling module xil_defaultlib.Hilbert_fft_fir0_spy_0_2
Compiling module xil_defaultlib.Hilbert_fft_fir0_spy_1_0
Compiling module xil_defaultlib.Hilbert_fft_fir0_spy_1_1
Compiling architecture xilinx of entity axi_utils_v2_0_11.glb_srl_fifo [\glb_srl_fifo(width=17,has_ifx=t...]
Compiling architecture xilinx of entity axi_utils_v2_0_11.glb_ifx_slave [\glb_ifx_slave(width=17,has_ifx=...]
Compiling architecture synth of entity fir_compiler_v7_2_26.delay [\delay(c_delay_len=1,c_xdevicefa...]
Compiling architecture synth of entity fir_compiler_v7_2_26.delay [\delay(c_delay_len=2,c_xdevicefa...]
Compiling architecture synth of entity fir_compiler_v7_2_26.delay [\delay(c_delay_len=4,c_xdevicefa...]
Compiling architecture synth of entity fir_compiler_v7_2_26.delay [\delay(c_delay_len=3,c_xdevicefa...]
Compiling architecture synth of entity fir_compiler_v7_2_26.dpt_mem [\dpt_mem(c_xdevicefamily="zynqup...]
Compiling architecture synth of entity fir_compiler_v7_2_26.filt_mem [\filt_mem(c_xdevicefamily="zynqu...]
Compiling architecture synth of entity fir_compiler_v7_2_26.sp_mem [\sp_mem(c_xdevicefamily="zynqupl...]
Compiling architecture synth of entity fir_compiler_v7_2_26.filt_mem [\filt_mem(c_xdevicefamily="zynqu...]
Compiling architecture synth of entity fir_compiler_v7_2_26.cntrl_delay [\cntrl_delay(c_delay_len=0,c_mem...]
Compiling architecture synth of entity fir_compiler_v7_2_26.delay [\delay(c_delay_len=3,c_xdevicefa...]
Compiling architecture synth of entity fir_compiler_v7_2_26.buff [\buff(c_xdevicefamily="zynquplus...]
Compiling architecture synth of entity fir_compiler_v7_2_26.delay [\delay(c_delay_len=0,c_xdevicefa...]
Compiling architecture synth of entity fir_compiler_v7_2_26.delay [\delay(c_delay_len=0,c_xdevicefa...]
Compiling architecture synth of entity fir_compiler_v7_2_26.delay [\delay(c_delay_len=0,c_xdevicefa...]
Compiling architecture dsp48e2_v of entity unisim.DSP48E2 [\DSP48E2(amultsel="AD",mask="111...]
Compiling architecture synth of entity fir_compiler_v7_2_26.calc [\calc(c_xdevicefamily="zynquplus...]
Compiling architecture synth of entity fir_compiler_v7_2_26.addsub_mult_accum [\addsub_mult_accum(c_xdevicefami...]
Compiling architecture synth of entity fir_compiler_v7_2_26.delay [\delay(c_delay_len=1,c_xdevicefa...]
Compiling architecture synth of entity fir_compiler_v7_2_26.delay [\delay(c_delay_len=0,c_xdevicefa...]
Compiling architecture synth of entity fir_compiler_v7_2_26.delay [\delay(c_delay_len=0,c_xdevicefa...]
Compiling architecture synth of entity fir_compiler_v7_2_26.delay [\delay(c_delay_len=2,c_xdevicefa...]
Compiling architecture synth of entity fir_compiler_v7_2_26.delay [\delay(c_delay_len=0,c_xdevicefa...]
Compiling architecture synth of entity fir_compiler_v7_2_26.delay [\delay(c_delay_len=1,c_xdevicefa...]
Compiling architecture synth of entity fir_compiler_v7_2_26.delay [\delay(c_delay_len=4,c_xdevicefa...]
Compiling architecture synth of entity fir_compiler_v7_2_26.delay [\delay(c_delay_len=7,c_xdevicefa...]
Compiling architecture xilinx of entity axi_utils_v2_0_11.glb_srl_fifo [\glb_srl_fifo(width=35,has_uvpro...]
Compiling architecture xilinx of entity axi_utils_v2_0_11.glb_ifx_master [\glb_ifx_master(width=35)\]
Compiling architecture synth of entity fir_compiler_v7_2_26.single_rate [\single_rate(c_xdevicefamily="zy...]
Compiling architecture synth of entity fir_compiler_v7_2_26.fir_compiler_v7_2_26_viv [\fir_compiler_v7_2_26_viv(c_xdev...]
Compiling architecture xilinx of entity fir_compiler_v7_2_26.fir_compiler_v7_2_26 [\fir_compiler_v7_2_26(c_xdevicef...]
Compiling architecture hilbert_fft_fir_compiler_0_0_arch of entity xil_defaultlib.Hilbert_fft_fir_compiler_0_0 [hilbert_fft_fir_compiler_0_0_def...]
Compiling architecture synth of entity fir_compiler_v7_2_26.dpt_mem [\dpt_mem(c_xdevicefamily="zynqup...]
Compiling architecture synth of entity fir_compiler_v7_2_26.filt_mem [\filt_mem(c_xdevicefamily="zynqu...]
Compiling architecture synth of entity fir_compiler_v7_2_26.sp_mem [\sp_mem(c_xdevicefamily="zynqupl...]
Compiling architecture synth of entity fir_compiler_v7_2_26.filt_mem [\filt_mem(c_xdevicefamily="zynqu...]
Compiling architecture synth of entity fir_compiler_v7_2_26.cntrl_delay [\cntrl_delay(c_delay_len=0,c_mem...]
Compiling architecture synth of entity fir_compiler_v7_2_26.delay [\delay(c_delay_len=6,c_xdevicefa...]
Compiling architecture synth of entity fir_compiler_v7_2_26.buff [\buff(c_xdevicefamily="zynquplus...]
Compiling architecture synth of entity fir_compiler_v7_2_26.delay [\delay(c_delay_len=5,c_xdevicefa...]
Compiling architecture synth of entity fir_compiler_v7_2_26.buff [\buff(c_xdevicefamily="zynquplus...]
Compiling architecture synth of entity fir_compiler_v7_2_26.delay [\delay(c_delay_len=0,c_xdevicefa...]
Compiling architecture dsp48e2_v of entity unisim.DSP48E2 [\DSP48E2(amultsel="AD",mask="111...]
Compiling architecture synth of entity fir_compiler_v7_2_26.calc [\calc(c_xdevicefamily="zynquplus...]
Compiling architecture synth of entity fir_compiler_v7_2_26.addsub_mult_accum [\addsub_mult_accum(c_xdevicefami...]
Compiling architecture synth of entity fir_compiler_v7_2_26.delay [\delay(c_delay_len=0,c_xdevicefa...]
Compiling architecture synth of entity fir_compiler_v7_2_26.delay [\delay(c_delay_len=3,c_xdevicefa...]
Compiling architecture xilinx of entity axi_utils_v2_0_11.glb_srl_fifo [\glb_srl_fifo(width=33,has_uvpro...]
Compiling architecture xilinx of entity axi_utils_v2_0_11.glb_ifx_master [\glb_ifx_master(width=33)\]
Compiling architecture synth of entity fir_compiler_v7_2_26.single_rate_hb_hilb_ipol [\single_rate_hb_hilb_ipol(c_xdev...]
Compiling architecture synth of entity fir_compiler_v7_2_26.fir_compiler_v7_2_26_viv [\fir_compiler_v7_2_26_viv(c_xdev...]
Compiling architecture xilinx of entity fir_compiler_v7_2_26.fir_compiler_v7_2_26 [\fir_compiler_v7_2_26(c_xdevicef...]
Compiling architecture hilbert_fft_fir_compiler_1_0_arch of entity xil_defaultlib.Hilbert_fft_fir_compiler_1_0 [hilbert_fft_fir_compiler_1_0_def...]
Compiling module xlslice_v1_0_5.xlslice_v1_0_5_xlslice(DIN_FROM=...
Compiling module xil_defaultlib.Hilbert_fft_xlslice_1_0
Compiling module xlslice_v1_0_5.xlslice_v1_0_5_xlslice(DIN_FROM=...
Compiling module xil_defaultlib.Hilbert_fft_xlslice_1_1
Compiling architecture rb18_internal_vhdl_v of entity unisim.RB18_INTERNAL_VHDL [\RB18_INTERNAL_VHDL(bram_size=18...]
Compiling architecture ramb18e1_v of entity unisim.RAMB18E1 [\RAMB18E1(doa_reg=1,dob_reg=1,ra...]
Compiling architecture xilinx of entity xfft_v9_1_15.dpm [\dpm(c_xdevicefamily="zynquplus"...]
Compiling architecture xilinx of entity xfft_v9_1_15.shift_ram [\shift_ram(c_xdevicefamily="zynq...]
Compiling architecture xilinx of entity xfft_v9_1_15.mux_bus4 [\mux_bus4(c_xdevicefamily="zynqu...]
Compiling architecture xilinx of entity xfft_v9_1_15.mux_bus2 [\mux_bus2(c_xdevicefamily="zynqu...]
Compiling architecture xilinx of entity xfft_v9_1_15.mux_bus4 [\mux_bus4(c_xdevicefamily="zynqu...]
Compiling architecture xilinx of entity xfft_v9_1_15.arith_shift3 [\arith_shift3(c_xdevicefamily="z...]
Compiling architecture xilinx of entity xfft_v9_1_15.shift_ram [\shift_ram(c_xdevicefamily="zynq...]
Compiling architecture xilinx of entity cmpy_v6_0_27.delay_line [\delay_line(c_xdevicefamily="zyn...]
Compiling architecture xilinx of entity cmpy_v6_0_27.delay_line [\delay_line(c_xdevicefamily="zyn...]
Compiling architecture xilinx of entity mult_gen_v12_0_24.delay_line [\delay_line(c_xdevicefamily="zyn...]
Compiling architecture xilinx of entity mult_gen_v12_0_24.delay_line [\delay_line(c_xdevicefamily="zyn...]
Compiling architecture dsp48e2_v of entity unisim.DSP48E2 [\DSP48E2(acascreg=2,alumodereg=0...]
Compiling architecture xilinx of entity mult_gen_v12_0_24.delay_line [\delay_line(c_xdevicefamily="zyn...]
Compiling architecture xilinx of entity mult_gen_v12_0_24.op_resize [\op_resize(ai_width=17,bi_width=...]
Compiling architecture xilinx of entity mult_gen_v12_0_24.dsp [\dsp(c_xdevicefamily="zynquplus"...]
Compiling architecture xilinx of entity cmpy_v6_0_27.cmpy_3_dsp48_mult [\cmpy_3_dsp48_mult(c_xdevicefami...]
Compiling architecture xilinx of entity mult_gen_v12_0_24.delay_line [\delay_line(c_xdevicefamily="zyn...]
Compiling architecture xilinx of entity mult_gen_v12_0_24.delay_line [\delay_line(c_xdevicefamily="zyn...]
Compiling architecture dsp48e2_v of entity unisim.DSP48E2 [\DSP48E2(alumodereg=0,amultsel="...]
Compiling architecture xilinx of entity mult_gen_v12_0_24.op_resize [\op_resize(ai_width=18,ao_width=...]
Compiling architecture xilinx of entity mult_gen_v12_0_24.dsp [\dsp(c_xdevicefamily="zynquplus"...]
Compiling architecture xilinx of entity cmpy_v6_0_27.cmpy_3_dsp48_mult [\cmpy_3_dsp48_mult(c_xdevicefami...]
Compiling architecture xilinx of entity mult_gen_v12_0_24.dsp [\dsp(c_xdevicefamily="zynquplus"...]
Compiling architecture xilinx of entity cmpy_v6_0_27.cmpy_3_dsp48_mult [\cmpy_3_dsp48_mult(c_xdevicefami...]
Compiling architecture xilinx of entity cmpy_v6_0_27.input_negation [\input_negation(c_xdevicefamily=...]
Compiling architecture xilinx of entity cmpy_v6_0_27.delay_line [\delay_line(c_xdevicefamily="zyn...]
Compiling architecture xilinx of entity cmpy_v6_0_27.delay_line [\delay_line(c_xdevicefamily="zyn...]
Compiling architecture xilinx of entity cmpy_v6_0_27.cmpy_3_dsp48 [\cmpy_3_dsp48(c_xdevicefamily="z...]
Compiling architecture xilinx of entity cmpy_v6_0_27.cmpy_v6_0_27_synth [\cmpy_v6_0_27_synth(c_xdevicefam...]
Compiling architecture xilinx of entity xfft_v9_1_15.cmpy [\cmpy(c_xdevicefamily="zynquplus...]
Compiling architecture structural of entity c_reg_fd_v12_0_11.c_reg_fd_v12_0_11_viv [\c_reg_fd_v12_0_11_viv(c_width=2...]
Compiling architecture rtl of entity c_addsub_v12_0_21.c_addsub_v12_0_21_lut6_legacy [\c_addsub_v12_0_21_lut6_legacy(c...]
Compiling architecture synth of entity c_addsub_v12_0_21.c_addsub_v12_0_21_fabric_legacy [\c_addsub_v12_0_21_fabric_legacy...]
Compiling architecture synth of entity c_addsub_v12_0_21.c_addsub_v12_0_21_legacy [\c_addsub_v12_0_21_legacy(c_fami...]
Compiling architecture synth of entity c_addsub_v12_0_21.c_addsub_v12_0_21_viv [\c_addsub_v12_0_21_viv(c_xdevice...]
Compiling architecture xilinx of entity xfft_v9_1_15.adder [\adder(c_xdevicefamily="zynquplu...]
Compiling architecture rtl of entity c_addsub_v12_0_21.c_addsub_v12_0_21_lut6_legacy [\c_addsub_v12_0_21_lut6_legacy(c...]
Compiling architecture synth of entity c_addsub_v12_0_21.c_addsub_v12_0_21_fabric_legacy [\c_addsub_v12_0_21_fabric_legacy...]
Compiling architecture synth of entity c_addsub_v12_0_21.c_addsub_v12_0_21_legacy [\c_addsub_v12_0_21_legacy(c_fami...]
Compiling architecture synth of entity c_addsub_v12_0_21.c_addsub_v12_0_21_viv [\c_addsub_v12_0_21_viv(c_xdevice...]
Compiling architecture xilinx of entity xfft_v9_1_15.subtracter [\subtracter(c_xdevicefamily="zyn...]
Compiling architecture xilinx of entity xfft_v9_1_15.butterfly [\butterfly(c_xdevicefamily="zynq...]
Compiling architecture xilinx of entity xfft_v9_1_15.r2_pe [\r2_pe(c_xdevicefamily="zynquplu...]
Compiling architecture xilinx of entity xfft_v9_1_15.r2_datapath [\r2_datapath(c_xdevicefamily="zy...]
Compiling architecture xilinx of entity xfft_v9_1_15.r2_pe [\r2_pe(c_xdevicefamily="zynquplu...]
Compiling architecture xilinx of entity xfft_v9_1_15.r2_datapath [\r2_datapath(c_xdevicefamily="zy...]
Compiling architecture xilinx of entity xfft_v9_1_15.r2_pe [\r2_pe(c_xdevicefamily="zynquplu...]
Compiling architecture xilinx of entity xfft_v9_1_15.r2_datapath [\r2_datapath(c_xdevicefamily="zy...]
Compiling architecture struct of entity c_shift_ram_v12_0_20.c_shift_ram_v12_0_20_legacy [\c_shift_ram_v12_0_20_legacy(c_x...]
Compiling architecture synth of entity c_shift_ram_v12_0_20.c_shift_ram_v12_0_20_viv [\c_shift_ram_v12_0_20_viv(c_xdev...]
Compiling architecture xilinx of entity xfft_v9_1_15.shift_ram [\shift_ram(c_xdevicefamily="zynq...]
Compiling architecture fdre_v of entity unisim.FDRE [fdre_default]
Compiling architecture lut6_v of entity unisim.LUT6 [\LUT6(init="11111111000000001111...]
Compiling architecture muxf7_v of entity unisim.MUXF7 [muxf7_default]
Compiling architecture muxf8_v of entity unisim.MUXF8 [muxf8_default]
Compiling architecture xilinx of entity xfft_v9_1_15.mux_bus16 [\mux_bus16(c_xdevicefamily="zynq...]
Compiling architecture xilinx of entity xfft_v9_1_15.xor_bit_gate [\xor_bit_gate(c_inputs=10)\]
Compiling architecture xilinx of entity xfft_v9_1_15.r2_in_addr [\r2_in_addr(c_xdevicefamily="zyn...]
Compiling architecture xilinx of entity xfft_v9_1_15.shift_ram [\shift_ram(c_xdevicefamily="zynq...]
Compiling architecture xilinx of entity xfft_v9_1_15.mux_bus4 [\mux_bus4(c_xdevicefamily="zynqu...]
Compiling architecture xilinx of entity xfft_v9_1_15.xor_bit_gate [\xor_bit_gate(c_inputs=9)\]
Compiling architecture xilinx of entity xfft_v9_1_15.r2_rw_addr [\r2_rw_addr(c_xdevicefamily="zyn...]
Compiling architecture srl16e_v of entity unisim.SRL16E [\SRL16E(0,15)\]
Compiling architecture xilinx of entity xfft_v9_1_15.shift_ram [\shift_ram(c_xdevicefamily="zynq...]
Compiling architecture lut3_v of entity unisim.LUT3 [\LUT3(init="11001010")(0,7)\]
Compiling architecture xilinx of entity xfft_v9_1_15.mux_bus2 [\mux_bus2(c_xdevicefamily="zynqu...]
Compiling architecture struct of entity c_shift_ram_v12_0_20.c_shift_ram_v12_0_20_legacy [\c_shift_ram_v12_0_20_legacy(c_x...]
Compiling architecture synth of entity c_shift_ram_v12_0_20.c_shift_ram_v12_0_20_viv [\c_shift_ram_v12_0_20_viv(c_xdev...]
Compiling architecture xilinx of entity xfft_v9_1_15.shift_ram [\shift_ram(c_xdevicefamily="zynq...]
Compiling architecture xilinx of entity xfft_v9_1_15.shift_ram [\shift_ram(c_xdevicefamily="zynq...]
Compiling architecture struct of entity c_shift_ram_v12_0_20.c_shift_ram_v12_0_20_legacy [\c_shift_ram_v12_0_20_legacy(c_x...]
Compiling architecture synth of entity c_shift_ram_v12_0_20.c_shift_ram_v12_0_20_viv [\c_shift_ram_v12_0_20_viv(c_xdev...]
Compiling architecture xilinx of entity xfft_v9_1_15.shift_ram [\shift_ram(c_xdevicefamily="zynq...]
Compiling architecture vcc_v of entity unisim.VCC [vcc_default]
Compiling architecture xilinx of entity xfft_v9_1_15.twgen_half_sincos [\twgen_half_sincos(c_xdevicefami...]
Compiling architecture xilinx of entity xfft_v9_1_15.twiddle_gen [\twiddle_gen(c_xdevicefamily="zy...]
Compiling architecture xilinx of entity xfft_v9_1_15.mux_bus16 [\mux_bus16(c_xdevicefamily="zynq...]
Compiling architecture xilinx of entity xfft_v9_1_15.r2_tw_addr [\r2_tw_addr(c_xdevicefamily="zyn...]
Compiling architecture xilinx of entity xfft_v9_1_15.shift_ram [\shift_ram(c_xdevicefamily="zynq...]
Compiling architecture xilinx of entity xfft_v9_1_15.shift_ram [\shift_ram(c_xdevicefamily="zynq...]
Compiling architecture struct of entity c_shift_ram_v12_0_20.c_shift_ram_v12_0_20_legacy [\c_shift_ram_v12_0_20_legacy(c_x...]
Compiling architecture synth of entity c_shift_ram_v12_0_20.c_shift_ram_v12_0_20_viv [\c_shift_ram_v12_0_20_viv(c_xdev...]
Compiling architecture xilinx of entity xfft_v9_1_15.shift_ram [\shift_ram(c_xdevicefamily="zynq...]
Compiling architecture xilinx of entity xfft_v9_1_15.shift_ram [\shift_ram(c_xdevicefamily="zynq...]
Compiling architecture xilinx of entity xfft_v9_1_15.shift_ram [\shift_ram(c_xdevicefamily="zynq...]
Compiling architecture fde_v of entity unisim.FDE [fde_default]
Compiling architecture rtl of entity c_addsub_v12_0_21.c_addsub_v12_0_21_lut6_legacy [\c_addsub_v12_0_21_lut6_legacy(c...]
Compiling architecture synth of entity c_addsub_v12_0_21.c_addsub_v12_0_21_fabric_legacy [\c_addsub_v12_0_21_fabric_legacy...]
Compiling architecture synth of entity c_addsub_v12_0_21.c_addsub_v12_0_21_legacy [\c_addsub_v12_0_21_legacy(c_fami...]
Compiling architecture synth of entity c_addsub_v12_0_21.c_addsub_v12_0_21_viv [\c_addsub_v12_0_21_viv(c_xdevice...]
Compiling architecture xilinx of entity xfft_v9_1_15.equ_rtl [\equ_rtl(c_xdevicefamily="zynqup...]
Compiling architecture xilinx of entity xfft_v9_1_15.cnt_tc_rtl [\cnt_tc_rtl(c_xdevicefamily="zyn...]
Compiling architecture xilinx of entity xfft_v9_1_15.shift_ram [\shift_ram(c_xdevicefamily="zynq...]
Compiling architecture xilinx of entity xfft_v9_1_15.reg_rs_rtl [reg_rs_rtl_default]
Compiling architecture rtl of entity c_addsub_v12_0_21.c_addsub_v12_0_21_lut6_legacy [\c_addsub_v12_0_21_lut6_legacy(c...]
Compiling architecture synth of entity c_addsub_v12_0_21.c_addsub_v12_0_21_fabric_legacy [\c_addsub_v12_0_21_fabric_legacy...]
Compiling architecture synth of entity c_addsub_v12_0_21.c_addsub_v12_0_21_legacy [\c_addsub_v12_0_21_legacy(c_fami...]
Compiling architecture synth of entity c_addsub_v12_0_21.c_addsub_v12_0_21_viv [\c_addsub_v12_0_21_viv(c_xdevice...]
Compiling architecture lut6_v of entity unisim.LUT6 [\LUT6(init="10010000000010010000...]
Compiling architecture xilinx of entity xfft_v9_1_15.equ_rtl [\equ_rtl(c_xdevicefamily="zynqup...]
Compiling architecture xilinx of entity xfft_v9_1_15.cnt_tc_rtl [\cnt_tc_rtl(c_xdevicefamily="zyn...]
Compiling architecture rtl of entity c_addsub_v12_0_21.c_addsub_v12_0_21_lut6_legacy [\c_addsub_v12_0_21_lut6_legacy(c...]
Compiling architecture synth of entity c_addsub_v12_0_21.c_addsub_v12_0_21_fabric_legacy [\c_addsub_v12_0_21_fabric_legacy...]
Compiling architecture synth of entity c_addsub_v12_0_21.c_addsub_v12_0_21_legacy [\c_addsub_v12_0_21_legacy(c_fami...]
Compiling architecture synth of entity c_addsub_v12_0_21.c_addsub_v12_0_21_viv [\c_addsub_v12_0_21_viv(c_xdevice...]
Compiling architecture xilinx of entity xfft_v9_1_15.equ_rtl [\equ_rtl(c_xdevicefamily="zynqup...]
Compiling architecture xilinx of entity xfft_v9_1_15.cnt_tc_rtl [\cnt_tc_rtl(c_xdevicefamily="zyn...]
Compiling architecture rtl of entity c_addsub_v12_0_21.c_addsub_v12_0_21_lut6_legacy [\c_addsub_v12_0_21_lut6_legacy(c...]
Compiling architecture synth of entity c_addsub_v12_0_21.c_addsub_v12_0_21_fabric_legacy [\c_addsub_v12_0_21_fabric_legacy...]
Compiling architecture synth of entity c_addsub_v12_0_21.c_addsub_v12_0_21_legacy [\c_addsub_v12_0_21_legacy(c_fami...]
Compiling architecture synth of entity c_addsub_v12_0_21.c_addsub_v12_0_21_viv [\c_addsub_v12_0_21_viv(c_xdevice...]
Compiling architecture xilinx of entity xfft_v9_1_15.equ_rtl [\equ_rtl(c_xdevicefamily="zynqup...]
Compiling architecture xilinx of entity xfft_v9_1_15.cnt_tc_rtl [\cnt_tc_rtl(c_xdevicefamily="zyn...]
Compiling architecture xilinx of entity xfft_v9_1_15.flow_control_c [\flow_control_c(c_xdevicefamily=...]
Compiling architecture xilinx of entity xfft_v9_1_15.shift_ram [\shift_ram(c_xdevicefamily="zynq...]
Compiling architecture structural of entity c_reg_fd_v12_0_11.c_reg_fd_v12_0_11_viv [\c_reg_fd_v12_0_11_viv(c_sync_pr...]
Compiling architecture struct of entity c_shift_ram_v12_0_20.c_shift_ram_v12_0_20_legacy [\c_shift_ram_v12_0_20_legacy(c_x...]
Compiling architecture synth of entity c_shift_ram_v12_0_20.c_shift_ram_v12_0_20_viv [\c_shift_ram_v12_0_20_viv(c_xdev...]
Compiling architecture xilinx of entity xfft_v9_1_15.shift_ram [\shift_ram(c_xdevicefamily="zynq...]
Compiling architecture xilinx of entity xfft_v9_1_15.r2_control [\r2_control(c_xdevicefamily="zyn...]
Compiling architecture xilinx of entity xfft_v9_1_15.xfft_v9_1_15_c [\xfft_v9_1_15_c(c_channels=3,c_x...]
Compiling architecture synth of entity xfft_v9_1_15.xfft_v9_1_15_core [\xfft_v9_1_15_core(c_xdevicefami...]
Compiling architecture xilinx of entity axi_utils_v2_0_11.glb_srl_fifo [\glb_srl_fifo(width=97,has_uvpro...]
Compiling architecture xilinx of entity axi_utils_v2_0_11.glb_ifx_slave [\glb_ifx_slave(width=97,has_uvpr...]
Compiling architecture synth of entity xfft_v9_1_15.axi_wrapper_input_fifo [\axi_wrapper_input_fifo(c_fifo_w...]
Compiling architecture xilinx of entity axi_utils_v2_0_11.glb_srl_fifo [\glb_srl_fifo(width=63,has_uvpro...]
Compiling architecture xilinx of entity axi_utils_v2_0_11.glb_ifx_slave [\glb_ifx_slave(width=63,has_uvpr...]
Compiling architecture synth of entity xfft_v9_1_15.axi_wrapper_input_fifo [\axi_wrapper_input_fifo(c_fifo_w...]
Compiling architecture xilinx of entity axi_utils_v2_0_11.glb_srl_fifo [\glb_srl_fifo(width=97,has_uvpro...]
Compiling architecture xilinx of entity axi_utils_v2_0_11.glb_ifx_master [\glb_ifx_master(width=97,afull_t...]
Compiling architecture synth of entity xfft_v9_1_15.axi_wrapper_output_fifo [\axi_wrapper_output_fifo(c_fifo_...]
Compiling architecture synth of entity xfft_v9_1_15.axi_wrapper [\axi_wrapper(c_channels=3,c_nfft...]
Compiling architecture synth of entity xfft_v9_1_15.xfft_v9_1_15_viv [\xfft_v9_1_15_viv(c_xdevicefamil...]
Compiling architecture xilinx of entity xfft_v9_1_15.xfft_v9_1_15 [\xfft_v9_1_15(c_xdevicefamily="z...]
Compiling architecture hilbert_fft_xfft_0_0_arch of entity xil_defaultlib.Hilbert_fft_xfft_0_0 [hilbert_fft_xfft_0_0_default]
Compiling module xlconstant_v1_1_10.xlconstant_v1_1_10_xlconstant(CO...
Compiling module xil_defaultlib.Hilbert_fft_xlconstant_0_0
Compiling module xlconstant_v1_1_10.xlconstant_v1_1_10_xlconstant
Compiling module xil_defaultlib.Hilbert_fft_xlconstant_1_0
Compiling module xlslice_v1_0_5.xlslice_v1_0_5_xlslice(DIN_WIDTH...
Compiling module xil_defaultlib.Hilbert_fft_xlslice_0_0
Compiling module xil_defaultlib.Hilbert_fft
Compiling module xil_defaultlib.tb_top
Compiling module xil_defaultlib.glbl
Built simulation snapshot tb_top_behav
execute_script: Time (s): cpu = 00:00:25 ; elapsed = 00:00:14 . Memory (MB): peak = 11559.945 ; gain = 0.000 ; free physical = 20282 ; free virtual = 39133
INFO: [USF-XSim-69] 'elaborate' step finished in '15' seconds
INFO: [USF-XSim-4] XSim::Simulate design
INFO: [USF-XSim-61] Executing 'SIMULATE' step in '/home/janek/Magisterka/Intelligent-Vibroacoustic-Machine-Diagnostic-System-on-FPGA/Hilbert_with_fft/Hilbert_and_fft_test/Hilbert_and_fft_test.sim/sim_1/behav/xsim'
INFO: [USF-XSim-98] *** Running xsim
   with args "tb_top_behav -key {Behavioral:sim_1:Functional:tb_top} -tclbatch {tb_top.tcl} -protoinst "protoinst_files/Hilbert_fft.protoinst" -log {simulate.log}"
INFO: [USF-XSim-8] Loading simulator feature
INFO: [Wavedata 42-565] Reading protoinst file protoinst_files/Hilbert_fft.protoinst
INFO: [Wavedata 42-564]   Found protocol instance at /tb_top/Hilbert_fft//TDM_to_Parallel_Conv_0/m_axis
INFO: [Wavedata 42-564]   Found protocol instance at /tb_top/Hilbert_fft//xfft_0/S_AXIS_DATA
Time resolution is 1 ps
source tb_top.tcl
# set curr_wave [current_wave_config]
# if { [string length $curr_wave] == 0 } {
#   if { [llength [get_objects]] > 0} {
#     add_wave /
#     set_property needs_save false [current_wave_config]
#   } else {
#      send_msg_id Add_Wave-1 WARNING "No top level signals found. Simulator will start without a wave window. If you want to open a wave window go to 'File->New Waveform Configuration' or type 'create_wave_config' in the TCL console."
#   }
# }
# run 1000ns
START SYMULACJI - Generowanie danych TDM dla 3 kanalow
Note:   - SCALING_SCH: in_ptr = 3, out_ptr = 3
Time: 0 ps  Iteration: 0  Process: /tb_top/Hilbert_fft/xfft_0/U0/i_synth/axi_wrapper/gen_config_fifo_in/line__94240  File: /home/janek/2025.2/Vivado/data/ip/xilinx/xfft_v9_1/hdl/xfft_v9_1_vh_rfs.vhd
Note:     - C_CHANNELS  = 3
Time: 0 ps  Iteration: 0  Process: /tb_top/Hilbert_fft/xfft_0/U0/i_synth/axi_wrapper/gen_config_fifo_in/line__94240  File: /home/janek/2025.2/Vivado/data/ip/xilinx/xfft_v9_1/hdl/xfft_v9_1_vh_rfs.vhd
Note:     - field_width = 60
Time: 0 ps  Iteration: 0  Process: /tb_top/Hilbert_fft/xfft_0/U0/i_synth/axi_wrapper/gen_config_fifo_in/line__94240  File: /home/janek/2025.2/Vivado/data/ip/xilinx/xfft_v9_1/hdl/xfft_v9_1_vh_rfs.vhd
Note:   - Copying SCALE_SCH from 62 downto 3 to 62 downto 3
Time: 0 ps  Iteration: 0  Process: /tb_top/Hilbert_fft/xfft_0/U0/i_synth/axi_wrapper/gen_config_fifo_in/line__94240  File: /home/janek/2025.2/Vivado/data/ip/xilinx/xfft_v9_1/hdl/xfft_v9_1_vh_rfs.vhd
Note:   - SCALING_SCH: in_ptr = 3, out_ptr = 3
Time: 0 ps  Iteration: 1  Process: /tb_top/Hilbert_fft/xfft_0/U0/i_synth/axi_wrapper/gen_config_fifo_in/line__94240  File: /home/janek/2025.2/Vivado/data/ip/xilinx/xfft_v9_1/hdl/xfft_v9_1_vh_rfs.vhd
Note:     - C_CHANNELS  = 3
Time: 0 ps  Iteration: 1  Process: /tb_top/Hilbert_fft/xfft_0/U0/i_synth/axi_wrapper/gen_config_fifo_in/line__94240  File: /home/janek/2025.2/Vivado/data/ip/xilinx/xfft_v9_1/hdl/xfft_v9_1_vh_rfs.vhd
Note:     - field_width = 60
Time: 0 ps  Iteration: 1  Process: /tb_top/Hilbert_fft/xfft_0/U0/i_synth/axi_wrapper/gen_config_fifo_in/line__94240  File: /home/janek/2025.2/Vivado/data/ip/xilinx/xfft_v9_1/hdl/xfft_v9_1_vh_rfs.vhd
Note:   - Copying SCALE_SCH from 62 downto 3 to 62 downto 3
Time: 0 ps  Iteration: 1  Process: /tb_top/Hilbert_fft/xfft_0/U0/i_synth/axi_wrapper/gen_config_fifo_in/line__94240  File: /home/janek/2025.2/Vivado/data/ip/xilinx/xfft_v9_1/hdl/xfft_v9_1_vh_rfs.vhd
INFO: [USF-XSim-96] XSim completed. Design snapshot 'tb_top_behav' loaded.
INFO: [USF-XSim-97] XSim simulation ran for 1000ns
launch_simulation: Time (s): cpu = 00:00:30 ; elapsed = 00:00:20 . Memory (MB): peak = 11559.945 ; gain = 0.000 ; free physical = 20229 ; free virtual = 39080
current_wave_config {Untitled 7}
Untitled 7
add_wave {{/tb_top/Hilbert_fft/fir0_spy_1/debug_x}} {{/tb_top/Hilbert_fft/fir0_spy_1/debug_y}} {{/tb_top/Hilbert_fft/fir0_spy_1/debug_z}} 
open_bd_design {/home/janek/Magisterka/Intelligent-Vibroacoustic-Machine-Diagnostic-System-on-FPGA/Hilbert_with_fft/Hilbert_and_fft_test/Hilbert_and_fft_test.srcs/sources_1/bd/Hilbert_fft/Hilbert_fft.bd}
open_bd_design {/home/janek/Magisterka/Intelligent-Vibroacoustic-Machine-Diagnostic-System-on-FPGA/Hilbert_with_fft/Hilbert_and_fft_test/Hilbert_and_fft_test.srcs/sources_1/bd/Hilbert_fft/Hilbert_fft.bd}
open_bd_design {/home/janek/Magisterka/Intelligent-Vibroacoustic-Machine-Diagnostic-System-on-FPGA/Hilbert_with_fft/Hilbert_and_fft_test/Hilbert_and_fft_test.srcs/sources_1/bd/Hilbert_fft/Hilbert_fft.bd}
open_bd_design {/home/janek/Magisterka/Intelligent-Vibroacoustic-Machine-Diagnostic-System-on-FPGA/Hilbert_with_fft/Hilbert_and_fft_test/Hilbert_and_fft_test.srcs/sources_1/bd/Hilbert_fft/Hilbert_fft.bd}
current_wave_config {Untitled 7}
Untitled 7
add_wave {{/tb_top/Hilbert_fft/fir0_spy_2/debug_x}} {{/tb_top/Hilbert_fft/fir0_spy_2/debug_y}} {{/tb_top/Hilbert_fft/fir0_spy_2/debug_z}} 
current_wave_config {Untitled 7}
Untitled 7
add_wave {{/tb_top/Hilbert_fft/fir0_spy_3/debug_x}} {{/tb_top/Hilbert_fft/fir0_spy_3/debug_y}} {{/tb_top/Hilbert_fft/fir0_spy_3/debug_z}} 
run 40 ms
run: Time (s): cpu = 00:02:39 ; elapsed = 00:18:57 . Memory (MB): peak = 11559.945 ; gain = 0.000 ; free physical = 20093 ; free virtual = 39055
open_bd_design {/home/janek/Magisterka/Intelligent-Vibroacoustic-Machine-Diagnostic-System-on-FPGA/Hilbert_with_fft/Hilbert_and_fft_test/Hilbert_and_fft_test.srcs/sources_1/bd/Hilbert_fft/Hilbert_fft.bd}
close_sim
INFO: xsimkernel Simulation Memory Usage: 318576 KB (Peak: 368940 KB), Simulation CPU Usage: 1138370 ms
INFO: [Simtcl 6-16] Simulation closed
exit
INFO: [Common 17-206] Exiting Vivado at Wed Apr  8 02:03:10 2026...
