Copyright 1986-2022 Xilinx, Inc. All Rights Reserved. Copyright 2022-2025 Advanced Micro Devices, Inc. All Rights Reserved.
-----------------------------------------------------------------------------------------------------------------------------------------------------------------------------------------------------------------------------------------------------------------------
| Tool Version      : Vivado v.2025.2 (lin64) Build 6299465 Fri Nov 14 12:34:56 MST 2025
| Date              : Sun Feb  8 15:02:51 2026
| Host              : qtaz running 64-bit Ubuntu 24.04.3 LTS
| Command           : report_timing_summary -max_paths 10 -routable_nets -report_unconstrained -file spi_module_wrapper_timing_summary_routed.rpt -pb spi_module_wrapper_timing_summary_routed.pb -rpx spi_module_wrapper_timing_summary_routed.rpx -warn_on_violation
| Design            : spi_module_wrapper
| Device            : xck26-sfvc784
| Speed File        : -2LV  PRODUCTION 1.30 05-15-2022
| Design State      : Routed
| Temperature Grade : C
-----------------------------------------------------------------------------------------------------------------------------------------------------------------------------------------------------------------------------------------------------------------------

Timing Summary Report

------------------------------------------------------------------------------------------------
| Timer Settings
| --------------
------------------------------------------------------------------------------------------------

  Enable Multi Corner Analysis               :  Yes
  Enable Pessimism Removal                   :  Yes
  Pessimism Removal Resolution               :  Nearest Common Node
  Enable Input Delay Default Clock           :  No
  Enable Preset / Clear Arcs                 :  No
  Disable Flight Delays                      :  No
  Ignore I/O Paths                           :  No
  Timing Early Launch at Borrowing Latches   :  No
  Borrow Time for Max Delay Exceptions       :  Yes
  Merge Timing Exceptions                    :  Yes
  Inter-SLR Compensation                     :  Conservative

  Corner  Analyze    Analyze    
  Name    Max Paths  Min Paths  
  ------  ---------  ---------  
  Slow    Yes        Yes        
  Fast    Yes        Yes        


------------------------------------------------------------------------------------------------
| Report Methodology
| ------------------
------------------------------------------------------------------------------------------------

Rule       Severity  Description                    Violations  
---------  --------  -----------------------------  ----------  
TIMING-18  Warning   Missing input or output delay  3           

Note: This report is based on the most recent report_methodology run and may not be up-to-date. Run report_methodology on the current design for the latest report.



check_timing report

Table of Contents
-----------------
1. checking no_clock (0)
2. checking constant_clock (0)
3. checking pulse_width_clock (0)
4. checking unconstrained_internal_endpoints (0)
5. checking no_input_delay (2)
6. checking no_output_delay (6)
7. checking multiple_clock (0)
8. checking generated_clocks (0)
9. checking loops (0)
10. checking partial_input_delay (0)
11. checking partial_output_delay (0)
12. checking latch_loops (0)

1. checking no_clock (0)
------------------------
 There are 0 register/latch pins with no clock.


2. checking constant_clock (0)
------------------------------
 There are 0 register/latch pins with constant_clock.


3. checking pulse_width_clock (0)
---------------------------------
 There are 0 register/latch pins which need pulse_width check


4. checking unconstrained_internal_endpoints (0)
------------------------------------------------
 There are 0 pins that are not constrained for maximum delay.

 There are 0 pins that are not constrained for maximum delay due to constant clock.


5. checking no_input_delay (2)
------------------------------
 There are 2 input ports with no input delay specified. (HIGH)

 There are 0 input ports with no input delay but user has a false path constraint.


6. checking no_output_delay (6)
-------------------------------
 There are 6 ports with no output delay specified. (HIGH)

 There are 0 ports with no output delay but user has a false path constraint

 There are 0 ports with no output delay but with a timing clock defined on it or propagating through it


7. checking multiple_clock (0)
------------------------------
 There are 0 register/latch pins with multiple clocks.


8. checking generated_clocks (0)
--------------------------------
 There are 0 generated clocks that are not connected to a clock source.


9. checking loops (0)
---------------------
 There are 0 combinational loops in the design.


10. checking partial_input_delay (0)
------------------------------------
 There are 0 input ports with partial input delay specified.


11. checking partial_output_delay (0)
-------------------------------------
 There are 0 ports with partial output delay specified.


12. checking latch_loops (0)
----------------------------
 There are 0 combinational latch loops in the design through latch input



------------------------------------------------------------------------------------------------
| Design Timing Summary
| ---------------------
------------------------------------------------------------------------------------------------

    WNS(ns)      TNS(ns)  TNS Failing Endpoints  TNS Total Endpoints      WHS(ns)      THS(ns)  THS Failing Endpoints  THS Total Endpoints     WPWS(ns)     TPWS(ns)  TPWS Failing Endpoints  TPWS Total Endpoints  
    -------      -------  ---------------------  -------------------      -------      -------  ---------------------  -------------------     --------     --------  ----------------------  --------------------  
      5.756        0.000                      0                29946        0.010        0.000                      0                29910        1.000        0.000                       0                 10861  


All user specified timing constraints are met.


------------------------------------------------------------------------------------------------
| Clock Summary
| -------------
------------------------------------------------------------------------------------------------

Clock                             Waveform(ns)       Period(ns)      Frequency(MHz)
-----                             ------------       ----------      --------------
clk_pl_0                          {0.000 5.000}      10.000          100.000         
clk_pl_1                          {0.000 5.000}      10.000          100.000         
som240_1_connector_hpa_clk0p_clk  {0.000 20.000}     40.000          25.000          
  clk_out1_spi_module_clk_wiz_0   {0.000 5.000}      10.000          100.000         


------------------------------------------------------------------------------------------------
| Intra Clock Table
| -----------------
------------------------------------------------------------------------------------------------

Clock                                 WNS(ns)      TNS(ns)  TNS Failing Endpoints  TNS Total Endpoints      WHS(ns)      THS(ns)  THS Failing Endpoints  THS Total Endpoints     WPWS(ns)     TPWS(ns)  TPWS Failing Endpoints  TPWS Total Endpoints  
-----                                 -------      -------  ---------------------  -------------------      -------      -------  ---------------------  -------------------     --------     --------  ----------------------  --------------------  
clk_pl_0                                5.756        0.000                      0                29321        0.010        0.000                      0                29321        3.500        0.000                       0                 10534  
som240_1_connector_hpa_clk0p_clk                                                                                                                                                   10.000        0.000                       0                     1  
  clk_out1_spi_module_clk_wiz_0         7.242        0.000                      0                  589        0.036        0.000                      0                  589        1.000        0.000                       0                   326  


------------------------------------------------------------------------------------------------
| Inter Clock Table
| -----------------
------------------------------------------------------------------------------------------------

From Clock                     To Clock                           WNS(ns)      TNS(ns)  TNS Failing Endpoints  TNS Total Endpoints      WHS(ns)      THS(ns)  THS Failing Endpoints  THS Total Endpoints  
----------                     --------                           -------      -------  ---------------------  -------------------      -------      -------  ---------------------  -------------------  
clk_out1_spi_module_clk_wiz_0  clk_pl_0                             8.972        0.000                      0                   26                                                                        
clk_pl_0                       clk_out1_spi_module_clk_wiz_0        9.155        0.000                      0                   26                                                                        


------------------------------------------------------------------------------------------------
| Other Path Groups Table
| -----------------------
------------------------------------------------------------------------------------------------

Path Group    From Clock    To Clock          WNS(ns)      TNS(ns)  TNS Failing Endpoints  TNS Total Endpoints      WHS(ns)      THS(ns)  THS Failing Endpoints  THS Total Endpoints  
----------    ----------    --------          -------      -------  ---------------------  -------------------      -------      -------  ---------------------  -------------------  


------------------------------------------------------------------------------------------------
| User Ignored Path Table
| -----------------------
------------------------------------------------------------------------------------------------

Path Group                     From Clock                     To Clock                     
----------                     ----------                     --------                     
(none)                         clk_pl_0                       clk_out1_spi_module_clk_wiz_0  
(none)                                                        clk_pl_0                       
(none)                         clk_out1_spi_module_clk_wiz_0  clk_pl_0                       
(none)                         clk_pl_0                       clk_pl_0                       


------------------------------------------------------------------------------------------------
| Unconstrained Path Table
| ------------------------
------------------------------------------------------------------------------------------------

Path Group                     From Clock                     To Clock                     
----------                     ----------                     --------                     
(none)                         clk_out1_spi_module_clk_wiz_0                                 
(none)                         clk_pl_0                                                      
(none)                                                        clk_out1_spi_module_clk_wiz_0  


------------------------------------------------------------------------------------------------
| Timing Details
| --------------
------------------------------------------------------------------------------------------------


---------------------------------------------------------------------------------------------------
From Clock:  clk_pl_0
  To Clock:  clk_pl_0

Setup :            0  Failing Endpoints,  Worst Slack        5.756ns,  Total Violation        0.000ns
Hold  :            0  Failing Endpoints,  Worst Slack        0.010ns,  Total Violation        0.000ns
PW    :            0  Failing Endpoints,  Worst Slack        3.500ns,  Total Violation        0.000ns
---------------------------------------------------------------------------------------------------


Max Delay Paths
--------------------------------------------------------------------------------------
Slack (MET) :             5.756ns  (required time - arrival time)
  Source:                 spi_module_i/axi_dma_0/U0/I_PRMRY_DATAMOVER/GEN_S2MM_FULL.I_S2MM_FULL_WRAPPER/GEN_ENABLE_INDET_BTT_SF.I_INDET_BTT/I_DATA_FIFO/BLK_MEM.I_SYNC_FIFOGEN_FIFO/xpm_fifo_base_inst/gen_pntr_flags_cc.gen_full_rst_val.ram_full_i_reg/C
                            (rising edge-triggered cell FDSE clocked by clk_pl_0  {rise@0.000ns fall@5.000ns period=10.000ns})
  Destination:            spi_module_i/axi_dma_0/U0/I_PRMRY_DATAMOVER/GEN_S2MM_FULL.I_S2MM_FULL_WRAPPER/GEN_ENABLE_INDET_BTT_SF.I_INDET_BTT/I_DATA_FIFO/BLK_MEM.I_SYNC_FIFOGEN_FIFO/xpm_fifo_base_inst/gen_sdpram.xpm_memory_base_inst/gen_wr_a.gen_word_narrow.mem_reg/WEBWE[6]
                            (rising edge-triggered cell RAMB36E2 clocked by clk_pl_0  {rise@0.000ns fall@5.000ns period=10.000ns})
  Path Group:             clk_pl_0
  Path Type:              Setup (Max at Slow Process Corner)
  Requirement:            10.000ns  (clk_pl_0 rise@10.000ns - clk_pl_0 rise@0.000ns)
  Data Path Delay:        3.399ns  (logic 0.598ns (17.592%)  route 2.801ns (82.408%))
  Logic Levels:           3  (LUT3=1 LUT4=2)
  Clock Path Skew:        -0.074ns (DCD - SCD + CPR)
    Destination Clock Delay (DCD):    2.474ns = ( 12.474 - 10.000 ) 
    Source Clock Delay      (SCD):    2.751ns
    Clock Pessimism Removal (CPR):    0.203ns
  Clock Uncertainty:      0.160ns  ((TSJ^2 + DJ^2)^1/2) / 2 + PE
    Total System Jitter     (TSJ):    0.071ns
    Discrete Jitter          (DJ):    0.312ns
    Phase Error              (PE):    0.000ns
  Clock Net Delay (Source):      2.484ns (routing 1.229ns, distribution 1.255ns)
  Clock Net Delay (Destination): 2.258ns (routing 1.122ns, distribution 1.136ns)

    Location             Delay type                Incr(ns)  Path(ns)    Netlist Resource(s)
  -------------------------------------------------------------------    -------------------
                         (clock clk_pl_0 rise edge)
                                                      0.000     0.000 r  
    PS8_X0Y0             PS8                          0.000     0.000 r  spi_module_i/zynq_ultra_ps_e_0/inst/PS8_i/PLCLK[0]
                         net (fo=1, routed)           0.229     0.229    spi_module_i/zynq_ultra_ps_e_0/inst/pl_clk_unbuffered[0]
    BUFG_PS_X0Y91        BUFG_PS (Prop_BUFG_PS_I_O)
                                                      0.038     0.267 r  spi_module_i/zynq_ultra_ps_e_0/inst/buffer_pl_clk_0.PL_CLK_0_BUFG/O
    X0Y1 (CLOCK_ROOT)    net (fo=10582, routed)       2.484     2.751    spi_module_i/axi_dma_0/U0/I_PRMRY_DATAMOVER/GEN_S2MM_FULL.I_S2MM_FULL_WRAPPER/GEN_ENABLE_INDET_BTT_SF.I_INDET_BTT/I_DATA_FIFO/BLK_MEM.I_SYNC_FIFOGEN_FIFO/xpm_fifo_base_inst/wr_clk
    SLICE_X25Y159        FDSE                                         r  spi_module_i/axi_dma_0/U0/I_PRMRY_DATAMOVER/GEN_S2MM_FULL.I_S2MM_FULL_WRAPPER/GEN_ENABLE_INDET_BTT_SF.I_INDET_BTT/I_DATA_FIFO/BLK_MEM.I_SYNC_FIFOGEN_FIFO/xpm_fifo_base_inst/gen_pntr_flags_cc.gen_full_rst_val.ram_full_i_reg/C
  -------------------------------------------------------------------    -------------------
    SLICE_X25Y159        FDSE (Prop_DFF_SLICEM_C_Q)
                                                      0.116     2.867 f  spi_module_i/axi_dma_0/U0/I_PRMRY_DATAMOVER/GEN_S2MM_FULL.I_S2MM_FULL_WRAPPER/GEN_ENABLE_INDET_BTT_SF.I_INDET_BTT/I_DATA_FIFO/BLK_MEM.I_SYNC_FIFOGEN_FIFO/xpm_fifo_base_inst/gen_pntr_flags_cc.gen_full_rst_val.ram_full_i_reg/Q
                         net (fo=5, routed)           0.901     3.768    spi_module_i/axi_dma_0/U0/I_PRMRY_DATAMOVER/GEN_S2MM_FULL.I_S2MM_FULL_WRAPPER/GEN_ENABLE_INDET_BTT_SF.I_INDET_BTT/I_XD_FIFO/full
    SLICE_X8Y161         LUT3 (Prop_H6LUT_SLICEM_I0_O)
                                                      0.154     3.922 f  spi_module_i/axi_dma_0/U0/I_PRMRY_DATAMOVER/GEN_S2MM_FULL.I_S2MM_FULL_WRAPPER/GEN_ENABLE_INDET_BTT_SF.I_INDET_BTT/I_XD_FIFO/BLK_MEM.I_SYNC_FIFOGEN_FIFO_i_9__0/O
                         net (fo=5, routed)           0.286     4.208    spi_module_i/axi_dma_0/U0/I_PRMRY_DATAMOVER/GEN_S2MM_FULL.I_S2MM_FULL_WRAPPER/GEN_INCLUDE_REALIGNER.I_S2MM_REALIGNER/GEN_INCLUDE_SCATTER.I_S2MM_SCATTER/I_MSSAI_SKID_BUF/sig_byte_cntr_reg[6]
    SLICE_X9Y157         LUT4 (Prop_A5LUT_SLICEL_I0_O)
                                                      0.192     4.400 r  spi_module_i/axi_dma_0/U0/I_PRMRY_DATAMOVER/GEN_S2MM_FULL.I_S2MM_FULL_WRAPPER/GEN_INCLUDE_REALIGNER.I_S2MM_REALIGNER/GEN_INCLUDE_SCATTER.I_S2MM_SCATTER/I_MSSAI_SKID_BUF/BLK_MEM.I_SYNC_FIFOGEN_FIFO_i_1__0/O
                         net (fo=27, routed)          1.103     5.503    spi_module_i/axi_dma_0/U0/I_PRMRY_DATAMOVER/GEN_S2MM_FULL.I_S2MM_FULL_WRAPPER/GEN_ENABLE_INDET_BTT_SF.I_INDET_BTT/I_DATA_FIFO/BLK_MEM.I_SYNC_FIFOGEN_FIFO/xpm_fifo_base_inst/xpm_fifo_rst_inst/wr_en
    SLICE_X25Y159        LUT4 (Prop_C5LUT_SLICEM_I0_O)
                                                      0.136     5.639 r  spi_module_i/axi_dma_0/U0/I_PRMRY_DATAMOVER/GEN_S2MM_FULL.I_S2MM_FULL_WRAPPER/GEN_ENABLE_INDET_BTT_SF.I_INDET_BTT/I_DATA_FIFO/BLK_MEM.I_SYNC_FIFOGEN_FIFO/xpm_fifo_base_inst/xpm_fifo_rst_inst/gen_sdpram.xpm_memory_base_inst_i_1/O
                         net (fo=24, routed)          0.511     6.150    spi_module_i/axi_dma_0/U0/I_PRMRY_DATAMOVER/GEN_S2MM_FULL.I_S2MM_FULL_WRAPPER/GEN_ENABLE_INDET_BTT_SF.I_INDET_BTT/I_DATA_FIFO/BLK_MEM.I_SYNC_FIFOGEN_FIFO/xpm_fifo_base_inst/gen_sdpram.xpm_memory_base_inst/wea[0]
    RAMB36_X0Y31         RAMB36E2                                     r  spi_module_i/axi_dma_0/U0/I_PRMRY_DATAMOVER/GEN_S2MM_FULL.I_S2MM_FULL_WRAPPER/GEN_ENABLE_INDET_BTT_SF.I_INDET_BTT/I_DATA_FIFO/BLK_MEM.I_SYNC_FIFOGEN_FIFO/xpm_fifo_base_inst/gen_sdpram.xpm_memory_base_inst/gen_wr_a.gen_word_narrow.mem_reg/WEBWE[6]
  -------------------------------------------------------------------    -------------------

                         (clock clk_pl_0 rise edge)
                                                     10.000    10.000 r  
    PS8_X0Y0             PS8                          0.000    10.000 r  spi_module_i/zynq_ultra_ps_e_0/inst/PS8_i/PLCLK[0]
                         net (fo=1, routed)           0.181    10.181    spi_module_i/zynq_ultra_ps_e_0/inst/pl_clk_unbuffered[0]
    BUFG_PS_X0Y91        BUFG_PS (Prop_BUFG_PS_I_O)
                                                      0.035    10.216 r  spi_module_i/zynq_ultra_ps_e_0/inst/buffer_pl_clk_0.PL_CLK_0_BUFG/O
    X0Y1 (CLOCK_ROOT)    net (fo=10582, routed)       2.258    12.474    spi_module_i/axi_dma_0/U0/I_PRMRY_DATAMOVER/GEN_S2MM_FULL.I_S2MM_FULL_WRAPPER/GEN_ENABLE_INDET_BTT_SF.I_INDET_BTT/I_DATA_FIFO/BLK_MEM.I_SYNC_FIFOGEN_FIFO/xpm_fifo_base_inst/gen_sdpram.xpm_memory_base_inst/clka
    RAMB36_X0Y31         RAMB36E2                                     r  spi_module_i/axi_dma_0/U0/I_PRMRY_DATAMOVER/GEN_S2MM_FULL.I_S2MM_FULL_WRAPPER/GEN_ENABLE_INDET_BTT_SF.I_INDET_BTT/I_DATA_FIFO/BLK_MEM.I_SYNC_FIFOGEN_FIFO/xpm_fifo_base_inst/gen_sdpram.xpm_memory_base_inst/gen_wr_a.gen_word_narrow.mem_reg/CLKBWRCLK
                         clock pessimism              0.203    12.677    
                         clock uncertainty           -0.160    12.517    
    RAMB36_X0Y31         RAMB36E2 (Setup_RAMB36E2_RAMB36_CLKBWRCLK_WEBWE[6])
                                                     -0.611    11.906    spi_module_i/axi_dma_0/U0/I_PRMRY_DATAMOVER/GEN_S2MM_FULL.I_S2MM_FULL_WRAPPER/GEN_ENABLE_INDET_BTT_SF.I_INDET_BTT/I_DATA_FIFO/BLK_MEM.I_SYNC_FIFOGEN_FIFO/xpm_fifo_base_inst/gen_sdpram.xpm_memory_base_inst/gen_wr_a.gen_word_narrow.mem_reg
  -------------------------------------------------------------------
                         required time                         11.906    
                         arrival time                          -6.150    
  -------------------------------------------------------------------
                         slack                                  5.756    

Slack (MET) :             5.761ns  (required time - arrival time)
  Source:                 spi_module_i/axi_dma_0/U0/I_PRMRY_DATAMOVER/GEN_S2MM_FULL.I_S2MM_FULL_WRAPPER/GEN_ENABLE_INDET_BTT_SF.I_INDET_BTT/I_DATA_FIFO/BLK_MEM.I_SYNC_FIFOGEN_FIFO/xpm_fifo_base_inst/gen_pntr_flags_cc.gen_full_rst_val.ram_full_i_reg/C
                            (rising edge-triggered cell FDSE clocked by clk_pl_0  {rise@0.000ns fall@5.000ns period=10.000ns})
  Destination:            spi_module_i/axi_dma_0/U0/I_PRMRY_DATAMOVER/GEN_S2MM_FULL.I_S2MM_FULL_WRAPPER/GEN_ENABLE_INDET_BTT_SF.I_INDET_BTT/I_DATA_FIFO/BLK_MEM.I_SYNC_FIFOGEN_FIFO/xpm_fifo_base_inst/gen_sdpram.xpm_memory_base_inst/gen_wr_a.gen_word_narrow.mem_reg/WEBWE[5]
                            (rising edge-triggered cell RAMB36E2 clocked by clk_pl_0  {rise@0.000ns fall@5.000ns period=10.000ns})
  Path Group:             clk_pl_0
  Path Type:              Setup (Max at Slow Process Corner)
  Requirement:            10.000ns  (clk_pl_0 rise@10.000ns - clk_pl_0 rise@0.000ns)
  Data Path Delay:        3.394ns  (logic 0.598ns (17.621%)  route 2.796ns (82.379%))
  Logic Levels:           3  (LUT3=1 LUT4=2)
  Clock Path Skew:        -0.074ns (DCD - SCD + CPR)
    Destination Clock Delay (DCD):    2.474ns = ( 12.474 - 10.000 ) 
    Source Clock Delay      (SCD):    2.751ns
    Clock Pessimism Removal (CPR):    0.203ns
  Clock Uncertainty:      0.160ns  ((TSJ^2 + DJ^2)^1/2) / 2 + PE
    Total System Jitter     (TSJ):    0.071ns
    Discrete Jitter          (DJ):    0.312ns
    Phase Error              (PE):    0.000ns
  Clock Net Delay (Source):      2.484ns (routing 1.229ns, distribution 1.255ns)
  Clock Net Delay (Destination): 2.258ns (routing 1.122ns, distribution 1.136ns)

    Location             Delay type                Incr(ns)  Path(ns)    Netlist Resource(s)
  -------------------------------------------------------------------    -------------------
                         (clock clk_pl_0 rise edge)
                                                      0.000     0.000 r  
    PS8_X0Y0             PS8                          0.000     0.000 r  spi_module_i/zynq_ultra_ps_e_0/inst/PS8_i/PLCLK[0]
                         net (fo=1, routed)           0.229     0.229    spi_module_i/zynq_ultra_ps_e_0/inst/pl_clk_unbuffered[0]
    BUFG_PS_X0Y91        BUFG_PS (Prop_BUFG_PS_I_O)
                                                      0.038     0.267 r  spi_module_i/zynq_ultra_ps_e_0/inst/buffer_pl_clk_0.PL_CLK_0_BUFG/O
    X0Y1 (CLOCK_ROOT)    net (fo=10582, routed)       2.484     2.751    spi_module_i/axi_dma_0/U0/I_PRMRY_DATAMOVER/GEN_S2MM_FULL.I_S2MM_FULL_WRAPPER/GEN_ENABLE_INDET_BTT_SF.I_INDET_BTT/I_DATA_FIFO/BLK_MEM.I_SYNC_FIFOGEN_FIFO/xpm_fifo_base_inst/wr_clk
    SLICE_X25Y159        FDSE                                         r  spi_module_i/axi_dma_0/U0/I_PRMRY_DATAMOVER/GEN_S2MM_FULL.I_S2MM_FULL_WRAPPER/GEN_ENABLE_INDET_BTT_SF.I_INDET_BTT/I_DATA_FIFO/BLK_MEM.I_SYNC_FIFOGEN_FIFO/xpm_fifo_base_inst/gen_pntr_flags_cc.gen_full_rst_val.ram_full_i_reg/C
  -------------------------------------------------------------------    -------------------
    SLICE_X25Y159        FDSE (Prop_DFF_SLICEM_C_Q)
                                                      0.116     2.867 f  spi_module_i/axi_dma_0/U0/I_PRMRY_DATAMOVER/GEN_S2MM_FULL.I_S2MM_FULL_WRAPPER/GEN_ENABLE_INDET_BTT_SF.I_INDET_BTT/I_DATA_FIFO/BLK_MEM.I_SYNC_FIFOGEN_FIFO/xpm_fifo_base_inst/gen_pntr_flags_cc.gen_full_rst_val.ram_full_i_reg/Q
                         net (fo=5, routed)           0.901     3.768    spi_module_i/axi_dma_0/U0/I_PRMRY_DATAMOVER/GEN_S2MM_FULL.I_S2MM_FULL_WRAPPER/GEN_ENABLE_INDET_BTT_SF.I_INDET_BTT/I_XD_FIFO/full
    SLICE_X8Y161         LUT3 (Prop_H6LUT_SLICEM_I0_O)
                                                      0.154     3.922 f  spi_module_i/axi_dma_0/U0/I_PRMRY_DATAMOVER/GEN_S2MM_FULL.I_S2MM_FULL_WRAPPER/GEN_ENABLE_INDET_BTT_SF.I_INDET_BTT/I_XD_FIFO/BLK_MEM.I_SYNC_FIFOGEN_FIFO_i_9__0/O
                         net (fo=5, routed)           0.286     4.208    spi_module_i/axi_dma_0/U0/I_PRMRY_DATAMOVER/GEN_S2MM_FULL.I_S2MM_FULL_WRAPPER/GEN_INCLUDE_REALIGNER.I_S2MM_REALIGNER/GEN_INCLUDE_SCATTER.I_S2MM_SCATTER/I_MSSAI_SKID_BUF/sig_byte_cntr_reg[6]
    SLICE_X9Y157         LUT4 (Prop_A5LUT_SLICEL_I0_O)
                                                      0.192     4.400 r  spi_module_i/axi_dma_0/U0/I_PRMRY_DATAMOVER/GEN_S2MM_FULL.I_S2MM_FULL_WRAPPER/GEN_INCLUDE_REALIGNER.I_S2MM_REALIGNER/GEN_INCLUDE_SCATTER.I_S2MM_SCATTER/I_MSSAI_SKID_BUF/BLK_MEM.I_SYNC_FIFOGEN_FIFO_i_1__0/O
                         net (fo=27, routed)          1.103     5.503    spi_module_i/axi_dma_0/U0/I_PRMRY_DATAMOVER/GEN_S2MM_FULL.I_S2MM_FULL_WRAPPER/GEN_ENABLE_INDET_BTT_SF.I_INDET_BTT/I_DATA_FIFO/BLK_MEM.I_SYNC_FIFOGEN_FIFO/xpm_fifo_base_inst/xpm_fifo_rst_inst/wr_en
    SLICE_X25Y159        LUT4 (Prop_C5LUT_SLICEM_I0_O)
                                                      0.136     5.639 r  spi_module_i/axi_dma_0/U0/I_PRMRY_DATAMOVER/GEN_S2MM_FULL.I_S2MM_FULL_WRAPPER/GEN_ENABLE_INDET_BTT_SF.I_INDET_BTT/I_DATA_FIFO/BLK_MEM.I_SYNC_FIFOGEN_FIFO/xpm_fifo_base_inst/xpm_fifo_rst_inst/gen_sdpram.xpm_memory_base_inst_i_1/O
                         net (fo=24, routed)          0.505     6.144    spi_module_i/axi_dma_0/U0/I_PRMRY_DATAMOVER/GEN_S2MM_FULL.I_S2MM_FULL_WRAPPER/GEN_ENABLE_INDET_BTT_SF.I_INDET_BTT/I_DATA_FIFO/BLK_MEM.I_SYNC_FIFOGEN_FIFO/xpm_fifo_base_inst/gen_sdpram.xpm_memory_base_inst/wea[0]
    RAMB36_X0Y31         RAMB36E2                                     r  spi_module_i/axi_dma_0/U0/I_PRMRY_DATAMOVER/GEN_S2MM_FULL.I_S2MM_FULL_WRAPPER/GEN_ENABLE_INDET_BTT_SF.I_INDET_BTT/I_DATA_FIFO/BLK_MEM.I_SYNC_FIFOGEN_FIFO/xpm_fifo_base_inst/gen_sdpram.xpm_memory_base_inst/gen_wr_a.gen_word_narrow.mem_reg/WEBWE[5]
  -------------------------------------------------------------------    -------------------

                         (clock clk_pl_0 rise edge)
                                                     10.000    10.000 r  
    PS8_X0Y0             PS8                          0.000    10.000 r  spi_module_i/zynq_ultra_ps_e_0/inst/PS8_i/PLCLK[0]
                         net (fo=1, routed)           0.181    10.181    spi_module_i/zynq_ultra_ps_e_0/inst/pl_clk_unbuffered[0]
    BUFG_PS_X0Y91        BUFG_PS (Prop_BUFG_PS_I_O)
                                                      0.035    10.216 r  spi_module_i/zynq_ultra_ps_e_0/inst/buffer_pl_clk_0.PL_CLK_0_BUFG/O
    X0Y1 (CLOCK_ROOT)    net (fo=10582, routed)       2.258    12.474    spi_module_i/axi_dma_0/U0/I_PRMRY_DATAMOVER/GEN_S2MM_FULL.I_S2MM_FULL_WRAPPER/GEN_ENABLE_INDET_BTT_SF.I_INDET_BTT/I_DATA_FIFO/BLK_MEM.I_SYNC_FIFOGEN_FIFO/xpm_fifo_base_inst/gen_sdpram.xpm_memory_base_inst/clka
    RAMB36_X0Y31         RAMB36E2                                     r  spi_module_i/axi_dma_0/U0/I_PRMRY_DATAMOVER/GEN_S2MM_FULL.I_S2MM_FULL_WRAPPER/GEN_ENABLE_INDET_BTT_SF.I_INDET_BTT/I_DATA_FIFO/BLK_MEM.I_SYNC_FIFOGEN_FIFO/xpm_fifo_base_inst/gen_sdpram.xpm_memory_base_inst/gen_wr_a.gen_word_narrow.mem_reg/CLKBWRCLK
                         clock pessimism              0.203    12.677    
                         clock uncertainty           -0.160    12.517    
    RAMB36_X0Y31         RAMB36E2 (Setup_RAMB36E2_RAMB36_CLKBWRCLK_WEBWE[5])
                                                     -0.611    11.906    spi_module_i/axi_dma_0/U0/I_PRMRY_DATAMOVER/GEN_S2MM_FULL.I_S2MM_FULL_WRAPPER/GEN_ENABLE_INDET_BTT_SF.I_INDET_BTT/I_DATA_FIFO/BLK_MEM.I_SYNC_FIFOGEN_FIFO/xpm_fifo_base_inst/gen_sdpram.xpm_memory_base_inst/gen_wr_a.gen_word_narrow.mem_reg
  -------------------------------------------------------------------
                         required time                         11.906    
                         arrival time                          -6.144    
  -------------------------------------------------------------------
                         slack                                  5.761    

Slack (MET) :             5.774ns  (required time - arrival time)
  Source:                 spi_module_i/axi_dma_0/U0/I_PRMRY_DATAMOVER/GEN_S2MM_FULL.I_S2MM_FULL_WRAPPER/GEN_ENABLE_INDET_BTT_SF.I_INDET_BTT/I_DATA_FIFO/BLK_MEM.I_SYNC_FIFOGEN_FIFO/xpm_fifo_base_inst/gen_pntr_flags_cc.gen_full_rst_val.ram_full_i_reg/C
                            (rising edge-triggered cell FDSE clocked by clk_pl_0  {rise@0.000ns fall@5.000ns period=10.000ns})
  Destination:            spi_module_i/axi_dma_0/U0/I_PRMRY_DATAMOVER/GEN_S2MM_FULL.I_S2MM_FULL_WRAPPER/GEN_ENABLE_INDET_BTT_SF.I_INDET_BTT/I_DATA_FIFO/BLK_MEM.I_SYNC_FIFOGEN_FIFO/xpm_fifo_base_inst/gen_sdpram.xpm_memory_base_inst/gen_wr_a.gen_word_narrow.mem_reg/WEBWE[7]
                            (rising edge-triggered cell RAMB36E2 clocked by clk_pl_0  {rise@0.000ns fall@5.000ns period=10.000ns})
  Path Group:             clk_pl_0
  Path Type:              Setup (Max at Slow Process Corner)
  Requirement:            10.000ns  (clk_pl_0 rise@10.000ns - clk_pl_0 rise@0.000ns)
  Data Path Delay:        3.381ns  (logic 0.598ns (17.686%)  route 2.783ns (82.314%))
  Logic Levels:           3  (LUT3=1 LUT4=2)
  Clock Path Skew:        -0.074ns (DCD - SCD + CPR)
    Destination Clock Delay (DCD):    2.474ns = ( 12.474 - 10.000 ) 
    Source Clock Delay      (SCD):    2.751ns
    Clock Pessimism Removal (CPR):    0.203ns
  Clock Uncertainty:      0.160ns  ((TSJ^2 + DJ^2)^1/2) / 2 + PE
    Total System Jitter     (TSJ):    0.071ns
    Discrete Jitter          (DJ):    0.312ns
    Phase Error              (PE):    0.000ns
  Clock Net Delay (Source):      2.484ns (routing 1.229ns, distribution 1.255ns)
  Clock Net Delay (Destination): 2.258ns (routing 1.122ns, distribution 1.136ns)

    Location             Delay type                Incr(ns)  Path(ns)    Netlist Resource(s)
  -------------------------------------------------------------------    -------------------
                         (clock clk_pl_0 rise edge)
                                                      0.000     0.000 r  
    PS8_X0Y0             PS8                          0.000     0.000 r  spi_module_i/zynq_ultra_ps_e_0/inst/PS8_i/PLCLK[0]
                         net (fo=1, routed)           0.229     0.229    spi_module_i/zynq_ultra_ps_e_0/inst/pl_clk_unbuffered[0]
    BUFG_PS_X0Y91        BUFG_PS (Prop_BUFG_PS_I_O)
                                                      0.038     0.267 r  spi_module_i/zynq_ultra_ps_e_0/inst/buffer_pl_clk_0.PL_CLK_0_BUFG/O
    X0Y1 (CLOCK_ROOT)    net (fo=10582, routed)       2.484     2.751    spi_module_i/axi_dma_0/U0/I_PRMRY_DATAMOVER/GEN_S2MM_FULL.I_S2MM_FULL_WRAPPER/GEN_ENABLE_INDET_BTT_SF.I_INDET_BTT/I_DATA_FIFO/BLK_MEM.I_SYNC_FIFOGEN_FIFO/xpm_fifo_base_inst/wr_clk
    SLICE_X25Y159        FDSE                                         r  spi_module_i/axi_dma_0/U0/I_PRMRY_DATAMOVER/GEN_S2MM_FULL.I_S2MM_FULL_WRAPPER/GEN_ENABLE_INDET_BTT_SF.I_INDET_BTT/I_DATA_FIFO/BLK_MEM.I_SYNC_FIFOGEN_FIFO/xpm_fifo_base_inst/gen_pntr_flags_cc.gen_full_rst_val.ram_full_i_reg/C
  -------------------------------------------------------------------    -------------------
    SLICE_X25Y159        FDSE (Prop_DFF_SLICEM_C_Q)
                                                      0.116     2.867 f  spi_module_i/axi_dma_0/U0/I_PRMRY_DATAMOVER/GEN_S2MM_FULL.I_S2MM_FULL_WRAPPER/GEN_ENABLE_INDET_BTT_SF.I_INDET_BTT/I_DATA_FIFO/BLK_MEM.I_SYNC_FIFOGEN_FIFO/xpm_fifo_base_inst/gen_pntr_flags_cc.gen_full_rst_val.ram_full_i_reg/Q
                         net (fo=5, routed)           0.901     3.768    spi_module_i/axi_dma_0/U0/I_PRMRY_DATAMOVER/GEN_S2MM_FULL.I_S2MM_FULL_WRAPPER/GEN_ENABLE_INDET_BTT_SF.I_INDET_BTT/I_XD_FIFO/full
    SLICE_X8Y161         LUT3 (Prop_H6LUT_SLICEM_I0_O)
                                                      0.154     3.922 f  spi_module_i/axi_dma_0/U0/I_PRMRY_DATAMOVER/GEN_S2MM_FULL.I_S2MM_FULL_WRAPPER/GEN_ENABLE_INDET_BTT_SF.I_INDET_BTT/I_XD_FIFO/BLK_MEM.I_SYNC_FIFOGEN_FIFO_i_9__0/O
                         net (fo=5, routed)           0.286     4.208    spi_module_i/axi_dma_0/U0/I_PRMRY_DATAMOVER/GEN_S2MM_FULL.I_S2MM_FULL_WRAPPER/GEN_INCLUDE_REALIGNER.I_S2MM_REALIGNER/GEN_INCLUDE_SCATTER.I_S2MM_SCATTER/I_MSSAI_SKID_BUF/sig_byte_cntr_reg[6]
    SLICE_X9Y157         LUT4 (Prop_A5LUT_SLICEL_I0_O)
                                                      0.192     4.400 r  spi_module_i/axi_dma_0/U0/I_PRMRY_DATAMOVER/GEN_S2MM_FULL.I_S2MM_FULL_WRAPPER/GEN_INCLUDE_REALIGNER.I_S2MM_REALIGNER/GEN_INCLUDE_SCATTER.I_S2MM_SCATTER/I_MSSAI_SKID_BUF/BLK_MEM.I_SYNC_FIFOGEN_FIFO_i_1__0/O
                         net (fo=27, routed)          1.103     5.503    spi_module_i/axi_dma_0/U0/I_PRMRY_DATAMOVER/GEN_S2MM_FULL.I_S2MM_FULL_WRAPPER/GEN_ENABLE_INDET_BTT_SF.I_INDET_BTT/I_DATA_FIFO/BLK_MEM.I_SYNC_FIFOGEN_FIFO/xpm_fifo_base_inst/xpm_fifo_rst_inst/wr_en
    SLICE_X25Y159        LUT4 (Prop_C5LUT_SLICEM_I0_O)
                                                      0.136     5.639 r  spi_module_i/axi_dma_0/U0/I_PRMRY_DATAMOVER/GEN_S2MM_FULL.I_S2MM_FULL_WRAPPER/GEN_ENABLE_INDET_BTT_SF.I_INDET_BTT/I_DATA_FIFO/BLK_MEM.I_SYNC_FIFOGEN_FIFO/xpm_fifo_base_inst/xpm_fifo_rst_inst/gen_sdpram.xpm_memory_base_inst_i_1/O
                         net (fo=24, routed)          0.493     6.132    spi_module_i/axi_dma_0/U0/I_PRMRY_DATAMOVER/GEN_S2MM_FULL.I_S2MM_FULL_WRAPPER/GEN_ENABLE_INDET_BTT_SF.I_INDET_BTT/I_DATA_FIFO/BLK_MEM.I_SYNC_FIFOGEN_FIFO/xpm_fifo_base_inst/gen_sdpram.xpm_memory_base_inst/wea[0]
    RAMB36_X0Y31         RAMB36E2                                     r  spi_module_i/axi_dma_0/U0/I_PRMRY_DATAMOVER/GEN_S2MM_FULL.I_S2MM_FULL_WRAPPER/GEN_ENABLE_INDET_BTT_SF.I_INDET_BTT/I_DATA_FIFO/BLK_MEM.I_SYNC_FIFOGEN_FIFO/xpm_fifo_base_inst/gen_sdpram.xpm_memory_base_inst/gen_wr_a.gen_word_narrow.mem_reg/WEBWE[7]
  -------------------------------------------------------------------    -------------------

                         (clock clk_pl_0 rise edge)
                                                     10.000    10.000 r  
    PS8_X0Y0             PS8                          0.000    10.000 r  spi_module_i/zynq_ultra_ps_e_0/inst/PS8_i/PLCLK[0]
                         net (fo=1, routed)           0.181    10.181    spi_module_i/zynq_ultra_ps_e_0/inst/pl_clk_unbuffered[0]
    BUFG_PS_X0Y91        BUFG_PS (Prop_BUFG_PS_I_O)
                                                      0.035    10.216 r  spi_module_i/zynq_ultra_ps_e_0/inst/buffer_pl_clk_0.PL_CLK_0_BUFG/O
    X0Y1 (CLOCK_ROOT)    net (fo=10582, routed)       2.258    12.474    spi_module_i/axi_dma_0/U0/I_PRMRY_DATAMOVER/GEN_S2MM_FULL.I_S2MM_FULL_WRAPPER/GEN_ENABLE_INDET_BTT_SF.I_INDET_BTT/I_DATA_FIFO/BLK_MEM.I_SYNC_FIFOGEN_FIFO/xpm_fifo_base_inst/gen_sdpram.xpm_memory_base_inst/clka
    RAMB36_X0Y31         RAMB36E2                                     r  spi_module_i/axi_dma_0/U0/I_PRMRY_DATAMOVER/GEN_S2MM_FULL.I_S2MM_FULL_WRAPPER/GEN_ENABLE_INDET_BTT_SF.I_INDET_BTT/I_DATA_FIFO/BLK_MEM.I_SYNC_FIFOGEN_FIFO/xpm_fifo_base_inst/gen_sdpram.xpm_memory_base_inst/gen_wr_a.gen_word_narrow.mem_reg/CLKBWRCLK
                         clock pessimism              0.203    12.677    
                         clock uncertainty           -0.160    12.517    
    RAMB36_X0Y31         RAMB36E2 (Setup_RAMB36E2_RAMB36_CLKBWRCLK_WEBWE[7])
                                                     -0.611    11.906    spi_module_i/axi_dma_0/U0/I_PRMRY_DATAMOVER/GEN_S2MM_FULL.I_S2MM_FULL_WRAPPER/GEN_ENABLE_INDET_BTT_SF.I_INDET_BTT/I_DATA_FIFO/BLK_MEM.I_SYNC_FIFOGEN_FIFO/xpm_fifo_base_inst/gen_sdpram.xpm_memory_base_inst/gen_wr_a.gen_word_narrow.mem_reg
  -------------------------------------------------------------------
                         required time                         11.906    
                         arrival time                          -6.132    
  -------------------------------------------------------------------
                         slack                                  5.774    

Slack (MET) :             5.774ns  (required time - arrival time)
  Source:                 spi_module_i/axi_dma_0/U0/I_PRMRY_DATAMOVER/GEN_S2MM_FULL.I_S2MM_FULL_WRAPPER/GEN_ENABLE_INDET_BTT_SF.I_INDET_BTT/I_DATA_FIFO/BLK_MEM.I_SYNC_FIFOGEN_FIFO/xpm_fifo_base_inst/gen_pntr_flags_cc.gen_full_rst_val.ram_full_i_reg/C
                            (rising edge-triggered cell FDSE clocked by clk_pl_0  {rise@0.000ns fall@5.000ns period=10.000ns})
  Destination:            spi_module_i/axi_dma_0/U0/I_PRMRY_DATAMOVER/GEN_S2MM_FULL.I_S2MM_FULL_WRAPPER/GEN_ENABLE_INDET_BTT_SF.I_INDET_BTT/I_DATA_FIFO/BLK_MEM.I_SYNC_FIFOGEN_FIFO/xpm_fifo_base_inst/gen_sdpram.xpm_memory_base_inst/gen_wr_a.gen_word_narrow.mem_reg/WEBWE[4]
                            (rising edge-triggered cell RAMB36E2 clocked by clk_pl_0  {rise@0.000ns fall@5.000ns period=10.000ns})
  Path Group:             clk_pl_0
  Path Type:              Setup (Max at Slow Process Corner)
  Requirement:            10.000ns  (clk_pl_0 rise@10.000ns - clk_pl_0 rise@0.000ns)
  Data Path Delay:        3.381ns  (logic 0.598ns (17.689%)  route 2.783ns (82.311%))
  Logic Levels:           3  (LUT3=1 LUT4=2)
  Clock Path Skew:        -0.074ns (DCD - SCD + CPR)
    Destination Clock Delay (DCD):    2.474ns = ( 12.474 - 10.000 ) 
    Source Clock Delay      (SCD):    2.751ns
    Clock Pessimism Removal (CPR):    0.203ns
  Clock Uncertainty:      0.160ns  ((TSJ^2 + DJ^2)^1/2) / 2 + PE
    Total System Jitter     (TSJ):    0.071ns
    Discrete Jitter          (DJ):    0.312ns
    Phase Error              (PE):    0.000ns
  Clock Net Delay (Source):      2.484ns (routing 1.229ns, distribution 1.255ns)
  Clock Net Delay (Destination): 2.258ns (routing 1.122ns, distribution 1.136ns)

    Location             Delay type                Incr(ns)  Path(ns)    Netlist Resource(s)
  -------------------------------------------------------------------    -------------------
                         (clock clk_pl_0 rise edge)
                                                      0.000     0.000 r  
    PS8_X0Y0             PS8                          0.000     0.000 r  spi_module_i/zynq_ultra_ps_e_0/inst/PS8_i/PLCLK[0]
                         net (fo=1, routed)           0.229     0.229    spi_module_i/zynq_ultra_ps_e_0/inst/pl_clk_unbuffered[0]
    BUFG_PS_X0Y91        BUFG_PS (Prop_BUFG_PS_I_O)
                                                      0.038     0.267 r  spi_module_i/zynq_ultra_ps_e_0/inst/buffer_pl_clk_0.PL_CLK_0_BUFG/O
    X0Y1 (CLOCK_ROOT)    net (fo=10582, routed)       2.484     2.751    spi_module_i/axi_dma_0/U0/I_PRMRY_DATAMOVER/GEN_S2MM_FULL.I_S2MM_FULL_WRAPPER/GEN_ENABLE_INDET_BTT_SF.I_INDET_BTT/I_DATA_FIFO/BLK_MEM.I_SYNC_FIFOGEN_FIFO/xpm_fifo_base_inst/wr_clk
    SLICE_X25Y159        FDSE                                         r  spi_module_i/axi_dma_0/U0/I_PRMRY_DATAMOVER/GEN_S2MM_FULL.I_S2MM_FULL_WRAPPER/GEN_ENABLE_INDET_BTT_SF.I_INDET_BTT/I_DATA_FIFO/BLK_MEM.I_SYNC_FIFOGEN_FIFO/xpm_fifo_base_inst/gen_pntr_flags_cc.gen_full_rst_val.ram_full_i_reg/C
  -------------------------------------------------------------------    -------------------
    SLICE_X25Y159        FDSE (Prop_DFF_SLICEM_C_Q)
                                                      0.116     2.867 f  spi_module_i/axi_dma_0/U0/I_PRMRY_DATAMOVER/GEN_S2MM_FULL.I_S2MM_FULL_WRAPPER/GEN_ENABLE_INDET_BTT_SF.I_INDET_BTT/I_DATA_FIFO/BLK_MEM.I_SYNC_FIFOGEN_FIFO/xpm_fifo_base_inst/gen_pntr_flags_cc.gen_full_rst_val.ram_full_i_reg/Q
                         net (fo=5, routed)           0.901     3.768    spi_module_i/axi_dma_0/U0/I_PRMRY_DATAMOVER/GEN_S2MM_FULL.I_S2MM_FULL_WRAPPER/GEN_ENABLE_INDET_BTT_SF.I_INDET_BTT/I_XD_FIFO/full
    SLICE_X8Y161         LUT3 (Prop_H6LUT_SLICEM_I0_O)
                                                      0.154     3.922 f  spi_module_i/axi_dma_0/U0/I_PRMRY_DATAMOVER/GEN_S2MM_FULL.I_S2MM_FULL_WRAPPER/GEN_ENABLE_INDET_BTT_SF.I_INDET_BTT/I_XD_FIFO/BLK_MEM.I_SYNC_FIFOGEN_FIFO_i_9__0/O
                         net (fo=5, routed)           0.286     4.208    spi_module_i/axi_dma_0/U0/I_PRMRY_DATAMOVER/GEN_S2MM_FULL.I_S2MM_FULL_WRAPPER/GEN_INCLUDE_REALIGNER.I_S2MM_REALIGNER/GEN_INCLUDE_SCATTER.I_S2MM_SCATTER/I_MSSAI_SKID_BUF/sig_byte_cntr_reg[6]
    SLICE_X9Y157         LUT4 (Prop_A5LUT_SLICEL_I0_O)
                                                      0.192     4.400 r  spi_module_i/axi_dma_0/U0/I_PRMRY_DATAMOVER/GEN_S2MM_FULL.I_S2MM_FULL_WRAPPER/GEN_INCLUDE_REALIGNER.I_S2MM_REALIGNER/GEN_INCLUDE_SCATTER.I_S2MM_SCATTER/I_MSSAI_SKID_BUF/BLK_MEM.I_SYNC_FIFOGEN_FIFO_i_1__0/O
                         net (fo=27, routed)          1.103     5.503    spi_module_i/axi_dma_0/U0/I_PRMRY_DATAMOVER/GEN_S2MM_FULL.I_S2MM_FULL_WRAPPER/GEN_ENABLE_INDET_BTT_SF.I_INDET_BTT/I_DATA_FIFO/BLK_MEM.I_SYNC_FIFOGEN_FIFO/xpm_fifo_base_inst/xpm_fifo_rst_inst/wr_en
    SLICE_X25Y159        LUT4 (Prop_C5LUT_SLICEM_I0_O)
                                                      0.136     5.639 r  spi_module_i/axi_dma_0/U0/I_PRMRY_DATAMOVER/GEN_S2MM_FULL.I_S2MM_FULL_WRAPPER/GEN_ENABLE_INDET_BTT_SF.I_INDET_BTT/I_DATA_FIFO/BLK_MEM.I_SYNC_FIFOGEN_FIFO/xpm_fifo_base_inst/xpm_fifo_rst_inst/gen_sdpram.xpm_memory_base_inst_i_1/O
                         net (fo=24, routed)          0.492     6.131    spi_module_i/axi_dma_0/U0/I_PRMRY_DATAMOVER/GEN_S2MM_FULL.I_S2MM_FULL_WRAPPER/GEN_ENABLE_INDET_BTT_SF.I_INDET_BTT/I_DATA_FIFO/BLK_MEM.I_SYNC_FIFOGEN_FIFO/xpm_fifo_base_inst/gen_sdpram.xpm_memory_base_inst/wea[0]
    RAMB36_X0Y31         RAMB36E2                                     r  spi_module_i/axi_dma_0/U0/I_PRMRY_DATAMOVER/GEN_S2MM_FULL.I_S2MM_FULL_WRAPPER/GEN_ENABLE_INDET_BTT_SF.I_INDET_BTT/I_DATA_FIFO/BLK_MEM.I_SYNC_FIFOGEN_FIFO/xpm_fifo_base_inst/gen_sdpram.xpm_memory_base_inst/gen_wr_a.gen_word_narrow.mem_reg/WEBWE[4]
  -------------------------------------------------------------------    -------------------

                         (clock clk_pl_0 rise edge)
                                                     10.000    10.000 r  
    PS8_X0Y0             PS8                          0.000    10.000 r  spi_module_i/zynq_ultra_ps_e_0/inst/PS8_i/PLCLK[0]
                         net (fo=1, routed)           0.181    10.181    spi_module_i/zynq_ultra_ps_e_0/inst/pl_clk_unbuffered[0]
    BUFG_PS_X0Y91        BUFG_PS (Prop_BUFG_PS_I_O)
                                                      0.035    10.216 r  spi_module_i/zynq_ultra_ps_e_0/inst/buffer_pl_clk_0.PL_CLK_0_BUFG/O
    X0Y1 (CLOCK_ROOT)    net (fo=10582, routed)       2.258    12.474    spi_module_i/axi_dma_0/U0/I_PRMRY_DATAMOVER/GEN_S2MM_FULL.I_S2MM_FULL_WRAPPER/GEN_ENABLE_INDET_BTT_SF.I_INDET_BTT/I_DATA_FIFO/BLK_MEM.I_SYNC_FIFOGEN_FIFO/xpm_fifo_base_inst/gen_sdpram.xpm_memory_base_inst/clka
    RAMB36_X0Y31         RAMB36E2                                     r  spi_module_i/axi_dma_0/U0/I_PRMRY_DATAMOVER/GEN_S2MM_FULL.I_S2MM_FULL_WRAPPER/GEN_ENABLE_INDET_BTT_SF.I_INDET_BTT/I_DATA_FIFO/BLK_MEM.I_SYNC_FIFOGEN_FIFO/xpm_fifo_base_inst/gen_sdpram.xpm_memory_base_inst/gen_wr_a.gen_word_narrow.mem_reg/CLKBWRCLK
                         clock pessimism              0.203    12.677    
                         clock uncertainty           -0.160    12.517    
    RAMB36_X0Y31         RAMB36E2 (Setup_RAMB36E2_RAMB36_CLKBWRCLK_WEBWE[4])
                                                     -0.611    11.906    spi_module_i/axi_dma_0/U0/I_PRMRY_DATAMOVER/GEN_S2MM_FULL.I_S2MM_FULL_WRAPPER/GEN_ENABLE_INDET_BTT_SF.I_INDET_BTT/I_DATA_FIFO/BLK_MEM.I_SYNC_FIFOGEN_FIFO/xpm_fifo_base_inst/gen_sdpram.xpm_memory_base_inst/gen_wr_a.gen_word_narrow.mem_reg
  -------------------------------------------------------------------
                         required time                         11.906    
                         arrival time                          -6.131    
  -------------------------------------------------------------------
                         slack                                  5.774    

Slack (MET) :             5.793ns  (required time - arrival time)
  Source:                 spi_module_i/axi_dma_0/U0/I_PRMRY_DATAMOVER/GEN_MM2S_FULL.I_MM2S_FULL_WRAPPER/I_RD_DATA_CNTL/sig_addr_posted_cntr_reg[2]/C
                            (rising edge-triggered cell FDRE clocked by clk_pl_0  {rise@0.000ns fall@5.000ns period=10.000ns})
  Destination:            spi_module_i/axi_dma_0/U0/I_PRMRY_DATAMOVER/GEN_MM2S_FULL.I_MM2S_FULL_WRAPPER/GEN_INCLUDE_MM2S_SF.I_RD_SF/I_DATA_FIFO/BLK_MEM.I_SYNC_FIFOGEN_FIFO/xpm_fifo_base_inst/gen_sdpram.xpm_memory_base_inst/gen_wr_a.gen_word_narrow.mem_reg/WEBWE[3]
                            (rising edge-triggered cell RAMB36E2 clocked by clk_pl_0  {rise@0.000ns fall@5.000ns period=10.000ns})
  Path Group:             clk_pl_0
  Path Type:              Setup (Max at Slow Process Corner)
  Requirement:            10.000ns  (clk_pl_0 rise@10.000ns - clk_pl_0 rise@0.000ns)
  Data Path Delay:        3.451ns  (logic 0.526ns (15.242%)  route 2.925ns (84.758%))
  Logic Levels:           3  (LUT4=1 LUT5=2)
  Clock Path Skew:        0.015ns (DCD - SCD + CPR)
    Destination Clock Delay (DCD):    2.432ns = ( 12.432 - 10.000 ) 
    Source Clock Delay      (SCD):    2.611ns
    Clock Pessimism Removal (CPR):    0.194ns
  Clock Uncertainty:      0.160ns  ((TSJ^2 + DJ^2)^1/2) / 2 + PE
    Total System Jitter     (TSJ):    0.071ns
    Discrete Jitter          (DJ):    0.312ns
    Phase Error              (PE):    0.000ns
  Clock Net Delay (Source):      2.344ns (routing 1.229ns, distribution 1.115ns)
  Clock Net Delay (Destination): 2.216ns (routing 1.122ns, distribution 1.094ns)

    Location             Delay type                Incr(ns)  Path(ns)    Netlist Resource(s)
  -------------------------------------------------------------------    -------------------
                         (clock clk_pl_0 rise edge)
                                                      0.000     0.000 r  
    PS8_X0Y0             PS8                          0.000     0.000 r  spi_module_i/zynq_ultra_ps_e_0/inst/PS8_i/PLCLK[0]
                         net (fo=1, routed)           0.229     0.229    spi_module_i/zynq_ultra_ps_e_0/inst/pl_clk_unbuffered[0]
    BUFG_PS_X0Y91        BUFG_PS (Prop_BUFG_PS_I_O)
                                                      0.038     0.267 r  spi_module_i/zynq_ultra_ps_e_0/inst/buffer_pl_clk_0.PL_CLK_0_BUFG/O
    X0Y1 (CLOCK_ROOT)    net (fo=10582, routed)       2.344     2.611    spi_module_i/axi_dma_0/U0/I_PRMRY_DATAMOVER/GEN_MM2S_FULL.I_MM2S_FULL_WRAPPER/I_RD_DATA_CNTL/m_axi_mm2s_aclk
    SLICE_X5Y109         FDRE                                         r  spi_module_i/axi_dma_0/U0/I_PRMRY_DATAMOVER/GEN_MM2S_FULL.I_MM2S_FULL_WRAPPER/I_RD_DATA_CNTL/sig_addr_posted_cntr_reg[2]/C
  -------------------------------------------------------------------    -------------------
    SLICE_X5Y109         FDRE (Prop_CFF2_SLICEM_C_Q)
                                                      0.114     2.725 r  spi_module_i/axi_dma_0/U0/I_PRMRY_DATAMOVER/GEN_MM2S_FULL.I_MM2S_FULL_WRAPPER/I_RD_DATA_CNTL/sig_addr_posted_cntr_reg[2]/Q
                         net (fo=6, routed)           0.254     2.979    spi_module_i/axi_dma_0/U0/I_PRMRY_DATAMOVER/GEN_MM2S_FULL.I_MM2S_FULL_WRAPPER/I_RD_DATA_CNTL/sig_addr_posted_cntr[2]
    SLICE_X5Y109         LUT5 (Prop_D6LUT_SLICEM_I1_O)
                                                      0.185     3.164 r  spi_module_i/axi_dma_0/U0/I_PRMRY_DATAMOVER/GEN_MM2S_FULL.I_MM2S_FULL_WRAPPER/I_RD_DATA_CNTL/m_axi_mm2s_rready_INST_0_i_1/O
                         net (fo=5, routed)           0.255     3.419    spi_module_i/axi_dma_0/U0/I_PRMRY_DATAMOVER/GEN_MM2S_FULL.I_MM2S_FULL_WRAPPER/I_RD_DATA_CNTL/m_axi_mm2s_rready_INST_0_i_1_n_0
    SLICE_X5Y101         LUT5 (Prop_D6LUT_SLICEM_I0_O)
                                                      0.134     3.553 r  spi_module_i/axi_dma_0/U0/I_PRMRY_DATAMOVER/GEN_MM2S_FULL.I_MM2S_FULL_WRAPPER/I_RD_DATA_CNTL/BLK_MEM.I_SYNC_FIFOGEN_FIFO_i_2/O
                         net (fo=3, routed)           0.263     3.817    spi_module_i/axi_dma_0/U0/I_PRMRY_DATAMOVER/GEN_MM2S_FULL.I_MM2S_FULL_WRAPPER/GEN_INCLUDE_MM2S_SF.I_RD_SF/I_DATA_FIFO/BLK_MEM.I_SYNC_FIFOGEN_FIFO/xpm_fifo_base_inst/xpm_fifo_rst_inst/wr_en
    SLICE_X7Y93          LUT4 (Prop_C5LUT_SLICEM_I0_O)
                                                      0.093     3.910 r  spi_module_i/axi_dma_0/U0/I_PRMRY_DATAMOVER/GEN_MM2S_FULL.I_MM2S_FULL_WRAPPER/GEN_INCLUDE_MM2S_SF.I_RD_SF/I_DATA_FIFO/BLK_MEM.I_SYNC_FIFOGEN_FIFO/xpm_fifo_base_inst/xpm_fifo_rst_inst/gen_sdpram.xpm_memory_base_inst_i_1/O
                         net (fo=26, routed)          2.152     6.062    spi_module_i/axi_dma_0/U0/I_PRMRY_DATAMOVER/GEN_MM2S_FULL.I_MM2S_FULL_WRAPPER/GEN_INCLUDE_MM2S_SF.I_RD_SF/I_DATA_FIFO/BLK_MEM.I_SYNC_FIFOGEN_FIFO/xpm_fifo_base_inst/gen_sdpram.xpm_memory_base_inst/wea[0]
    RAMB36_X0Y17         RAMB36E2                                     r  spi_module_i/axi_dma_0/U0/I_PRMRY_DATAMOVER/GEN_MM2S_FULL.I_MM2S_FULL_WRAPPER/GEN_INCLUDE_MM2S_SF.I_RD_SF/I_DATA_FIFO/BLK_MEM.I_SYNC_FIFOGEN_FIFO/xpm_fifo_base_inst/gen_sdpram.xpm_memory_base_inst/gen_wr_a.gen_word_narrow.mem_reg/WEBWE[3]
  -------------------------------------------------------------------    -------------------

                         (clock clk_pl_0 rise edge)
                                                     10.000    10.000 r  
    PS8_X0Y0             PS8                          0.000    10.000 r  spi_module_i/zynq_ultra_ps_e_0/inst/PS8_i/PLCLK[0]
                         net (fo=1, routed)           0.181    10.181    spi_module_i/zynq_ultra_ps_e_0/inst/pl_clk_unbuffered[0]
    BUFG_PS_X0Y91        BUFG_PS (Prop_BUFG_PS_I_O)
                                                      0.035    10.216 r  spi_module_i/zynq_ultra_ps_e_0/inst/buffer_pl_clk_0.PL_CLK_0_BUFG/O
    X0Y1 (CLOCK_ROOT)    net (fo=10582, routed)       2.216    12.432    spi_module_i/axi_dma_0/U0/I_PRMRY_DATAMOVER/GEN_MM2S_FULL.I_MM2S_FULL_WRAPPER/GEN_INCLUDE_MM2S_SF.I_RD_SF/I_DATA_FIFO/BLK_MEM.I_SYNC_FIFOGEN_FIFO/xpm_fifo_base_inst/gen_sdpram.xpm_memory_base_inst/clka
    RAMB36_X0Y17         RAMB36E2                                     r  spi_module_i/axi_dma_0/U0/I_PRMRY_DATAMOVER/GEN_MM2S_FULL.I_MM2S_FULL_WRAPPER/GEN_INCLUDE_MM2S_SF.I_RD_SF/I_DATA_FIFO/BLK_MEM.I_SYNC_FIFOGEN_FIFO/xpm_fifo_base_inst/gen_sdpram.xpm_memory_base_inst/gen_wr_a.gen_word_narrow.mem_reg/CLKBWRCLK
                         clock pessimism              0.194    12.626    
                         clock uncertainty           -0.160    12.466    
    RAMB36_X0Y17         RAMB36E2 (Setup_RAMB36E2_RAMB36_CLKBWRCLK_WEBWE[3])
                                                     -0.611    11.855    spi_module_i/axi_dma_0/U0/I_PRMRY_DATAMOVER/GEN_MM2S_FULL.I_MM2S_FULL_WRAPPER/GEN_INCLUDE_MM2S_SF.I_RD_SF/I_DATA_FIFO/BLK_MEM.I_SYNC_FIFOGEN_FIFO/xpm_fifo_base_inst/gen_sdpram.xpm_memory_base_inst/gen_wr_a.gen_word_narrow.mem_reg
  -------------------------------------------------------------------
                         required time                         11.855    
                         arrival time                          -6.062    
  -------------------------------------------------------------------
                         slack                                  5.793    

Slack (MET) :             5.806ns  (required time - arrival time)
  Source:                 spi_module_i/axi_dma_0/U0/I_PRMRY_DATAMOVER/GEN_MM2S_FULL.I_MM2S_FULL_WRAPPER/I_RD_DATA_CNTL/sig_addr_posted_cntr_reg[2]/C
                            (rising edge-triggered cell FDRE clocked by clk_pl_0  {rise@0.000ns fall@5.000ns period=10.000ns})
  Destination:            spi_module_i/axi_dma_0/U0/I_PRMRY_DATAMOVER/GEN_MM2S_FULL.I_MM2S_FULL_WRAPPER/GEN_INCLUDE_MM2S_SF.I_RD_SF/I_DATA_FIFO/BLK_MEM.I_SYNC_FIFOGEN_FIFO/xpm_fifo_base_inst/gen_sdpram.xpm_memory_base_inst/gen_wr_a.gen_word_narrow.mem_reg/WEBWE[5]
                            (rising edge-triggered cell RAMB36E2 clocked by clk_pl_0  {rise@0.000ns fall@5.000ns period=10.000ns})
  Path Group:             clk_pl_0
  Path Type:              Setup (Max at Slow Process Corner)
  Requirement:            10.000ns  (clk_pl_0 rise@10.000ns - clk_pl_0 rise@0.000ns)
  Data Path Delay:        3.438ns  (logic 0.526ns (15.299%)  route 2.912ns (84.701%))
  Logic Levels:           3  (LUT4=1 LUT5=2)
  Clock Path Skew:        0.015ns (DCD - SCD + CPR)
    Destination Clock Delay (DCD):    2.432ns = ( 12.432 - 10.000 ) 
    Source Clock Delay      (SCD):    2.611ns
    Clock Pessimism Removal (CPR):    0.194ns
  Clock Uncertainty:      0.160ns  ((TSJ^2 + DJ^2)^1/2) / 2 + PE
    Total System Jitter     (TSJ):    0.071ns
    Discrete Jitter          (DJ):    0.312ns
    Phase Error              (PE):    0.000ns
  Clock Net Delay (Source):      2.344ns (routing 1.229ns, distribution 1.115ns)
  Clock Net Delay (Destination): 2.216ns (routing 1.122ns, distribution 1.094ns)

    Location             Delay type                Incr(ns)  Path(ns)    Netlist Resource(s)
  -------------------------------------------------------------------    -------------------
                         (clock clk_pl_0 rise edge)
                                                      0.000     0.000 r  
    PS8_X0Y0             PS8                          0.000     0.000 r  spi_module_i/zynq_ultra_ps_e_0/inst/PS8_i/PLCLK[0]
                         net (fo=1, routed)           0.229     0.229    spi_module_i/zynq_ultra_ps_e_0/inst/pl_clk_unbuffered[0]
    BUFG_PS_X0Y91        BUFG_PS (Prop_BUFG_PS_I_O)
                                                      0.038     0.267 r  spi_module_i/zynq_ultra_ps_e_0/inst/buffer_pl_clk_0.PL_CLK_0_BUFG/O
    X0Y1 (CLOCK_ROOT)    net (fo=10582, routed)       2.344     2.611    spi_module_i/axi_dma_0/U0/I_PRMRY_DATAMOVER/GEN_MM2S_FULL.I_MM2S_FULL_WRAPPER/I_RD_DATA_CNTL/m_axi_mm2s_aclk
    SLICE_X5Y109         FDRE                                         r  spi_module_i/axi_dma_0/U0/I_PRMRY_DATAMOVER/GEN_MM2S_FULL.I_MM2S_FULL_WRAPPER/I_RD_DATA_CNTL/sig_addr_posted_cntr_reg[2]/C
  -------------------------------------------------------------------    -------------------
    SLICE_X5Y109         FDRE (Prop_CFF2_SLICEM_C_Q)
                                                      0.114     2.725 r  spi_module_i/axi_dma_0/U0/I_PRMRY_DATAMOVER/GEN_MM2S_FULL.I_MM2S_FULL_WRAPPER/I_RD_DATA_CNTL/sig_addr_posted_cntr_reg[2]/Q
                         net (fo=6, routed)           0.254     2.979    spi_module_i/axi_dma_0/U0/I_PRMRY_DATAMOVER/GEN_MM2S_FULL.I_MM2S_FULL_WRAPPER/I_RD_DATA_CNTL/sig_addr_posted_cntr[2]
    SLICE_X5Y109         LUT5 (Prop_D6LUT_SLICEM_I1_O)
                                                      0.185     3.164 r  spi_module_i/axi_dma_0/U0/I_PRMRY_DATAMOVER/GEN_MM2S_FULL.I_MM2S_FULL_WRAPPER/I_RD_DATA_CNTL/m_axi_mm2s_rready_INST_0_i_1/O
                         net (fo=5, routed)           0.255     3.419    spi_module_i/axi_dma_0/U0/I_PRMRY_DATAMOVER/GEN_MM2S_FULL.I_MM2S_FULL_WRAPPER/I_RD_DATA_CNTL/m_axi_mm2s_rready_INST_0_i_1_n_0
    SLICE_X5Y101         LUT5 (Prop_D6LUT_SLICEM_I0_O)
                                                      0.134     3.553 r  spi_module_i/axi_dma_0/U0/I_PRMRY_DATAMOVER/GEN_MM2S_FULL.I_MM2S_FULL_WRAPPER/I_RD_DATA_CNTL/BLK_MEM.I_SYNC_FIFOGEN_FIFO_i_2/O
                         net (fo=3, routed)           0.263     3.817    spi_module_i/axi_dma_0/U0/I_PRMRY_DATAMOVER/GEN_MM2S_FULL.I_MM2S_FULL_WRAPPER/GEN_INCLUDE_MM2S_SF.I_RD_SF/I_DATA_FIFO/BLK_MEM.I_SYNC_FIFOGEN_FIFO/xpm_fifo_base_inst/xpm_fifo_rst_inst/wr_en
    SLICE_X7Y93          LUT4 (Prop_C5LUT_SLICEM_I0_O)
                                                      0.093     3.910 r  spi_module_i/axi_dma_0/U0/I_PRMRY_DATAMOVER/GEN_MM2S_FULL.I_MM2S_FULL_WRAPPER/GEN_INCLUDE_MM2S_SF.I_RD_SF/I_DATA_FIFO/BLK_MEM.I_SYNC_FIFOGEN_FIFO/xpm_fifo_base_inst/xpm_fifo_rst_inst/gen_sdpram.xpm_memory_base_inst_i_1/O
                         net (fo=26, routed)          2.139     6.049    spi_module_i/axi_dma_0/U0/I_PRMRY_DATAMOVER/GEN_MM2S_FULL.I_MM2S_FULL_WRAPPER/GEN_INCLUDE_MM2S_SF.I_RD_SF/I_DATA_FIFO/BLK_MEM.I_SYNC_FIFOGEN_FIFO/xpm_fifo_base_inst/gen_sdpram.xpm_memory_base_inst/wea[0]
    RAMB36_X0Y17         RAMB36E2                                     r  spi_module_i/axi_dma_0/U0/I_PRMRY_DATAMOVER/GEN_MM2S_FULL.I_MM2S_FULL_WRAPPER/GEN_INCLUDE_MM2S_SF.I_RD_SF/I_DATA_FIFO/BLK_MEM.I_SYNC_FIFOGEN_FIFO/xpm_fifo_base_inst/gen_sdpram.xpm_memory_base_inst/gen_wr_a.gen_word_narrow.mem_reg/WEBWE[5]
  -------------------------------------------------------------------    -------------------

                         (clock clk_pl_0 rise edge)
                                                     10.000    10.000 r  
    PS8_X0Y0             PS8                          0.000    10.000 r  spi_module_i/zynq_ultra_ps_e_0/inst/PS8_i/PLCLK[0]
                         net (fo=1, routed)           0.181    10.181    spi_module_i/zynq_ultra_ps_e_0/inst/pl_clk_unbuffered[0]
    BUFG_PS_X0Y91        BUFG_PS (Prop_BUFG_PS_I_O)
                                                      0.035    10.216 r  spi_module_i/zynq_ultra_ps_e_0/inst/buffer_pl_clk_0.PL_CLK_0_BUFG/O
    X0Y1 (CLOCK_ROOT)    net (fo=10582, routed)       2.216    12.432    spi_module_i/axi_dma_0/U0/I_PRMRY_DATAMOVER/GEN_MM2S_FULL.I_MM2S_FULL_WRAPPER/GEN_INCLUDE_MM2S_SF.I_RD_SF/I_DATA_FIFO/BLK_MEM.I_SYNC_FIFOGEN_FIFO/xpm_fifo_base_inst/gen_sdpram.xpm_memory_base_inst/clka
    RAMB36_X0Y17         RAMB36E2                                     r  spi_module_i/axi_dma_0/U0/I_PRMRY_DATAMOVER/GEN_MM2S_FULL.I_MM2S_FULL_WRAPPER/GEN_INCLUDE_MM2S_SF.I_RD_SF/I_DATA_FIFO/BLK_MEM.I_SYNC_FIFOGEN_FIFO/xpm_fifo_base_inst/gen_sdpram.xpm_memory_base_inst/gen_wr_a.gen_word_narrow.mem_reg/CLKBWRCLK
                         clock pessimism              0.194    12.626    
                         clock uncertainty           -0.160    12.466    
    RAMB36_X0Y17         RAMB36E2 (Setup_RAMB36E2_RAMB36_CLKBWRCLK_WEBWE[5])
                                                     -0.611    11.855    spi_module_i/axi_dma_0/U0/I_PRMRY_DATAMOVER/GEN_MM2S_FULL.I_MM2S_FULL_WRAPPER/GEN_INCLUDE_MM2S_SF.I_RD_SF/I_DATA_FIFO/BLK_MEM.I_SYNC_FIFOGEN_FIFO/xpm_fifo_base_inst/gen_sdpram.xpm_memory_base_inst/gen_wr_a.gen_word_narrow.mem_reg
  -------------------------------------------------------------------
                         required time                         11.855    
                         arrival time                          -6.049    
  -------------------------------------------------------------------
                         slack                                  5.806    

Slack (MET) :             5.806ns  (required time - arrival time)
  Source:                 spi_module_i/axi_dma_0/U0/I_PRMRY_DATAMOVER/GEN_MM2S_FULL.I_MM2S_FULL_WRAPPER/I_RD_DATA_CNTL/sig_addr_posted_cntr_reg[2]/C
                            (rising edge-triggered cell FDRE clocked by clk_pl_0  {rise@0.000ns fall@5.000ns period=10.000ns})
  Destination:            spi_module_i/axi_dma_0/U0/I_PRMRY_DATAMOVER/GEN_MM2S_FULL.I_MM2S_FULL_WRAPPER/GEN_INCLUDE_MM2S_SF.I_RD_SF/I_DATA_FIFO/BLK_MEM.I_SYNC_FIFOGEN_FIFO/xpm_fifo_base_inst/gen_sdpram.xpm_memory_base_inst/gen_wr_a.gen_word_narrow.mem_reg/WEBWE[0]
                            (rising edge-triggered cell RAMB36E2 clocked by clk_pl_0  {rise@0.000ns fall@5.000ns period=10.000ns})
  Path Group:             clk_pl_0
  Path Type:              Setup (Max at Slow Process Corner)
  Requirement:            10.000ns  (clk_pl_0 rise@10.000ns - clk_pl_0 rise@0.000ns)
  Data Path Delay:        3.438ns  (logic 0.526ns (15.300%)  route 2.912ns (84.700%))
  Logic Levels:           3  (LUT4=1 LUT5=2)
  Clock Path Skew:        0.015ns (DCD - SCD + CPR)
    Destination Clock Delay (DCD):    2.432ns = ( 12.432 - 10.000 ) 
    Source Clock Delay      (SCD):    2.611ns
    Clock Pessimism Removal (CPR):    0.194ns
  Clock Uncertainty:      0.160ns  ((TSJ^2 + DJ^2)^1/2) / 2 + PE
    Total System Jitter     (TSJ):    0.071ns
    Discrete Jitter          (DJ):    0.312ns
    Phase Error              (PE):    0.000ns
  Clock Net Delay (Source):      2.344ns (routing 1.229ns, distribution 1.115ns)
  Clock Net Delay (Destination): 2.216ns (routing 1.122ns, distribution 1.094ns)

    Location             Delay type                Incr(ns)  Path(ns)    Netlist Resource(s)
  -------------------------------------------------------------------    -------------------
                         (clock clk_pl_0 rise edge)
                                                      0.000     0.000 r  
    PS8_X0Y0             PS8                          0.000     0.000 r  spi_module_i/zynq_ultra_ps_e_0/inst/PS8_i/PLCLK[0]
                         net (fo=1, routed)           0.229     0.229    spi_module_i/zynq_ultra_ps_e_0/inst/pl_clk_unbuffered[0]
    BUFG_PS_X0Y91        BUFG_PS (Prop_BUFG_PS_I_O)
                                                      0.038     0.267 r  spi_module_i/zynq_ultra_ps_e_0/inst/buffer_pl_clk_0.PL_CLK_0_BUFG/O
    X0Y1 (CLOCK_ROOT)    net (fo=10582, routed)       2.344     2.611    spi_module_i/axi_dma_0/U0/I_PRMRY_DATAMOVER/GEN_MM2S_FULL.I_MM2S_FULL_WRAPPER/I_RD_DATA_CNTL/m_axi_mm2s_aclk
    SLICE_X5Y109         FDRE                                         r  spi_module_i/axi_dma_0/U0/I_PRMRY_DATAMOVER/GEN_MM2S_FULL.I_MM2S_FULL_WRAPPER/I_RD_DATA_CNTL/sig_addr_posted_cntr_reg[2]/C
  -------------------------------------------------------------------    -------------------
    SLICE_X5Y109         FDRE (Prop_CFF2_SLICEM_C_Q)
                                                      0.114     2.725 r  spi_module_i/axi_dma_0/U0/I_PRMRY_DATAMOVER/GEN_MM2S_FULL.I_MM2S_FULL_WRAPPER/I_RD_DATA_CNTL/sig_addr_posted_cntr_reg[2]/Q
                         net (fo=6, routed)           0.254     2.979    spi_module_i/axi_dma_0/U0/I_PRMRY_DATAMOVER/GEN_MM2S_FULL.I_MM2S_FULL_WRAPPER/I_RD_DATA_CNTL/sig_addr_posted_cntr[2]
    SLICE_X5Y109         LUT5 (Prop_D6LUT_SLICEM_I1_O)
                                                      0.185     3.164 r  spi_module_i/axi_dma_0/U0/I_PRMRY_DATAMOVER/GEN_MM2S_FULL.I_MM2S_FULL_WRAPPER/I_RD_DATA_CNTL/m_axi_mm2s_rready_INST_0_i_1/O
                         net (fo=5, routed)           0.255     3.419    spi_module_i/axi_dma_0/U0/I_PRMRY_DATAMOVER/GEN_MM2S_FULL.I_MM2S_FULL_WRAPPER/I_RD_DATA_CNTL/m_axi_mm2s_rready_INST_0_i_1_n_0
    SLICE_X5Y101         LUT5 (Prop_D6LUT_SLICEM_I0_O)
                                                      0.134     3.553 r  spi_module_i/axi_dma_0/U0/I_PRMRY_DATAMOVER/GEN_MM2S_FULL.I_MM2S_FULL_WRAPPER/I_RD_DATA_CNTL/BLK_MEM.I_SYNC_FIFOGEN_FIFO_i_2/O
                         net (fo=3, routed)           0.263     3.817    spi_module_i/axi_dma_0/U0/I_PRMRY_DATAMOVER/GEN_MM2S_FULL.I_MM2S_FULL_WRAPPER/GEN_INCLUDE_MM2S_SF.I_RD_SF/I_DATA_FIFO/BLK_MEM.I_SYNC_FIFOGEN_FIFO/xpm_fifo_base_inst/xpm_fifo_rst_inst/wr_en
    SLICE_X7Y93          LUT4 (Prop_C5LUT_SLICEM_I0_O)
                                                      0.093     3.910 r  spi_module_i/axi_dma_0/U0/I_PRMRY_DATAMOVER/GEN_MM2S_FULL.I_MM2S_FULL_WRAPPER/GEN_INCLUDE_MM2S_SF.I_RD_SF/I_DATA_FIFO/BLK_MEM.I_SYNC_FIFOGEN_FIFO/xpm_fifo_base_inst/xpm_fifo_rst_inst/gen_sdpram.xpm_memory_base_inst_i_1/O
                         net (fo=26, routed)          2.139     6.049    spi_module_i/axi_dma_0/U0/I_PRMRY_DATAMOVER/GEN_MM2S_FULL.I_MM2S_FULL_WRAPPER/GEN_INCLUDE_MM2S_SF.I_RD_SF/I_DATA_FIFO/BLK_MEM.I_SYNC_FIFOGEN_FIFO/xpm_fifo_base_inst/gen_sdpram.xpm_memory_base_inst/wea[0]
    RAMB36_X0Y17         RAMB36E2                                     r  spi_module_i/axi_dma_0/U0/I_PRMRY_DATAMOVER/GEN_MM2S_FULL.I_MM2S_FULL_WRAPPER/GEN_INCLUDE_MM2S_SF.I_RD_SF/I_DATA_FIFO/BLK_MEM.I_SYNC_FIFOGEN_FIFO/xpm_fifo_base_inst/gen_sdpram.xpm_memory_base_inst/gen_wr_a.gen_word_narrow.mem_reg/WEBWE[0]
  -------------------------------------------------------------------    -------------------

                         (clock clk_pl_0 rise edge)
                                                     10.000    10.000 r  
    PS8_X0Y0             PS8                          0.000    10.000 r  spi_module_i/zynq_ultra_ps_e_0/inst/PS8_i/PLCLK[0]
                         net (fo=1, routed)           0.181    10.181    spi_module_i/zynq_ultra_ps_e_0/inst/pl_clk_unbuffered[0]
    BUFG_PS_X0Y91        BUFG_PS (Prop_BUFG_PS_I_O)
                                                      0.035    10.216 r  spi_module_i/zynq_ultra_ps_e_0/inst/buffer_pl_clk_0.PL_CLK_0_BUFG/O
    X0Y1 (CLOCK_ROOT)    net (fo=10582, routed)       2.216    12.432    spi_module_i/axi_dma_0/U0/I_PRMRY_DATAMOVER/GEN_MM2S_FULL.I_MM2S_FULL_WRAPPER/GEN_INCLUDE_MM2S_SF.I_RD_SF/I_DATA_FIFO/BLK_MEM.I_SYNC_FIFOGEN_FIFO/xpm_fifo_base_inst/gen_sdpram.xpm_memory_base_inst/clka
    RAMB36_X0Y17         RAMB36E2                                     r  spi_module_i/axi_dma_0/U0/I_PRMRY_DATAMOVER/GEN_MM2S_FULL.I_MM2S_FULL_WRAPPER/GEN_INCLUDE_MM2S_SF.I_RD_SF/I_DATA_FIFO/BLK_MEM.I_SYNC_FIFOGEN_FIFO/xpm_fifo_base_inst/gen_sdpram.xpm_memory_base_inst/gen_wr_a.gen_word_narrow.mem_reg/CLKBWRCLK
                         clock pessimism              0.194    12.626    
                         clock uncertainty           -0.160    12.466    
    RAMB36_X0Y17         RAMB36E2 (Setup_RAMB36E2_RAMB36_CLKBWRCLK_WEBWE[0])
                                                     -0.611    11.855    spi_module_i/axi_dma_0/U0/I_PRMRY_DATAMOVER/GEN_MM2S_FULL.I_MM2S_FULL_WRAPPER/GEN_INCLUDE_MM2S_SF.I_RD_SF/I_DATA_FIFO/BLK_MEM.I_SYNC_FIFOGEN_FIFO/xpm_fifo_base_inst/gen_sdpram.xpm_memory_base_inst/gen_wr_a.gen_word_narrow.mem_reg
  -------------------------------------------------------------------
                         required time                         11.855    
                         arrival time                          -6.049    
  -------------------------------------------------------------------
                         slack                                  5.806    

Slack (MET) :             5.807ns  (required time - arrival time)
  Source:                 spi_module_i/axi_dma_0/U0/I_PRMRY_DATAMOVER/GEN_MM2S_FULL.I_MM2S_FULL_WRAPPER/I_RD_DATA_CNTL/sig_addr_posted_cntr_reg[2]/C
                            (rising edge-triggered cell FDRE clocked by clk_pl_0  {rise@0.000ns fall@5.000ns period=10.000ns})
  Destination:            spi_module_i/axi_dma_0/U0/I_PRMRY_DATAMOVER/GEN_MM2S_FULL.I_MM2S_FULL_WRAPPER/GEN_INCLUDE_MM2S_SF.I_RD_SF/I_DATA_FIFO/BLK_MEM.I_SYNC_FIFOGEN_FIFO/xpm_fifo_base_inst/gen_sdpram.xpm_memory_base_inst/gen_wr_a.gen_word_narrow.mem_reg/WEBWE[1]
                            (rising edge-triggered cell RAMB36E2 clocked by clk_pl_0  {rise@0.000ns fall@5.000ns period=10.000ns})
  Path Group:             clk_pl_0
  Path Type:              Setup (Max at Slow Process Corner)
  Requirement:            10.000ns  (clk_pl_0 rise@10.000ns - clk_pl_0 rise@0.000ns)
  Data Path Delay:        3.437ns  (logic 0.526ns (15.304%)  route 2.911ns (84.696%))
  Logic Levels:           3  (LUT4=1 LUT5=2)
  Clock Path Skew:        0.015ns (DCD - SCD + CPR)
    Destination Clock Delay (DCD):    2.432ns = ( 12.432 - 10.000 ) 
    Source Clock Delay      (SCD):    2.611ns
    Clock Pessimism Removal (CPR):    0.194ns
  Clock Uncertainty:      0.160ns  ((TSJ^2 + DJ^2)^1/2) / 2 + PE
    Total System Jitter     (TSJ):    0.071ns
    Discrete Jitter          (DJ):    0.312ns
    Phase Error              (PE):    0.000ns
  Clock Net Delay (Source):      2.344ns (routing 1.229ns, distribution 1.115ns)
  Clock Net Delay (Destination): 2.216ns (routing 1.122ns, distribution 1.094ns)

    Location             Delay type                Incr(ns)  Path(ns)    Netlist Resource(s)
  -------------------------------------------------------------------    -------------------
                         (clock clk_pl_0 rise edge)
                                                      0.000     0.000 r  
    PS8_X0Y0             PS8                          0.000     0.000 r  spi_module_i/zynq_ultra_ps_e_0/inst/PS8_i/PLCLK[0]
                         net (fo=1, routed)           0.229     0.229    spi_module_i/zynq_ultra_ps_e_0/inst/pl_clk_unbuffered[0]
    BUFG_PS_X0Y91        BUFG_PS (Prop_BUFG_PS_I_O)
                                                      0.038     0.267 r  spi_module_i/zynq_ultra_ps_e_0/inst/buffer_pl_clk_0.PL_CLK_0_BUFG/O
    X0Y1 (CLOCK_ROOT)    net (fo=10582, routed)       2.344     2.611    spi_module_i/axi_dma_0/U0/I_PRMRY_DATAMOVER/GEN_MM2S_FULL.I_MM2S_FULL_WRAPPER/I_RD_DATA_CNTL/m_axi_mm2s_aclk
    SLICE_X5Y109         FDRE                                         r  spi_module_i/axi_dma_0/U0/I_PRMRY_DATAMOVER/GEN_MM2S_FULL.I_MM2S_FULL_WRAPPER/I_RD_DATA_CNTL/sig_addr_posted_cntr_reg[2]/C
  -------------------------------------------------------------------    -------------------
    SLICE_X5Y109         FDRE (Prop_CFF2_SLICEM_C_Q)
                                                      0.114     2.725 r  spi_module_i/axi_dma_0/U0/I_PRMRY_DATAMOVER/GEN_MM2S_FULL.I_MM2S_FULL_WRAPPER/I_RD_DATA_CNTL/sig_addr_posted_cntr_reg[2]/Q
                         net (fo=6, routed)           0.254     2.979    spi_module_i/axi_dma_0/U0/I_PRMRY_DATAMOVER/GEN_MM2S_FULL.I_MM2S_FULL_WRAPPER/I_RD_DATA_CNTL/sig_addr_posted_cntr[2]
    SLICE_X5Y109         LUT5 (Prop_D6LUT_SLICEM_I1_O)
                                                      0.185     3.164 r  spi_module_i/axi_dma_0/U0/I_PRMRY_DATAMOVER/GEN_MM2S_FULL.I_MM2S_FULL_WRAPPER/I_RD_DATA_CNTL/m_axi_mm2s_rready_INST_0_i_1/O
                         net (fo=5, routed)           0.255     3.419    spi_module_i/axi_dma_0/U0/I_PRMRY_DATAMOVER/GEN_MM2S_FULL.I_MM2S_FULL_WRAPPER/I_RD_DATA_CNTL/m_axi_mm2s_rready_INST_0_i_1_n_0
    SLICE_X5Y101         LUT5 (Prop_D6LUT_SLICEM_I0_O)
                                                      0.134     3.553 r  spi_module_i/axi_dma_0/U0/I_PRMRY_DATAMOVER/GEN_MM2S_FULL.I_MM2S_FULL_WRAPPER/I_RD_DATA_CNTL/BLK_MEM.I_SYNC_FIFOGEN_FIFO_i_2/O
                         net (fo=3, routed)           0.263     3.817    spi_module_i/axi_dma_0/U0/I_PRMRY_DATAMOVER/GEN_MM2S_FULL.I_MM2S_FULL_WRAPPER/GEN_INCLUDE_MM2S_SF.I_RD_SF/I_DATA_FIFO/BLK_MEM.I_SYNC_FIFOGEN_FIFO/xpm_fifo_base_inst/xpm_fifo_rst_inst/wr_en
    SLICE_X7Y93          LUT4 (Prop_C5LUT_SLICEM_I0_O)
                                                      0.093     3.910 r  spi_module_i/axi_dma_0/U0/I_PRMRY_DATAMOVER/GEN_MM2S_FULL.I_MM2S_FULL_WRAPPER/GEN_INCLUDE_MM2S_SF.I_RD_SF/I_DATA_FIFO/BLK_MEM.I_SYNC_FIFOGEN_FIFO/xpm_fifo_base_inst/xpm_fifo_rst_inst/gen_sdpram.xpm_memory_base_inst_i_1/O
                         net (fo=26, routed)          2.138     6.048    spi_module_i/axi_dma_0/U0/I_PRMRY_DATAMOVER/GEN_MM2S_FULL.I_MM2S_FULL_WRAPPER/GEN_INCLUDE_MM2S_SF.I_RD_SF/I_DATA_FIFO/BLK_MEM.I_SYNC_FIFOGEN_FIFO/xpm_fifo_base_inst/gen_sdpram.xpm_memory_base_inst/wea[0]
    RAMB36_X0Y17         RAMB36E2                                     r  spi_module_i/axi_dma_0/U0/I_PRMRY_DATAMOVER/GEN_MM2S_FULL.I_MM2S_FULL_WRAPPER/GEN_INCLUDE_MM2S_SF.I_RD_SF/I_DATA_FIFO/BLK_MEM.I_SYNC_FIFOGEN_FIFO/xpm_fifo_base_inst/gen_sdpram.xpm_memory_base_inst/gen_wr_a.gen_word_narrow.mem_reg/WEBWE[1]
  -------------------------------------------------------------------    -------------------

                         (clock clk_pl_0 rise edge)
                                                     10.000    10.000 r  
    PS8_X0Y0             PS8                          0.000    10.000 r  spi_module_i/zynq_ultra_ps_e_0/inst/PS8_i/PLCLK[0]
                         net (fo=1, routed)           0.181    10.181    spi_module_i/zynq_ultra_ps_e_0/inst/pl_clk_unbuffered[0]
    BUFG_PS_X0Y91        BUFG_PS (Prop_BUFG_PS_I_O)
                                                      0.035    10.216 r  spi_module_i/zynq_ultra_ps_e_0/inst/buffer_pl_clk_0.PL_CLK_0_BUFG/O
    X0Y1 (CLOCK_ROOT)    net (fo=10582, routed)       2.216    12.432    spi_module_i/axi_dma_0/U0/I_PRMRY_DATAMOVER/GEN_MM2S_FULL.I_MM2S_FULL_WRAPPER/GEN_INCLUDE_MM2S_SF.I_RD_SF/I_DATA_FIFO/BLK_MEM.I_SYNC_FIFOGEN_FIFO/xpm_fifo_base_inst/gen_sdpram.xpm_memory_base_inst/clka
    RAMB36_X0Y17         RAMB36E2                                     r  spi_module_i/axi_dma_0/U0/I_PRMRY_DATAMOVER/GEN_MM2S_FULL.I_MM2S_FULL_WRAPPER/GEN_INCLUDE_MM2S_SF.I_RD_SF/I_DATA_FIFO/BLK_MEM.I_SYNC_FIFOGEN_FIFO/xpm_fifo_base_inst/gen_sdpram.xpm_memory_base_inst/gen_wr_a.gen_word_narrow.mem_reg/CLKBWRCLK
                         clock pessimism              0.194    12.626    
                         clock uncertainty           -0.160    12.466    
    RAMB36_X0Y17         RAMB36E2 (Setup_RAMB36E2_RAMB36_CLKBWRCLK_WEBWE[1])
                                                     -0.611    11.855    spi_module_i/axi_dma_0/U0/I_PRMRY_DATAMOVER/GEN_MM2S_FULL.I_MM2S_FULL_WRAPPER/GEN_INCLUDE_MM2S_SF.I_RD_SF/I_DATA_FIFO/BLK_MEM.I_SYNC_FIFOGEN_FIFO/xpm_fifo_base_inst/gen_sdpram.xpm_memory_base_inst/gen_wr_a.gen_word_narrow.mem_reg
  -------------------------------------------------------------------
                         required time                         11.855    
                         arrival time                          -6.048    
  -------------------------------------------------------------------
                         slack                                  5.807    

Slack (MET) :             5.811ns  (required time - arrival time)
  Source:                 spi_module_i/axi_dma_0/U0/I_PRMRY_DATAMOVER/GEN_MM2S_FULL.I_MM2S_FULL_WRAPPER/I_RD_DATA_CNTL/sig_addr_posted_cntr_reg[2]/C
                            (rising edge-triggered cell FDRE clocked by clk_pl_0  {rise@0.000ns fall@5.000ns period=10.000ns})
  Destination:            spi_module_i/axi_dma_0/U0/I_PRMRY_DATAMOVER/GEN_MM2S_FULL.I_MM2S_FULL_WRAPPER/GEN_INCLUDE_MM2S_SF.I_RD_SF/I_DATA_FIFO/BLK_MEM.I_SYNC_FIFOGEN_FIFO/xpm_fifo_base_inst/gen_sdpram.xpm_memory_base_inst/gen_wr_a.gen_word_narrow.mem_reg/WEBWE[6]
                            (rising edge-triggered cell RAMB36E2 clocked by clk_pl_0  {rise@0.000ns fall@5.000ns period=10.000ns})
  Path Group:             clk_pl_0
  Path Type:              Setup (Max at Slow Process Corner)
  Requirement:            10.000ns  (clk_pl_0 rise@10.000ns - clk_pl_0 rise@0.000ns)
  Data Path Delay:        3.433ns  (logic 0.526ns (15.324%)  route 2.907ns (84.676%))
  Logic Levels:           3  (LUT4=1 LUT5=2)
  Clock Path Skew:        0.015ns (DCD - SCD + CPR)
    Destination Clock Delay (DCD):    2.432ns = ( 12.432 - 10.000 ) 
    Source Clock Delay      (SCD):    2.611ns
    Clock Pessimism Removal (CPR):    0.194ns
  Clock Uncertainty:      0.160ns  ((TSJ^2 + DJ^2)^1/2) / 2 + PE
    Total System Jitter     (TSJ):    0.071ns
    Discrete Jitter          (DJ):    0.312ns
    Phase Error              (PE):    0.000ns
  Clock Net Delay (Source):      2.344ns (routing 1.229ns, distribution 1.115ns)
  Clock Net Delay (Destination): 2.216ns (routing 1.122ns, distribution 1.094ns)

    Location             Delay type                Incr(ns)  Path(ns)    Netlist Resource(s)
  -------------------------------------------------------------------    -------------------
                         (clock clk_pl_0 rise edge)
                                                      0.000     0.000 r  
    PS8_X0Y0             PS8                          0.000     0.000 r  spi_module_i/zynq_ultra_ps_e_0/inst/PS8_i/PLCLK[0]
                         net (fo=1, routed)           0.229     0.229    spi_module_i/zynq_ultra_ps_e_0/inst/pl_clk_unbuffered[0]
    BUFG_PS_X0Y91        BUFG_PS (Prop_BUFG_PS_I_O)
                                                      0.038     0.267 r  spi_module_i/zynq_ultra_ps_e_0/inst/buffer_pl_clk_0.PL_CLK_0_BUFG/O
    X0Y1 (CLOCK_ROOT)    net (fo=10582, routed)       2.344     2.611    spi_module_i/axi_dma_0/U0/I_PRMRY_DATAMOVER/GEN_MM2S_FULL.I_MM2S_FULL_WRAPPER/I_RD_DATA_CNTL/m_axi_mm2s_aclk
    SLICE_X5Y109         FDRE                                         r  spi_module_i/axi_dma_0/U0/I_PRMRY_DATAMOVER/GEN_MM2S_FULL.I_MM2S_FULL_WRAPPER/I_RD_DATA_CNTL/sig_addr_posted_cntr_reg[2]/C
  -------------------------------------------------------------------    -------------------
    SLICE_X5Y109         FDRE (Prop_CFF2_SLICEM_C_Q)
                                                      0.114     2.725 r  spi_module_i/axi_dma_0/U0/I_PRMRY_DATAMOVER/GEN_MM2S_FULL.I_MM2S_FULL_WRAPPER/I_RD_DATA_CNTL/sig_addr_posted_cntr_reg[2]/Q
                         net (fo=6, routed)           0.254     2.979    spi_module_i/axi_dma_0/U0/I_PRMRY_DATAMOVER/GEN_MM2S_FULL.I_MM2S_FULL_WRAPPER/I_RD_DATA_CNTL/sig_addr_posted_cntr[2]
    SLICE_X5Y109         LUT5 (Prop_D6LUT_SLICEM_I1_O)
                                                      0.185     3.164 r  spi_module_i/axi_dma_0/U0/I_PRMRY_DATAMOVER/GEN_MM2S_FULL.I_MM2S_FULL_WRAPPER/I_RD_DATA_CNTL/m_axi_mm2s_rready_INST_0_i_1/O
                         net (fo=5, routed)           0.255     3.419    spi_module_i/axi_dma_0/U0/I_PRMRY_DATAMOVER/GEN_MM2S_FULL.I_MM2S_FULL_WRAPPER/I_RD_DATA_CNTL/m_axi_mm2s_rready_INST_0_i_1_n_0
    SLICE_X5Y101         LUT5 (Prop_D6LUT_SLICEM_I0_O)
                                                      0.134     3.553 r  spi_module_i/axi_dma_0/U0/I_PRMRY_DATAMOVER/GEN_MM2S_FULL.I_MM2S_FULL_WRAPPER/I_RD_DATA_CNTL/BLK_MEM.I_SYNC_FIFOGEN_FIFO_i_2/O
                         net (fo=3, routed)           0.263     3.817    spi_module_i/axi_dma_0/U0/I_PRMRY_DATAMOVER/GEN_MM2S_FULL.I_MM2S_FULL_WRAPPER/GEN_INCLUDE_MM2S_SF.I_RD_SF/I_DATA_FIFO/BLK_MEM.I_SYNC_FIFOGEN_FIFO/xpm_fifo_base_inst/xpm_fifo_rst_inst/wr_en
    SLICE_X7Y93          LUT4 (Prop_C5LUT_SLICEM_I0_O)
                                                      0.093     3.910 r  spi_module_i/axi_dma_0/U0/I_PRMRY_DATAMOVER/GEN_MM2S_FULL.I_MM2S_FULL_WRAPPER/GEN_INCLUDE_MM2S_SF.I_RD_SF/I_DATA_FIFO/BLK_MEM.I_SYNC_FIFOGEN_FIFO/xpm_fifo_base_inst/xpm_fifo_rst_inst/gen_sdpram.xpm_memory_base_inst_i_1/O
                         net (fo=26, routed)          2.134     6.043    spi_module_i/axi_dma_0/U0/I_PRMRY_DATAMOVER/GEN_MM2S_FULL.I_MM2S_FULL_WRAPPER/GEN_INCLUDE_MM2S_SF.I_RD_SF/I_DATA_FIFO/BLK_MEM.I_SYNC_FIFOGEN_FIFO/xpm_fifo_base_inst/gen_sdpram.xpm_memory_base_inst/wea[0]
    RAMB36_X0Y17         RAMB36E2                                     r  spi_module_i/axi_dma_0/U0/I_PRMRY_DATAMOVER/GEN_MM2S_FULL.I_MM2S_FULL_WRAPPER/GEN_INCLUDE_MM2S_SF.I_RD_SF/I_DATA_FIFO/BLK_MEM.I_SYNC_FIFOGEN_FIFO/xpm_fifo_base_inst/gen_sdpram.xpm_memory_base_inst/gen_wr_a.gen_word_narrow.mem_reg/WEBWE[6]
  -------------------------------------------------------------------    -------------------

                         (clock clk_pl_0 rise edge)
                                                     10.000    10.000 r  
    PS8_X0Y0             PS8                          0.000    10.000 r  spi_module_i/zynq_ultra_ps_e_0/inst/PS8_i/PLCLK[0]
                         net (fo=1, routed)           0.181    10.181    spi_module_i/zynq_ultra_ps_e_0/inst/pl_clk_unbuffered[0]
    BUFG_PS_X0Y91        BUFG_PS (Prop_BUFG_PS_I_O)
                                                      0.035    10.216 r  spi_module_i/zynq_ultra_ps_e_0/inst/buffer_pl_clk_0.PL_CLK_0_BUFG/O
    X0Y1 (CLOCK_ROOT)    net (fo=10582, routed)       2.216    12.432    spi_module_i/axi_dma_0/U0/I_PRMRY_DATAMOVER/GEN_MM2S_FULL.I_MM2S_FULL_WRAPPER/GEN_INCLUDE_MM2S_SF.I_RD_SF/I_DATA_FIFO/BLK_MEM.I_SYNC_FIFOGEN_FIFO/xpm_fifo_base_inst/gen_sdpram.xpm_memory_base_inst/clka
    RAMB36_X0Y17         RAMB36E2                                     r  spi_module_i/axi_dma_0/U0/I_PRMRY_DATAMOVER/GEN_MM2S_FULL.I_MM2S_FULL_WRAPPER/GEN_INCLUDE_MM2S_SF.I_RD_SF/I_DATA_FIFO/BLK_MEM.I_SYNC_FIFOGEN_FIFO/xpm_fifo_base_inst/gen_sdpram.xpm_memory_base_inst/gen_wr_a.gen_word_narrow.mem_reg/CLKBWRCLK
                         clock pessimism              0.194    12.626    
                         clock uncertainty           -0.160    12.466    
    RAMB36_X0Y17         RAMB36E2 (Setup_RAMB36E2_RAMB36_CLKBWRCLK_WEBWE[6])
                                                     -0.611    11.855    spi_module_i/axi_dma_0/U0/I_PRMRY_DATAMOVER/GEN_MM2S_FULL.I_MM2S_FULL_WRAPPER/GEN_INCLUDE_MM2S_SF.I_RD_SF/I_DATA_FIFO/BLK_MEM.I_SYNC_FIFOGEN_FIFO/xpm_fifo_base_inst/gen_sdpram.xpm_memory_base_inst/gen_wr_a.gen_word_narrow.mem_reg
  -------------------------------------------------------------------
                         required time                         11.855    
                         arrival time                          -6.043    
  -------------------------------------------------------------------
                         slack                                  5.811    

Slack (MET) :             5.812ns  (required time - arrival time)
  Source:                 spi_module_i/axi_dma_0/U0/I_PRMRY_DATAMOVER/GEN_MM2S_FULL.I_MM2S_FULL_WRAPPER/I_RD_DATA_CNTL/sig_addr_posted_cntr_reg[2]/C
                            (rising edge-triggered cell FDRE clocked by clk_pl_0  {rise@0.000ns fall@5.000ns period=10.000ns})
  Destination:            spi_module_i/axi_dma_0/U0/I_PRMRY_DATAMOVER/GEN_MM2S_FULL.I_MM2S_FULL_WRAPPER/GEN_INCLUDE_MM2S_SF.I_RD_SF/I_DATA_FIFO/BLK_MEM.I_SYNC_FIFOGEN_FIFO/xpm_fifo_base_inst/gen_sdpram.xpm_memory_base_inst/gen_wr_a.gen_word_narrow.mem_reg/WEBWE[2]
                            (rising edge-triggered cell RAMB36E2 clocked by clk_pl_0  {rise@0.000ns fall@5.000ns period=10.000ns})
  Path Group:             clk_pl_0
  Path Type:              Setup (Max at Slow Process Corner)
  Requirement:            10.000ns  (clk_pl_0 rise@10.000ns - clk_pl_0 rise@0.000ns)
  Data Path Delay:        3.432ns  (logic 0.526ns (15.326%)  route 2.906ns (84.674%))
  Logic Levels:           3  (LUT4=1 LUT5=2)
  Clock Path Skew:        0.015ns (DCD - SCD + CPR)
    Destination Clock Delay (DCD):    2.432ns = ( 12.432 - 10.000 ) 
    Source Clock Delay      (SCD):    2.611ns
    Clock Pessimism Removal (CPR):    0.194ns
  Clock Uncertainty:      0.160ns  ((TSJ^2 + DJ^2)^1/2) / 2 + PE
    Total System Jitter     (TSJ):    0.071ns
    Discrete Jitter          (DJ):    0.312ns
    Phase Error              (PE):    0.000ns
  Clock Net Delay (Source):      2.344ns (routing 1.229ns, distribution 1.115ns)
  Clock Net Delay (Destination): 2.216ns (routing 1.122ns, distribution 1.094ns)

    Location             Delay type                Incr(ns)  Path(ns)    Netlist Resource(s)
  -------------------------------------------------------------------    -------------------
                         (clock clk_pl_0 rise edge)
                                                      0.000     0.000 r  
    PS8_X0Y0             PS8                          0.000     0.000 r  spi_module_i/zynq_ultra_ps_e_0/inst/PS8_i/PLCLK[0]
                         net (fo=1, routed)           0.229     0.229    spi_module_i/zynq_ultra_ps_e_0/inst/pl_clk_unbuffered[0]
    BUFG_PS_X0Y91        BUFG_PS (Prop_BUFG_PS_I_O)
                                                      0.038     0.267 r  spi_module_i/zynq_ultra_ps_e_0/inst/buffer_pl_clk_0.PL_CLK_0_BUFG/O
    X0Y1 (CLOCK_ROOT)    net (fo=10582, routed)       2.344     2.611    spi_module_i/axi_dma_0/U0/I_PRMRY_DATAMOVER/GEN_MM2S_FULL.I_MM2S_FULL_WRAPPER/I_RD_DATA_CNTL/m_axi_mm2s_aclk
    SLICE_X5Y109         FDRE                                         r  spi_module_i/axi_dma_0/U0/I_PRMRY_DATAMOVER/GEN_MM2S_FULL.I_MM2S_FULL_WRAPPER/I_RD_DATA_CNTL/sig_addr_posted_cntr_reg[2]/C
  -------------------------------------------------------------------    -------------------
    SLICE_X5Y109         FDRE (Prop_CFF2_SLICEM_C_Q)
                                                      0.114     2.725 r  spi_module_i/axi_dma_0/U0/I_PRMRY_DATAMOVER/GEN_MM2S_FULL.I_MM2S_FULL_WRAPPER/I_RD_DATA_CNTL/sig_addr_posted_cntr_reg[2]/Q
                         net (fo=6, routed)           0.254     2.979    spi_module_i/axi_dma_0/U0/I_PRMRY_DATAMOVER/GEN_MM2S_FULL.I_MM2S_FULL_WRAPPER/I_RD_DATA_CNTL/sig_addr_posted_cntr[2]
    SLICE_X5Y109         LUT5 (Prop_D6LUT_SLICEM_I1_O)
                                                      0.185     3.164 r  spi_module_i/axi_dma_0/U0/I_PRMRY_DATAMOVER/GEN_MM2S_FULL.I_MM2S_FULL_WRAPPER/I_RD_DATA_CNTL/m_axi_mm2s_rready_INST_0_i_1/O
                         net (fo=5, routed)           0.255     3.419    spi_module_i/axi_dma_0/U0/I_PRMRY_DATAMOVER/GEN_MM2S_FULL.I_MM2S_FULL_WRAPPER/I_RD_DATA_CNTL/m_axi_mm2s_rready_INST_0_i_1_n_0
    SLICE_X5Y101         LUT5 (Prop_D6LUT_SLICEM_I0_O)
                                                      0.134     3.553 r  spi_module_i/axi_dma_0/U0/I_PRMRY_DATAMOVER/GEN_MM2S_FULL.I_MM2S_FULL_WRAPPER/I_RD_DATA_CNTL/BLK_MEM.I_SYNC_FIFOGEN_FIFO_i_2/O
                         net (fo=3, routed)           0.263     3.817    spi_module_i/axi_dma_0/U0/I_PRMRY_DATAMOVER/GEN_MM2S_FULL.I_MM2S_FULL_WRAPPER/GEN_INCLUDE_MM2S_SF.I_RD_SF/I_DATA_FIFO/BLK_MEM.I_SYNC_FIFOGEN_FIFO/xpm_fifo_base_inst/xpm_fifo_rst_inst/wr_en
    SLICE_X7Y93          LUT4 (Prop_C5LUT_SLICEM_I0_O)
                                                      0.093     3.910 r  spi_module_i/axi_dma_0/U0/I_PRMRY_DATAMOVER/GEN_MM2S_FULL.I_MM2S_FULL_WRAPPER/GEN_INCLUDE_MM2S_SF.I_RD_SF/I_DATA_FIFO/BLK_MEM.I_SYNC_FIFOGEN_FIFO/xpm_fifo_base_inst/xpm_fifo_rst_inst/gen_sdpram.xpm_memory_base_inst_i_1/O
                         net (fo=26, routed)          2.133     6.043    spi_module_i/axi_dma_0/U0/I_PRMRY_DATAMOVER/GEN_MM2S_FULL.I_MM2S_FULL_WRAPPER/GEN_INCLUDE_MM2S_SF.I_RD_SF/I_DATA_FIFO/BLK_MEM.I_SYNC_FIFOGEN_FIFO/xpm_fifo_base_inst/gen_sdpram.xpm_memory_base_inst/wea[0]
    RAMB36_X0Y17         RAMB36E2                                     r  spi_module_i/axi_dma_0/U0/I_PRMRY_DATAMOVER/GEN_MM2S_FULL.I_MM2S_FULL_WRAPPER/GEN_INCLUDE_MM2S_SF.I_RD_SF/I_DATA_FIFO/BLK_MEM.I_SYNC_FIFOGEN_FIFO/xpm_fifo_base_inst/gen_sdpram.xpm_memory_base_inst/gen_wr_a.gen_word_narrow.mem_reg/WEBWE[2]
  -------------------------------------------------------------------    -------------------

                         (clock clk_pl_0 rise edge)
                                                     10.000    10.000 r  
    PS8_X0Y0             PS8                          0.000    10.000 r  spi_module_i/zynq_ultra_ps_e_0/inst/PS8_i/PLCLK[0]
                         net (fo=1, routed)           0.181    10.181    spi_module_i/zynq_ultra_ps_e_0/inst/pl_clk_unbuffered[0]
    BUFG_PS_X0Y91        BUFG_PS (Prop_BUFG_PS_I_O)
                                                      0.035    10.216 r  spi_module_i/zynq_ultra_ps_e_0/inst/buffer_pl_clk_0.PL_CLK_0_BUFG/O
    X0Y1 (CLOCK_ROOT)    net (fo=10582, routed)       2.216    12.432    spi_module_i/axi_dma_0/U0/I_PRMRY_DATAMOVER/GEN_MM2S_FULL.I_MM2S_FULL_WRAPPER/GEN_INCLUDE_MM2S_SF.I_RD_SF/I_DATA_FIFO/BLK_MEM.I_SYNC_FIFOGEN_FIFO/xpm_fifo_base_inst/gen_sdpram.xpm_memory_base_inst/clka
    RAMB36_X0Y17         RAMB36E2                                     r  spi_module_i/axi_dma_0/U0/I_PRMRY_DATAMOVER/GEN_MM2S_FULL.I_MM2S_FULL_WRAPPER/GEN_INCLUDE_MM2S_SF.I_RD_SF/I_DATA_FIFO/BLK_MEM.I_SYNC_FIFOGEN_FIFO/xpm_fifo_base_inst/gen_sdpram.xpm_memory_base_inst/gen_wr_a.gen_word_narrow.mem_reg/CLKBWRCLK
                         clock pessimism              0.194    12.626    
                         clock uncertainty           -0.160    12.466    
    RAMB36_X0Y17         RAMB36E2 (Setup_RAMB36E2_RAMB36_CLKBWRCLK_WEBWE[2])
                                                     -0.611    11.855    spi_module_i/axi_dma_0/U0/I_PRMRY_DATAMOVER/GEN_MM2S_FULL.I_MM2S_FULL_WRAPPER/GEN_INCLUDE_MM2S_SF.I_RD_SF/I_DATA_FIFO/BLK_MEM.I_SYNC_FIFOGEN_FIFO/xpm_fifo_base_inst/gen_sdpram.xpm_memory_base_inst/gen_wr_a.gen_word_narrow.mem_reg
  -------------------------------------------------------------------
                         required time                         11.855    
                         arrival time                          -6.043    
  -------------------------------------------------------------------
                         slack                                  5.812    





Min Delay Paths
--------------------------------------------------------------------------------------
Slack (MET) :             0.010ns  (arrival time - required time)
  Source:                 spi_module_i/axi_dma_0/U0/I_PRMRY_DATAMOVER/GEN_S2MM_FULL.I_S2MM_FULL_WRAPPER/I_WR_STATUS_CNTLR/GEN_ENABLE_INDET_BTT.sig_coelsc_bytes_rcvd_reg[8]/C
                            (rising edge-triggered cell FDRE clocked by clk_pl_0  {rise@0.000ns fall@5.000ns period=10.000ns})
  Destination:            spi_module_i/axi_dma_0/U0/I_PRMRY_DATAMOVER/GEN_S2MM_FULL.I_S2MM_FULL_WRAPPER/I_CMD_STATUS/GEN_INCLUDE_STATUS_FIFO.I_STS_FIFO/USE_SINGLE_REG.sig_regfifo_dout_reg_reg[16]/D
                            (rising edge-triggered cell FDRE clocked by clk_pl_0  {rise@0.000ns fall@5.000ns period=10.000ns})
  Path Group:             clk_pl_0
  Path Type:              Hold (Min at Slow Process Corner)
  Requirement:            0.000ns  (clk_pl_0 rise@0.000ns - clk_pl_0 rise@0.000ns)
  Data Path Delay:        0.227ns  (logic 0.113ns (49.780%)  route 0.114ns (50.220%))
  Logic Levels:           0  
  Clock Path Skew:        0.116ns (DCD - SCD - CPR)
    Destination Clock Delay (DCD):    2.662ns
    Source Clock Delay      (SCD):    2.351ns
    Clock Pessimism Removal (CPR):    0.194ns
  Clock Net Delay (Source):      2.135ns (routing 1.122ns, distribution 1.013ns)
  Clock Net Delay (Destination): 2.395ns (routing 1.229ns, distribution 1.166ns)

    Location             Delay type                Incr(ns)  Path(ns)    Netlist Resource(s)
  -------------------------------------------------------------------    -------------------
                         (clock clk_pl_0 rise edge)
                                                      0.000     0.000 r  
    PS8_X0Y0             PS8                          0.000     0.000 r  spi_module_i/zynq_ultra_ps_e_0/inst/PS8_i/PLCLK[0]
                         net (fo=1, routed)           0.181     0.181    spi_module_i/zynq_ultra_ps_e_0/inst/pl_clk_unbuffered[0]
    BUFG_PS_X0Y91        BUFG_PS (Prop_BUFG_PS_I_O)
                                                      0.035     0.216 r  spi_module_i/zynq_ultra_ps_e_0/inst/buffer_pl_clk_0.PL_CLK_0_BUFG/O
    X0Y1 (CLOCK_ROOT)    net (fo=10582, routed)       2.135     2.351    spi_module_i/axi_dma_0/U0/I_PRMRY_DATAMOVER/GEN_S2MM_FULL.I_S2MM_FULL_WRAPPER/I_WR_STATUS_CNTLR/m_axi_s2mm_aclk
    SLICE_X7Y146         FDRE                                         r  spi_module_i/axi_dma_0/U0/I_PRMRY_DATAMOVER/GEN_S2MM_FULL.I_S2MM_FULL_WRAPPER/I_WR_STATUS_CNTLR/GEN_ENABLE_INDET_BTT.sig_coelsc_bytes_rcvd_reg[8]/C
  -------------------------------------------------------------------    -------------------
    SLICE_X7Y146         FDRE (Prop_HFF2_SLICEM_C_Q)
                                                      0.113     2.464 r  spi_module_i/axi_dma_0/U0/I_PRMRY_DATAMOVER/GEN_S2MM_FULL.I_S2MM_FULL_WRAPPER/I_WR_STATUS_CNTLR/GEN_ENABLE_INDET_BTT.sig_coelsc_bytes_rcvd_reg[8]/Q
                         net (fo=1, routed)           0.114     2.578    spi_module_i/axi_dma_0/U0/I_PRMRY_DATAMOVER/GEN_S2MM_FULL.I_S2MM_FULL_WRAPPER/I_CMD_STATUS/GEN_INCLUDE_STATUS_FIFO.I_STS_FIFO/D[12]
    SLICE_X6Y146         FDRE                                         r  spi_module_i/axi_dma_0/U0/I_PRMRY_DATAMOVER/GEN_S2MM_FULL.I_S2MM_FULL_WRAPPER/I_CMD_STATUS/GEN_INCLUDE_STATUS_FIFO.I_STS_FIFO/USE_SINGLE_REG.sig_regfifo_dout_reg_reg[16]/D
  -------------------------------------------------------------------    -------------------

                         (clock clk_pl_0 rise edge)
                                                      0.000     0.000 r  
    PS8_X0Y0             PS8                          0.000     0.000 r  spi_module_i/zynq_ultra_ps_e_0/inst/PS8_i/PLCLK[0]
                         net (fo=1, routed)           0.229     0.229    spi_module_i/zynq_ultra_ps_e_0/inst/pl_clk_unbuffered[0]
    BUFG_PS_X0Y91        BUFG_PS (Prop_BUFG_PS_I_O)
                                                      0.038     0.267 r  spi_module_i/zynq_ultra_ps_e_0/inst/buffer_pl_clk_0.PL_CLK_0_BUFG/O
    X0Y1 (CLOCK_ROOT)    net (fo=10582, routed)       2.395     2.662    spi_module_i/axi_dma_0/U0/I_PRMRY_DATAMOVER/GEN_S2MM_FULL.I_S2MM_FULL_WRAPPER/I_CMD_STATUS/GEN_INCLUDE_STATUS_FIFO.I_STS_FIFO/m_axi_s2mm_aclk
    SLICE_X6Y146         FDRE                                         r  spi_module_i/axi_dma_0/U0/I_PRMRY_DATAMOVER/GEN_S2MM_FULL.I_S2MM_FULL_WRAPPER/I_CMD_STATUS/GEN_INCLUDE_STATUS_FIFO.I_STS_FIFO/USE_SINGLE_REG.sig_regfifo_dout_reg_reg[16]/C
                         clock pessimism             -0.194     2.468    
    SLICE_X6Y146         FDRE (Hold_FFF_SLICEL_C_D)
                                                      0.101     2.569    spi_module_i/axi_dma_0/U0/I_PRMRY_DATAMOVER/GEN_S2MM_FULL.I_S2MM_FULL_WRAPPER/I_CMD_STATUS/GEN_INCLUDE_STATUS_FIFO.I_STS_FIFO/USE_SINGLE_REG.sig_regfifo_dout_reg_reg[16]
  -------------------------------------------------------------------
                         required time                         -2.569    
                         arrival time                           2.578    
  -------------------------------------------------------------------
                         slack                                  0.010    

Slack (MET) :             0.010ns  (arrival time - required time)
  Source:                 spi_module_wrapper/spi_module/spi_module_xfft_0_0/<hidden>/<hidden>/<hidden>/<hidden>/<hidden>/<hidden>
                            (rising edge-triggered cell FDRE clocked by clk_pl_0  {rise@0.000ns fall@5.000ns period=10.000ns})
  Destination:            spi_module_wrapper/spi_module/spi_module_xfft_0_0/<hidden>/<hidden>/<hidden>/<hidden>
                            (rising edge-triggered cell FDRE clocked by clk_pl_0  {rise@0.000ns fall@5.000ns period=10.000ns})
  Path Group:             clk_pl_0
  Path Type:              Hold (Min at Slow Process Corner)
  Requirement:            0.000ns  (clk_pl_0 rise@0.000ns - clk_pl_0 rise@0.000ns)
  Data Path Delay:        0.216ns  (logic 0.114ns (52.882%)  route 0.102ns (47.118%))
  Logic Levels:           0  
  Clock Path Skew:        0.103ns (DCD - SCD - CPR)
    Destination Clock Delay (DCD):    2.584ns
    Source Clock Delay      (SCD):    2.289ns
    Clock Pessimism Removal (CPR):    0.191ns
  Clock Net Delay (Source):      2.073ns (routing 1.122ns, distribution 0.951ns)
  Clock Net Delay (Destination): 2.317ns (routing 1.229ns, distribution 1.088ns)

    Location             Delay type                Incr(ns)  Path(ns)    Netlist Resource(s)
  -------------------------------------------------------------------    -------------------
                         (clock clk_pl_0 rise edge)
                                                      0.000     0.000 r  
    PS8_X0Y0             PS8                          0.000     0.000 r  spi_module_i/zynq_ultra_ps_e_0/inst/PS8_i/PLCLK[0]
                         net (fo=1, routed)           0.181     0.181    spi_module_i/zynq_ultra_ps_e_0/inst/pl_clk_unbuffered[0]
    BUFG_PS_X0Y91        BUFG_PS (Prop_BUFG_PS_I_O)
                                                      0.035     0.216 r  spi_module_i/zynq_ultra_ps_e_0/inst/buffer_pl_clk_0.PL_CLK_0_BUFG/O
    X0Y1 (CLOCK_ROOT)    net (fo=10582, routed)       2.073     2.289    spi_module_wrapper/spi_module/spi_module_xfft_0_0/<hidden>/<hidden>/<hidden>/<hidden>/<hidden>/<hidden>
    SLICE_X13Y87         FDRE                                         r  spi_module_wrapper/spi_module/spi_module_xfft_0_0/<hidden>/<hidden>/<hidden>/<hidden>/<hidden>/<hidden>
  -------------------------------------------------------------------    -------------------
    SLICE_X13Y87         FDRE (Prop_EFF2_SLICEM_C_Q)
                                                      0.114     2.403 r  spi_module_wrapper/spi_module/spi_module_xfft_0_0/<hidden>/<hidden>/<hidden>/<hidden>/<hidden>/<hidden>
                         net (fo=2, routed)           0.102     2.505    spi_module_wrapper/spi_module/spi_module_xfft_0_0/<hidden>/<hidden>/<hidden>/<hidden>
    SLICE_X15Y87         FDRE                                         r  spi_module_wrapper/spi_module/spi_module_xfft_0_0/<hidden>/<hidden>/<hidden>/<hidden>
  -------------------------------------------------------------------    -------------------

                         (clock clk_pl_0 rise edge)
                                                      0.000     0.000 r  
    PS8_X0Y0             PS8                          0.000     0.000 r  spi_module_i/zynq_ultra_ps_e_0/inst/PS8_i/PLCLK[0]
                         net (fo=1, routed)           0.229     0.229    spi_module_i/zynq_ultra_ps_e_0/inst/pl_clk_unbuffered[0]
    BUFG_PS_X0Y91        BUFG_PS (Prop_BUFG_PS_I_O)
                                                      0.038     0.267 r  spi_module_i/zynq_ultra_ps_e_0/inst/buffer_pl_clk_0.PL_CLK_0_BUFG/O
    X0Y1 (CLOCK_ROOT)    net (fo=10582, routed)       2.317     2.584    spi_module_wrapper/spi_module/spi_module_xfft_0_0/<hidden>/<hidden>/<hidden>/<hidden>
    SLICE_X15Y87         FDRE                                         r  spi_module_wrapper/spi_module/spi_module_xfft_0_0/<hidden>/<hidden>/<hidden>/<hidden>
                         clock pessimism             -0.191     2.393    
    SLICE_X15Y87         FDRE (Hold_DFF2_SLICEL_C_D)
                                                      0.102     2.495    spi_module_wrapper/spi_module/spi_module_xfft_0_0/<hidden>/<hidden>/<hidden>/<hidden>
  -------------------------------------------------------------------
                         required time                         -2.495    
                         arrival time                           2.505    
  -------------------------------------------------------------------
                         slack                                  0.010    

Slack (MET) :             0.012ns  (arrival time - required time)
  Source:                 spi_module_wrapper/spi_module/spi_module_xfft_0_0/<hidden>/<hidden>/<hidden>/<hidden>/<hidden>/<hidden>/<hidden>
                            (rising edge-triggered cell FDRE clocked by clk_pl_0  {rise@0.000ns fall@5.000ns period=10.000ns})
  Destination:            spi_module_wrapper/spi_module/spi_module_xfft_0_0/<hidden>/<hidden>/<hidden>/<hidden>/<hidden>/<hidden>/<hidden>/<hidden>/<hidden>/<hidden>/<hidden>/<hidden>
                            (rising edge-triggered cell FDRE clocked by clk_pl_0  {rise@0.000ns fall@5.000ns period=10.000ns})
  Path Group:             clk_pl_0
  Path Type:              Hold (Min at Slow Process Corner)
  Requirement:            0.000ns  (clk_pl_0 rise@0.000ns - clk_pl_0 rise@0.000ns)
  Data Path Delay:        0.319ns  (logic 0.183ns (57.356%)  route 0.136ns (42.644%))
  Logic Levels:           1  (CARRY8=1)
  Clock Path Skew:        0.206ns (DCD - SCD - CPR)
    Destination Clock Delay (DCD):    2.650ns
    Source Clock Delay      (SCD):    2.285ns
    Clock Pessimism Removal (CPR):    0.158ns
  Clock Net Delay (Source):      2.069ns (routing 1.122ns, distribution 0.947ns)
  Clock Net Delay (Destination): 2.383ns (routing 1.229ns, distribution 1.154ns)

    Location             Delay type                Incr(ns)  Path(ns)    Netlist Resource(s)
  -------------------------------------------------------------------    -------------------
                         (clock clk_pl_0 rise edge)
                                                      0.000     0.000 r  
    PS8_X0Y0             PS8                          0.000     0.000 r  spi_module_i/zynq_ultra_ps_e_0/inst/PS8_i/PLCLK[0]
                         net (fo=1, routed)           0.181     0.181    spi_module_i/zynq_ultra_ps_e_0/inst/pl_clk_unbuffered[0]
    BUFG_PS_X0Y91        BUFG_PS (Prop_BUFG_PS_I_O)
                                                      0.035     0.216 r  spi_module_i/zynq_ultra_ps_e_0/inst/buffer_pl_clk_0.PL_CLK_0_BUFG/O
    X0Y1 (CLOCK_ROOT)    net (fo=10582, routed)       2.069     2.285    spi_module_wrapper/spi_module/spi_module_xfft_0_0/<hidden>/<hidden>/<hidden>/<hidden>/<hidden>/<hidden>/<hidden>
    SLICE_X17Y119        FDRE                                         r  spi_module_wrapper/spi_module/spi_module_xfft_0_0/<hidden>/<hidden>/<hidden>/<hidden>/<hidden>/<hidden>/<hidden>
  -------------------------------------------------------------------    -------------------
    SLICE_X17Y119        FDRE (Prop_FFF2_SLICEM_C_Q)
                                                      0.115     2.400 r  spi_module_wrapper/spi_module/spi_module_xfft_0_0/<hidden>/<hidden>/<hidden>/<hidden>/<hidden>/<hidden>/<hidden>
                         net (fo=4, routed)           0.124     2.524    spi_module_wrapper/spi_module/spi_module_xfft_0_0/<hidden>/<hidden>/<hidden>/<hidden>/<hidden>/<hidden>/<hidden>/<hidden>/<hidden>/<hidden>/<hidden>
    SLICE_X16Y120        CARRY8 (Prop_CARRY8_SLICEL_DI[1]_O[2])
                                                      0.068     2.592 r  spi_module_wrapper/spi_module/spi_module_xfft_0_0/<hidden>/<hidden>/<hidden>/<hidden>/<hidden>/<hidden>/<hidden>/<hidden>/<hidden>/<hidden>/<hidden>
                         net (fo=1, routed)           0.012     2.604    spi_module_wrapper/spi_module/spi_module_xfft_0_0/<hidden>/<hidden>/<hidden>/<hidden>/<hidden>/<hidden>/<hidden>/<hidden>/<hidden>/<hidden>/<hidden>/<hidden>
    SLICE_X16Y120        FDRE                                         r  spi_module_wrapper/spi_module/spi_module_xfft_0_0/<hidden>/<hidden>/<hidden>/<hidden>/<hidden>/<hidden>/<hidden>/<hidden>/<hidden>/<hidden>/<hidden>/<hidden>
  -------------------------------------------------------------------    -------------------

                         (clock clk_pl_0 rise edge)
                                                      0.000     0.000 r  
    PS8_X0Y0             PS8                          0.000     0.000 r  spi_module_i/zynq_ultra_ps_e_0/inst/PS8_i/PLCLK[0]
                         net (fo=1, routed)           0.229     0.229    spi_module_i/zynq_ultra_ps_e_0/inst/pl_clk_unbuffered[0]
    BUFG_PS_X0Y91        BUFG_PS (Prop_BUFG_PS_I_O)
                                                      0.038     0.267 r  spi_module_i/zynq_ultra_ps_e_0/inst/buffer_pl_clk_0.PL_CLK_0_BUFG/O
    X0Y1 (CLOCK_ROOT)    net (fo=10582, routed)       2.383     2.650    spi_module_wrapper/spi_module/spi_module_xfft_0_0/<hidden>/<hidden>/<hidden>/<hidden>/<hidden>/<hidden>/<hidden>/<hidden>/<hidden>/<hidden>/<hidden>/<hidden>
    SLICE_X16Y120        FDRE                                         r  spi_module_wrapper/spi_module/spi_module_xfft_0_0/<hidden>/<hidden>/<hidden>/<hidden>/<hidden>/<hidden>/<hidden>/<hidden>/<hidden>/<hidden>/<hidden>/<hidden>
                         clock pessimism             -0.158     2.492    
    SLICE_X16Y120        FDRE (Hold_CFF_SLICEL_C_D)
                                                      0.101     2.593    spi_module_wrapper/spi_module/spi_module_xfft_0_0/<hidden>/<hidden>/<hidden>/<hidden>/<hidden>/<hidden>/<hidden>/<hidden>/<hidden>/<hidden>/<hidden>/<hidden>
  -------------------------------------------------------------------
                         required time                         -2.593    
                         arrival time                           2.604    
  -------------------------------------------------------------------
                         slack                                  0.012    

Slack (MET) :             0.012ns  (arrival time - required time)
  Source:                 spi_module_wrapper/spi_module/spi_module_xfft_0_0/<hidden>/<hidden>/<hidden>/<hidden>/<hidden>/<hidden>
                            (rising edge-triggered cell FDRE clocked by clk_pl_0  {rise@0.000ns fall@5.000ns period=10.000ns})
  Destination:            spi_module_wrapper/spi_module/spi_module_xfft_0_0/<hidden>/<hidden>/<hidden>/<hidden>/<hidden>/<hidden>/<hidden>
                            (rising edge-triggered cell SRL16E clocked by clk_pl_0  {rise@0.000ns fall@5.000ns period=10.000ns})
  Path Group:             clk_pl_0
  Path Type:              Hold (Min at Slow Process Corner)
  Requirement:            0.000ns  (clk_pl_0 rise@0.000ns - clk_pl_0 rise@0.000ns)
  Data Path Delay:        0.237ns  (logic 0.114ns (48.101%)  route 0.123ns (51.899%))
  Logic Levels:           0  
  Clock Path Skew:        0.121ns (DCD - SCD - CPR)
    Destination Clock Delay (DCD):    2.665ns
    Source Clock Delay      (SCD):    2.350ns
    Clock Pessimism Removal (CPR):    0.194ns
  Clock Net Delay (Source):      2.134ns (routing 1.122ns, distribution 1.012ns)
  Clock Net Delay (Destination): 2.398ns (routing 1.229ns, distribution 1.169ns)

    Location             Delay type                Incr(ns)  Path(ns)    Netlist Resource(s)
  -------------------------------------------------------------------    -------------------
                         (clock clk_pl_0 rise edge)
                                                      0.000     0.000 r  
    PS8_X0Y0             PS8                          0.000     0.000 r  spi_module_i/zynq_ultra_ps_e_0/inst/PS8_i/PLCLK[0]
                         net (fo=1, routed)           0.181     0.181    spi_module_i/zynq_ultra_ps_e_0/inst/pl_clk_unbuffered[0]
    BUFG_PS_X0Y91        BUFG_PS (Prop_BUFG_PS_I_O)
                                                      0.035     0.216 r  spi_module_i/zynq_ultra_ps_e_0/inst/buffer_pl_clk_0.PL_CLK_0_BUFG/O
    X0Y1 (CLOCK_ROOT)    net (fo=10582, routed)       2.134     2.350    spi_module_wrapper/spi_module/spi_module_xfft_0_0/<hidden>/<hidden>/<hidden>/<hidden>/<hidden>/<hidden>
    SLICE_X13Y124        FDRE                                         r  spi_module_wrapper/spi_module/spi_module_xfft_0_0/<hidden>/<hidden>/<hidden>/<hidden>/<hidden>/<hidden>
  -------------------------------------------------------------------    -------------------
    SLICE_X13Y124        FDRE (Prop_AFF2_SLICEM_C_Q)
                                                      0.114     2.464 r  spi_module_wrapper/spi_module/spi_module_xfft_0_0/<hidden>/<hidden>/<hidden>/<hidden>/<hidden>/<hidden>
                         net (fo=1, routed)           0.123     2.587    spi_module_wrapper/spi_module/spi_module_xfft_0_0/<hidden>/<hidden>/<hidden>/<hidden>/<hidden>/<hidden>/<hidden>
    SLICE_X12Y122        SRL16E                                       r  spi_module_wrapper/spi_module/spi_module_xfft_0_0/<hidden>/<hidden>/<hidden>/<hidden>/<hidden>/<hidden>/<hidden>
  -------------------------------------------------------------------    -------------------

                         (clock clk_pl_0 rise edge)
                                                      0.000     0.000 r  
    PS8_X0Y0             PS8                          0.000     0.000 r  spi_module_i/zynq_ultra_ps_e_0/inst/PS8_i/PLCLK[0]
                         net (fo=1, routed)           0.229     0.229    spi_module_i/zynq_ultra_ps_e_0/inst/pl_clk_unbuffered[0]
    BUFG_PS_X0Y91        BUFG_PS (Prop_BUFG_PS_I_O)
                                                      0.038     0.267 r  spi_module_i/zynq_ultra_ps_e_0/inst/buffer_pl_clk_0.PL_CLK_0_BUFG/O
    X0Y1 (CLOCK_ROOT)    net (fo=10582, routed)       2.398     2.665    spi_module_wrapper/spi_module/spi_module_xfft_0_0/<hidden>/<hidden>/<hidden>/<hidden>/<hidden>/<hidden>/<hidden>
    SLICE_X12Y122        SRL16E                                       r  spi_module_wrapper/spi_module/spi_module_xfft_0_0/<hidden>/<hidden>/<hidden>/<hidden>/<hidden>/<hidden>/<hidden>
                         clock pessimism             -0.194     2.471    
    SLICE_X12Y122        SRL16E (Hold_H5LUT_SLICEM_CLK_D)
                                                      0.104     2.575    spi_module_wrapper/spi_module/spi_module_xfft_0_0/<hidden>/<hidden>/<hidden>/<hidden>/<hidden>/<hidden>/<hidden>
  -------------------------------------------------------------------
                         required time                         -2.575    
                         arrival time                           2.587    
  -------------------------------------------------------------------
                         slack                                  0.012    

Slack (MET) :             0.012ns  (arrival time - required time)
  Source:                 spi_module_wrapper/spi_module/spi_module_xfft_0_0/<hidden>/<hidden>/<hidden>/<hidden>/<hidden>/<hidden>/<hidden>/<hidden>/<hidden>/<hidden>/<hidden>/<hidden>
                            (rising edge-triggered cell FDRE clocked by clk_pl_0  {rise@0.000ns fall@5.000ns period=10.000ns})
  Destination:            spi_module_wrapper/spi_module/spi_module_xfft_0_0/<hidden>/<hidden>/<hidden>/<hidden>/<hidden>/<hidden>/<hidden>
                            (rising edge-triggered cell SRL16E clocked by clk_pl_0  {rise@0.000ns fall@5.000ns period=10.000ns})
  Path Group:             clk_pl_0
  Path Type:              Hold (Min at Slow Process Corner)
  Requirement:            0.000ns  (clk_pl_0 rise@0.000ns - clk_pl_0 rise@0.000ns)
  Data Path Delay:        0.198ns  (logic 0.112ns (56.566%)  route 0.086ns (43.434%))
  Logic Levels:           0  
  Clock Path Skew:        0.116ns (DCD - SCD - CPR)
    Destination Clock Delay (DCD):    2.655ns
    Source Clock Delay      (SCD):    2.345ns
    Clock Pessimism Removal (CPR):    0.194ns
  Clock Net Delay (Source):      2.129ns (routing 1.122ns, distribution 1.007ns)
  Clock Net Delay (Destination): 2.388ns (routing 1.229ns, distribution 1.159ns)

    Location             Delay type                Incr(ns)  Path(ns)    Netlist Resource(s)
  -------------------------------------------------------------------    -------------------
                         (clock clk_pl_0 rise edge)
                                                      0.000     0.000 r  
    PS8_X0Y0             PS8                          0.000     0.000 r  spi_module_i/zynq_ultra_ps_e_0/inst/PS8_i/PLCLK[0]
                         net (fo=1, routed)           0.181     0.181    spi_module_i/zynq_ultra_ps_e_0/inst/pl_clk_unbuffered[0]
    BUFG_PS_X0Y91        BUFG_PS (Prop_BUFG_PS_I_O)
                                                      0.035     0.216 r  spi_module_i/zynq_ultra_ps_e_0/inst/buffer_pl_clk_0.PL_CLK_0_BUFG/O
    X0Y1 (CLOCK_ROOT)    net (fo=10582, routed)       2.129     2.345    spi_module_wrapper/spi_module/spi_module_xfft_0_0/<hidden>/<hidden>/<hidden>/<hidden>/<hidden>/<hidden>/<hidden>/<hidden>/<hidden>/<hidden>/<hidden>/<hidden>
    SLICE_X16Y123        FDRE                                         r  spi_module_wrapper/spi_module/spi_module_xfft_0_0/<hidden>/<hidden>/<hidden>/<hidden>/<hidden>/<hidden>/<hidden>/<hidden>/<hidden>/<hidden>/<hidden>/<hidden>
  -------------------------------------------------------------------    -------------------
    SLICE_X16Y123        FDRE (Prop_BFF_SLICEL_C_Q)
                                                      0.112     2.457 r  spi_module_wrapper/spi_module/spi_module_xfft_0_0/<hidden>/<hidden>/<hidden>/<hidden>/<hidden>/<hidden>/<hidden>/<hidden>/<hidden>/<hidden>/<hidden>/<hidden>
                         net (fo=1, routed)           0.086     2.543    spi_module_wrapper/spi_module/spi_module_xfft_0_0/<hidden>/<hidden>/<hidden>/<hidden>/<hidden>/<hidden>/<hidden>
    SLICE_X17Y123        SRL16E                                       r  spi_module_wrapper/spi_module/spi_module_xfft_0_0/<hidden>/<hidden>/<hidden>/<hidden>/<hidden>/<hidden>/<hidden>
  -------------------------------------------------------------------    -------------------

                         (clock clk_pl_0 rise edge)
                                                      0.000     0.000 r  
    PS8_X0Y0             PS8                          0.000     0.000 r  spi_module_i/zynq_ultra_ps_e_0/inst/PS8_i/PLCLK[0]
                         net (fo=1, routed)           0.229     0.229    spi_module_i/zynq_ultra_ps_e_0/inst/pl_clk_unbuffered[0]
    BUFG_PS_X0Y91        BUFG_PS (Prop_BUFG_PS_I_O)
                                                      0.038     0.267 r  spi_module_i/zynq_ultra_ps_e_0/inst/buffer_pl_clk_0.PL_CLK_0_BUFG/O
    X0Y1 (CLOCK_ROOT)    net (fo=10582, routed)       2.388     2.655    spi_module_wrapper/spi_module/spi_module_xfft_0_0/<hidden>/<hidden>/<hidden>/<hidden>/<hidden>/<hidden>/<hidden>
    SLICE_X17Y123        SRL16E                                       r  spi_module_wrapper/spi_module/spi_module_xfft_0_0/<hidden>/<hidden>/<hidden>/<hidden>/<hidden>/<hidden>/<hidden>
                         clock pessimism             -0.194     2.461    
    SLICE_X17Y123        SRL16E (Hold_A5LUT_SLICEM_CLK_D)
                                                      0.070     2.531    spi_module_wrapper/spi_module/spi_module_xfft_0_0/<hidden>/<hidden>/<hidden>/<hidden>/<hidden>/<hidden>/<hidden>
  -------------------------------------------------------------------
                         required time                         -2.531    
                         arrival time                           2.543    
  -------------------------------------------------------------------
                         slack                                  0.012    

Slack (MET) :             0.012ns  (arrival time - required time)
  Source:                 spi_module_wrapper/spi_module/spi_module_xfft_0_0/<hidden>/<hidden>/<hidden>/<hidden>/<hidden>/<hidden>/<hidden>/<hidden>
                            (rising edge-triggered cell FDRE clocked by clk_pl_0  {rise@0.000ns fall@5.000ns period=10.000ns})
  Destination:            spi_module_wrapper/spi_module/spi_module_xfft_0_0/<hidden>/<hidden>/<hidden>/<hidden>/<hidden>/<hidden>/<hidden>
                            (rising edge-triggered cell FDRE clocked by clk_pl_0  {rise@0.000ns fall@5.000ns period=10.000ns})
  Path Group:             clk_pl_0
  Path Type:              Hold (Min at Slow Process Corner)
  Requirement:            0.000ns  (clk_pl_0 rise@0.000ns - clk_pl_0 rise@0.000ns)
  Data Path Delay:        0.235ns  (logic 0.112ns (47.660%)  route 0.123ns (52.340%))
  Logic Levels:           0  
  Clock Path Skew:        0.121ns (DCD - SCD - CPR)
    Destination Clock Delay (DCD):    2.616ns
    Source Clock Delay      (SCD):    2.304ns
    Clock Pessimism Removal (CPR):    0.191ns
  Clock Net Delay (Source):      2.088ns (routing 1.122ns, distribution 0.966ns)
  Clock Net Delay (Destination): 2.349ns (routing 1.229ns, distribution 1.120ns)

    Location             Delay type                Incr(ns)  Path(ns)    Netlist Resource(s)
  -------------------------------------------------------------------    -------------------
                         (clock clk_pl_0 rise edge)
                                                      0.000     0.000 r  
    PS8_X0Y0             PS8                          0.000     0.000 r  spi_module_i/zynq_ultra_ps_e_0/inst/PS8_i/PLCLK[0]
                         net (fo=1, routed)           0.181     0.181    spi_module_i/zynq_ultra_ps_e_0/inst/pl_clk_unbuffered[0]
    BUFG_PS_X0Y91        BUFG_PS (Prop_BUFG_PS_I_O)
                                                      0.035     0.216 r  spi_module_i/zynq_ultra_ps_e_0/inst/buffer_pl_clk_0.PL_CLK_0_BUFG/O
    X0Y1 (CLOCK_ROOT)    net (fo=10582, routed)       2.088     2.304    spi_module_wrapper/spi_module/spi_module_xfft_0_0/<hidden>/<hidden>/<hidden>/<hidden>/<hidden>/<hidden>/<hidden>/<hidden>
    SLICE_X10Y113        FDRE                                         r  spi_module_wrapper/spi_module/spi_module_xfft_0_0/<hidden>/<hidden>/<hidden>/<hidden>/<hidden>/<hidden>/<hidden>/<hidden>
  -------------------------------------------------------------------    -------------------
    SLICE_X10Y113        FDRE (Prop_DFF_SLICEM_C_Q)
                                                      0.112     2.416 r  spi_module_wrapper/spi_module/spi_module_xfft_0_0/<hidden>/<hidden>/<hidden>/<hidden>/<hidden>/<hidden>/<hidden>/<hidden>
                         net (fo=1, routed)           0.123     2.539    spi_module_wrapper/spi_module/spi_module_xfft_0_0/<hidden>/<hidden>/<hidden>/<hidden>/<hidden>/<hidden>/<hidden>
    SLICE_X9Y112         FDRE                                         r  spi_module_wrapper/spi_module/spi_module_xfft_0_0/<hidden>/<hidden>/<hidden>/<hidden>/<hidden>/<hidden>/<hidden>
  -------------------------------------------------------------------    -------------------

                         (clock clk_pl_0 rise edge)
                                                      0.000     0.000 r  
    PS8_X0Y0             PS8                          0.000     0.000 r  spi_module_i/zynq_ultra_ps_e_0/inst/PS8_i/PLCLK[0]
                         net (fo=1, routed)           0.229     0.229    spi_module_i/zynq_ultra_ps_e_0/inst/pl_clk_unbuffered[0]
    BUFG_PS_X0Y91        BUFG_PS (Prop_BUFG_PS_I_O)
                                                      0.038     0.267 r  spi_module_i/zynq_ultra_ps_e_0/inst/buffer_pl_clk_0.PL_CLK_0_BUFG/O
    X0Y1 (CLOCK_ROOT)    net (fo=10582, routed)       2.349     2.616    spi_module_wrapper/spi_module/spi_module_xfft_0_0/<hidden>/<hidden>/<hidden>/<hidden>/<hidden>/<hidden>/<hidden>
    SLICE_X9Y112         FDRE                                         r  spi_module_wrapper/spi_module/spi_module_xfft_0_0/<hidden>/<hidden>/<hidden>/<hidden>/<hidden>/<hidden>/<hidden>
                         clock pessimism             -0.191     2.425    
    SLICE_X9Y112         FDRE (Hold_DFF2_SLICEL_C_D)
                                                      0.102     2.527    spi_module_wrapper/spi_module/spi_module_xfft_0_0/<hidden>/<hidden>/<hidden>/<hidden>/<hidden>/<hidden>/<hidden>
  -------------------------------------------------------------------
                         required time                         -2.527    
                         arrival time                           2.539    
  -------------------------------------------------------------------
                         slack                                  0.012    

Slack (MET) :             0.013ns  (arrival time - required time)
  Source:                 spi_module_wrapper/spi_module/spi_module_xfft_0_0/<hidden>/<hidden>/<hidden>/<hidden>/<hidden>/<hidden>/<hidden>
                            (rising edge-triggered cell FDRE clocked by clk_pl_0  {rise@0.000ns fall@5.000ns period=10.000ns})
  Destination:            spi_module_wrapper/spi_module/spi_module_xfft_0_0/<hidden>/<hidden>/<hidden>/<hidden>/<hidden>/<hidden>/<hidden>
                            (rising edge-triggered cell FDRE clocked by clk_pl_0  {rise@0.000ns fall@5.000ns period=10.000ns})
  Path Group:             clk_pl_0
  Path Type:              Hold (Min at Slow Process Corner)
  Requirement:            0.000ns  (clk_pl_0 rise@0.000ns - clk_pl_0 rise@0.000ns)
  Data Path Delay:        0.309ns  (logic 0.183ns (59.144%)  route 0.126ns (40.856%))
  Logic Levels:           2  (CARRY8=1 LUT4=1)
  Clock Path Skew:        0.195ns (DCD - SCD - CPR)
    Destination Clock Delay (DCD):    2.652ns
    Source Clock Delay      (SCD):    2.298ns
    Clock Pessimism Removal (CPR):    0.158ns
  Clock Net Delay (Source):      2.082ns (routing 1.122ns, distribution 0.960ns)
  Clock Net Delay (Destination): 2.385ns (routing 1.229ns, distribution 1.156ns)

    Location             Delay type                Incr(ns)  Path(ns)    Netlist Resource(s)
  -------------------------------------------------------------------    -------------------
                         (clock clk_pl_0 rise edge)
                                                      0.000     0.000 r  
    PS8_X0Y0             PS8                          0.000     0.000 r  spi_module_i/zynq_ultra_ps_e_0/inst/PS8_i/PLCLK[0]
                         net (fo=1, routed)           0.181     0.181    spi_module_i/zynq_ultra_ps_e_0/inst/pl_clk_unbuffered[0]
    BUFG_PS_X0Y91        BUFG_PS (Prop_BUFG_PS_I_O)
                                                      0.035     0.216 r  spi_module_i/zynq_ultra_ps_e_0/inst/buffer_pl_clk_0.PL_CLK_0_BUFG/O
    X0Y1 (CLOCK_ROOT)    net (fo=10582, routed)       2.082     2.298    spi_module_wrapper/spi_module/spi_module_xfft_0_0/<hidden>/<hidden>/<hidden>/<hidden>/<hidden>/<hidden>/<hidden>
    SLICE_X14Y119        FDRE                                         r  spi_module_wrapper/spi_module/spi_module_xfft_0_0/<hidden>/<hidden>/<hidden>/<hidden>/<hidden>/<hidden>/<hidden>
  -------------------------------------------------------------------    -------------------
    SLICE_X14Y119        FDRE (Prop_BFF_SLICEL_C_Q)
                                                      0.112     2.410 r  spi_module_wrapper/spi_module/spi_module_xfft_0_0/<hidden>/<hidden>/<hidden>/<hidden>/<hidden>/<hidden>/<hidden>
                         net (fo=2, routed)           0.103     2.514    spi_module_wrapper/spi_module/spi_module_xfft_0_0/<hidden>/<hidden>/<hidden>/<hidden>/<hidden>/<hidden>/<hidden>
    SLICE_X14Y122        LUT4 (Prop_B6LUT_SLICEL_I1_O)
                                                      0.034     2.548 r  spi_module_wrapper/spi_module/spi_module_xfft_0_0/<hidden>/<hidden>/<hidden>/<hidden>/<hidden>/<hidden>/<hidden>
                         net (fo=1, routed)           0.011     2.559    spi_module_wrapper/spi_module/spi_module_xfft_0_0/<hidden>/<hidden>/<hidden>/<hidden>/<hidden>/<hidden>/<hidden>
    SLICE_X14Y122        CARRY8 (Prop_CARRY8_SLICEL_S[1]_O[1])
                                                      0.037     2.596 r  spi_module_wrapper/spi_module/spi_module_xfft_0_0/<hidden>/<hidden>/<hidden>/<hidden>/<hidden>/<hidden>/<hidden>
                         net (fo=1, routed)           0.012     2.608    spi_module_wrapper/spi_module/spi_module_xfft_0_0/<hidden>/<hidden>/<hidden>/<hidden>/<hidden>/<hidden>/<hidden>
    SLICE_X14Y122        FDRE                                         r  spi_module_wrapper/spi_module/spi_module_xfft_0_0/<hidden>/<hidden>/<hidden>/<hidden>/<hidden>/<hidden>/<hidden>
  -------------------------------------------------------------------    -------------------

                         (clock clk_pl_0 rise edge)
                                                      0.000     0.000 r  
    PS8_X0Y0             PS8                          0.000     0.000 r  spi_module_i/zynq_ultra_ps_e_0/inst/PS8_i/PLCLK[0]
                         net (fo=1, routed)           0.229     0.229    spi_module_i/zynq_ultra_ps_e_0/inst/pl_clk_unbuffered[0]
    BUFG_PS_X0Y91        BUFG_PS (Prop_BUFG_PS_I_O)
                                                      0.038     0.267 r  spi_module_i/zynq_ultra_ps_e_0/inst/buffer_pl_clk_0.PL_CLK_0_BUFG/O
    X0Y1 (CLOCK_ROOT)    net (fo=10582, routed)       2.385     2.652    spi_module_wrapper/spi_module/spi_module_xfft_0_0/<hidden>/<hidden>/<hidden>/<hidden>/<hidden>/<hidden>/<hidden>
    SLICE_X14Y122        FDRE                                         r  spi_module_wrapper/spi_module/spi_module_xfft_0_0/<hidden>/<hidden>/<hidden>/<hidden>/<hidden>/<hidden>/<hidden>
                         clock pessimism             -0.158     2.494    
    SLICE_X14Y122        FDRE (Hold_BFF_SLICEL_C_D)
                                                      0.101     2.595    spi_module_wrapper/spi_module/spi_module_xfft_0_0/<hidden>/<hidden>/<hidden>/<hidden>/<hidden>/<hidden>/<hidden>
  -------------------------------------------------------------------
                         required time                         -2.595    
                         arrival time                           2.608    
  -------------------------------------------------------------------
                         slack                                  0.013    

Slack (MET) :             0.014ns  (arrival time - required time)
  Source:                 spi_module_wrapper/spi_module/spi_module_xfft_0_0/<hidden>/<hidden>/<hidden>/<hidden>/<hidden>/<hidden>/<hidden>/<hidden>/<hidden>/<hidden>/<hidden>/<hidden>
                            (rising edge-triggered cell FDRE clocked by clk_pl_0  {rise@0.000ns fall@5.000ns period=10.000ns})
  Destination:            spi_module_wrapper/spi_module/spi_module_xfft_0_0/<hidden>/<hidden>/<hidden>/<hidden>/<hidden>/<hidden>/<hidden>
                            (rising edge-triggered cell SRL16E clocked by clk_pl_0  {rise@0.000ns fall@5.000ns period=10.000ns})
  Path Group:             clk_pl_0
  Path Type:              Hold (Min at Slow Process Corner)
  Requirement:            0.000ns  (clk_pl_0 rise@0.000ns - clk_pl_0 rise@0.000ns)
  Data Path Delay:        0.200ns  (logic 0.112ns (56.000%)  route 0.088ns (44.000%))
  Logic Levels:           0  
  Clock Path Skew:        0.116ns (DCD - SCD - CPR)
    Destination Clock Delay (DCD):    2.655ns
    Source Clock Delay      (SCD):    2.345ns
    Clock Pessimism Removal (CPR):    0.194ns
  Clock Net Delay (Source):      2.129ns (routing 1.122ns, distribution 1.007ns)
  Clock Net Delay (Destination): 2.388ns (routing 1.229ns, distribution 1.159ns)

    Location             Delay type                Incr(ns)  Path(ns)    Netlist Resource(s)
  -------------------------------------------------------------------    -------------------
                         (clock clk_pl_0 rise edge)
                                                      0.000     0.000 r  
    PS8_X0Y0             PS8                          0.000     0.000 r  spi_module_i/zynq_ultra_ps_e_0/inst/PS8_i/PLCLK[0]
                         net (fo=1, routed)           0.181     0.181    spi_module_i/zynq_ultra_ps_e_0/inst/pl_clk_unbuffered[0]
    BUFG_PS_X0Y91        BUFG_PS (Prop_BUFG_PS_I_O)
                                                      0.035     0.216 r  spi_module_i/zynq_ultra_ps_e_0/inst/buffer_pl_clk_0.PL_CLK_0_BUFG/O
    X0Y1 (CLOCK_ROOT)    net (fo=10582, routed)       2.129     2.345    spi_module_wrapper/spi_module/spi_module_xfft_0_0/<hidden>/<hidden>/<hidden>/<hidden>/<hidden>/<hidden>/<hidden>/<hidden>/<hidden>/<hidden>/<hidden>/<hidden>
    SLICE_X16Y123        FDRE                                         r  spi_module_wrapper/spi_module/spi_module_xfft_0_0/<hidden>/<hidden>/<hidden>/<hidden>/<hidden>/<hidden>/<hidden>/<hidden>/<hidden>/<hidden>/<hidden>/<hidden>
  -------------------------------------------------------------------    -------------------
    SLICE_X16Y123        FDRE (Prop_DFF_SLICEL_C_Q)
                                                      0.112     2.457 r  spi_module_wrapper/spi_module/spi_module_xfft_0_0/<hidden>/<hidden>/<hidden>/<hidden>/<hidden>/<hidden>/<hidden>/<hidden>/<hidden>/<hidden>/<hidden>/<hidden>
                         net (fo=1, routed)           0.088     2.545    spi_module_wrapper/spi_module/spi_module_xfft_0_0/<hidden>/<hidden>/<hidden>/<hidden>/<hidden>/<hidden>/<hidden>
    SLICE_X17Y123        SRL16E                                       r  spi_module_wrapper/spi_module/spi_module_xfft_0_0/<hidden>/<hidden>/<hidden>/<hidden>/<hidden>/<hidden>/<hidden>
  -------------------------------------------------------------------    -------------------

                         (clock clk_pl_0 rise edge)
                                                      0.000     0.000 r  
    PS8_X0Y0             PS8                          0.000     0.000 r  spi_module_i/zynq_ultra_ps_e_0/inst/PS8_i/PLCLK[0]
                         net (fo=1, routed)           0.229     0.229    spi_module_i/zynq_ultra_ps_e_0/inst/pl_clk_unbuffered[0]
    BUFG_PS_X0Y91        BUFG_PS (Prop_BUFG_PS_I_O)
                                                      0.038     0.267 r  spi_module_i/zynq_ultra_ps_e_0/inst/buffer_pl_clk_0.PL_CLK_0_BUFG/O
    X0Y1 (CLOCK_ROOT)    net (fo=10582, routed)       2.388     2.655    spi_module_wrapper/spi_module/spi_module_xfft_0_0/<hidden>/<hidden>/<hidden>/<hidden>/<hidden>/<hidden>/<hidden>
    SLICE_X17Y123        SRL16E                                       r  spi_module_wrapper/spi_module/spi_module_xfft_0_0/<hidden>/<hidden>/<hidden>/<hidden>/<hidden>/<hidden>/<hidden>
                         clock pessimism             -0.194     2.461    
    SLICE_X17Y123        SRL16E (Hold_B5LUT_SLICEM_CLK_D)
                                                      0.070     2.531    spi_module_wrapper/spi_module/spi_module_xfft_0_0/<hidden>/<hidden>/<hidden>/<hidden>/<hidden>/<hidden>/<hidden>
  -------------------------------------------------------------------
                         required time                         -2.531    
                         arrival time                           2.545    
  -------------------------------------------------------------------
                         slack                                  0.014    

Slack (MET) :             0.015ns  (arrival time - required time)
  Source:                 spi_module_wrapper/spi_module/spi_module_xfft_0_0/<hidden>/<hidden>/<hidden>/<hidden>/<hidden>/<hidden>/<hidden>/<hidden>/<hidden>/<hidden>/<hidden>/<hidden>/<hidden>
                            (rising edge-triggered cell FDRE clocked by clk_pl_0  {rise@0.000ns fall@5.000ns period=10.000ns})
  Destination:            spi_module_wrapper/spi_module/spi_module_xfft_0_0/<hidden>/<hidden>/<hidden>/<hidden>/<hidden>/<hidden>/<hidden>
                            (rising edge-triggered cell FDRE clocked by clk_pl_0  {rise@0.000ns fall@5.000ns period=10.000ns})
  Path Group:             clk_pl_0
  Path Type:              Hold (Min at Slow Process Corner)
  Requirement:            0.000ns  (clk_pl_0 rise@0.000ns - clk_pl_0 rise@0.000ns)
  Data Path Delay:        0.242ns  (logic 0.112ns (46.223%)  route 0.130ns (53.777%))
  Logic Levels:           0  
  Clock Path Skew:        0.125ns (DCD - SCD - CPR)
    Destination Clock Delay (DCD):    2.599ns
    Source Clock Delay      (SCD):    2.283ns
    Clock Pessimism Removal (CPR):    0.191ns
  Clock Net Delay (Source):      2.067ns (routing 1.122ns, distribution 0.945ns)
  Clock Net Delay (Destination): 2.332ns (routing 1.229ns, distribution 1.103ns)

    Location             Delay type                Incr(ns)  Path(ns)    Netlist Resource(s)
  -------------------------------------------------------------------    -------------------
                         (clock clk_pl_0 rise edge)
                                                      0.000     0.000 r  
    PS8_X0Y0             PS8                          0.000     0.000 r  spi_module_i/zynq_ultra_ps_e_0/inst/PS8_i/PLCLK[0]
                         net (fo=1, routed)           0.181     0.181    spi_module_i/zynq_ultra_ps_e_0/inst/pl_clk_unbuffered[0]
    BUFG_PS_X0Y91        BUFG_PS (Prop_BUFG_PS_I_O)
                                                      0.035     0.216 r  spi_module_i/zynq_ultra_ps_e_0/inst/buffer_pl_clk_0.PL_CLK_0_BUFG/O
    X0Y1 (CLOCK_ROOT)    net (fo=10582, routed)       2.067     2.283    spi_module_wrapper/spi_module/spi_module_xfft_0_0/<hidden>/<hidden>/<hidden>/<hidden>/<hidden>/<hidden>/<hidden>/<hidden>/<hidden>/<hidden>/<hidden>/<hidden>/<hidden>
    SLICE_X16Y79         FDRE                                         r  spi_module_wrapper/spi_module/spi_module_xfft_0_0/<hidden>/<hidden>/<hidden>/<hidden>/<hidden>/<hidden>/<hidden>/<hidden>/<hidden>/<hidden>/<hidden>/<hidden>/<hidden>
  -------------------------------------------------------------------    -------------------
    SLICE_X16Y79         FDRE (Prop_HFF_SLICEL_C_Q)
                                                      0.112     2.395 r  spi_module_wrapper/spi_module/spi_module_xfft_0_0/<hidden>/<hidden>/<hidden>/<hidden>/<hidden>/<hidden>/<hidden>/<hidden>/<hidden>/<hidden>/<hidden>/<hidden>/<hidden>
                         net (fo=2, routed)           0.130     2.525    spi_module_wrapper/spi_module/spi_module_xfft_0_0/<hidden>/<hidden>/<hidden>/<hidden>/<hidden>/<hidden>/<hidden>
    SLICE_X14Y81         FDRE                                         r  spi_module_wrapper/spi_module/spi_module_xfft_0_0/<hidden>/<hidden>/<hidden>/<hidden>/<hidden>/<hidden>/<hidden>
  -------------------------------------------------------------------    -------------------

                         (clock clk_pl_0 rise edge)
                                                      0.000     0.000 r  
    PS8_X0Y0             PS8                          0.000     0.000 r  spi_module_i/zynq_ultra_ps_e_0/inst/PS8_i/PLCLK[0]
                         net (fo=1, routed)           0.229     0.229    spi_module_i/zynq_ultra_ps_e_0/inst/pl_clk_unbuffered[0]
    BUFG_PS_X0Y91        BUFG_PS (Prop_BUFG_PS_I_O)
                                                      0.038     0.267 r  spi_module_i/zynq_ultra_ps_e_0/inst/buffer_pl_clk_0.PL_CLK_0_BUFG/O
    X0Y1 (CLOCK_ROOT)    net (fo=10582, routed)       2.332     2.599    spi_module_wrapper/spi_module/spi_module_xfft_0_0/<hidden>/<hidden>/<hidden>/<hidden>/<hidden>/<hidden>/<hidden>
    SLICE_X14Y81         FDRE                                         r  spi_module_wrapper/spi_module/spi_module_xfft_0_0/<hidden>/<hidden>/<hidden>/<hidden>/<hidden>/<hidden>/<hidden>
                         clock pessimism             -0.191     2.408    
    SLICE_X14Y81         FDRE (Hold_FFF2_SLICEL_C_D)
                                                      0.103     2.511    spi_module_wrapper/spi_module/spi_module_xfft_0_0/<hidden>/<hidden>/<hidden>/<hidden>/<hidden>/<hidden>/<hidden>
  -------------------------------------------------------------------
                         required time                         -2.511    
                         arrival time                           2.525    
  -------------------------------------------------------------------
                         slack                                  0.015    

Slack (MET) :             0.016ns  (arrival time - required time)
  Source:                 spi_module_wrapper/spi_module/spi_module_xfft_0_0/<hidden>/<hidden>/<hidden>/<hidden>/<hidden>/<hidden>/<hidden>
                            (rising edge-triggered cell FDRE clocked by clk_pl_0  {rise@0.000ns fall@5.000ns period=10.000ns})
  Destination:            spi_module_wrapper/spi_module/spi_module_xfft_0_0/<hidden>/<hidden>/<hidden>/<hidden>/<hidden>/<hidden>/<hidden>
                            (rising edge-triggered cell SRL16E clocked by clk_pl_0  {rise@0.000ns fall@5.000ns period=10.000ns})
  Path Group:             clk_pl_0
  Path Type:              Hold (Min at Slow Process Corner)
  Requirement:            0.000ns  (clk_pl_0 rise@0.000ns - clk_pl_0 rise@0.000ns)
  Data Path Delay:        0.248ns  (logic 0.115ns (46.371%)  route 0.133ns (53.629%))
  Logic Levels:           0  
  Clock Path Skew:        0.128ns (DCD - SCD - CPR)
    Destination Clock Delay (DCD):    2.653ns
    Source Clock Delay      (SCD):    2.331ns
    Clock Pessimism Removal (CPR):    0.194ns
  Clock Net Delay (Source):      2.115ns (routing 1.122ns, distribution 0.993ns)
  Clock Net Delay (Destination): 2.386ns (routing 1.229ns, distribution 1.157ns)

    Location             Delay type                Incr(ns)  Path(ns)    Netlist Resource(s)
  -------------------------------------------------------------------    -------------------
                         (clock clk_pl_0 rise edge)
                                                      0.000     0.000 r  
    PS8_X0Y0             PS8                          0.000     0.000 r  spi_module_i/zynq_ultra_ps_e_0/inst/PS8_i/PLCLK[0]
                         net (fo=1, routed)           0.181     0.181    spi_module_i/zynq_ultra_ps_e_0/inst/pl_clk_unbuffered[0]
    BUFG_PS_X0Y91        BUFG_PS (Prop_BUFG_PS_I_O)
                                                      0.035     0.216 r  spi_module_i/zynq_ultra_ps_e_0/inst/buffer_pl_clk_0.PL_CLK_0_BUFG/O
    X0Y1 (CLOCK_ROOT)    net (fo=10582, routed)       2.115     2.331    spi_module_wrapper/spi_module/spi_module_xfft_0_0/<hidden>/<hidden>/<hidden>/<hidden>/<hidden>/<hidden>/<hidden>
    SLICE_X16Y129        FDRE                                         r  spi_module_wrapper/spi_module/spi_module_xfft_0_0/<hidden>/<hidden>/<hidden>/<hidden>/<hidden>/<hidden>/<hidden>
  -------------------------------------------------------------------    -------------------
    SLICE_X16Y129        FDRE (Prop_DFF2_SLICEL_C_Q)
                                                      0.115     2.446 r  spi_module_wrapper/spi_module/spi_module_xfft_0_0/<hidden>/<hidden>/<hidden>/<hidden>/<hidden>/<hidden>/<hidden>
                         net (fo=1, routed)           0.133     2.579    spi_module_wrapper/spi_module/spi_module_xfft_0_0/<hidden>/<hidden>/<hidden>/<hidden>/<hidden>/<hidden>/<hidden>
    SLICE_X17Y130        SRL16E                                       r  spi_module_wrapper/spi_module/spi_module_xfft_0_0/<hidden>/<hidden>/<hidden>/<hidden>/<hidden>/<hidden>/<hidden>
  -------------------------------------------------------------------    -------------------

                         (clock clk_pl_0 rise edge)
                                                      0.000     0.000 r  
    PS8_X0Y0             PS8                          0.000     0.000 r  spi_module_i/zynq_ultra_ps_e_0/inst/PS8_i/PLCLK[0]
                         net (fo=1, routed)           0.229     0.229    spi_module_i/zynq_ultra_ps_e_0/inst/pl_clk_unbuffered[0]
    BUFG_PS_X0Y91        BUFG_PS (Prop_BUFG_PS_I_O)
                                                      0.038     0.267 r  spi_module_i/zynq_ultra_ps_e_0/inst/buffer_pl_clk_0.PL_CLK_0_BUFG/O
    X0Y1 (CLOCK_ROOT)    net (fo=10582, routed)       2.386     2.653    spi_module_wrapper/spi_module/spi_module_xfft_0_0/<hidden>/<hidden>/<hidden>/<hidden>/<hidden>/<hidden>/<hidden>
    SLICE_X17Y130        SRL16E                                       r  spi_module_wrapper/spi_module/spi_module_xfft_0_0/<hidden>/<hidden>/<hidden>/<hidden>/<hidden>/<hidden>/<hidden>
                         clock pessimism             -0.194     2.459    
    SLICE_X17Y130        SRL16E (Hold_H5LUT_SLICEM_CLK_D)
                                                      0.104     2.563    spi_module_wrapper/spi_module/spi_module_xfft_0_0/<hidden>/<hidden>/<hidden>/<hidden>/<hidden>/<hidden>/<hidden>
  -------------------------------------------------------------------
                         required time                         -2.563    
                         arrival time                           2.579    
  -------------------------------------------------------------------
                         slack                                  0.016    





Pulse Width Checks
--------------------------------------------------------------------------------------
Clock Name:         clk_pl_0
Waveform(ns):       { 0.000 5.000 }
Period(ns):         10.000
Sources:            { spi_module_i/zynq_ultra_ps_e_0/inst/PS8_i/PLCLK[0] }

Check Type        Corner  Lib Pin             Reference Pin  Required(ns)  Actual(ns)  Slack(ns)  Location      Pin
Min Period        n/a     PS8/MAXIGP0ACLK     n/a            3.000         10.000      7.000      PS8_X0Y0      spi_module_i/zynq_ultra_ps_e_0/inst/PS8_i/MAXIGP0ACLK
Min Period        n/a     PS8/MAXIGP1ACLK     n/a            3.000         10.000      7.000      PS8_X0Y0      spi_module_i/zynq_ultra_ps_e_0/inst/PS8_i/MAXIGP1ACLK
Min Period        n/a     PS8/SAXIGP2RCLK     n/a            3.000         10.000      7.000      PS8_X0Y0      spi_module_i/zynq_ultra_ps_e_0/inst/PS8_i/SAXIGP2RCLK
Min Period        n/a     PS8/SAXIGP2WCLK     n/a            3.000         10.000      7.000      PS8_X0Y0      spi_module_i/zynq_ultra_ps_e_0/inst/PS8_i/SAXIGP2WCLK
Min Period        n/a     PS8/SAXIGP3RCLK     n/a            3.000         10.000      7.000      PS8_X0Y0      spi_module_i/zynq_ultra_ps_e_0/inst/PS8_i/SAXIGP3RCLK
Min Period        n/a     PS8/SAXIGP3WCLK     n/a            3.000         10.000      7.000      PS8_X0Y0      spi_module_i/zynq_ultra_ps_e_0/inst/PS8_i/SAXIGP3WCLK
Min Period        n/a     RAMB36E2/CLKARDCLK  n/a            1.709         10.000      8.291      RAMB36_X0Y17  spi_module_i/axi_dma_0/U0/I_PRMRY_DATAMOVER/GEN_MM2S_FULL.I_MM2S_FULL_WRAPPER/GEN_INCLUDE_MM2S_SF.I_RD_SF/I_DATA_FIFO/BLK_MEM.I_SYNC_FIFOGEN_FIFO/xpm_fifo_base_inst/gen_sdpram.xpm_memory_base_inst/gen_wr_a.gen_word_narrow.mem_reg/CLKARDCLK
Min Period        n/a     RAMB36E2/CLKBWRCLK  n/a            1.709         10.000      8.291      RAMB36_X0Y17  spi_module_i/axi_dma_0/U0/I_PRMRY_DATAMOVER/GEN_MM2S_FULL.I_MM2S_FULL_WRAPPER/GEN_INCLUDE_MM2S_SF.I_RD_SF/I_DATA_FIFO/BLK_MEM.I_SYNC_FIFOGEN_FIFO/xpm_fifo_base_inst/gen_sdpram.xpm_memory_base_inst/gen_wr_a.gen_word_narrow.mem_reg/CLKBWRCLK
Min Period        n/a     RAMB36E2/CLKARDCLK  n/a            1.709         10.000      8.291      RAMB36_X0Y31  spi_module_i/axi_dma_0/U0/I_PRMRY_DATAMOVER/GEN_S2MM_FULL.I_S2MM_FULL_WRAPPER/GEN_ENABLE_INDET_BTT_SF.I_INDET_BTT/I_DATA_FIFO/BLK_MEM.I_SYNC_FIFOGEN_FIFO/xpm_fifo_base_inst/gen_sdpram.xpm_memory_base_inst/gen_wr_a.gen_word_narrow.mem_reg/CLKARDCLK
Min Period        n/a     RAMB36E2/CLKBWRCLK  n/a            1.709         10.000      8.291      RAMB36_X0Y31  spi_module_i/axi_dma_0/U0/I_PRMRY_DATAMOVER/GEN_S2MM_FULL.I_S2MM_FULL_WRAPPER/GEN_ENABLE_INDET_BTT_SF.I_INDET_BTT/I_DATA_FIFO/BLK_MEM.I_SYNC_FIFOGEN_FIFO/xpm_fifo_base_inst/gen_sdpram.xpm_memory_base_inst/gen_wr_a.gen_word_narrow.mem_reg/CLKBWRCLK
Low Pulse Width   Slow    PS8/MAXIGP0ACLK     n/a            1.500         5.000       3.500      PS8_X0Y0      spi_module_i/zynq_ultra_ps_e_0/inst/PS8_i/MAXIGP0ACLK
Low Pulse Width   Fast    PS8/MAXIGP0ACLK     n/a            1.500         5.000       3.500      PS8_X0Y0      spi_module_i/zynq_ultra_ps_e_0/inst/PS8_i/MAXIGP0ACLK
Low Pulse Width   Slow    PS8/MAXIGP1ACLK     n/a            1.500         5.000       3.500      PS8_X0Y0      spi_module_i/zynq_ultra_ps_e_0/inst/PS8_i/MAXIGP1ACLK
Low Pulse Width   Fast    PS8/MAXIGP1ACLK     n/a            1.500         5.000       3.500      PS8_X0Y0      spi_module_i/zynq_ultra_ps_e_0/inst/PS8_i/MAXIGP1ACLK
Low Pulse Width   Slow    PS8/SAXIGP2RCLK     n/a            1.500         5.000       3.500      PS8_X0Y0      spi_module_i/zynq_ultra_ps_e_0/inst/PS8_i/SAXIGP2RCLK
Low Pulse Width   Fast    PS8/SAXIGP2RCLK     n/a            1.500         5.000       3.500      PS8_X0Y0      spi_module_i/zynq_ultra_ps_e_0/inst/PS8_i/SAXIGP2RCLK
Low Pulse Width   Slow    PS8/SAXIGP2WCLK     n/a            1.500         5.000       3.500      PS8_X0Y0      spi_module_i/zynq_ultra_ps_e_0/inst/PS8_i/SAXIGP2WCLK
Low Pulse Width   Fast    PS8/SAXIGP2WCLK     n/a            1.500         5.000       3.500      PS8_X0Y0      spi_module_i/zynq_ultra_ps_e_0/inst/PS8_i/SAXIGP2WCLK
Low Pulse Width   Slow    PS8/SAXIGP3RCLK     n/a            1.500         5.000       3.500      PS8_X0Y0      spi_module_i/zynq_ultra_ps_e_0/inst/PS8_i/SAXIGP3RCLK
Low Pulse Width   Fast    PS8/SAXIGP3RCLK     n/a            1.500         5.000       3.500      PS8_X0Y0      spi_module_i/zynq_ultra_ps_e_0/inst/PS8_i/SAXIGP3RCLK
High Pulse Width  Slow    PS8/MAXIGP0ACLK     n/a            1.500         5.000       3.500      PS8_X0Y0      spi_module_i/zynq_ultra_ps_e_0/inst/PS8_i/MAXIGP0ACLK
High Pulse Width  Fast    PS8/MAXIGP0ACLK     n/a            1.500         5.000       3.500      PS8_X0Y0      spi_module_i/zynq_ultra_ps_e_0/inst/PS8_i/MAXIGP0ACLK
High Pulse Width  Slow    PS8/MAXIGP1ACLK     n/a            1.500         5.000       3.500      PS8_X0Y0      spi_module_i/zynq_ultra_ps_e_0/inst/PS8_i/MAXIGP1ACLK
High Pulse Width  Fast    PS8/MAXIGP1ACLK     n/a            1.500         5.000       3.500      PS8_X0Y0      spi_module_i/zynq_ultra_ps_e_0/inst/PS8_i/MAXIGP1ACLK
High Pulse Width  Slow    PS8/SAXIGP2RCLK     n/a            1.500         5.000       3.500      PS8_X0Y0      spi_module_i/zynq_ultra_ps_e_0/inst/PS8_i/SAXIGP2RCLK
High Pulse Width  Fast    PS8/SAXIGP2RCLK     n/a            1.500         5.000       3.500      PS8_X0Y0      spi_module_i/zynq_ultra_ps_e_0/inst/PS8_i/SAXIGP2RCLK
High Pulse Width  Slow    PS8/SAXIGP2WCLK     n/a            1.500         5.000       3.500      PS8_X0Y0      spi_module_i/zynq_ultra_ps_e_0/inst/PS8_i/SAXIGP2WCLK
High Pulse Width  Fast    PS8/SAXIGP2WCLK     n/a            1.500         5.000       3.500      PS8_X0Y0      spi_module_i/zynq_ultra_ps_e_0/inst/PS8_i/SAXIGP2WCLK
High Pulse Width  Slow    PS8/SAXIGP3RCLK     n/a            1.500         5.000       3.500      PS8_X0Y0      spi_module_i/zynq_ultra_ps_e_0/inst/PS8_i/SAXIGP3RCLK
High Pulse Width  Fast    PS8/SAXIGP3RCLK     n/a            1.500         5.000       3.500      PS8_X0Y0      spi_module_i/zynq_ultra_ps_e_0/inst/PS8_i/SAXIGP3RCLK



---------------------------------------------------------------------------------------------------
From Clock:  som240_1_connector_hpa_clk0p_clk
  To Clock:  som240_1_connector_hpa_clk0p_clk

Setup :           NA  Failing Endpoints,  Worst Slack           NA  ,  Total Violation           NA
Hold  :           NA  Failing Endpoints,  Worst Slack           NA  ,  Total Violation           NA
PW    :            0  Failing Endpoints,  Worst Slack       10.000ns,  Total Violation        0.000ns
---------------------------------------------------------------------------------------------------


Pulse Width Checks
--------------------------------------------------------------------------------------
Clock Name:         som240_1_connector_hpa_clk0p_clk
Waveform(ns):       { 0.000 20.000 }
Period(ns):         40.000
Sources:            { som240_1_connector_hpa_clk0p_clk }

Check Type        Corner  Lib Pin            Reference Pin  Required(ns)  Actual(ns)  Slack(ns)  Location   Pin
Min Period        n/a     MMCME4_ADV/CLKIN1  n/a            1.071         40.000      38.929     MMCM_X0Y3  spi_module_i/clk_wiz/inst/mmcme4_adv_inst/CLKIN1
Max Period        n/a     MMCME4_ADV/CLKIN1  n/a            100.000       40.000      60.000     MMCM_X0Y3  spi_module_i/clk_wiz/inst/mmcme4_adv_inst/CLKIN1
Low Pulse Width   Slow    MMCME4_ADV/CLKIN1  n/a            10.000        20.000      10.000     MMCM_X0Y3  spi_module_i/clk_wiz/inst/mmcme4_adv_inst/CLKIN1
Low Pulse Width   Fast    MMCME4_ADV/CLKIN1  n/a            10.000        20.000      10.000     MMCM_X0Y3  spi_module_i/clk_wiz/inst/mmcme4_adv_inst/CLKIN1
High Pulse Width  Slow    MMCME4_ADV/CLKIN1  n/a            10.000        20.000      10.000     MMCM_X0Y3  spi_module_i/clk_wiz/inst/mmcme4_adv_inst/CLKIN1
High Pulse Width  Fast    MMCME4_ADV/CLKIN1  n/a            10.000        20.000      10.000     MMCM_X0Y3  spi_module_i/clk_wiz/inst/mmcme4_adv_inst/CLKIN1



---------------------------------------------------------------------------------------------------
From Clock:  clk_out1_spi_module_clk_wiz_0
  To Clock:  clk_out1_spi_module_clk_wiz_0

Setup :            0  Failing Endpoints,  Worst Slack        7.242ns,  Total Violation        0.000ns
Hold  :            0  Failing Endpoints,  Worst Slack        0.036ns,  Total Violation        0.000ns
PW    :            0  Failing Endpoints,  Worst Slack        1.000ns,  Total Violation        0.000ns
---------------------------------------------------------------------------------------------------


Max Delay Paths
--------------------------------------------------------------------------------------
Slack (MET) :             7.242ns  (required time - arrival time)
  Source:                 spi_module_i/axi_quad_spi_0/U0/NO_DUAL_QUAD_MODE.QSPI_NORMAL/IO0_I_REG/C
                            (rising edge-triggered cell FDRE clocked by clk_out1_spi_module_clk_wiz_0  {rise@0.000ns fall@5.000ns period=10.000ns})
  Destination:            spi_module_i/axi_quad_spi_0/U0/NO_DUAL_QUAD_MODE.QSPI_NORMAL/QSPI_LEGACY_MD_GEN.QSPI_CORE_INTERFACE_I/LOGIC_FOR_MD_0_GEN.SPI_MODULE_I/OTHER_RATIO_GENERATE.Shift_Reg_reg[7]/D
                            (rising edge-triggered cell FDRE clocked by clk_out1_spi_module_clk_wiz_0  {rise@0.000ns fall@5.000ns period=10.000ns})
  Path Group:             clk_out1_spi_module_clk_wiz_0
  Path Type:              Setup (Max at Slow Process Corner)
  Requirement:            10.000ns  (clk_out1_spi_module_clk_wiz_0 rise@10.000ns - clk_out1_spi_module_clk_wiz_0 rise@0.000ns)
  Data Path Delay:        2.624ns  (logic 0.961ns (36.619%)  route 1.663ns (63.381%))
  Logic Levels:           2  (LUT5=2)
  Clock Path Skew:        -0.077ns (DCD - SCD + CPR)
    Destination Clock Delay (DCD):    3.966ns = ( 13.966 - 10.000 ) 
    Source Clock Delay      (SCD):    3.751ns
    Clock Pessimism Removal (CPR):    -0.293ns
  Clock Uncertainty:      0.102ns  ((TSJ^2 + DJ^2)^1/2) / 2 + PE
    Total System Jitter     (TSJ):    0.071ns
    Discrete Jitter          (DJ):    0.191ns
    Phase Error              (PE):    0.000ns
  Clock Net Delay (Source):      2.373ns (routing 1.302ns, distribution 1.071ns)
  Clock Net Delay (Destination): 2.158ns (routing 1.197ns, distribution 0.961ns)

    Location             Delay type                Incr(ns)  Path(ns)    Netlist Resource(s)
  -------------------------------------------------------------------    -------------------
                         (clock clk_out1_spi_module_clk_wiz_0 rise edge)
                                                      0.000     0.000 r  
    C3                                                0.000     0.000 r  som240_1_connector_hpa_clk0p_clk (IN)
                         net (fo=0)                   0.000     0.000    spi_module_i/clk_wiz/inst/clkin1_ibuf/I
    C3                   INBUF (Prop_INBUF_HPIOB_M_PAD_O)
                                                      0.538     0.538 r  spi_module_i/clk_wiz/inst/clkin1_ibuf/INBUF_INST/O
                         net (fo=1, routed)           0.000     0.538    spi_module_i/clk_wiz/inst/clkin1_ibuf/OUT
    C3                   IBUFCTRL (Prop_IBUFCTRL_HPIOB_M_I_O)
                                                      0.000     0.538 r  spi_module_i/clk_wiz/inst/clkin1_ibuf/IBUFCTRL_INST/O
                         net (fo=1, routed)           0.551     1.089    spi_module_i/clk_wiz/inst/clk_in1_spi_module_clk_wiz_0
    MMCM_X0Y3            MMCME4_ADV (Prop_MMCM_CLKIN1_CLKOUT0)
                                                     -0.103     0.986 r  spi_module_i/clk_wiz/inst/mmcme4_adv_inst/CLKOUT0
                         net (fo=1, routed)           0.348     1.334    spi_module_i/clk_wiz/inst/clk_out1_spi_module_clk_wiz_0
    BUFGCE_X0Y76         BUFGCE (Prop_BUFCE_BUFGCE_I_O)
                                                      0.044     1.378 r  spi_module_i/clk_wiz/inst/clkout1_buf/O
    X0Y2 (CLOCK_ROOT)    net (fo=324, routed)         2.373     3.751    spi_module_i/axi_quad_spi_0/U0/NO_DUAL_QUAD_MODE.QSPI_NORMAL/ext_spi_clk
    HDIOLOGIC_S_X0Y27    FDRE                                         r  spi_module_i/axi_quad_spi_0/U0/NO_DUAL_QUAD_MODE.QSPI_NORMAL/IO0_I_REG/C
  -------------------------------------------------------------------    -------------------
    HDIOLOGIC_S_X0Y27    FDRE (Prop_IPFF_HDIOLOGIC_S_C_Q)
                                                      0.682     4.433 r  spi_module_i/axi_quad_spi_0/U0/NO_DUAL_QUAD_MODE.QSPI_NORMAL/IO0_I_REG/Q
                         net (fo=1, routed)           0.767     5.200    spi_module_i/axi_quad_spi_0/U0/NO_DUAL_QUAD_MODE.QSPI_NORMAL/QSPI_LEGACY_MD_GEN.QSPI_CORE_INTERFACE_I/FIFO_EXISTS.CLK_CROSS_I/io0_i_sync
    SLICE_X14Y146        LUT5 (Prop_F6LUT_SLICEL_I4_O)
                                                      0.056     5.256 r  spi_module_i/axi_quad_spi_0/U0/NO_DUAL_QUAD_MODE.QSPI_NORMAL/QSPI_LEGACY_MD_GEN.QSPI_CORE_INTERFACE_I/FIFO_EXISTS.CLK_CROSS_I/OTHER_RATIO_GENERATE.rx_shft_reg_s[7]_i_1/O
                         net (fo=4, routed)           0.513     5.769    spi_module_i/axi_quad_spi_0/U0/NO_DUAL_QUAD_MODE.QSPI_NORMAL/QSPI_LEGACY_MD_GEN.QSPI_CORE_INTERFACE_I/FIFO_EXISTS.CLK_CROSS_I/OTHER_RATIO_GENERATE.serial_dout_int_reg[0]
    SLICE_X17Y149        LUT5 (Prop_H5LUT_SLICEM_I0_O)
                                                      0.223     5.992 r  spi_module_i/axi_quad_spi_0/U0/NO_DUAL_QUAD_MODE.QSPI_NORMAL/QSPI_LEGACY_MD_GEN.QSPI_CORE_INTERFACE_I/FIFO_EXISTS.CLK_CROSS_I/OTHER_RATIO_GENERATE.Shift_Reg[7]_i_1/O
                         net (fo=1, routed)           0.383     6.375    spi_module_i/axi_quad_spi_0/U0/NO_DUAL_QUAD_MODE.QSPI_NORMAL/QSPI_LEGACY_MD_GEN.QSPI_CORE_INTERFACE_I/LOGIC_FOR_MD_0_GEN.SPI_MODULE_I/D[0]
    SLICE_X17Y150        FDRE                                         r  spi_module_i/axi_quad_spi_0/U0/NO_DUAL_QUAD_MODE.QSPI_NORMAL/QSPI_LEGACY_MD_GEN.QSPI_CORE_INTERFACE_I/LOGIC_FOR_MD_0_GEN.SPI_MODULE_I/OTHER_RATIO_GENERATE.Shift_Reg_reg[7]/D
  -------------------------------------------------------------------    -------------------

                         (clock clk_out1_spi_module_clk_wiz_0 rise edge)
                                                     10.000    10.000 r  
    C3                                                0.000    10.000 r  som240_1_connector_hpa_clk0p_clk (IN)
                         net (fo=0)                   0.000    10.000    spi_module_i/clk_wiz/inst/clkin1_ibuf/I
    C3                   INBUF (Prop_INBUF_HPIOB_M_PAD_O)
                                                      0.287    10.287 r  spi_module_i/clk_wiz/inst/clkin1_ibuf/INBUF_INST/O
                         net (fo=1, routed)           0.000    10.287    spi_module_i/clk_wiz/inst/clkin1_ibuf/OUT
    C3                   IBUFCTRL (Prop_IBUFCTRL_HPIOB_M_I_O)
                                                      0.000    10.287 r  spi_module_i/clk_wiz/inst/clkin1_ibuf/IBUFCTRL_INST/O
                         net (fo=1, routed)           0.436    10.723    spi_module_i/clk_wiz/inst/clk_in1_spi_module_clk_wiz_0
    MMCM_X0Y3            MMCME4_ADV (Prop_MMCM_CLKIN1_CLKOUT0)
                                                      0.739    11.462 r  spi_module_i/clk_wiz/inst/mmcme4_adv_inst/CLKOUT0
                         net (fo=1, routed)           0.307    11.769    spi_module_i/clk_wiz/inst/clk_out1_spi_module_clk_wiz_0
    BUFGCE_X0Y76         BUFGCE (Prop_BUFCE_BUFGCE_I_O)
                                                      0.039    11.808 r  spi_module_i/clk_wiz/inst/clkout1_buf/O
    X0Y2 (CLOCK_ROOT)    net (fo=324, routed)         2.158    13.966    spi_module_i/axi_quad_spi_0/U0/NO_DUAL_QUAD_MODE.QSPI_NORMAL/QSPI_LEGACY_MD_GEN.QSPI_CORE_INTERFACE_I/LOGIC_FOR_MD_0_GEN.SPI_MODULE_I/ext_spi_clk
    SLICE_X17Y150        FDRE                                         r  spi_module_i/axi_quad_spi_0/U0/NO_DUAL_QUAD_MODE.QSPI_NORMAL/QSPI_LEGACY_MD_GEN.QSPI_CORE_INTERFACE_I/LOGIC_FOR_MD_0_GEN.SPI_MODULE_I/OTHER_RATIO_GENERATE.Shift_Reg_reg[7]/C
                         clock pessimism             -0.293    13.673    
                         clock uncertainty           -0.102    13.572    
    SLICE_X17Y150        FDRE (Setup_EFF2_SLICEM_C_D)
                                                      0.045    13.617    spi_module_i/axi_quad_spi_0/U0/NO_DUAL_QUAD_MODE.QSPI_NORMAL/QSPI_LEGACY_MD_GEN.QSPI_CORE_INTERFACE_I/LOGIC_FOR_MD_0_GEN.SPI_MODULE_I/OTHER_RATIO_GENERATE.Shift_Reg_reg[7]
  -------------------------------------------------------------------
                         required time                         13.617    
                         arrival time                          -6.375    
  -------------------------------------------------------------------
                         slack                                  7.242    

Slack (MET) :             7.555ns  (required time - arrival time)
  Source:                 spi_module_i/axi_quad_spi_0/U0/NO_DUAL_QUAD_MODE.QSPI_NORMAL/QSPI_LEGACY_MD_GEN.QSPI_CORE_INTERFACE_I/RESET_SYNC_AXI_SPI_CLK_INST/RESET_SYNC_AX2S_2/C
                            (rising edge-triggered cell FDRE clocked by clk_out1_spi_module_clk_wiz_0  {rise@0.000ns fall@5.000ns period=10.000ns})
  Destination:            spi_module_i/axi_quad_spi_0/U0/NO_DUAL_QUAD_MODE.QSPI_NORMAL/QSPI_LEGACY_MD_GEN.QSPI_CORE_INTERFACE_I/FIFO_EXISTS.RX_FIFO_II/gnuram_async_fifo.xpm_fifo_base_inst/xpm_fifo_rst_inst/gen_rst_ic.rst_seq_reentered_reg/D
                            (rising edge-triggered cell FDRE clocked by clk_out1_spi_module_clk_wiz_0  {rise@0.000ns fall@5.000ns period=10.000ns})
  Path Group:             clk_out1_spi_module_clk_wiz_0
  Path Type:              Setup (Max at Slow Process Corner)
  Requirement:            10.000ns  (clk_out1_spi_module_clk_wiz_0 rise@10.000ns - clk_out1_spi_module_clk_wiz_0 rise@0.000ns)
  Data Path Delay:        2.292ns  (logic 0.556ns (24.259%)  route 1.736ns (75.741%))
  Logic Levels:           2  (LUT3=2)
  Clock Path Skew:        -0.095ns (DCD - SCD + CPR)
    Destination Clock Delay (DCD):    3.969ns = ( 13.969 - 10.000 ) 
    Source Clock Delay      (SCD):    3.771ns
    Clock Pessimism Removal (CPR):    -0.293ns
  Clock Uncertainty:      0.102ns  ((TSJ^2 + DJ^2)^1/2) / 2 + PE
    Total System Jitter     (TSJ):    0.071ns
    Discrete Jitter          (DJ):    0.191ns
    Phase Error              (PE):    0.000ns
  Clock Net Delay (Source):      2.394ns (routing 1.302ns, distribution 1.092ns)
  Clock Net Delay (Destination): 2.161ns (routing 1.197ns, distribution 0.964ns)

    Location             Delay type                Incr(ns)  Path(ns)    Netlist Resource(s)
  -------------------------------------------------------------------    -------------------
                         (clock clk_out1_spi_module_clk_wiz_0 rise edge)
                                                      0.000     0.000 r  
    C3                                                0.000     0.000 r  som240_1_connector_hpa_clk0p_clk (IN)
                         net (fo=0)                   0.000     0.000    spi_module_i/clk_wiz/inst/clkin1_ibuf/I
    C3                   INBUF (Prop_INBUF_HPIOB_M_PAD_O)
                                                      0.538     0.538 r  spi_module_i/clk_wiz/inst/clkin1_ibuf/INBUF_INST/O
                         net (fo=1, routed)           0.000     0.538    spi_module_i/clk_wiz/inst/clkin1_ibuf/OUT
    C3                   IBUFCTRL (Prop_IBUFCTRL_HPIOB_M_I_O)
                                                      0.000     0.538 r  spi_module_i/clk_wiz/inst/clkin1_ibuf/IBUFCTRL_INST/O
                         net (fo=1, routed)           0.551     1.089    spi_module_i/clk_wiz/inst/clk_in1_spi_module_clk_wiz_0
    MMCM_X0Y3            MMCME4_ADV (Prop_MMCM_CLKIN1_CLKOUT0)
                                                     -0.103     0.986 r  spi_module_i/clk_wiz/inst/mmcme4_adv_inst/CLKOUT0
                         net (fo=1, routed)           0.348     1.334    spi_module_i/clk_wiz/inst/clk_out1_spi_module_clk_wiz_0
    BUFGCE_X0Y76         BUFGCE (Prop_BUFCE_BUFGCE_I_O)
                                                      0.044     1.378 r  spi_module_i/clk_wiz/inst/clkout1_buf/O
    X0Y2 (CLOCK_ROOT)    net (fo=324, routed)         2.394     3.771    spi_module_i/axi_quad_spi_0/U0/NO_DUAL_QUAD_MODE.QSPI_NORMAL/QSPI_LEGACY_MD_GEN.QSPI_CORE_INTERFACE_I/RESET_SYNC_AXI_SPI_CLK_INST/ext_spi_clk
    SLICE_X15Y146        FDRE                                         r  spi_module_i/axi_quad_spi_0/U0/NO_DUAL_QUAD_MODE.QSPI_NORMAL/QSPI_LEGACY_MD_GEN.QSPI_CORE_INTERFACE_I/RESET_SYNC_AXI_SPI_CLK_INST/RESET_SYNC_AX2S_2/C
  -------------------------------------------------------------------    -------------------
    SLICE_X15Y146        FDRE (Prop_AFF2_SLICEL_C_Q)
                                                      0.116     3.887 f  spi_module_i/axi_quad_spi_0/U0/NO_DUAL_QUAD_MODE.QSPI_NORMAL/QSPI_LEGACY_MD_GEN.QSPI_CORE_INTERFACE_I/RESET_SYNC_AXI_SPI_CLK_INST/RESET_SYNC_AX2S_2/Q
                         net (fo=59, routed)          1.209     5.096    spi_module_i/axi_quad_spi_0/U0/NO_DUAL_QUAD_MODE.QSPI_NORMAL/QSPI_LEGACY_MD_GEN.QSPI_CORE_INTERFACE_I/FIFO_EXISTS.CLK_CROSS_I/Rst_to_spi
    SLICE_X16Y152        LUT3 (Prop_D6LUT_SLICEL_I0_O)
                                                      0.221     5.317 f  spi_module_i/axi_quad_spi_0/U0/NO_DUAL_QUAD_MODE.QSPI_NORMAL/QSPI_LEGACY_MD_GEN.QSPI_CORE_INTERFACE_I/FIFO_EXISTS.CLK_CROSS_I/FIFO_EXISTS.RX_FIFO_II_i_1/O
                         net (fo=12, routed)          0.202     5.519    spi_module_i/axi_quad_spi_0/U0/NO_DUAL_QUAD_MODE.QSPI_NORMAL/QSPI_LEGACY_MD_GEN.QSPI_CORE_INTERFACE_I/FIFO_EXISTS.RX_FIFO_II/gnuram_async_fifo.xpm_fifo_base_inst/xpm_fifo_rst_inst/rst
    SLICE_X15Y156        LUT3 (Prop_C5LUT_SLICEL_I1_O)
                                                      0.219     5.738 r  spi_module_i/axi_quad_spi_0/U0/NO_DUAL_QUAD_MODE.QSPI_NORMAL/QSPI_LEGACY_MD_GEN.QSPI_CORE_INTERFACE_I/FIFO_EXISTS.RX_FIFO_II/gnuram_async_fifo.xpm_fifo_base_inst/xpm_fifo_rst_inst/gen_rst_ic.rst_seq_reentered_i_1/O
                         net (fo=1, routed)           0.325     6.063    spi_module_i/axi_quad_spi_0/U0/NO_DUAL_QUAD_MODE.QSPI_NORMAL/QSPI_LEGACY_MD_GEN.QSPI_CORE_INTERFACE_I/FIFO_EXISTS.RX_FIFO_II/gnuram_async_fifo.xpm_fifo_base_inst/xpm_fifo_rst_inst/gen_rst_ic.rst_seq_reentered_i_1_n_0
    SLICE_X15Y156        FDRE                                         r  spi_module_i/axi_quad_spi_0/U0/NO_DUAL_QUAD_MODE.QSPI_NORMAL/QSPI_LEGACY_MD_GEN.QSPI_CORE_INTERFACE_I/FIFO_EXISTS.RX_FIFO_II/gnuram_async_fifo.xpm_fifo_base_inst/xpm_fifo_rst_inst/gen_rst_ic.rst_seq_reentered_reg/D
  -------------------------------------------------------------------    -------------------

                         (clock clk_out1_spi_module_clk_wiz_0 rise edge)
                                                     10.000    10.000 r  
    C3                                                0.000    10.000 r  som240_1_connector_hpa_clk0p_clk (IN)
                         net (fo=0)                   0.000    10.000    spi_module_i/clk_wiz/inst/clkin1_ibuf/I
    C3                   INBUF (Prop_INBUF_HPIOB_M_PAD_O)
                                                      0.287    10.287 r  spi_module_i/clk_wiz/inst/clkin1_ibuf/INBUF_INST/O
                         net (fo=1, routed)           0.000    10.287    spi_module_i/clk_wiz/inst/clkin1_ibuf/OUT
    C3                   IBUFCTRL (Prop_IBUFCTRL_HPIOB_M_I_O)
                                                      0.000    10.287 r  spi_module_i/clk_wiz/inst/clkin1_ibuf/IBUFCTRL_INST/O
                         net (fo=1, routed)           0.436    10.723    spi_module_i/clk_wiz/inst/clk_in1_spi_module_clk_wiz_0
    MMCM_X0Y3            MMCME4_ADV (Prop_MMCM_CLKIN1_CLKOUT0)
                                                      0.739    11.462 r  spi_module_i/clk_wiz/inst/mmcme4_adv_inst/CLKOUT0
                         net (fo=1, routed)           0.307    11.769    spi_module_i/clk_wiz/inst/clk_out1_spi_module_clk_wiz_0
    BUFGCE_X0Y76         BUFGCE (Prop_BUFCE_BUFGCE_I_O)
                                                      0.039    11.808 r  spi_module_i/clk_wiz/inst/clkout1_buf/O
    X0Y2 (CLOCK_ROOT)    net (fo=324, routed)         2.161    13.969    spi_module_i/axi_quad_spi_0/U0/NO_DUAL_QUAD_MODE.QSPI_NORMAL/QSPI_LEGACY_MD_GEN.QSPI_CORE_INTERFACE_I/FIFO_EXISTS.RX_FIFO_II/gnuram_async_fifo.xpm_fifo_base_inst/xpm_fifo_rst_inst/wr_clk
    SLICE_X15Y156        FDRE                                         r  spi_module_i/axi_quad_spi_0/U0/NO_DUAL_QUAD_MODE.QSPI_NORMAL/QSPI_LEGACY_MD_GEN.QSPI_CORE_INTERFACE_I/FIFO_EXISTS.RX_FIFO_II/gnuram_async_fifo.xpm_fifo_base_inst/xpm_fifo_rst_inst/gen_rst_ic.rst_seq_reentered_reg/C
                         clock pessimism             -0.293    13.676    
                         clock uncertainty           -0.102    13.575    
    SLICE_X15Y156        FDRE (Setup_EFF_SLICEL_C_D)
                                                      0.044    13.619    spi_module_i/axi_quad_spi_0/U0/NO_DUAL_QUAD_MODE.QSPI_NORMAL/QSPI_LEGACY_MD_GEN.QSPI_CORE_INTERFACE_I/FIFO_EXISTS.RX_FIFO_II/gnuram_async_fifo.xpm_fifo_base_inst/xpm_fifo_rst_inst/gen_rst_ic.rst_seq_reentered_reg
  -------------------------------------------------------------------
                         required time                         13.619    
                         arrival time                          -6.063    
  -------------------------------------------------------------------
                         slack                                  7.555    

Slack (MET) :             7.588ns  (required time - arrival time)
  Source:                 spi_module_i/axi_quad_spi_0/U0/NO_DUAL_QUAD_MODE.QSPI_NORMAL/QSPI_LEGACY_MD_GEN.QSPI_CORE_INTERFACE_I/FIFO_EXISTS.CLK_CROSS_I/LOGIC_GENERATION_CDC.SPICR_3_CPOL_AX2S_1/syncstages_ff_reg[2]/C
                            (rising edge-triggered cell FDRE clocked by clk_out1_spi_module_clk_wiz_0  {rise@0.000ns fall@5.000ns period=10.000ns})
  Destination:            spi_module_i/axi_quad_spi_0/U0/NO_DUAL_QUAD_MODE.QSPI_NORMAL/QSPI_LEGACY_MD_GEN.QSPI_CORE_INTERFACE_I/LOGIC_FOR_MD_0_GEN.SPI_MODULE_I/OTHER_RATIO_GENERATE.sck_o_int_reg/D
                            (rising edge-triggered cell FDRE clocked by clk_out1_spi_module_clk_wiz_0  {rise@0.000ns fall@5.000ns period=10.000ns})
  Path Group:             clk_out1_spi_module_clk_wiz_0
  Path Type:              Setup (Max at Slow Process Corner)
  Requirement:            10.000ns  (clk_out1_spi_module_clk_wiz_0 rise@10.000ns - clk_out1_spi_module_clk_wiz_0 rise@0.000ns)
  Data Path Delay:        2.244ns  (logic 0.522ns (23.261%)  route 1.722ns (76.739%))
  Logic Levels:           3  (LUT2=1 LUT6=2)
  Clock Path Skew:        -0.110ns (DCD - SCD + CPR)
    Destination Clock Delay (DCD):    3.967ns = ( 13.967 - 10.000 ) 
    Source Clock Delay      (SCD):    3.783ns
    Clock Pessimism Removal (CPR):    -0.293ns
  Clock Uncertainty:      0.102ns  ((TSJ^2 + DJ^2)^1/2) / 2 + PE
    Total System Jitter     (TSJ):    0.071ns
    Discrete Jitter          (DJ):    0.191ns
    Phase Error              (PE):    0.000ns
  Clock Net Delay (Source):      2.406ns (routing 1.302ns, distribution 1.104ns)
  Clock Net Delay (Destination): 2.158ns (routing 1.197ns, distribution 0.961ns)

    Location             Delay type                Incr(ns)  Path(ns)    Netlist Resource(s)
  -------------------------------------------------------------------    -------------------
                         (clock clk_out1_spi_module_clk_wiz_0 rise edge)
                                                      0.000     0.000 r  
    C3                                                0.000     0.000 r  som240_1_connector_hpa_clk0p_clk (IN)
                         net (fo=0)                   0.000     0.000    spi_module_i/clk_wiz/inst/clkin1_ibuf/I
    C3                   INBUF (Prop_INBUF_HPIOB_M_PAD_O)
                                                      0.538     0.538 r  spi_module_i/clk_wiz/inst/clkin1_ibuf/INBUF_INST/O
                         net (fo=1, routed)           0.000     0.538    spi_module_i/clk_wiz/inst/clkin1_ibuf/OUT
    C3                   IBUFCTRL (Prop_IBUFCTRL_HPIOB_M_I_O)
                                                      0.000     0.538 r  spi_module_i/clk_wiz/inst/clkin1_ibuf/IBUFCTRL_INST/O
                         net (fo=1, routed)           0.551     1.089    spi_module_i/clk_wiz/inst/clk_in1_spi_module_clk_wiz_0
    MMCM_X0Y3            MMCME4_ADV (Prop_MMCM_CLKIN1_CLKOUT0)
                                                     -0.103     0.986 r  spi_module_i/clk_wiz/inst/mmcme4_adv_inst/CLKOUT0
                         net (fo=1, routed)           0.348     1.334    spi_module_i/clk_wiz/inst/clk_out1_spi_module_clk_wiz_0
    BUFGCE_X0Y76         BUFGCE (Prop_BUFCE_BUFGCE_I_O)
                                                      0.044     1.378 r  spi_module_i/clk_wiz/inst/clkout1_buf/O
    X0Y2 (CLOCK_ROOT)    net (fo=324, routed)         2.406     3.783    spi_module_i/axi_quad_spi_0/U0/NO_DUAL_QUAD_MODE.QSPI_NORMAL/QSPI_LEGACY_MD_GEN.QSPI_CORE_INTERFACE_I/FIFO_EXISTS.CLK_CROSS_I/LOGIC_GENERATION_CDC.SPICR_3_CPOL_AX2S_1/dest_clk
    SLICE_X17Y145        FDRE                                         r  spi_module_i/axi_quad_spi_0/U0/NO_DUAL_QUAD_MODE.QSPI_NORMAL/QSPI_LEGACY_MD_GEN.QSPI_CORE_INTERFACE_I/FIFO_EXISTS.CLK_CROSS_I/LOGIC_GENERATION_CDC.SPICR_3_CPOL_AX2S_1/syncstages_ff_reg[2]/C
  -------------------------------------------------------------------    -------------------
    SLICE_X17Y145        FDRE (Prop_BFF2_SLICEM_C_Q)
                                                      0.115     3.898 r  spi_module_i/axi_quad_spi_0/U0/NO_DUAL_QUAD_MODE.QSPI_NORMAL/QSPI_LEGACY_MD_GEN.QSPI_CORE_INTERFACE_I/FIFO_EXISTS.CLK_CROSS_I/LOGIC_GENERATION_CDC.SPICR_3_CPOL_AX2S_1/syncstages_ff_reg[2]/Q
                         net (fo=12, routed)          1.365     5.263    spi_module_i/axi_quad_spi_0/U0/NO_DUAL_QUAD_MODE.QSPI_NORMAL/QSPI_LEGACY_MD_GEN.QSPI_CORE_INTERFACE_I/FIFO_EXISTS.CLK_CROSS_I/syncstages_ff_reg[2]_2
    SLICE_X17Y155        LUT2 (Prop_H6LUT_SLICEM_I0_O)
                                                      0.189     5.452 r  spi_module_i/axi_quad_spi_0/U0/NO_DUAL_QUAD_MODE.QSPI_NORMAL/QSPI_LEGACY_MD_GEN.QSPI_CORE_INTERFACE_I/FIFO_EXISTS.CLK_CROSS_I/OTHER_RATIO_GENERATE.sck_o_int_i_2/O
                         net (fo=2, routed)           0.186     5.639    spi_module_i/axi_quad_spi_0/U0/NO_DUAL_QUAD_MODE.QSPI_NORMAL/QSPI_LEGACY_MD_GEN.QSPI_CORE_INTERFACE_I/LOGIC_FOR_MD_0_GEN.SPI_MODULE_I/OTHER_RATIO_GENERATE.sck_o_int_reg_1
    SLICE_X16Y151        LUT6 (Prop_G6LUT_SLICEL_I4_O)
                                                      0.082     5.721 r  spi_module_i/axi_quad_spi_0/U0/NO_DUAL_QUAD_MODE.QSPI_NORMAL/QSPI_LEGACY_MD_GEN.QSPI_CORE_INTERFACE_I/LOGIC_FOR_MD_0_GEN.SPI_MODULE_I/OTHER_RATIO_GENERATE.sck_o_int_i_3/O
                         net (fo=1, routed)           0.102     5.823    spi_module_i/axi_quad_spi_0/U0/NO_DUAL_QUAD_MODE.QSPI_NORMAL/QSPI_LEGACY_MD_GEN.QSPI_CORE_INTERFACE_I/LOGIC_FOR_MD_0_GEN.SPI_MODULE_I/OTHER_RATIO_GENERATE.sck_o_int_i_3_n_0
    SLICE_X16Y151        LUT6 (Prop_C6LUT_SLICEL_I5_O)
                                                      0.136     5.959 r  spi_module_i/axi_quad_spi_0/U0/NO_DUAL_QUAD_MODE.QSPI_NORMAL/QSPI_LEGACY_MD_GEN.QSPI_CORE_INTERFACE_I/LOGIC_FOR_MD_0_GEN.SPI_MODULE_I/OTHER_RATIO_GENERATE.sck_o_int_i_1/O
                         net (fo=1, routed)           0.069     6.028    spi_module_i/axi_quad_spi_0/U0/NO_DUAL_QUAD_MODE.QSPI_NORMAL/QSPI_LEGACY_MD_GEN.QSPI_CORE_INTERFACE_I/LOGIC_FOR_MD_0_GEN.SPI_MODULE_I/OTHER_RATIO_GENERATE.sck_o_int_i_1_n_0
    SLICE_X16Y151        FDRE                                         r  spi_module_i/axi_quad_spi_0/U0/NO_DUAL_QUAD_MODE.QSPI_NORMAL/QSPI_LEGACY_MD_GEN.QSPI_CORE_INTERFACE_I/LOGIC_FOR_MD_0_GEN.SPI_MODULE_I/OTHER_RATIO_GENERATE.sck_o_int_reg/D
  -------------------------------------------------------------------    -------------------

                         (clock clk_out1_spi_module_clk_wiz_0 rise edge)
                                                     10.000    10.000 r  
    C3                                                0.000    10.000 r  som240_1_connector_hpa_clk0p_clk (IN)
                         net (fo=0)                   0.000    10.000    spi_module_i/clk_wiz/inst/clkin1_ibuf/I
    C3                   INBUF (Prop_INBUF_HPIOB_M_PAD_O)
                                                      0.287    10.287 r  spi_module_i/clk_wiz/inst/clkin1_ibuf/INBUF_INST/O
                         net (fo=1, routed)           0.000    10.287    spi_module_i/clk_wiz/inst/clkin1_ibuf/OUT
    C3                   IBUFCTRL (Prop_IBUFCTRL_HPIOB_M_I_O)
                                                      0.000    10.287 r  spi_module_i/clk_wiz/inst/clkin1_ibuf/IBUFCTRL_INST/O
                         net (fo=1, routed)           0.436    10.723    spi_module_i/clk_wiz/inst/clk_in1_spi_module_clk_wiz_0
    MMCM_X0Y3            MMCME4_ADV (Prop_MMCM_CLKIN1_CLKOUT0)
                                                      0.739    11.462 r  spi_module_i/clk_wiz/inst/mmcme4_adv_inst/CLKOUT0
                         net (fo=1, routed)           0.307    11.769    spi_module_i/clk_wiz/inst/clk_out1_spi_module_clk_wiz_0
    BUFGCE_X0Y76         BUFGCE (Prop_BUFCE_BUFGCE_I_O)
                                                      0.039    11.808 r  spi_module_i/clk_wiz/inst/clkout1_buf/O
    X0Y2 (CLOCK_ROOT)    net (fo=324, routed)         2.158    13.967    spi_module_i/axi_quad_spi_0/U0/NO_DUAL_QUAD_MODE.QSPI_NORMAL/QSPI_LEGACY_MD_GEN.QSPI_CORE_INTERFACE_I/LOGIC_FOR_MD_0_GEN.SPI_MODULE_I/ext_spi_clk
    SLICE_X16Y151        FDRE                                         r  spi_module_i/axi_quad_spi_0/U0/NO_DUAL_QUAD_MODE.QSPI_NORMAL/QSPI_LEGACY_MD_GEN.QSPI_CORE_INTERFACE_I/LOGIC_FOR_MD_0_GEN.SPI_MODULE_I/OTHER_RATIO_GENERATE.sck_o_int_reg/C
                         clock pessimism             -0.293    13.673    
                         clock uncertainty           -0.102    13.572    
    SLICE_X16Y151        FDRE (Setup_CFF_SLICEL_C_D)
                                                      0.044    13.616    spi_module_i/axi_quad_spi_0/U0/NO_DUAL_QUAD_MODE.QSPI_NORMAL/QSPI_LEGACY_MD_GEN.QSPI_CORE_INTERFACE_I/LOGIC_FOR_MD_0_GEN.SPI_MODULE_I/OTHER_RATIO_GENERATE.sck_o_int_reg
  -------------------------------------------------------------------
                         required time                         13.616    
                         arrival time                          -6.028    
  -------------------------------------------------------------------
                         slack                                  7.588    

Slack (MET) :             7.605ns  (required time - arrival time)
  Source:                 spi_module_i/axi_quad_spi_0/U0/NO_DUAL_QUAD_MODE.QSPI_NORMAL/QSPI_LEGACY_MD_GEN.QSPI_CORE_INTERFACE_I/RESET_SYNC_AXI_SPI_CLK_INST/RESET_SYNC_AX2S_2/C
                            (rising edge-triggered cell FDRE clocked by clk_out1_spi_module_clk_wiz_0  {rise@0.000ns fall@5.000ns period=10.000ns})
  Destination:            spi_module_i/axi_quad_spi_0/U0/NO_DUAL_QUAD_MODE.QSPI_NORMAL/QSPI_LEGACY_MD_GEN.QSPI_CORE_INTERFACE_I/FIFO_EXISTS.RX_FIFO_II/gnuram_async_fifo.xpm_fifo_base_inst/xpm_fifo_rst_inst/FSM_onehot_gen_rst_ic.curr_wrst_state_reg[1]/D
                            (rising edge-triggered cell FDRE clocked by clk_out1_spi_module_clk_wiz_0  {rise@0.000ns fall@5.000ns period=10.000ns})
  Path Group:             clk_out1_spi_module_clk_wiz_0
  Path Type:              Setup (Max at Slow Process Corner)
  Requirement:            10.000ns  (clk_out1_spi_module_clk_wiz_0 rise@10.000ns - clk_out1_spi_module_clk_wiz_0 rise@0.000ns)
  Data Path Delay:        2.243ns  (logic 0.684ns (30.489%)  route 1.559ns (69.511%))
  Logic Levels:           3  (LUT3=1 LUT5=1 LUT6=1)
  Clock Path Skew:        -0.096ns (DCD - SCD + CPR)
    Destination Clock Delay (DCD):    3.968ns = ( 13.968 - 10.000 ) 
    Source Clock Delay      (SCD):    3.771ns
    Clock Pessimism Removal (CPR):    -0.293ns
  Clock Uncertainty:      0.102ns  ((TSJ^2 + DJ^2)^1/2) / 2 + PE
    Total System Jitter     (TSJ):    0.071ns
    Discrete Jitter          (DJ):    0.191ns
    Phase Error              (PE):    0.000ns
  Clock Net Delay (Source):      2.394ns (routing 1.302ns, distribution 1.092ns)
  Clock Net Delay (Destination): 2.160ns (routing 1.197ns, distribution 0.963ns)

    Location             Delay type                Incr(ns)  Path(ns)    Netlist Resource(s)
  -------------------------------------------------------------------    -------------------
                         (clock clk_out1_spi_module_clk_wiz_0 rise edge)
                                                      0.000     0.000 r  
    C3                                                0.000     0.000 r  som240_1_connector_hpa_clk0p_clk (IN)
                         net (fo=0)                   0.000     0.000    spi_module_i/clk_wiz/inst/clkin1_ibuf/I
    C3                   INBUF (Prop_INBUF_HPIOB_M_PAD_O)
                                                      0.538     0.538 r  spi_module_i/clk_wiz/inst/clkin1_ibuf/INBUF_INST/O
                         net (fo=1, routed)           0.000     0.538    spi_module_i/clk_wiz/inst/clkin1_ibuf/OUT
    C3                   IBUFCTRL (Prop_IBUFCTRL_HPIOB_M_I_O)
                                                      0.000     0.538 r  spi_module_i/clk_wiz/inst/clkin1_ibuf/IBUFCTRL_INST/O
                         net (fo=1, routed)           0.551     1.089    spi_module_i/clk_wiz/inst/clk_in1_spi_module_clk_wiz_0
    MMCM_X0Y3            MMCME4_ADV (Prop_MMCM_CLKIN1_CLKOUT0)
                                                     -0.103     0.986 r  spi_module_i/clk_wiz/inst/mmcme4_adv_inst/CLKOUT0
                         net (fo=1, routed)           0.348     1.334    spi_module_i/clk_wiz/inst/clk_out1_spi_module_clk_wiz_0
    BUFGCE_X0Y76         BUFGCE (Prop_BUFCE_BUFGCE_I_O)
                                                      0.044     1.378 r  spi_module_i/clk_wiz/inst/clkout1_buf/O
    X0Y2 (CLOCK_ROOT)    net (fo=324, routed)         2.394     3.771    spi_module_i/axi_quad_spi_0/U0/NO_DUAL_QUAD_MODE.QSPI_NORMAL/QSPI_LEGACY_MD_GEN.QSPI_CORE_INTERFACE_I/RESET_SYNC_AXI_SPI_CLK_INST/ext_spi_clk
    SLICE_X15Y146        FDRE                                         r  spi_module_i/axi_quad_spi_0/U0/NO_DUAL_QUAD_MODE.QSPI_NORMAL/QSPI_LEGACY_MD_GEN.QSPI_CORE_INTERFACE_I/RESET_SYNC_AXI_SPI_CLK_INST/RESET_SYNC_AX2S_2/C
  -------------------------------------------------------------------    -------------------
    SLICE_X15Y146        FDRE (Prop_AFF2_SLICEL_C_Q)
                                                      0.116     3.887 r  spi_module_i/axi_quad_spi_0/U0/NO_DUAL_QUAD_MODE.QSPI_NORMAL/QSPI_LEGACY_MD_GEN.QSPI_CORE_INTERFACE_I/RESET_SYNC_AXI_SPI_CLK_INST/RESET_SYNC_AX2S_2/Q
                         net (fo=59, routed)          1.209     5.096    spi_module_i/axi_quad_spi_0/U0/NO_DUAL_QUAD_MODE.QSPI_NORMAL/QSPI_LEGACY_MD_GEN.QSPI_CORE_INTERFACE_I/FIFO_EXISTS.CLK_CROSS_I/Rst_to_spi
    SLICE_X16Y152        LUT3 (Prop_D6LUT_SLICEL_I0_O)
                                                      0.221     5.317 r  spi_module_i/axi_quad_spi_0/U0/NO_DUAL_QUAD_MODE.QSPI_NORMAL/QSPI_LEGACY_MD_GEN.QSPI_CORE_INTERFACE_I/FIFO_EXISTS.CLK_CROSS_I/FIFO_EXISTS.RX_FIFO_II_i_1/O
                         net (fo=12, routed)          0.265     5.582    spi_module_i/axi_quad_spi_0/U0/NO_DUAL_QUAD_MODE.QSPI_NORMAL/QSPI_LEGACY_MD_GEN.QSPI_CORE_INTERFACE_I/FIFO_EXISTS.RX_FIFO_II/gnuram_async_fifo.xpm_fifo_base_inst/xpm_fifo_rst_inst/rst
    SLICE_X15Y158        LUT6 (Prop_G6LUT_SLICEL_I2_O)
                                                      0.151     5.733 r  spi_module_i/axi_quad_spi_0/U0/NO_DUAL_QUAD_MODE.QSPI_NORMAL/QSPI_LEGACY_MD_GEN.QSPI_CORE_INTERFACE_I/FIFO_EXISTS.RX_FIFO_II/gnuram_async_fifo.xpm_fifo_base_inst/xpm_fifo_rst_inst/FSM_onehot_gen_rst_ic.curr_wrst_state[1]_i_2/O
                         net (fo=1, routed)           0.057     5.790    spi_module_i/axi_quad_spi_0/U0/NO_DUAL_QUAD_MODE.QSPI_NORMAL/QSPI_LEGACY_MD_GEN.QSPI_CORE_INTERFACE_I/FIFO_EXISTS.RX_FIFO_II/gnuram_async_fifo.xpm_fifo_base_inst/xpm_fifo_rst_inst/FSM_onehot_gen_rst_ic.curr_wrst_state[1]_i_2_n_0
    SLICE_X15Y158        LUT5 (Prop_B5LUT_SLICEL_I0_O)
                                                      0.196     5.986 r  spi_module_i/axi_quad_spi_0/U0/NO_DUAL_QUAD_MODE.QSPI_NORMAL/QSPI_LEGACY_MD_GEN.QSPI_CORE_INTERFACE_I/FIFO_EXISTS.RX_FIFO_II/gnuram_async_fifo.xpm_fifo_base_inst/xpm_fifo_rst_inst/FSM_onehot_gen_rst_ic.curr_wrst_state[1]_i_1/O
                         net (fo=1, routed)           0.029     6.015    spi_module_i/axi_quad_spi_0/U0/NO_DUAL_QUAD_MODE.QSPI_NORMAL/QSPI_LEGACY_MD_GEN.QSPI_CORE_INTERFACE_I/FIFO_EXISTS.RX_FIFO_II/gnuram_async_fifo.xpm_fifo_base_inst/xpm_fifo_rst_inst/FSM_onehot_gen_rst_ic.curr_wrst_state[1]_i_1_n_0
    SLICE_X15Y158        FDRE                                         r  spi_module_i/axi_quad_spi_0/U0/NO_DUAL_QUAD_MODE.QSPI_NORMAL/QSPI_LEGACY_MD_GEN.QSPI_CORE_INTERFACE_I/FIFO_EXISTS.RX_FIFO_II/gnuram_async_fifo.xpm_fifo_base_inst/xpm_fifo_rst_inst/FSM_onehot_gen_rst_ic.curr_wrst_state_reg[1]/D
  -------------------------------------------------------------------    -------------------

                         (clock clk_out1_spi_module_clk_wiz_0 rise edge)
                                                     10.000    10.000 r  
    C3                                                0.000    10.000 r  som240_1_connector_hpa_clk0p_clk (IN)
                         net (fo=0)                   0.000    10.000    spi_module_i/clk_wiz/inst/clkin1_ibuf/I
    C3                   INBUF (Prop_INBUF_HPIOB_M_PAD_O)
                                                      0.287    10.287 r  spi_module_i/clk_wiz/inst/clkin1_ibuf/INBUF_INST/O
                         net (fo=1, routed)           0.000    10.287    spi_module_i/clk_wiz/inst/clkin1_ibuf/OUT
    C3                   IBUFCTRL (Prop_IBUFCTRL_HPIOB_M_I_O)
                                                      0.000    10.287 r  spi_module_i/clk_wiz/inst/clkin1_ibuf/IBUFCTRL_INST/O
                         net (fo=1, routed)           0.436    10.723    spi_module_i/clk_wiz/inst/clk_in1_spi_module_clk_wiz_0
    MMCM_X0Y3            MMCME4_ADV (Prop_MMCM_CLKIN1_CLKOUT0)
                                                      0.739    11.462 r  spi_module_i/clk_wiz/inst/mmcme4_adv_inst/CLKOUT0
                         net (fo=1, routed)           0.307    11.769    spi_module_i/clk_wiz/inst/clk_out1_spi_module_clk_wiz_0
    BUFGCE_X0Y76         BUFGCE (Prop_BUFCE_BUFGCE_I_O)
                                                      0.039    11.808 r  spi_module_i/clk_wiz/inst/clkout1_buf/O
    X0Y2 (CLOCK_ROOT)    net (fo=324, routed)         2.160    13.968    spi_module_i/axi_quad_spi_0/U0/NO_DUAL_QUAD_MODE.QSPI_NORMAL/QSPI_LEGACY_MD_GEN.QSPI_CORE_INTERFACE_I/FIFO_EXISTS.RX_FIFO_II/gnuram_async_fifo.xpm_fifo_base_inst/xpm_fifo_rst_inst/wr_clk
    SLICE_X15Y158        FDRE                                         r  spi_module_i/axi_quad_spi_0/U0/NO_DUAL_QUAD_MODE.QSPI_NORMAL/QSPI_LEGACY_MD_GEN.QSPI_CORE_INTERFACE_I/FIFO_EXISTS.RX_FIFO_II/gnuram_async_fifo.xpm_fifo_base_inst/xpm_fifo_rst_inst/FSM_onehot_gen_rst_ic.curr_wrst_state_reg[1]/C
                         clock pessimism             -0.293    13.675    
                         clock uncertainty           -0.102    13.574    
    SLICE_X15Y158        FDRE (Setup_BFF2_SLICEL_C_D)
                                                      0.046    13.620    spi_module_i/axi_quad_spi_0/U0/NO_DUAL_QUAD_MODE.QSPI_NORMAL/QSPI_LEGACY_MD_GEN.QSPI_CORE_INTERFACE_I/FIFO_EXISTS.RX_FIFO_II/gnuram_async_fifo.xpm_fifo_base_inst/xpm_fifo_rst_inst/FSM_onehot_gen_rst_ic.curr_wrst_state_reg[1]
  -------------------------------------------------------------------
                         required time                         13.620    
                         arrival time                          -6.015    
  -------------------------------------------------------------------
                         slack                                  7.605    

Slack (MET) :             7.623ns  (required time - arrival time)
  Source:                 spi_module_i/axi_quad_spi_0/U0/NO_DUAL_QUAD_MODE.QSPI_NORMAL/IO0_I_REG/C
                            (rising edge-triggered cell FDRE clocked by clk_out1_spi_module_clk_wiz_0  {rise@0.000ns fall@5.000ns period=10.000ns})
  Destination:            spi_module_i/axi_quad_spi_0/U0/NO_DUAL_QUAD_MODE.QSPI_NORMAL/QSPI_LEGACY_MD_GEN.QSPI_CORE_INTERFACE_I/LOGIC_FOR_MD_0_GEN.SPI_MODULE_I/OTHER_RATIO_GENERATE.rx_shft_reg_mode_0110_reg[7]/D
                            (rising edge-triggered cell FDRE clocked by clk_out1_spi_module_clk_wiz_0  {rise@0.000ns fall@5.000ns period=10.000ns})
  Path Group:             clk_out1_spi_module_clk_wiz_0
  Path Type:              Setup (Max at Slow Process Corner)
  Requirement:            10.000ns  (clk_out1_spi_module_clk_wiz_0 rise@10.000ns - clk_out1_spi_module_clk_wiz_0 rise@0.000ns)
  Data Path Delay:        2.247ns  (logic 0.738ns (32.844%)  route 1.509ns (67.156%))
  Logic Levels:           1  (LUT5=1)
  Clock Path Skew:        -0.071ns (DCD - SCD + CPR)
    Destination Clock Delay (DCD):    3.972ns = ( 13.972 - 10.000 ) 
    Source Clock Delay      (SCD):    3.751ns
    Clock Pessimism Removal (CPR):    -0.293ns
  Clock Uncertainty:      0.102ns  ((TSJ^2 + DJ^2)^1/2) / 2 + PE
    Total System Jitter     (TSJ):    0.071ns
    Discrete Jitter          (DJ):    0.191ns
    Phase Error              (PE):    0.000ns
  Clock Net Delay (Source):      2.373ns (routing 1.302ns, distribution 1.071ns)
  Clock Net Delay (Destination): 2.164ns (routing 1.197ns, distribution 0.967ns)

    Location             Delay type                Incr(ns)  Path(ns)    Netlist Resource(s)
  -------------------------------------------------------------------    -------------------
                         (clock clk_out1_spi_module_clk_wiz_0 rise edge)
                                                      0.000     0.000 r  
    C3                                                0.000     0.000 r  som240_1_connector_hpa_clk0p_clk (IN)
                         net (fo=0)                   0.000     0.000    spi_module_i/clk_wiz/inst/clkin1_ibuf/I
    C3                   INBUF (Prop_INBUF_HPIOB_M_PAD_O)
                                                      0.538     0.538 r  spi_module_i/clk_wiz/inst/clkin1_ibuf/INBUF_INST/O
                         net (fo=1, routed)           0.000     0.538    spi_module_i/clk_wiz/inst/clkin1_ibuf/OUT
    C3                   IBUFCTRL (Prop_IBUFCTRL_HPIOB_M_I_O)
                                                      0.000     0.538 r  spi_module_i/clk_wiz/inst/clkin1_ibuf/IBUFCTRL_INST/O
                         net (fo=1, routed)           0.551     1.089    spi_module_i/clk_wiz/inst/clk_in1_spi_module_clk_wiz_0
    MMCM_X0Y3            MMCME4_ADV (Prop_MMCM_CLKIN1_CLKOUT0)
                                                     -0.103     0.986 r  spi_module_i/clk_wiz/inst/mmcme4_adv_inst/CLKOUT0
                         net (fo=1, routed)           0.348     1.334    spi_module_i/clk_wiz/inst/clk_out1_spi_module_clk_wiz_0
    BUFGCE_X0Y76         BUFGCE (Prop_BUFCE_BUFGCE_I_O)
                                                      0.044     1.378 r  spi_module_i/clk_wiz/inst/clkout1_buf/O
    X0Y2 (CLOCK_ROOT)    net (fo=324, routed)         2.373     3.751    spi_module_i/axi_quad_spi_0/U0/NO_DUAL_QUAD_MODE.QSPI_NORMAL/ext_spi_clk
    HDIOLOGIC_S_X0Y27    FDRE                                         r  spi_module_i/axi_quad_spi_0/U0/NO_DUAL_QUAD_MODE.QSPI_NORMAL/IO0_I_REG/C
  -------------------------------------------------------------------    -------------------
    HDIOLOGIC_S_X0Y27    FDRE (Prop_IPFF_HDIOLOGIC_S_C_Q)
                                                      0.682     4.433 r  spi_module_i/axi_quad_spi_0/U0/NO_DUAL_QUAD_MODE.QSPI_NORMAL/IO0_I_REG/Q
                         net (fo=1, routed)           0.767     5.200    spi_module_i/axi_quad_spi_0/U0/NO_DUAL_QUAD_MODE.QSPI_NORMAL/QSPI_LEGACY_MD_GEN.QSPI_CORE_INTERFACE_I/FIFO_EXISTS.CLK_CROSS_I/io0_i_sync
    SLICE_X14Y146        LUT5 (Prop_F6LUT_SLICEL_I4_O)
                                                      0.056     5.256 r  spi_module_i/axi_quad_spi_0/U0/NO_DUAL_QUAD_MODE.QSPI_NORMAL/QSPI_LEGACY_MD_GEN.QSPI_CORE_INTERFACE_I/FIFO_EXISTS.CLK_CROSS_I/OTHER_RATIO_GENERATE.rx_shft_reg_s[7]_i_1/O
                         net (fo=4, routed)           0.742     5.998    spi_module_i/axi_quad_spi_0/U0/NO_DUAL_QUAD_MODE.QSPI_NORMAL/QSPI_LEGACY_MD_GEN.QSPI_CORE_INTERFACE_I/LOGIC_FOR_MD_0_GEN.SPI_MODULE_I/OTHER_RATIO_GENERATE.rx_shft_reg_s_reg[7]_0[0]
    SLICE_X17Y155        FDRE                                         r  spi_module_i/axi_quad_spi_0/U0/NO_DUAL_QUAD_MODE.QSPI_NORMAL/QSPI_LEGACY_MD_GEN.QSPI_CORE_INTERFACE_I/LOGIC_FOR_MD_0_GEN.SPI_MODULE_I/OTHER_RATIO_GENERATE.rx_shft_reg_mode_0110_reg[7]/D
  -------------------------------------------------------------------    -------------------

                         (clock clk_out1_spi_module_clk_wiz_0 rise edge)
                                                     10.000    10.000 r  
    C3                                                0.000    10.000 r  som240_1_connector_hpa_clk0p_clk (IN)
                         net (fo=0)                   0.000    10.000    spi_module_i/clk_wiz/inst/clkin1_ibuf/I
    C3                   INBUF (Prop_INBUF_HPIOB_M_PAD_O)
                                                      0.287    10.287 r  spi_module_i/clk_wiz/inst/clkin1_ibuf/INBUF_INST/O
                         net (fo=1, routed)           0.000    10.287    spi_module_i/clk_wiz/inst/clkin1_ibuf/OUT
    C3                   IBUFCTRL (Prop_IBUFCTRL_HPIOB_M_I_O)
                                                      0.000    10.287 r  spi_module_i/clk_wiz/inst/clkin1_ibuf/IBUFCTRL_INST/O
                         net (fo=1, routed)           0.436    10.723    spi_module_i/clk_wiz/inst/clk_in1_spi_module_clk_wiz_0
    MMCM_X0Y3            MMCME4_ADV (Prop_MMCM_CLKIN1_CLKOUT0)
                                                      0.739    11.462 r  spi_module_i/clk_wiz/inst/mmcme4_adv_inst/CLKOUT0
                         net (fo=1, routed)           0.307    11.769    spi_module_i/clk_wiz/inst/clk_out1_spi_module_clk_wiz_0
    BUFGCE_X0Y76         BUFGCE (Prop_BUFCE_BUFGCE_I_O)
                                                      0.039    11.808 r  spi_module_i/clk_wiz/inst/clkout1_buf/O
    X0Y2 (CLOCK_ROOT)    net (fo=324, routed)         2.164    13.972    spi_module_i/axi_quad_spi_0/U0/NO_DUAL_QUAD_MODE.QSPI_NORMAL/QSPI_LEGACY_MD_GEN.QSPI_CORE_INTERFACE_I/LOGIC_FOR_MD_0_GEN.SPI_MODULE_I/ext_spi_clk
    SLICE_X17Y155        FDRE                                         r  spi_module_i/axi_quad_spi_0/U0/NO_DUAL_QUAD_MODE.QSPI_NORMAL/QSPI_LEGACY_MD_GEN.QSPI_CORE_INTERFACE_I/LOGIC_FOR_MD_0_GEN.SPI_MODULE_I/OTHER_RATIO_GENERATE.rx_shft_reg_mode_0110_reg[7]/C
                         clock pessimism             -0.293    13.679    
                         clock uncertainty           -0.102    13.578    
    SLICE_X17Y155        FDRE (Setup_GFF_SLICEM_C_D)
                                                      0.043    13.621    spi_module_i/axi_quad_spi_0/U0/NO_DUAL_QUAD_MODE.QSPI_NORMAL/QSPI_LEGACY_MD_GEN.QSPI_CORE_INTERFACE_I/LOGIC_FOR_MD_0_GEN.SPI_MODULE_I/OTHER_RATIO_GENERATE.rx_shft_reg_mode_0110_reg[7]
  -------------------------------------------------------------------
                         required time                         13.621    
                         arrival time                          -5.998    
  -------------------------------------------------------------------
                         slack                                  7.623    

Slack (MET) :             7.701ns  (required time - arrival time)
  Source:                 spi_module_i/axi_quad_spi_0/U0/NO_DUAL_QUAD_MODE.QSPI_NORMAL/QSPI_LEGACY_MD_GEN.QSPI_CORE_INTERFACE_I/RESET_SYNC_AXI_SPI_CLK_INST/RESET_SYNC_AX2S_2/C
                            (rising edge-triggered cell FDRE clocked by clk_out1_spi_module_clk_wiz_0  {rise@0.000ns fall@5.000ns period=10.000ns})
  Destination:            spi_module_i/axi_quad_spi_0/U0/NO_DUAL_QUAD_MODE.QSPI_NORMAL/QSPI_LEGACY_MD_GEN.QSPI_CORE_INTERFACE_I/FIFO_EXISTS.RX_FIFO_II/gnuram_async_fifo.xpm_fifo_base_inst/xpm_fifo_rst_inst/gen_rst_ic.fifo_wr_rst_ic_reg/D
                            (rising edge-triggered cell FDRE clocked by clk_out1_spi_module_clk_wiz_0  {rise@0.000ns fall@5.000ns period=10.000ns})
  Path Group:             clk_out1_spi_module_clk_wiz_0
  Path Type:              Setup (Max at Slow Process Corner)
  Requirement:            10.000ns  (clk_out1_spi_module_clk_wiz_0 rise@10.000ns - clk_out1_spi_module_clk_wiz_0 rise@0.000ns)
  Data Path Delay:        2.143ns  (logic 0.615ns (28.699%)  route 1.528ns (71.301%))
  Logic Levels:           3  (LUT2=1 LUT3=1 LUT6=1)
  Clock Path Skew:        -0.098ns (DCD - SCD + CPR)
    Destination Clock Delay (DCD):    3.966ns = ( 13.966 - 10.000 ) 
    Source Clock Delay      (SCD):    3.771ns
    Clock Pessimism Removal (CPR):    -0.293ns
  Clock Uncertainty:      0.102ns  ((TSJ^2 + DJ^2)^1/2) / 2 + PE
    Total System Jitter     (TSJ):    0.071ns
    Discrete Jitter          (DJ):    0.191ns
    Phase Error              (PE):    0.000ns
  Clock Net Delay (Source):      2.394ns (routing 1.302ns, distribution 1.092ns)
  Clock Net Delay (Destination): 2.158ns (routing 1.197ns, distribution 0.961ns)

    Location             Delay type                Incr(ns)  Path(ns)    Netlist Resource(s)
  -------------------------------------------------------------------    -------------------
                         (clock clk_out1_spi_module_clk_wiz_0 rise edge)
                                                      0.000     0.000 r  
    C3                                                0.000     0.000 r  som240_1_connector_hpa_clk0p_clk (IN)
                         net (fo=0)                   0.000     0.000    spi_module_i/clk_wiz/inst/clkin1_ibuf/I
    C3                   INBUF (Prop_INBUF_HPIOB_M_PAD_O)
                                                      0.538     0.538 r  spi_module_i/clk_wiz/inst/clkin1_ibuf/INBUF_INST/O
                         net (fo=1, routed)           0.000     0.538    spi_module_i/clk_wiz/inst/clkin1_ibuf/OUT
    C3                   IBUFCTRL (Prop_IBUFCTRL_HPIOB_M_I_O)
                                                      0.000     0.538 r  spi_module_i/clk_wiz/inst/clkin1_ibuf/IBUFCTRL_INST/O
                         net (fo=1, routed)           0.551     1.089    spi_module_i/clk_wiz/inst/clk_in1_spi_module_clk_wiz_0
    MMCM_X0Y3            MMCME4_ADV (Prop_MMCM_CLKIN1_CLKOUT0)
                                                     -0.103     0.986 r  spi_module_i/clk_wiz/inst/mmcme4_adv_inst/CLKOUT0
                         net (fo=1, routed)           0.348     1.334    spi_module_i/clk_wiz/inst/clk_out1_spi_module_clk_wiz_0
    BUFGCE_X0Y76         BUFGCE (Prop_BUFCE_BUFGCE_I_O)
                                                      0.044     1.378 r  spi_module_i/clk_wiz/inst/clkout1_buf/O
    X0Y2 (CLOCK_ROOT)    net (fo=324, routed)         2.394     3.771    spi_module_i/axi_quad_spi_0/U0/NO_DUAL_QUAD_MODE.QSPI_NORMAL/QSPI_LEGACY_MD_GEN.QSPI_CORE_INTERFACE_I/RESET_SYNC_AXI_SPI_CLK_INST/ext_spi_clk
    SLICE_X15Y146        FDRE                                         r  spi_module_i/axi_quad_spi_0/U0/NO_DUAL_QUAD_MODE.QSPI_NORMAL/QSPI_LEGACY_MD_GEN.QSPI_CORE_INTERFACE_I/RESET_SYNC_AXI_SPI_CLK_INST/RESET_SYNC_AX2S_2/C
  -------------------------------------------------------------------    -------------------
    SLICE_X15Y146        FDRE (Prop_AFF2_SLICEL_C_Q)
                                                      0.116     3.887 r  spi_module_i/axi_quad_spi_0/U0/NO_DUAL_QUAD_MODE.QSPI_NORMAL/QSPI_LEGACY_MD_GEN.QSPI_CORE_INTERFACE_I/RESET_SYNC_AXI_SPI_CLK_INST/RESET_SYNC_AX2S_2/Q
                         net (fo=59, routed)          1.209     5.096    spi_module_i/axi_quad_spi_0/U0/NO_DUAL_QUAD_MODE.QSPI_NORMAL/QSPI_LEGACY_MD_GEN.QSPI_CORE_INTERFACE_I/FIFO_EXISTS.CLK_CROSS_I/Rst_to_spi
    SLICE_X16Y152        LUT3 (Prop_D6LUT_SLICEL_I0_O)
                                                      0.221     5.317 r  spi_module_i/axi_quad_spi_0/U0/NO_DUAL_QUAD_MODE.QSPI_NORMAL/QSPI_LEGACY_MD_GEN.QSPI_CORE_INTERFACE_I/FIFO_EXISTS.CLK_CROSS_I/FIFO_EXISTS.RX_FIFO_II_i_1/O
                         net (fo=12, routed)          0.202     5.519    spi_module_i/axi_quad_spi_0/U0/NO_DUAL_QUAD_MODE.QSPI_NORMAL/QSPI_LEGACY_MD_GEN.QSPI_CORE_INTERFACE_I/FIFO_EXISTS.RX_FIFO_II/gnuram_async_fifo.xpm_fifo_base_inst/xpm_fifo_rst_inst/rst
    SLICE_X15Y156        LUT2 (Prop_C6LUT_SLICEL_I1_O)
                                                      0.221     5.740 r  spi_module_i/axi_quad_spi_0/U0/NO_DUAL_QUAD_MODE.QSPI_NORMAL/QSPI_LEGACY_MD_GEN.QSPI_CORE_INTERFACE_I/FIFO_EXISTS.RX_FIFO_II/gnuram_async_fifo.xpm_fifo_base_inst/xpm_fifo_rst_inst/gen_rst_ic.fifo_wr_rst_ic_i_2/O
                         net (fo=1, routed)           0.050     5.790    spi_module_i/axi_quad_spi_0/U0/NO_DUAL_QUAD_MODE.QSPI_NORMAL/QSPI_LEGACY_MD_GEN.QSPI_CORE_INTERFACE_I/FIFO_EXISTS.RX_FIFO_II/gnuram_async_fifo.xpm_fifo_base_inst/xpm_fifo_rst_inst/rst_i__0
    SLICE_X15Y156        LUT6 (Prop_D6LUT_SLICEL_I2_O)
                                                      0.057     5.847 r  spi_module_i/axi_quad_spi_0/U0/NO_DUAL_QUAD_MODE.QSPI_NORMAL/QSPI_LEGACY_MD_GEN.QSPI_CORE_INTERFACE_I/FIFO_EXISTS.RX_FIFO_II/gnuram_async_fifo.xpm_fifo_base_inst/xpm_fifo_rst_inst/gen_rst_ic.fifo_wr_rst_ic_i_1/O
                         net (fo=1, routed)           0.067     5.914    spi_module_i/axi_quad_spi_0/U0/NO_DUAL_QUAD_MODE.QSPI_NORMAL/QSPI_LEGACY_MD_GEN.QSPI_CORE_INTERFACE_I/FIFO_EXISTS.RX_FIFO_II/gnuram_async_fifo.xpm_fifo_base_inst/xpm_fifo_rst_inst/gen_rst_ic.fifo_wr_rst_ic_i_1_n_0
    SLICE_X15Y156        FDRE                                         r  spi_module_i/axi_quad_spi_0/U0/NO_DUAL_QUAD_MODE.QSPI_NORMAL/QSPI_LEGACY_MD_GEN.QSPI_CORE_INTERFACE_I/FIFO_EXISTS.RX_FIFO_II/gnuram_async_fifo.xpm_fifo_base_inst/xpm_fifo_rst_inst/gen_rst_ic.fifo_wr_rst_ic_reg/D
  -------------------------------------------------------------------    -------------------

                         (clock clk_out1_spi_module_clk_wiz_0 rise edge)
                                                     10.000    10.000 r  
    C3                                                0.000    10.000 r  som240_1_connector_hpa_clk0p_clk (IN)
                         net (fo=0)                   0.000    10.000    spi_module_i/clk_wiz/inst/clkin1_ibuf/I
    C3                   INBUF (Prop_INBUF_HPIOB_M_PAD_O)
                                                      0.287    10.287 r  spi_module_i/clk_wiz/inst/clkin1_ibuf/INBUF_INST/O
                         net (fo=1, routed)           0.000    10.287    spi_module_i/clk_wiz/inst/clkin1_ibuf/OUT
    C3                   IBUFCTRL (Prop_IBUFCTRL_HPIOB_M_I_O)
                                                      0.000    10.287 r  spi_module_i/clk_wiz/inst/clkin1_ibuf/IBUFCTRL_INST/O
                         net (fo=1, routed)           0.436    10.723    spi_module_i/clk_wiz/inst/clk_in1_spi_module_clk_wiz_0
    MMCM_X0Y3            MMCME4_ADV (Prop_MMCM_CLKIN1_CLKOUT0)
                                                      0.739    11.462 r  spi_module_i/clk_wiz/inst/mmcme4_adv_inst/CLKOUT0
                         net (fo=1, routed)           0.307    11.769    spi_module_i/clk_wiz/inst/clk_out1_spi_module_clk_wiz_0
    BUFGCE_X0Y76         BUFGCE (Prop_BUFCE_BUFGCE_I_O)
                                                      0.039    11.808 r  spi_module_i/clk_wiz/inst/clkout1_buf/O
    X0Y2 (CLOCK_ROOT)    net (fo=324, routed)         2.158    13.966    spi_module_i/axi_quad_spi_0/U0/NO_DUAL_QUAD_MODE.QSPI_NORMAL/QSPI_LEGACY_MD_GEN.QSPI_CORE_INTERFACE_I/FIFO_EXISTS.RX_FIFO_II/gnuram_async_fifo.xpm_fifo_base_inst/xpm_fifo_rst_inst/wr_clk
    SLICE_X15Y156        FDRE                                         r  spi_module_i/axi_quad_spi_0/U0/NO_DUAL_QUAD_MODE.QSPI_NORMAL/QSPI_LEGACY_MD_GEN.QSPI_CORE_INTERFACE_I/FIFO_EXISTS.RX_FIFO_II/gnuram_async_fifo.xpm_fifo_base_inst/xpm_fifo_rst_inst/gen_rst_ic.fifo_wr_rst_ic_reg/C
                         clock pessimism             -0.293    13.673    
                         clock uncertainty           -0.102    13.572    
    SLICE_X15Y156        FDRE (Setup_DFF_SLICEL_C_D)
                                                      0.044    13.616    spi_module_i/axi_quad_spi_0/U0/NO_DUAL_QUAD_MODE.QSPI_NORMAL/QSPI_LEGACY_MD_GEN.QSPI_CORE_INTERFACE_I/FIFO_EXISTS.RX_FIFO_II/gnuram_async_fifo.xpm_fifo_base_inst/xpm_fifo_rst_inst/gen_rst_ic.fifo_wr_rst_ic_reg
  -------------------------------------------------------------------
                         required time                         13.616    
                         arrival time                          -5.914    
  -------------------------------------------------------------------
                         slack                                  7.701    

Slack (MET) :             7.734ns  (required time - arrival time)
  Source:                 spi_module_i/axi_quad_spi_0/U0/NO_DUAL_QUAD_MODE.QSPI_NORMAL/QSPI_LEGACY_MD_GEN.QSPI_CORE_INTERFACE_I/RESET_SYNC_AXI_SPI_CLK_INST/RESET_SYNC_AX2S_2/C
                            (rising edge-triggered cell FDRE clocked by clk_out1_spi_module_clk_wiz_0  {rise@0.000ns fall@5.000ns period=10.000ns})
  Destination:            spi_module_i/axi_quad_spi_0/U0/NO_DUAL_QUAD_MODE.QSPI_NORMAL/QSPI_LEGACY_MD_GEN.QSPI_CORE_INTERFACE_I/FIFO_EXISTS.RX_FIFO_II/gnuram_async_fifo.xpm_fifo_base_inst/xpm_fifo_rst_inst/FSM_onehot_gen_rst_ic.curr_wrst_state_reg[4]/D
                            (rising edge-triggered cell FDRE clocked by clk_out1_spi_module_clk_wiz_0  {rise@0.000ns fall@5.000ns period=10.000ns})
  Path Group:             clk_out1_spi_module_clk_wiz_0
  Path Type:              Setup (Max at Slow Process Corner)
  Requirement:            10.000ns  (clk_out1_spi_module_clk_wiz_0 rise@10.000ns - clk_out1_spi_module_clk_wiz_0 rise@0.000ns)
  Data Path Delay:        2.113ns  (logic 0.558ns (26.410%)  route 1.555ns (73.590%))
  Logic Levels:           2  (LUT3=1 LUT4=1)
  Clock Path Skew:        -0.096ns (DCD - SCD + CPR)
    Destination Clock Delay (DCD):    3.968ns = ( 13.968 - 10.000 ) 
    Source Clock Delay      (SCD):    3.771ns
    Clock Pessimism Removal (CPR):    -0.293ns
  Clock Uncertainty:      0.102ns  ((TSJ^2 + DJ^2)^1/2) / 2 + PE
    Total System Jitter     (TSJ):    0.071ns
    Discrete Jitter          (DJ):    0.191ns
    Phase Error              (PE):    0.000ns
  Clock Net Delay (Source):      2.394ns (routing 1.302ns, distribution 1.092ns)
  Clock Net Delay (Destination): 2.160ns (routing 1.197ns, distribution 0.963ns)

    Location             Delay type                Incr(ns)  Path(ns)    Netlist Resource(s)
  -------------------------------------------------------------------    -------------------
                         (clock clk_out1_spi_module_clk_wiz_0 rise edge)
                                                      0.000     0.000 r  
    C3                                                0.000     0.000 r  som240_1_connector_hpa_clk0p_clk (IN)
                         net (fo=0)                   0.000     0.000    spi_module_i/clk_wiz/inst/clkin1_ibuf/I
    C3                   INBUF (Prop_INBUF_HPIOB_M_PAD_O)
                                                      0.538     0.538 r  spi_module_i/clk_wiz/inst/clkin1_ibuf/INBUF_INST/O
                         net (fo=1, routed)           0.000     0.538    spi_module_i/clk_wiz/inst/clkin1_ibuf/OUT
    C3                   IBUFCTRL (Prop_IBUFCTRL_HPIOB_M_I_O)
                                                      0.000     0.538 r  spi_module_i/clk_wiz/inst/clkin1_ibuf/IBUFCTRL_INST/O
                         net (fo=1, routed)           0.551     1.089    spi_module_i/clk_wiz/inst/clk_in1_spi_module_clk_wiz_0
    MMCM_X0Y3            MMCME4_ADV (Prop_MMCM_CLKIN1_CLKOUT0)
                                                     -0.103     0.986 r  spi_module_i/clk_wiz/inst/mmcme4_adv_inst/CLKOUT0
                         net (fo=1, routed)           0.348     1.334    spi_module_i/clk_wiz/inst/clk_out1_spi_module_clk_wiz_0
    BUFGCE_X0Y76         BUFGCE (Prop_BUFCE_BUFGCE_I_O)
                                                      0.044     1.378 r  spi_module_i/clk_wiz/inst/clkout1_buf/O
    X0Y2 (CLOCK_ROOT)    net (fo=324, routed)         2.394     3.771    spi_module_i/axi_quad_spi_0/U0/NO_DUAL_QUAD_MODE.QSPI_NORMAL/QSPI_LEGACY_MD_GEN.QSPI_CORE_INTERFACE_I/RESET_SYNC_AXI_SPI_CLK_INST/ext_spi_clk
    SLICE_X15Y146        FDRE                                         r  spi_module_i/axi_quad_spi_0/U0/NO_DUAL_QUAD_MODE.QSPI_NORMAL/QSPI_LEGACY_MD_GEN.QSPI_CORE_INTERFACE_I/RESET_SYNC_AXI_SPI_CLK_INST/RESET_SYNC_AX2S_2/C
  -------------------------------------------------------------------    -------------------
    SLICE_X15Y146        FDRE (Prop_AFF2_SLICEL_C_Q)
                                                      0.116     3.887 f  spi_module_i/axi_quad_spi_0/U0/NO_DUAL_QUAD_MODE.QSPI_NORMAL/QSPI_LEGACY_MD_GEN.QSPI_CORE_INTERFACE_I/RESET_SYNC_AXI_SPI_CLK_INST/RESET_SYNC_AX2S_2/Q
                         net (fo=59, routed)          1.209     5.096    spi_module_i/axi_quad_spi_0/U0/NO_DUAL_QUAD_MODE.QSPI_NORMAL/QSPI_LEGACY_MD_GEN.QSPI_CORE_INTERFACE_I/FIFO_EXISTS.CLK_CROSS_I/Rst_to_spi
    SLICE_X16Y152        LUT3 (Prop_D6LUT_SLICEL_I0_O)
                                                      0.221     5.317 f  spi_module_i/axi_quad_spi_0/U0/NO_DUAL_QUAD_MODE.QSPI_NORMAL/QSPI_LEGACY_MD_GEN.QSPI_CORE_INTERFACE_I/FIFO_EXISTS.CLK_CROSS_I/FIFO_EXISTS.RX_FIFO_II_i_1/O
                         net (fo=12, routed)          0.277     5.594    spi_module_i/axi_quad_spi_0/U0/NO_DUAL_QUAD_MODE.QSPI_NORMAL/QSPI_LEGACY_MD_GEN.QSPI_CORE_INTERFACE_I/FIFO_EXISTS.RX_FIFO_II/gnuram_async_fifo.xpm_fifo_base_inst/xpm_fifo_rst_inst/rst
    SLICE_X15Y158        LUT4 (Prop_C6LUT_SLICEL_I2_O)
                                                      0.221     5.815 r  spi_module_i/axi_quad_spi_0/U0/NO_DUAL_QUAD_MODE.QSPI_NORMAL/QSPI_LEGACY_MD_GEN.QSPI_CORE_INTERFACE_I/FIFO_EXISTS.RX_FIFO_II/gnuram_async_fifo.xpm_fifo_base_inst/xpm_fifo_rst_inst/FSM_onehot_gen_rst_ic.curr_wrst_state[4]_i_2/O
                         net (fo=1, routed)           0.069     5.884    spi_module_i/axi_quad_spi_0/U0/NO_DUAL_QUAD_MODE.QSPI_NORMAL/QSPI_LEGACY_MD_GEN.QSPI_CORE_INTERFACE_I/FIFO_EXISTS.RX_FIFO_II/gnuram_async_fifo.xpm_fifo_base_inst/xpm_fifo_rst_inst/FSM_onehot_gen_rst_ic.curr_wrst_state[4]_i_2_n_0
    SLICE_X15Y158        FDRE                                         r  spi_module_i/axi_quad_spi_0/U0/NO_DUAL_QUAD_MODE.QSPI_NORMAL/QSPI_LEGACY_MD_GEN.QSPI_CORE_INTERFACE_I/FIFO_EXISTS.RX_FIFO_II/gnuram_async_fifo.xpm_fifo_base_inst/xpm_fifo_rst_inst/FSM_onehot_gen_rst_ic.curr_wrst_state_reg[4]/D
  -------------------------------------------------------------------    -------------------

                         (clock clk_out1_spi_module_clk_wiz_0 rise edge)
                                                     10.000    10.000 r  
    C3                                                0.000    10.000 r  som240_1_connector_hpa_clk0p_clk (IN)
                         net (fo=0)                   0.000    10.000    spi_module_i/clk_wiz/inst/clkin1_ibuf/I
    C3                   INBUF (Prop_INBUF_HPIOB_M_PAD_O)
                                                      0.287    10.287 r  spi_module_i/clk_wiz/inst/clkin1_ibuf/INBUF_INST/O
                         net (fo=1, routed)           0.000    10.287    spi_module_i/clk_wiz/inst/clkin1_ibuf/OUT
    C3                   IBUFCTRL (Prop_IBUFCTRL_HPIOB_M_I_O)
                                                      0.000    10.287 r  spi_module_i/clk_wiz/inst/clkin1_ibuf/IBUFCTRL_INST/O
                         net (fo=1, routed)           0.436    10.723    spi_module_i/clk_wiz/inst/clk_in1_spi_module_clk_wiz_0
    MMCM_X0Y3            MMCME4_ADV (Prop_MMCM_CLKIN1_CLKOUT0)
                                                      0.739    11.462 r  spi_module_i/clk_wiz/inst/mmcme4_adv_inst/CLKOUT0
                         net (fo=1, routed)           0.307    11.769    spi_module_i/clk_wiz/inst/clk_out1_spi_module_clk_wiz_0
    BUFGCE_X0Y76         BUFGCE (Prop_BUFCE_BUFGCE_I_O)
                                                      0.039    11.808 r  spi_module_i/clk_wiz/inst/clkout1_buf/O
    X0Y2 (CLOCK_ROOT)    net (fo=324, routed)         2.160    13.968    spi_module_i/axi_quad_spi_0/U0/NO_DUAL_QUAD_MODE.QSPI_NORMAL/QSPI_LEGACY_MD_GEN.QSPI_CORE_INTERFACE_I/FIFO_EXISTS.RX_FIFO_II/gnuram_async_fifo.xpm_fifo_base_inst/xpm_fifo_rst_inst/wr_clk
    SLICE_X15Y158        FDRE                                         r  spi_module_i/axi_quad_spi_0/U0/NO_DUAL_QUAD_MODE.QSPI_NORMAL/QSPI_LEGACY_MD_GEN.QSPI_CORE_INTERFACE_I/FIFO_EXISTS.RX_FIFO_II/gnuram_async_fifo.xpm_fifo_base_inst/xpm_fifo_rst_inst/FSM_onehot_gen_rst_ic.curr_wrst_state_reg[4]/C
                         clock pessimism             -0.293    13.675    
                         clock uncertainty           -0.102    13.574    
    SLICE_X15Y158        FDRE (Setup_CFF_SLICEL_C_D)
                                                      0.044    13.618    spi_module_i/axi_quad_spi_0/U0/NO_DUAL_QUAD_MODE.QSPI_NORMAL/QSPI_LEGACY_MD_GEN.QSPI_CORE_INTERFACE_I/FIFO_EXISTS.RX_FIFO_II/gnuram_async_fifo.xpm_fifo_base_inst/xpm_fifo_rst_inst/FSM_onehot_gen_rst_ic.curr_wrst_state_reg[4]
  -------------------------------------------------------------------
                         required time                         13.618    
                         arrival time                          -5.884    
  -------------------------------------------------------------------
                         slack                                  7.734    

Slack (MET) :             7.737ns  (required time - arrival time)
  Source:                 spi_module_i/axi_quad_spi_0/U0/NO_DUAL_QUAD_MODE.QSPI_NORMAL/QSPI_LEGACY_MD_GEN.QSPI_CORE_INTERFACE_I/RESET_SYNC_AXI_SPI_CLK_INST/RESET_SYNC_AX2S_2/C
                            (rising edge-triggered cell FDRE clocked by clk_out1_spi_module_clk_wiz_0  {rise@0.000ns fall@5.000ns period=10.000ns})
  Destination:            spi_module_i/axi_quad_spi_0/U0/NO_DUAL_QUAD_MODE.QSPI_NORMAL/QSPI_LEGACY_MD_GEN.QSPI_CORE_INTERFACE_I/FIFO_EXISTS.RX_FIFO_II/gnuram_async_fifo.xpm_fifo_base_inst/xpm_fifo_rst_inst/gen_rst_ic.wr_rst_busy_ic_reg/D
                            (rising edge-triggered cell FDRE clocked by clk_out1_spi_module_clk_wiz_0  {rise@0.000ns fall@5.000ns period=10.000ns})
  Path Group:             clk_out1_spi_module_clk_wiz_0
  Path Type:              Setup (Max at Slow Process Corner)
  Requirement:            10.000ns  (clk_out1_spi_module_clk_wiz_0 rise@10.000ns - clk_out1_spi_module_clk_wiz_0 rise@0.000ns)
  Data Path Delay:        2.113ns  (logic 0.557ns (26.361%)  route 1.556ns (73.639%))
  Logic Levels:           2  (LUT3=1 LUT5=1)
  Clock Path Skew:        -0.094ns (DCD - SCD + CPR)
    Destination Clock Delay (DCD):    3.970ns = ( 13.970 - 10.000 ) 
    Source Clock Delay      (SCD):    3.771ns
    Clock Pessimism Removal (CPR):    -0.293ns
  Clock Uncertainty:      0.102ns  ((TSJ^2 + DJ^2)^1/2) / 2 + PE
    Total System Jitter     (TSJ):    0.071ns
    Discrete Jitter          (DJ):    0.191ns
    Phase Error              (PE):    0.000ns
  Clock Net Delay (Source):      2.394ns (routing 1.302ns, distribution 1.092ns)
  Clock Net Delay (Destination): 2.162ns (routing 1.197ns, distribution 0.965ns)

    Location             Delay type                Incr(ns)  Path(ns)    Netlist Resource(s)
  -------------------------------------------------------------------    -------------------
                         (clock clk_out1_spi_module_clk_wiz_0 rise edge)
                                                      0.000     0.000 r  
    C3                                                0.000     0.000 r  som240_1_connector_hpa_clk0p_clk (IN)
                         net (fo=0)                   0.000     0.000    spi_module_i/clk_wiz/inst/clkin1_ibuf/I
    C3                   INBUF (Prop_INBUF_HPIOB_M_PAD_O)
                                                      0.538     0.538 r  spi_module_i/clk_wiz/inst/clkin1_ibuf/INBUF_INST/O
                         net (fo=1, routed)           0.000     0.538    spi_module_i/clk_wiz/inst/clkin1_ibuf/OUT
    C3                   IBUFCTRL (Prop_IBUFCTRL_HPIOB_M_I_O)
                                                      0.000     0.538 r  spi_module_i/clk_wiz/inst/clkin1_ibuf/IBUFCTRL_INST/O
                         net (fo=1, routed)           0.551     1.089    spi_module_i/clk_wiz/inst/clk_in1_spi_module_clk_wiz_0
    MMCM_X0Y3            MMCME4_ADV (Prop_MMCM_CLKIN1_CLKOUT0)
                                                     -0.103     0.986 r  spi_module_i/clk_wiz/inst/mmcme4_adv_inst/CLKOUT0
                         net (fo=1, routed)           0.348     1.334    spi_module_i/clk_wiz/inst/clk_out1_spi_module_clk_wiz_0
    BUFGCE_X0Y76         BUFGCE (Prop_BUFCE_BUFGCE_I_O)
                                                      0.044     1.378 r  spi_module_i/clk_wiz/inst/clkout1_buf/O
    X0Y2 (CLOCK_ROOT)    net (fo=324, routed)         2.394     3.771    spi_module_i/axi_quad_spi_0/U0/NO_DUAL_QUAD_MODE.QSPI_NORMAL/QSPI_LEGACY_MD_GEN.QSPI_CORE_INTERFACE_I/RESET_SYNC_AXI_SPI_CLK_INST/ext_spi_clk
    SLICE_X15Y146        FDRE                                         r  spi_module_i/axi_quad_spi_0/U0/NO_DUAL_QUAD_MODE.QSPI_NORMAL/QSPI_LEGACY_MD_GEN.QSPI_CORE_INTERFACE_I/RESET_SYNC_AXI_SPI_CLK_INST/RESET_SYNC_AX2S_2/C
  -------------------------------------------------------------------    -------------------
    SLICE_X15Y146        FDRE (Prop_AFF2_SLICEL_C_Q)
                                                      0.116     3.887 r  spi_module_i/axi_quad_spi_0/U0/NO_DUAL_QUAD_MODE.QSPI_NORMAL/QSPI_LEGACY_MD_GEN.QSPI_CORE_INTERFACE_I/RESET_SYNC_AXI_SPI_CLK_INST/RESET_SYNC_AX2S_2/Q
                         net (fo=59, routed)          1.209     5.096    spi_module_i/axi_quad_spi_0/U0/NO_DUAL_QUAD_MODE.QSPI_NORMAL/QSPI_LEGACY_MD_GEN.QSPI_CORE_INTERFACE_I/FIFO_EXISTS.CLK_CROSS_I/Rst_to_spi
    SLICE_X16Y152        LUT3 (Prop_D6LUT_SLICEL_I0_O)
                                                      0.221     5.317 r  spi_module_i/axi_quad_spi_0/U0/NO_DUAL_QUAD_MODE.QSPI_NORMAL/QSPI_LEGACY_MD_GEN.QSPI_CORE_INTERFACE_I/FIFO_EXISTS.CLK_CROSS_I/FIFO_EXISTS.RX_FIFO_II_i_1/O
                         net (fo=12, routed)          0.324     5.641    spi_module_i/axi_quad_spi_0/U0/NO_DUAL_QUAD_MODE.QSPI_NORMAL/QSPI_LEGACY_MD_GEN.QSPI_CORE_INTERFACE_I/FIFO_EXISTS.RX_FIFO_II/gnuram_async_fifo.xpm_fifo_base_inst/xpm_fifo_rst_inst/rst
    SLICE_X15Y157        LUT5 (Prop_H5LUT_SLICEL_I0_O)
                                                      0.220     5.861 r  spi_module_i/axi_quad_spi_0/U0/NO_DUAL_QUAD_MODE.QSPI_NORMAL/QSPI_LEGACY_MD_GEN.QSPI_CORE_INTERFACE_I/FIFO_EXISTS.RX_FIFO_II/gnuram_async_fifo.xpm_fifo_base_inst/xpm_fifo_rst_inst/gen_rst_ic.wr_rst_busy_ic_i_1/O
                         net (fo=1, routed)           0.023     5.884    spi_module_i/axi_quad_spi_0/U0/NO_DUAL_QUAD_MODE.QSPI_NORMAL/QSPI_LEGACY_MD_GEN.QSPI_CORE_INTERFACE_I/FIFO_EXISTS.RX_FIFO_II/gnuram_async_fifo.xpm_fifo_base_inst/xpm_fifo_rst_inst/gen_rst_ic.wr_rst_busy_ic_i_1_n_0
    SLICE_X15Y157        FDRE                                         r  spi_module_i/axi_quad_spi_0/U0/NO_DUAL_QUAD_MODE.QSPI_NORMAL/QSPI_LEGACY_MD_GEN.QSPI_CORE_INTERFACE_I/FIFO_EXISTS.RX_FIFO_II/gnuram_async_fifo.xpm_fifo_base_inst/xpm_fifo_rst_inst/gen_rst_ic.wr_rst_busy_ic_reg/D
  -------------------------------------------------------------------    -------------------

                         (clock clk_out1_spi_module_clk_wiz_0 rise edge)
                                                     10.000    10.000 r  
    C3                                                0.000    10.000 r  som240_1_connector_hpa_clk0p_clk (IN)
                         net (fo=0)                   0.000    10.000    spi_module_i/clk_wiz/inst/clkin1_ibuf/I
    C3                   INBUF (Prop_INBUF_HPIOB_M_PAD_O)
                                                      0.287    10.287 r  spi_module_i/clk_wiz/inst/clkin1_ibuf/INBUF_INST/O
                         net (fo=1, routed)           0.000    10.287    spi_module_i/clk_wiz/inst/clkin1_ibuf/OUT
    C3                   IBUFCTRL (Prop_IBUFCTRL_HPIOB_M_I_O)
                                                      0.000    10.287 r  spi_module_i/clk_wiz/inst/clkin1_ibuf/IBUFCTRL_INST/O
                         net (fo=1, routed)           0.436    10.723    spi_module_i/clk_wiz/inst/clk_in1_spi_module_clk_wiz_0
    MMCM_X0Y3            MMCME4_ADV (Prop_MMCM_CLKIN1_CLKOUT0)
                                                      0.739    11.462 r  spi_module_i/clk_wiz/inst/mmcme4_adv_inst/CLKOUT0
                         net (fo=1, routed)           0.307    11.769    spi_module_i/clk_wiz/inst/clk_out1_spi_module_clk_wiz_0
    BUFGCE_X0Y76         BUFGCE (Prop_BUFCE_BUFGCE_I_O)
                                                      0.039    11.808 r  spi_module_i/clk_wiz/inst/clkout1_buf/O
    X0Y2 (CLOCK_ROOT)    net (fo=324, routed)         2.162    13.970    spi_module_i/axi_quad_spi_0/U0/NO_DUAL_QUAD_MODE.QSPI_NORMAL/QSPI_LEGACY_MD_GEN.QSPI_CORE_INTERFACE_I/FIFO_EXISTS.RX_FIFO_II/gnuram_async_fifo.xpm_fifo_base_inst/xpm_fifo_rst_inst/wr_clk
    SLICE_X15Y157        FDRE                                         r  spi_module_i/axi_quad_spi_0/U0/NO_DUAL_QUAD_MODE.QSPI_NORMAL/QSPI_LEGACY_MD_GEN.QSPI_CORE_INTERFACE_I/FIFO_EXISTS.RX_FIFO_II/gnuram_async_fifo.xpm_fifo_base_inst/xpm_fifo_rst_inst/gen_rst_ic.wr_rst_busy_ic_reg/C
                         clock pessimism             -0.293    13.677    
                         clock uncertainty           -0.102    13.576    
    SLICE_X15Y157        FDRE (Setup_HFF2_SLICEL_C_D)
                                                      0.046    13.622    spi_module_i/axi_quad_spi_0/U0/NO_DUAL_QUAD_MODE.QSPI_NORMAL/QSPI_LEGACY_MD_GEN.QSPI_CORE_INTERFACE_I/FIFO_EXISTS.RX_FIFO_II/gnuram_async_fifo.xpm_fifo_base_inst/xpm_fifo_rst_inst/gen_rst_ic.wr_rst_busy_ic_reg
  -------------------------------------------------------------------
                         required time                         13.622    
                         arrival time                          -5.884    
  -------------------------------------------------------------------
                         slack                                  7.737    

Slack (MET) :             7.751ns  (required time - arrival time)
  Source:                 spi_module_i/axi_quad_spi_0/U0/NO_DUAL_QUAD_MODE.QSPI_NORMAL/IO0_I_REG/C
                            (rising edge-triggered cell FDRE clocked by clk_out1_spi_module_clk_wiz_0  {rise@0.000ns fall@5.000ns period=10.000ns})
  Destination:            spi_module_i/axi_quad_spi_0/U0/NO_DUAL_QUAD_MODE.QSPI_NORMAL/QSPI_LEGACY_MD_GEN.QSPI_CORE_INTERFACE_I/LOGIC_FOR_MD_0_GEN.SPI_MODULE_I/OTHER_RATIO_GENERATE.rx_shft_reg_mode_0011_reg[7]/D
                            (rising edge-triggered cell FDRE clocked by clk_out1_spi_module_clk_wiz_0  {rise@0.000ns fall@5.000ns period=10.000ns})
  Path Group:             clk_out1_spi_module_clk_wiz_0
  Path Type:              Setup (Max at Slow Process Corner)
  Requirement:            10.000ns  (clk_out1_spi_module_clk_wiz_0 rise@10.000ns - clk_out1_spi_module_clk_wiz_0 rise@0.000ns)
  Data Path Delay:        2.127ns  (logic 0.738ns (34.697%)  route 1.389ns (65.303%))
  Logic Levels:           1  (LUT5=1)
  Clock Path Skew:        -0.064ns (DCD - SCD + CPR)
    Destination Clock Delay (DCD):    3.980ns = ( 13.980 - 10.000 ) 
    Source Clock Delay      (SCD):    3.751ns
    Clock Pessimism Removal (CPR):    -0.293ns
  Clock Uncertainty:      0.102ns  ((TSJ^2 + DJ^2)^1/2) / 2 + PE
    Total System Jitter     (TSJ):    0.071ns
    Discrete Jitter          (DJ):    0.191ns
    Phase Error              (PE):    0.000ns
  Clock Net Delay (Source):      2.373ns (routing 1.302ns, distribution 1.071ns)
  Clock Net Delay (Destination): 2.171ns (routing 1.197ns, distribution 0.974ns)

    Location             Delay type                Incr(ns)  Path(ns)    Netlist Resource(s)
  -------------------------------------------------------------------    -------------------
                         (clock clk_out1_spi_module_clk_wiz_0 rise edge)
                                                      0.000     0.000 r  
    C3                                                0.000     0.000 r  som240_1_connector_hpa_clk0p_clk (IN)
                         net (fo=0)                   0.000     0.000    spi_module_i/clk_wiz/inst/clkin1_ibuf/I
    C3                   INBUF (Prop_INBUF_HPIOB_M_PAD_O)
                                                      0.538     0.538 r  spi_module_i/clk_wiz/inst/clkin1_ibuf/INBUF_INST/O
                         net (fo=1, routed)           0.000     0.538    spi_module_i/clk_wiz/inst/clkin1_ibuf/OUT
    C3                   IBUFCTRL (Prop_IBUFCTRL_HPIOB_M_I_O)
                                                      0.000     0.538 r  spi_module_i/clk_wiz/inst/clkin1_ibuf/IBUFCTRL_INST/O
                         net (fo=1, routed)           0.551     1.089    spi_module_i/clk_wiz/inst/clk_in1_spi_module_clk_wiz_0
    MMCM_X0Y3            MMCME4_ADV (Prop_MMCM_CLKIN1_CLKOUT0)
                                                     -0.103     0.986 r  spi_module_i/clk_wiz/inst/mmcme4_adv_inst/CLKOUT0
                         net (fo=1, routed)           0.348     1.334    spi_module_i/clk_wiz/inst/clk_out1_spi_module_clk_wiz_0
    BUFGCE_X0Y76         BUFGCE (Prop_BUFCE_BUFGCE_I_O)
                                                      0.044     1.378 r  spi_module_i/clk_wiz/inst/clkout1_buf/O
    X0Y2 (CLOCK_ROOT)    net (fo=324, routed)         2.373     3.751    spi_module_i/axi_quad_spi_0/U0/NO_DUAL_QUAD_MODE.QSPI_NORMAL/ext_spi_clk
    HDIOLOGIC_S_X0Y27    FDRE                                         r  spi_module_i/axi_quad_spi_0/U0/NO_DUAL_QUAD_MODE.QSPI_NORMAL/IO0_I_REG/C
  -------------------------------------------------------------------    -------------------
    HDIOLOGIC_S_X0Y27    FDRE (Prop_IPFF_HDIOLOGIC_S_C_Q)
                                                      0.682     4.433 r  spi_module_i/axi_quad_spi_0/U0/NO_DUAL_QUAD_MODE.QSPI_NORMAL/IO0_I_REG/Q
                         net (fo=1, routed)           0.767     5.200    spi_module_i/axi_quad_spi_0/U0/NO_DUAL_QUAD_MODE.QSPI_NORMAL/QSPI_LEGACY_MD_GEN.QSPI_CORE_INTERFACE_I/FIFO_EXISTS.CLK_CROSS_I/io0_i_sync
    SLICE_X14Y146        LUT5 (Prop_F6LUT_SLICEL_I4_O)
                                                      0.056     5.256 r  spi_module_i/axi_quad_spi_0/U0/NO_DUAL_QUAD_MODE.QSPI_NORMAL/QSPI_LEGACY_MD_GEN.QSPI_CORE_INTERFACE_I/FIFO_EXISTS.CLK_CROSS_I/OTHER_RATIO_GENERATE.rx_shft_reg_s[7]_i_1/O
                         net (fo=4, routed)           0.622     5.878    spi_module_i/axi_quad_spi_0/U0/NO_DUAL_QUAD_MODE.QSPI_NORMAL/QSPI_LEGACY_MD_GEN.QSPI_CORE_INTERFACE_I/LOGIC_FOR_MD_0_GEN.SPI_MODULE_I/OTHER_RATIO_GENERATE.rx_shft_reg_s_reg[7]_0[0]
    SLICE_X16Y154        FDRE                                         r  spi_module_i/axi_quad_spi_0/U0/NO_DUAL_QUAD_MODE.QSPI_NORMAL/QSPI_LEGACY_MD_GEN.QSPI_CORE_INTERFACE_I/LOGIC_FOR_MD_0_GEN.SPI_MODULE_I/OTHER_RATIO_GENERATE.rx_shft_reg_mode_0011_reg[7]/D
  -------------------------------------------------------------------    -------------------

                         (clock clk_out1_spi_module_clk_wiz_0 rise edge)
                                                     10.000    10.000 r  
    C3                                                0.000    10.000 r  som240_1_connector_hpa_clk0p_clk (IN)
                         net (fo=0)                   0.000    10.000    spi_module_i/clk_wiz/inst/clkin1_ibuf/I
    C3                   INBUF (Prop_INBUF_HPIOB_M_PAD_O)
                                                      0.287    10.287 r  spi_module_i/clk_wiz/inst/clkin1_ibuf/INBUF_INST/O
                         net (fo=1, routed)           0.000    10.287    spi_module_i/clk_wiz/inst/clkin1_ibuf/OUT
    C3                   IBUFCTRL (Prop_IBUFCTRL_HPIOB_M_I_O)
                                                      0.000    10.287 r  spi_module_i/clk_wiz/inst/clkin1_ibuf/IBUFCTRL_INST/O
                         net (fo=1, routed)           0.436    10.723    spi_module_i/clk_wiz/inst/clk_in1_spi_module_clk_wiz_0
    MMCM_X0Y3            MMCME4_ADV (Prop_MMCM_CLKIN1_CLKOUT0)
                                                      0.739    11.462 r  spi_module_i/clk_wiz/inst/mmcme4_adv_inst/CLKOUT0
                         net (fo=1, routed)           0.307    11.769    spi_module_i/clk_wiz/inst/clk_out1_spi_module_clk_wiz_0
    BUFGCE_X0Y76         BUFGCE (Prop_BUFCE_BUFGCE_I_O)
                                                      0.039    11.808 r  spi_module_i/clk_wiz/inst/clkout1_buf/O
    X0Y2 (CLOCK_ROOT)    net (fo=324, routed)         2.171    13.980    spi_module_i/axi_quad_spi_0/U0/NO_DUAL_QUAD_MODE.QSPI_NORMAL/QSPI_LEGACY_MD_GEN.QSPI_CORE_INTERFACE_I/LOGIC_FOR_MD_0_GEN.SPI_MODULE_I/ext_spi_clk
    SLICE_X16Y154        FDRE                                         r  spi_module_i/axi_quad_spi_0/U0/NO_DUAL_QUAD_MODE.QSPI_NORMAL/QSPI_LEGACY_MD_GEN.QSPI_CORE_INTERFACE_I/LOGIC_FOR_MD_0_GEN.SPI_MODULE_I/OTHER_RATIO_GENERATE.rx_shft_reg_mode_0011_reg[7]/C
                         clock pessimism             -0.293    13.686    
                         clock uncertainty           -0.102    13.585    
    SLICE_X16Y154        FDRE (Setup_FFF_SLICEL_C_D)
                                                      0.044    13.629    spi_module_i/axi_quad_spi_0/U0/NO_DUAL_QUAD_MODE.QSPI_NORMAL/QSPI_LEGACY_MD_GEN.QSPI_CORE_INTERFACE_I/LOGIC_FOR_MD_0_GEN.SPI_MODULE_I/OTHER_RATIO_GENERATE.rx_shft_reg_mode_0011_reg[7]
  -------------------------------------------------------------------
                         required time                         13.629    
                         arrival time                          -5.878    
  -------------------------------------------------------------------
                         slack                                  7.751    

Slack (MET) :             7.760ns  (required time - arrival time)
  Source:                 spi_module_i/axi_quad_spi_0/U0/NO_DUAL_QUAD_MODE.QSPI_NORMAL/QSPI_LEGACY_MD_GEN.QSPI_CORE_INTERFACE_I/FIFO_EXISTS.CLK_CROSS_I/LOGIC_GENERATION_CDC.SPICR_3_CPOL_AX2S_1/syncstages_ff_reg[2]/C
                            (rising edge-triggered cell FDRE clocked by clk_out1_spi_module_clk_wiz_0  {rise@0.000ns fall@5.000ns period=10.000ns})
  Destination:            spi_module_i/axi_quad_spi_0/U0/NO_DUAL_QUAD_MODE.QSPI_NORMAL/QSPI_LEGACY_MD_GEN.QSPI_CORE_INTERFACE_I/LOGIC_FOR_MD_0_GEN.SPI_MODULE_I/RX_DATA_GEN_OTHER_SCK_RATIOS.receive_Data_int_reg[2]/D
                            (rising edge-triggered cell FDRE clocked by clk_out1_spi_module_clk_wiz_0  {rise@0.000ns fall@5.000ns period=10.000ns})
  Path Group:             clk_out1_spi_module_clk_wiz_0
  Path Type:              Setup (Max at Slow Process Corner)
  Requirement:            10.000ns  (clk_out1_spi_module_clk_wiz_0 rise@10.000ns - clk_out1_spi_module_clk_wiz_0 rise@0.000ns)
  Data Path Delay:        2.082ns  (logic 0.562ns (26.993%)  route 1.520ns (73.007%))
  Logic Levels:           2  (LUT4=1 LUT6=1)
  Clock Path Skew:        -0.100ns (DCD - SCD + CPR)
    Destination Clock Delay (DCD):    3.977ns = ( 13.977 - 10.000 ) 
    Source Clock Delay      (SCD):    3.783ns
    Clock Pessimism Removal (CPR):    -0.293ns
  Clock Uncertainty:      0.102ns  ((TSJ^2 + DJ^2)^1/2) / 2 + PE
    Total System Jitter     (TSJ):    0.071ns
    Discrete Jitter          (DJ):    0.191ns
    Phase Error              (PE):    0.000ns
  Clock Net Delay (Source):      2.406ns (routing 1.302ns, distribution 1.104ns)
  Clock Net Delay (Destination): 2.168ns (routing 1.197ns, distribution 0.971ns)

    Location             Delay type                Incr(ns)  Path(ns)    Netlist Resource(s)
  -------------------------------------------------------------------    -------------------
                         (clock clk_out1_spi_module_clk_wiz_0 rise edge)
                                                      0.000     0.000 r  
    C3                                                0.000     0.000 r  som240_1_connector_hpa_clk0p_clk (IN)
                         net (fo=0)                   0.000     0.000    spi_module_i/clk_wiz/inst/clkin1_ibuf/I
    C3                   INBUF (Prop_INBUF_HPIOB_M_PAD_O)
                                                      0.538     0.538 r  spi_module_i/clk_wiz/inst/clkin1_ibuf/INBUF_INST/O
                         net (fo=1, routed)           0.000     0.538    spi_module_i/clk_wiz/inst/clkin1_ibuf/OUT
    C3                   IBUFCTRL (Prop_IBUFCTRL_HPIOB_M_I_O)
                                                      0.000     0.538 r  spi_module_i/clk_wiz/inst/clkin1_ibuf/IBUFCTRL_INST/O
                         net (fo=1, routed)           0.551     1.089    spi_module_i/clk_wiz/inst/clk_in1_spi_module_clk_wiz_0
    MMCM_X0Y3            MMCME4_ADV (Prop_MMCM_CLKIN1_CLKOUT0)
                                                     -0.103     0.986 r  spi_module_i/clk_wiz/inst/mmcme4_adv_inst/CLKOUT0
                         net (fo=1, routed)           0.348     1.334    spi_module_i/clk_wiz/inst/clk_out1_spi_module_clk_wiz_0
    BUFGCE_X0Y76         BUFGCE (Prop_BUFCE_BUFGCE_I_O)
                                                      0.044     1.378 r  spi_module_i/clk_wiz/inst/clkout1_buf/O
    X0Y2 (CLOCK_ROOT)    net (fo=324, routed)         2.406     3.783    spi_module_i/axi_quad_spi_0/U0/NO_DUAL_QUAD_MODE.QSPI_NORMAL/QSPI_LEGACY_MD_GEN.QSPI_CORE_INTERFACE_I/FIFO_EXISTS.CLK_CROSS_I/LOGIC_GENERATION_CDC.SPICR_3_CPOL_AX2S_1/dest_clk
    SLICE_X17Y145        FDRE                                         r  spi_module_i/axi_quad_spi_0/U0/NO_DUAL_QUAD_MODE.QSPI_NORMAL/QSPI_LEGACY_MD_GEN.QSPI_CORE_INTERFACE_I/FIFO_EXISTS.CLK_CROSS_I/LOGIC_GENERATION_CDC.SPICR_3_CPOL_AX2S_1/syncstages_ff_reg[2]/C
  -------------------------------------------------------------------    -------------------
    SLICE_X17Y145        FDRE (Prop_BFF2_SLICEM_C_Q)
                                                      0.115     3.898 r  spi_module_i/axi_quad_spi_0/U0/NO_DUAL_QUAD_MODE.QSPI_NORMAL/QSPI_LEGACY_MD_GEN.QSPI_CORE_INTERFACE_I/FIFO_EXISTS.CLK_CROSS_I/LOGIC_GENERATION_CDC.SPICR_3_CPOL_AX2S_1/syncstages_ff_reg[2]/Q
                         net (fo=12, routed)          1.233     5.131    spi_module_i/axi_quad_spi_0/U0/NO_DUAL_QUAD_MODE.QSPI_NORMAL/QSPI_LEGACY_MD_GEN.QSPI_CORE_INTERFACE_I/LOGIC_FOR_MD_0_GEN.SPI_MODULE_I/RATIO_NOT_EQUAL_4_GENERATE.SCK_O_NQ_4_NO_STARTUP_USED.SCK_O_NE_4_FDRE_INST_0
    SLICE_X17Y154        LUT4 (Prop_G6LUT_SLICEM_I1_O)
                                                      0.226     5.357 f  spi_module_i/axi_quad_spi_0/U0/NO_DUAL_QUAD_MODE.QSPI_NORMAL/QSPI_LEGACY_MD_GEN.QSPI_CORE_INTERFACE_I/LOGIC_FOR_MD_0_GEN.SPI_MODULE_I/RX_DATA_GEN_OTHER_SCK_RATIOS.receive_Data_int[2]_i_2/O
                         net (fo=2, routed)           0.218     5.575    spi_module_i/axi_quad_spi_0/U0/NO_DUAL_QUAD_MODE.QSPI_NORMAL/QSPI_LEGACY_MD_GEN.QSPI_CORE_INTERFACE_I/LOGIC_FOR_MD_0_GEN.SPI_MODULE_I/RX_DATA_GEN_OTHER_SCK_RATIOS.receive_Data_int[2]_i_2_n_0
    SLICE_X16Y154        LUT6 (Prop_C6LUT_SLICEL_I0_O)
                                                      0.221     5.796 r  spi_module_i/axi_quad_spi_0/U0/NO_DUAL_QUAD_MODE.QSPI_NORMAL/QSPI_LEGACY_MD_GEN.QSPI_CORE_INTERFACE_I/LOGIC_FOR_MD_0_GEN.SPI_MODULE_I/RX_DATA_GEN_OTHER_SCK_RATIOS.receive_Data_int[2]_i_1/O
                         net (fo=1, routed)           0.069     5.865    spi_module_i/axi_quad_spi_0/U0/NO_DUAL_QUAD_MODE.QSPI_NORMAL/QSPI_LEGACY_MD_GEN.QSPI_CORE_INTERFACE_I/LOGIC_FOR_MD_0_GEN.SPI_MODULE_I/RX_DATA_GEN_OTHER_SCK_RATIOS.receive_Data_int[2]_i_1_n_0
    SLICE_X16Y154        FDRE                                         r  spi_module_i/axi_quad_spi_0/U0/NO_DUAL_QUAD_MODE.QSPI_NORMAL/QSPI_LEGACY_MD_GEN.QSPI_CORE_INTERFACE_I/LOGIC_FOR_MD_0_GEN.SPI_MODULE_I/RX_DATA_GEN_OTHER_SCK_RATIOS.receive_Data_int_reg[2]/D
  -------------------------------------------------------------------    -------------------

                         (clock clk_out1_spi_module_clk_wiz_0 rise edge)
                                                     10.000    10.000 r  
    C3                                                0.000    10.000 r  som240_1_connector_hpa_clk0p_clk (IN)
                         net (fo=0)                   0.000    10.000    spi_module_i/clk_wiz/inst/clkin1_ibuf/I
    C3                   INBUF (Prop_INBUF_HPIOB_M_PAD_O)
                                                      0.287    10.287 r  spi_module_i/clk_wiz/inst/clkin1_ibuf/INBUF_INST/O
                         net (fo=1, routed)           0.000    10.287    spi_module_i/clk_wiz/inst/clkin1_ibuf/OUT
    C3                   IBUFCTRL (Prop_IBUFCTRL_HPIOB_M_I_O)
                                                      0.000    10.287 r  spi_module_i/clk_wiz/inst/clkin1_ibuf/IBUFCTRL_INST/O
                         net (fo=1, routed)           0.436    10.723    spi_module_i/clk_wiz/inst/clk_in1_spi_module_clk_wiz_0
    MMCM_X0Y3            MMCME4_ADV (Prop_MMCM_CLKIN1_CLKOUT0)
                                                      0.739    11.462 r  spi_module_i/clk_wiz/inst/mmcme4_adv_inst/CLKOUT0
                         net (fo=1, routed)           0.307    11.769    spi_module_i/clk_wiz/inst/clk_out1_spi_module_clk_wiz_0
    BUFGCE_X0Y76         BUFGCE (Prop_BUFCE_BUFGCE_I_O)
                                                      0.039    11.808 r  spi_module_i/clk_wiz/inst/clkout1_buf/O
    X0Y2 (CLOCK_ROOT)    net (fo=324, routed)         2.168    13.977    spi_module_i/axi_quad_spi_0/U0/NO_DUAL_QUAD_MODE.QSPI_NORMAL/QSPI_LEGACY_MD_GEN.QSPI_CORE_INTERFACE_I/LOGIC_FOR_MD_0_GEN.SPI_MODULE_I/ext_spi_clk
    SLICE_X16Y154        FDRE                                         r  spi_module_i/axi_quad_spi_0/U0/NO_DUAL_QUAD_MODE.QSPI_NORMAL/QSPI_LEGACY_MD_GEN.QSPI_CORE_INTERFACE_I/LOGIC_FOR_MD_0_GEN.SPI_MODULE_I/RX_DATA_GEN_OTHER_SCK_RATIOS.receive_Data_int_reg[2]/C
                         clock pessimism             -0.293    13.683    
                         clock uncertainty           -0.102    13.582    
    SLICE_X16Y154        FDRE (Setup_CFF_SLICEL_C_D)
                                                      0.044    13.626    spi_module_i/axi_quad_spi_0/U0/NO_DUAL_QUAD_MODE.QSPI_NORMAL/QSPI_LEGACY_MD_GEN.QSPI_CORE_INTERFACE_I/LOGIC_FOR_MD_0_GEN.SPI_MODULE_I/RX_DATA_GEN_OTHER_SCK_RATIOS.receive_Data_int_reg[2]
  -------------------------------------------------------------------
                         required time                         13.626    
                         arrival time                          -5.865    
  -------------------------------------------------------------------
                         slack                                  7.760    





Min Delay Paths
--------------------------------------------------------------------------------------
Slack (MET) :             0.036ns  (arrival time - required time)
  Source:                 spi_module_i/axi_quad_spi_0/U0/NO_DUAL_QUAD_MODE.QSPI_NORMAL/QSPI_LEGACY_MD_GEN.QSPI_CORE_INTERFACE_I/FIFO_EXISTS.RX_FIFO_II/gnuram_async_fifo.xpm_fifo_base_inst/gen_cdc_pntr.rd_pntr_cdc_inst/dest_graysync_ff_reg[1][3]/C
                            (rising edge-triggered cell FDRE clocked by clk_out1_spi_module_clk_wiz_0  {rise@0.000ns fall@5.000ns period=10.000ns})
  Destination:            spi_module_i/axi_quad_spi_0/U0/NO_DUAL_QUAD_MODE.QSPI_NORMAL/QSPI_LEGACY_MD_GEN.QSPI_CORE_INTERFACE_I/FIFO_EXISTS.RX_FIFO_II/gnuram_async_fifo.xpm_fifo_base_inst/gen_cdc_pntr.rpw_gray_reg/reg_out_i_reg[3]/D
                            (rising edge-triggered cell FDRE clocked by clk_out1_spi_module_clk_wiz_0  {rise@0.000ns fall@5.000ns period=10.000ns})
  Path Group:             clk_out1_spi_module_clk_wiz_0
  Path Type:              Hold (Min at Slow Process Corner)
  Requirement:            0.000ns  (clk_out1_spi_module_clk_wiz_0 rise@0.000ns - clk_out1_spi_module_clk_wiz_0 rise@0.000ns)
  Data Path Delay:        0.256ns  (logic 0.114ns (44.467%)  route 0.142ns (55.534%))
  Logic Levels:           0  
  Clock Path Skew:        0.120ns (DCD - SCD - CPR)
    Destination Clock Delay (DCD):    3.796ns
    Source Clock Delay      (SCD):    3.969ns
    Clock Pessimism Removal (CPR):    -0.293ns
  Clock Net Delay (Source):      2.161ns (routing 1.197ns, distribution 0.964ns)
  Clock Net Delay (Destination): 2.419ns (routing 1.302ns, distribution 1.117ns)

    Location             Delay type                Incr(ns)  Path(ns)    Netlist Resource(s)
  -------------------------------------------------------------------    -------------------
                         (clock clk_out1_spi_module_clk_wiz_0 rise edge)
                                                      0.000     0.000 r  
    C3                                                0.000     0.000 r  som240_1_connector_hpa_clk0p_clk (IN)
                         net (fo=0)                   0.000     0.000    spi_module_i/clk_wiz/inst/clkin1_ibuf/I
    C3                   INBUF (Prop_INBUF_HPIOB_M_PAD_O)
                                                      0.287     0.287 r  spi_module_i/clk_wiz/inst/clkin1_ibuf/INBUF_INST/O
                         net (fo=1, routed)           0.000     0.287    spi_module_i/clk_wiz/inst/clkin1_ibuf/OUT
    C3                   IBUFCTRL (Prop_IBUFCTRL_HPIOB_M_I_O)
                                                      0.000     0.287 r  spi_module_i/clk_wiz/inst/clkin1_ibuf/IBUFCTRL_INST/O
                         net (fo=1, routed)           0.436     0.723    spi_module_i/clk_wiz/inst/clk_in1_spi_module_clk_wiz_0
    MMCM_X0Y3            MMCME4_ADV (Prop_MMCM_CLKIN1_CLKOUT0)
                                                      0.739     1.462 r  spi_module_i/clk_wiz/inst/mmcme4_adv_inst/CLKOUT0
                         net (fo=1, routed)           0.307     1.769    spi_module_i/clk_wiz/inst/clk_out1_spi_module_clk_wiz_0
    BUFGCE_X0Y76         BUFGCE (Prop_BUFCE_BUFGCE_I_O)
                                                      0.039     1.808 r  spi_module_i/clk_wiz/inst/clkout1_buf/O
    X0Y2 (CLOCK_ROOT)    net (fo=324, routed)         2.161     3.969    spi_module_i/axi_quad_spi_0/U0/NO_DUAL_QUAD_MODE.QSPI_NORMAL/QSPI_LEGACY_MD_GEN.QSPI_CORE_INTERFACE_I/FIFO_EXISTS.RX_FIFO_II/gnuram_async_fifo.xpm_fifo_base_inst/gen_cdc_pntr.rd_pntr_cdc_inst/dest_clk
    SLICE_X15Y156        FDRE                                         r  spi_module_i/axi_quad_spi_0/U0/NO_DUAL_QUAD_MODE.QSPI_NORMAL/QSPI_LEGACY_MD_GEN.QSPI_CORE_INTERFACE_I/FIFO_EXISTS.RX_FIFO_II/gnuram_async_fifo.xpm_fifo_base_inst/gen_cdc_pntr.rd_pntr_cdc_inst/dest_graysync_ff_reg[1][3]/C
  -------------------------------------------------------------------    -------------------
    SLICE_X15Y156        FDRE (Prop_EFF2_SLICEL_C_Q)
                                                      0.114     4.083 r  spi_module_i/axi_quad_spi_0/U0/NO_DUAL_QUAD_MODE.QSPI_NORMAL/QSPI_LEGACY_MD_GEN.QSPI_CORE_INTERFACE_I/FIFO_EXISTS.RX_FIFO_II/gnuram_async_fifo.xpm_fifo_base_inst/gen_cdc_pntr.rd_pntr_cdc_inst/dest_graysync_ff_reg[1][3]/Q
                         net (fo=4, routed)           0.142     4.226    spi_module_i/axi_quad_spi_0/U0/NO_DUAL_QUAD_MODE.QSPI_NORMAL/QSPI_LEGACY_MD_GEN.QSPI_CORE_INTERFACE_I/FIFO_EXISTS.RX_FIFO_II/gnuram_async_fifo.xpm_fifo_base_inst/gen_cdc_pntr.rpw_gray_reg/D[3]
    SLICE_X14Y156        FDRE                                         r  spi_module_i/axi_quad_spi_0/U0/NO_DUAL_QUAD_MODE.QSPI_NORMAL/QSPI_LEGACY_MD_GEN.QSPI_CORE_INTERFACE_I/FIFO_EXISTS.RX_FIFO_II/gnuram_async_fifo.xpm_fifo_base_inst/gen_cdc_pntr.rpw_gray_reg/reg_out_i_reg[3]/D
  -------------------------------------------------------------------    -------------------

                         (clock clk_out1_spi_module_clk_wiz_0 rise edge)
                                                      0.000     0.000 r  
    C3                                                0.000     0.000 r  som240_1_connector_hpa_clk0p_clk (IN)
                         net (fo=0)                   0.000     0.000    spi_module_i/clk_wiz/inst/clkin1_ibuf/I
    C3                   INBUF (Prop_INBUF_HPIOB_M_PAD_O)
                                                      0.538     0.538 r  spi_module_i/clk_wiz/inst/clkin1_ibuf/INBUF_INST/O
                         net (fo=1, routed)           0.000     0.538    spi_module_i/clk_wiz/inst/clkin1_ibuf/OUT
    C3                   IBUFCTRL (Prop_IBUFCTRL_HPIOB_M_I_O)
                                                      0.000     0.538 r  spi_module_i/clk_wiz/inst/clkin1_ibuf/IBUFCTRL_INST/O
                         net (fo=1, routed)           0.551     1.089    spi_module_i/clk_wiz/inst/clk_in1_spi_module_clk_wiz_0
    MMCM_X0Y3            MMCME4_ADV (Prop_MMCM_CLKIN1_CLKOUT0)
                                                     -0.103     0.986 r  spi_module_i/clk_wiz/inst/mmcme4_adv_inst/CLKOUT0
                         net (fo=1, routed)           0.348     1.334    spi_module_i/clk_wiz/inst/clk_out1_spi_module_clk_wiz_0
    BUFGCE_X0Y76         BUFGCE (Prop_BUFCE_BUFGCE_I_O)
                                                      0.044     1.378 r  spi_module_i/clk_wiz/inst/clkout1_buf/O
    X0Y2 (CLOCK_ROOT)    net (fo=324, routed)         2.419     3.796    spi_module_i/axi_quad_spi_0/U0/NO_DUAL_QUAD_MODE.QSPI_NORMAL/QSPI_LEGACY_MD_GEN.QSPI_CORE_INTERFACE_I/FIFO_EXISTS.RX_FIFO_II/gnuram_async_fifo.xpm_fifo_base_inst/gen_cdc_pntr.rpw_gray_reg/wr_clk
    SLICE_X14Y156        FDRE                                         r  spi_module_i/axi_quad_spi_0/U0/NO_DUAL_QUAD_MODE.QSPI_NORMAL/QSPI_LEGACY_MD_GEN.QSPI_CORE_INTERFACE_I/FIFO_EXISTS.RX_FIFO_II/gnuram_async_fifo.xpm_fifo_base_inst/gen_cdc_pntr.rpw_gray_reg/reg_out_i_reg[3]/C
                         clock pessimism              0.293     4.089    
    SLICE_X14Y156        FDRE (Hold_AFF_SLICEL_C_D)
                                                      0.101     4.190    spi_module_i/axi_quad_spi_0/U0/NO_DUAL_QUAD_MODE.QSPI_NORMAL/QSPI_LEGACY_MD_GEN.QSPI_CORE_INTERFACE_I/FIFO_EXISTS.RX_FIFO_II/gnuram_async_fifo.xpm_fifo_base_inst/gen_cdc_pntr.rpw_gray_reg/reg_out_i_reg[3]
  -------------------------------------------------------------------
                         required time                         -4.190    
                         arrival time                           4.226    
  -------------------------------------------------------------------
                         slack                                  0.036    

Slack (MET) :             0.038ns  (arrival time - required time)
  Source:                 spi_module_i/axi_quad_spi_0/U0/NO_DUAL_QUAD_MODE.QSPI_NORMAL/QSPI_LEGACY_MD_GEN.QSPI_CORE_INTERFACE_I/FIFO_EXISTS.RX_FIFO_II/gnuram_async_fifo.xpm_fifo_base_inst/gen_cdc_pntr.rd_pntr_cdc_dc_inst/dest_graysync_ff_reg[1][1]/C
                            (rising edge-triggered cell FDRE clocked by clk_out1_spi_module_clk_wiz_0  {rise@0.000ns fall@5.000ns period=10.000ns})
  Destination:            spi_module_i/axi_quad_spi_0/U0/NO_DUAL_QUAD_MODE.QSPI_NORMAL/QSPI_LEGACY_MD_GEN.QSPI_CORE_INTERFACE_I/FIFO_EXISTS.RX_FIFO_II/gnuram_async_fifo.xpm_fifo_base_inst/gen_cdc_pntr.rpw_gray_reg_dc/reg_out_i_reg[0]/D
                            (rising edge-triggered cell FDRE clocked by clk_out1_spi_module_clk_wiz_0  {rise@0.000ns fall@5.000ns period=10.000ns})
  Path Group:             clk_out1_spi_module_clk_wiz_0
  Path Type:              Hold (Min at Slow Process Corner)
  Requirement:            0.000ns  (clk_out1_spi_module_clk_wiz_0 rise@0.000ns - clk_out1_spi_module_clk_wiz_0 rise@0.000ns)
  Data Path Delay:        0.274ns  (logic 0.193ns (70.438%)  route 0.081ns (29.562%))
  Logic Levels:           1  (LUT5=1)
  Clock Path Skew:        0.134ns (DCD - SCD - CPR)
    Destination Clock Delay (DCD):    3.797ns
    Source Clock Delay      (SCD):    3.956ns
    Clock Pessimism Removal (CPR):    -0.293ns
  Clock Net Delay (Source):      2.148ns (routing 1.197ns, distribution 0.951ns)
  Clock Net Delay (Destination): 2.420ns (routing 1.302ns, distribution 1.118ns)

    Location             Delay type                Incr(ns)  Path(ns)    Netlist Resource(s)
  -------------------------------------------------------------------    -------------------
                         (clock clk_out1_spi_module_clk_wiz_0 rise edge)
                                                      0.000     0.000 r  
    C3                                                0.000     0.000 r  som240_1_connector_hpa_clk0p_clk (IN)
                         net (fo=0)                   0.000     0.000    spi_module_i/clk_wiz/inst/clkin1_ibuf/I
    C3                   INBUF (Prop_INBUF_HPIOB_M_PAD_O)
                                                      0.287     0.287 r  spi_module_i/clk_wiz/inst/clkin1_ibuf/INBUF_INST/O
                         net (fo=1, routed)           0.000     0.287    spi_module_i/clk_wiz/inst/clkin1_ibuf/OUT
    C3                   IBUFCTRL (Prop_IBUFCTRL_HPIOB_M_I_O)
                                                      0.000     0.287 r  spi_module_i/clk_wiz/inst/clkin1_ibuf/IBUFCTRL_INST/O
                         net (fo=1, routed)           0.436     0.723    spi_module_i/clk_wiz/inst/clk_in1_spi_module_clk_wiz_0
    MMCM_X0Y3            MMCME4_ADV (Prop_MMCM_CLKIN1_CLKOUT0)
                                                      0.739     1.462 r  spi_module_i/clk_wiz/inst/mmcme4_adv_inst/CLKOUT0
                         net (fo=1, routed)           0.307     1.769    spi_module_i/clk_wiz/inst/clk_out1_spi_module_clk_wiz_0
    BUFGCE_X0Y76         BUFGCE (Prop_BUFCE_BUFGCE_I_O)
                                                      0.039     1.808 r  spi_module_i/clk_wiz/inst/clkout1_buf/O
    X0Y2 (CLOCK_ROOT)    net (fo=324, routed)         2.148     3.956    spi_module_i/axi_quad_spi_0/U0/NO_DUAL_QUAD_MODE.QSPI_NORMAL/QSPI_LEGACY_MD_GEN.QSPI_CORE_INTERFACE_I/FIFO_EXISTS.RX_FIFO_II/gnuram_async_fifo.xpm_fifo_base_inst/gen_cdc_pntr.rd_pntr_cdc_dc_inst/dest_clk
    SLICE_X14Y154        FDRE                                         r  spi_module_i/axi_quad_spi_0/U0/NO_DUAL_QUAD_MODE.QSPI_NORMAL/QSPI_LEGACY_MD_GEN.QSPI_CORE_INTERFACE_I/FIFO_EXISTS.RX_FIFO_II/gnuram_async_fifo.xpm_fifo_base_inst/gen_cdc_pntr.rd_pntr_cdc_dc_inst/dest_graysync_ff_reg[1][1]/C
  -------------------------------------------------------------------    -------------------
    SLICE_X14Y154        FDRE (Prop_BFF2_SLICEL_C_Q)
                                                      0.113     4.069 r  spi_module_i/axi_quad_spi_0/U0/NO_DUAL_QUAD_MODE.QSPI_NORMAL/QSPI_LEGACY_MD_GEN.QSPI_CORE_INTERFACE_I/FIFO_EXISTS.RX_FIFO_II/gnuram_async_fifo.xpm_fifo_base_inst/gen_cdc_pntr.rd_pntr_cdc_dc_inst/dest_graysync_ff_reg[1][1]/Q
                         net (fo=2, routed)           0.070     4.139    spi_module_i/axi_quad_spi_0/U0/NO_DUAL_QUAD_MODE.QSPI_NORMAL/QSPI_LEGACY_MD_GEN.QSPI_CORE_INTERFACE_I/FIFO_EXISTS.RX_FIFO_II/gnuram_async_fifo.xpm_fifo_base_inst/gen_cdc_pntr.rd_pntr_cdc_dc_inst/dest_graysync_ff[1][1]
    SLICE_X15Y154        LUT5 (Prop_D5LUT_SLICEL_I4_O)
                                                      0.080     4.219 r  spi_module_i/axi_quad_spi_0/U0/NO_DUAL_QUAD_MODE.QSPI_NORMAL/QSPI_LEGACY_MD_GEN.QSPI_CORE_INTERFACE_I/FIFO_EXISTS.RX_FIFO_II/gnuram_async_fifo.xpm_fifo_base_inst/gen_cdc_pntr.rd_pntr_cdc_dc_inst/dest_out_bin[0]_INST_0/O
                         net (fo=1, routed)           0.011     4.230    spi_module_i/axi_quad_spi_0/U0/NO_DUAL_QUAD_MODE.QSPI_NORMAL/QSPI_LEGACY_MD_GEN.QSPI_CORE_INTERFACE_I/FIFO_EXISTS.RX_FIFO_II/gnuram_async_fifo.xpm_fifo_base_inst/gen_cdc_pntr.rpw_gray_reg_dc/reg_out_i_reg[4]_0[0]
    SLICE_X15Y154        FDRE                                         r  spi_module_i/axi_quad_spi_0/U0/NO_DUAL_QUAD_MODE.QSPI_NORMAL/QSPI_LEGACY_MD_GEN.QSPI_CORE_INTERFACE_I/FIFO_EXISTS.RX_FIFO_II/gnuram_async_fifo.xpm_fifo_base_inst/gen_cdc_pntr.rpw_gray_reg_dc/reg_out_i_reg[0]/D
  -------------------------------------------------------------------    -------------------

                         (clock clk_out1_spi_module_clk_wiz_0 rise edge)
                                                      0.000     0.000 r  
    C3                                                0.000     0.000 r  som240_1_connector_hpa_clk0p_clk (IN)
                         net (fo=0)                   0.000     0.000    spi_module_i/clk_wiz/inst/clkin1_ibuf/I
    C3                   INBUF (Prop_INBUF_HPIOB_M_PAD_O)
                                                      0.538     0.538 r  spi_module_i/clk_wiz/inst/clkin1_ibuf/INBUF_INST/O
                         net (fo=1, routed)           0.000     0.538    spi_module_i/clk_wiz/inst/clkin1_ibuf/OUT
    C3                   IBUFCTRL (Prop_IBUFCTRL_HPIOB_M_I_O)
                                                      0.000     0.538 r  spi_module_i/clk_wiz/inst/clkin1_ibuf/IBUFCTRL_INST/O
                         net (fo=1, routed)           0.551     1.089    spi_module_i/clk_wiz/inst/clk_in1_spi_module_clk_wiz_0
    MMCM_X0Y3            MMCME4_ADV (Prop_MMCM_CLKIN1_CLKOUT0)
                                                     -0.103     0.986 r  spi_module_i/clk_wiz/inst/mmcme4_adv_inst/CLKOUT0
                         net (fo=1, routed)           0.348     1.334    spi_module_i/clk_wiz/inst/clk_out1_spi_module_clk_wiz_0
    BUFGCE_X0Y76         BUFGCE (Prop_BUFCE_BUFGCE_I_O)
                                                      0.044     1.378 r  spi_module_i/clk_wiz/inst/clkout1_buf/O
    X0Y2 (CLOCK_ROOT)    net (fo=324, routed)         2.420     3.797    spi_module_i/axi_quad_spi_0/U0/NO_DUAL_QUAD_MODE.QSPI_NORMAL/QSPI_LEGACY_MD_GEN.QSPI_CORE_INTERFACE_I/FIFO_EXISTS.RX_FIFO_II/gnuram_async_fifo.xpm_fifo_base_inst/gen_cdc_pntr.rpw_gray_reg_dc/wr_clk
    SLICE_X15Y154        FDRE                                         r  spi_module_i/axi_quad_spi_0/U0/NO_DUAL_QUAD_MODE.QSPI_NORMAL/QSPI_LEGACY_MD_GEN.QSPI_CORE_INTERFACE_I/FIFO_EXISTS.RX_FIFO_II/gnuram_async_fifo.xpm_fifo_base_inst/gen_cdc_pntr.rpw_gray_reg_dc/reg_out_i_reg[0]/C
                         clock pessimism              0.293     4.090    
    SLICE_X15Y154        FDRE (Hold_DFF2_SLICEL_C_D)
                                                      0.102     4.192    spi_module_i/axi_quad_spi_0/U0/NO_DUAL_QUAD_MODE.QSPI_NORMAL/QSPI_LEGACY_MD_GEN.QSPI_CORE_INTERFACE_I/FIFO_EXISTS.RX_FIFO_II/gnuram_async_fifo.xpm_fifo_base_inst/gen_cdc_pntr.rpw_gray_reg_dc/reg_out_i_reg[0]
  -------------------------------------------------------------------
                         required time                         -4.192    
                         arrival time                           4.230    
  -------------------------------------------------------------------
                         slack                                  0.038    

Slack (MET) :             0.039ns  (arrival time - required time)
  Source:                 spi_module_i/axi_quad_spi_0/U0/NO_DUAL_QUAD_MODE.QSPI_NORMAL/QSPI_LEGACY_MD_GEN.QSPI_CORE_INTERFACE_I/FIFO_EXISTS.RX_FIFO_II/gnuram_async_fifo.xpm_fifo_base_inst/wrp_inst/count_value_i_reg[0]/C
                            (rising edge-triggered cell FDRE clocked by clk_out1_spi_module_clk_wiz_0  {rise@0.000ns fall@5.000ns period=10.000ns})
  Destination:            spi_module_i/axi_quad_spi_0/U0/NO_DUAL_QUAD_MODE.QSPI_NORMAL/QSPI_LEGACY_MD_GEN.QSPI_CORE_INTERFACE_I/FIFO_EXISTS.RX_FIFO_II/gnuram_async_fifo.xpm_fifo_base_inst/gen_sdpram.xpm_memory_base_inst/gen_wr_a.gen_word_narrow.mem_reg_0_15_0_7/RAMA/WADR0
                            (rising edge-triggered cell RAMD32 clocked by clk_out1_spi_module_clk_wiz_0  {rise@0.000ns fall@5.000ns period=10.000ns})
  Path Group:             clk_out1_spi_module_clk_wiz_0
  Path Type:              Hold (Min at Fast Process Corner)
  Requirement:            0.000ns  (clk_out1_spi_module_clk_wiz_0 rise@0.000ns - clk_out1_spi_module_clk_wiz_0 rise@0.000ns)
  Data Path Delay:        0.209ns  (logic 0.086ns (41.215%)  route 0.123ns (58.785%))
  Logic Levels:           0  
  Clock Path Skew:        0.083ns (DCD - SCD - CPR)
    Destination Clock Delay (DCD):    2.305ns
    Source Clock Delay      (SCD):    2.466ns
    Clock Pessimism Removal (CPR):    -0.245ns
  Clock Net Delay (Source):      1.314ns (routing 0.727ns, distribution 0.587ns)
  Clock Net Delay (Destination): 1.474ns (routing 0.790ns, distribution 0.684ns)

    Location             Delay type                Incr(ns)  Path(ns)    Netlist Resource(s)
  -------------------------------------------------------------------    -------------------
                         (clock clk_out1_spi_module_clk_wiz_0 rise edge)
                                                      0.000     0.000 r  
    C3                                                0.000     0.000 r  som240_1_connector_hpa_clk0p_clk (IN)
                         net (fo=0)                   0.000     0.000    spi_module_i/clk_wiz/inst/clkin1_ibuf/I
    C3                   INBUF (Prop_INBUF_HPIOB_M_PAD_O)
                                                      0.172     0.172 r  spi_module_i/clk_wiz/inst/clkin1_ibuf/INBUF_INST/O
                         net (fo=1, routed)           0.000     0.172    spi_module_i/clk_wiz/inst/clkin1_ibuf/OUT
    C3                   IBUFCTRL (Prop_IBUFCTRL_HPIOB_M_I_O)
                                                      0.000     0.172 r  spi_module_i/clk_wiz/inst/clkin1_ibuf/IBUFCTRL_INST/O
                         net (fo=1, routed)           0.212     0.384    spi_module_i/clk_wiz/inst/clk_in1_spi_module_clk_wiz_0
    MMCM_X0Y3            MMCME4_ADV (Prop_MMCM_CLKIN1_CLKOUT0)
                                                      0.566     0.950 r  spi_module_i/clk_wiz/inst/mmcme4_adv_inst/CLKOUT0
                         net (fo=1, routed)           0.179     1.129    spi_module_i/clk_wiz/inst/clk_out1_spi_module_clk_wiz_0
    BUFGCE_X0Y76         BUFGCE (Prop_BUFCE_BUFGCE_I_O)
                                                      0.023     1.152 r  spi_module_i/clk_wiz/inst/clkout1_buf/O
    X0Y2 (CLOCK_ROOT)    net (fo=324, routed)         1.314     2.466    spi_module_i/axi_quad_spi_0/U0/NO_DUAL_QUAD_MODE.QSPI_NORMAL/QSPI_LEGACY_MD_GEN.QSPI_CORE_INTERFACE_I/FIFO_EXISTS.RX_FIFO_II/gnuram_async_fifo.xpm_fifo_base_inst/wrp_inst/wr_clk
    SLICE_X16Y153        FDRE                                         r  spi_module_i/axi_quad_spi_0/U0/NO_DUAL_QUAD_MODE.QSPI_NORMAL/QSPI_LEGACY_MD_GEN.QSPI_CORE_INTERFACE_I/FIFO_EXISTS.RX_FIFO_II/gnuram_async_fifo.xpm_fifo_base_inst/wrp_inst/count_value_i_reg[0]/C
  -------------------------------------------------------------------    -------------------
    SLICE_X16Y153        FDRE (Prop_DFF2_SLICEL_C_Q)
                                                      0.086     2.552 r  spi_module_i/axi_quad_spi_0/U0/NO_DUAL_QUAD_MODE.QSPI_NORMAL/QSPI_LEGACY_MD_GEN.QSPI_CORE_INTERFACE_I/FIFO_EXISTS.RX_FIFO_II/gnuram_async_fifo.xpm_fifo_base_inst/wrp_inst/count_value_i_reg[0]/Q
                         net (fo=27, routed)          0.123     2.675    spi_module_i/axi_quad_spi_0/U0/NO_DUAL_QUAD_MODE.QSPI_NORMAL/QSPI_LEGACY_MD_GEN.QSPI_CORE_INTERFACE_I/FIFO_EXISTS.RX_FIFO_II/gnuram_async_fifo.xpm_fifo_base_inst/gen_sdpram.xpm_memory_base_inst/gen_wr_a.gen_word_narrow.mem_reg_0_15_0_7/ADDRH0
    SLICE_X13Y154        RAMD32                                       r  spi_module_i/axi_quad_spi_0/U0/NO_DUAL_QUAD_MODE.QSPI_NORMAL/QSPI_LEGACY_MD_GEN.QSPI_CORE_INTERFACE_I/FIFO_EXISTS.RX_FIFO_II/gnuram_async_fifo.xpm_fifo_base_inst/gen_sdpram.xpm_memory_base_inst/gen_wr_a.gen_word_narrow.mem_reg_0_15_0_7/RAMA/WADR0
  -------------------------------------------------------------------    -------------------

                         (clock clk_out1_spi_module_clk_wiz_0 rise edge)
                                                      0.000     0.000 r  
    C3                                                0.000     0.000 r  som240_1_connector_hpa_clk0p_clk (IN)
                         net (fo=0)                   0.000     0.000    spi_module_i/clk_wiz/inst/clkin1_ibuf/I
    C3                   INBUF (Prop_INBUF_HPIOB_M_PAD_O)
                                                      0.358     0.358 r  spi_module_i/clk_wiz/inst/clkin1_ibuf/INBUF_INST/O
                         net (fo=1, routed)           0.000     0.358    spi_module_i/clk_wiz/inst/clkin1_ibuf/OUT
    C3                   IBUFCTRL (Prop_IBUFCTRL_HPIOB_M_I_O)
                                                      0.000     0.358 r  spi_module_i/clk_wiz/inst/clkin1_ibuf/IBUFCTRL_INST/O
                         net (fo=1, routed)           0.322     0.680    spi_module_i/clk_wiz/inst/clk_in1_spi_module_clk_wiz_0
    MMCM_X0Y3            MMCME4_ADV (Prop_MMCM_CLKIN1_CLKOUT0)
                                                     -0.079     0.601 r  spi_module_i/clk_wiz/inst/mmcme4_adv_inst/CLKOUT0
                         net (fo=1, routed)           0.204     0.805    spi_module_i/clk_wiz/inst/clk_out1_spi_module_clk_wiz_0
    BUFGCE_X0Y76         BUFGCE (Prop_BUFCE_BUFGCE_I_O)
                                                      0.026     0.831 r  spi_module_i/clk_wiz/inst/clkout1_buf/O
    X0Y2 (CLOCK_ROOT)    net (fo=324, routed)         1.474     2.305    spi_module_i/axi_quad_spi_0/U0/NO_DUAL_QUAD_MODE.QSPI_NORMAL/QSPI_LEGACY_MD_GEN.QSPI_CORE_INTERFACE_I/FIFO_EXISTS.RX_FIFO_II/gnuram_async_fifo.xpm_fifo_base_inst/gen_sdpram.xpm_memory_base_inst/gen_wr_a.gen_word_narrow.mem_reg_0_15_0_7/WCLK
    SLICE_X13Y154        RAMD32                                       r  spi_module_i/axi_quad_spi_0/U0/NO_DUAL_QUAD_MODE.QSPI_NORMAL/QSPI_LEGACY_MD_GEN.QSPI_CORE_INTERFACE_I/FIFO_EXISTS.RX_FIFO_II/gnuram_async_fifo.xpm_fifo_base_inst/gen_sdpram.xpm_memory_base_inst/gen_wr_a.gen_word_narrow.mem_reg_0_15_0_7/RAMA/CLK
                         clock pessimism              0.245     2.549    
    SLICE_X13Y154        RAMD32 (Hold_A5LUT_SLICEM_CLK_WADR0)
                                                      0.086     2.635    spi_module_i/axi_quad_spi_0/U0/NO_DUAL_QUAD_MODE.QSPI_NORMAL/QSPI_LEGACY_MD_GEN.QSPI_CORE_INTERFACE_I/FIFO_EXISTS.RX_FIFO_II/gnuram_async_fifo.xpm_fifo_base_inst/gen_sdpram.xpm_memory_base_inst/gen_wr_a.gen_word_narrow.mem_reg_0_15_0_7/RAMA
  -------------------------------------------------------------------
                         required time                         -2.635    
                         arrival time                           2.675    
  -------------------------------------------------------------------
                         slack                                  0.039    

Slack (MET) :             0.039ns  (arrival time - required time)
  Source:                 spi_module_i/axi_quad_spi_0/U0/NO_DUAL_QUAD_MODE.QSPI_NORMAL/QSPI_LEGACY_MD_GEN.QSPI_CORE_INTERFACE_I/FIFO_EXISTS.RX_FIFO_II/gnuram_async_fifo.xpm_fifo_base_inst/wrp_inst/count_value_i_reg[0]/C
                            (rising edge-triggered cell FDRE clocked by clk_out1_spi_module_clk_wiz_0  {rise@0.000ns fall@5.000ns period=10.000ns})
  Destination:            spi_module_i/axi_quad_spi_0/U0/NO_DUAL_QUAD_MODE.QSPI_NORMAL/QSPI_LEGACY_MD_GEN.QSPI_CORE_INTERFACE_I/FIFO_EXISTS.RX_FIFO_II/gnuram_async_fifo.xpm_fifo_base_inst/gen_sdpram.xpm_memory_base_inst/gen_wr_a.gen_word_narrow.mem_reg_0_15_0_7/RAMA_D1/WADR0
                            (rising edge-triggered cell RAMD32 clocked by clk_out1_spi_module_clk_wiz_0  {rise@0.000ns fall@5.000ns period=10.000ns})
  Path Group:             clk_out1_spi_module_clk_wiz_0
  Path Type:              Hold (Min at Fast Process Corner)
  Requirement:            0.000ns  (clk_out1_spi_module_clk_wiz_0 rise@0.000ns - clk_out1_spi_module_clk_wiz_0 rise@0.000ns)
  Data Path Delay:        0.209ns  (logic 0.086ns (41.215%)  route 0.123ns (58.785%))
  Logic Levels:           0  
  Clock Path Skew:        0.083ns (DCD - SCD - CPR)
    Destination Clock Delay (DCD):    2.305ns
    Source Clock Delay      (SCD):    2.466ns
    Clock Pessimism Removal (CPR):    -0.245ns
  Clock Net Delay (Source):      1.314ns (routing 0.727ns, distribution 0.587ns)
  Clock Net Delay (Destination): 1.474ns (routing 0.790ns, distribution 0.684ns)

    Location             Delay type                Incr(ns)  Path(ns)    Netlist Resource(s)
  -------------------------------------------------------------------    -------------------
                         (clock clk_out1_spi_module_clk_wiz_0 rise edge)
                                                      0.000     0.000 r  
    C3                                                0.000     0.000 r  som240_1_connector_hpa_clk0p_clk (IN)
                         net (fo=0)                   0.000     0.000    spi_module_i/clk_wiz/inst/clkin1_ibuf/I
    C3                   INBUF (Prop_INBUF_HPIOB_M_PAD_O)
                                                      0.172     0.172 r  spi_module_i/clk_wiz/inst/clkin1_ibuf/INBUF_INST/O
                         net (fo=1, routed)           0.000     0.172    spi_module_i/clk_wiz/inst/clkin1_ibuf/OUT
    C3                   IBUFCTRL (Prop_IBUFCTRL_HPIOB_M_I_O)
                                                      0.000     0.172 r  spi_module_i/clk_wiz/inst/clkin1_ibuf/IBUFCTRL_INST/O
                         net (fo=1, routed)           0.212     0.384    spi_module_i/clk_wiz/inst/clk_in1_spi_module_clk_wiz_0
    MMCM_X0Y3            MMCME4_ADV (Prop_MMCM_CLKIN1_CLKOUT0)
                                                      0.566     0.950 r  spi_module_i/clk_wiz/inst/mmcme4_adv_inst/CLKOUT0
                         net (fo=1, routed)           0.179     1.129    spi_module_i/clk_wiz/inst/clk_out1_spi_module_clk_wiz_0
    BUFGCE_X0Y76         BUFGCE (Prop_BUFCE_BUFGCE_I_O)
                                                      0.023     1.152 r  spi_module_i/clk_wiz/inst/clkout1_buf/O
    X0Y2 (CLOCK_ROOT)    net (fo=324, routed)         1.314     2.466    spi_module_i/axi_quad_spi_0/U0/NO_DUAL_QUAD_MODE.QSPI_NORMAL/QSPI_LEGACY_MD_GEN.QSPI_CORE_INTERFACE_I/FIFO_EXISTS.RX_FIFO_II/gnuram_async_fifo.xpm_fifo_base_inst/wrp_inst/wr_clk
    SLICE_X16Y153        FDRE                                         r  spi_module_i/axi_quad_spi_0/U0/NO_DUAL_QUAD_MODE.QSPI_NORMAL/QSPI_LEGACY_MD_GEN.QSPI_CORE_INTERFACE_I/FIFO_EXISTS.RX_FIFO_II/gnuram_async_fifo.xpm_fifo_base_inst/wrp_inst/count_value_i_reg[0]/C
  -------------------------------------------------------------------    -------------------
    SLICE_X16Y153        FDRE (Prop_DFF2_SLICEL_C_Q)
                                                      0.086     2.552 r  spi_module_i/axi_quad_spi_0/U0/NO_DUAL_QUAD_MODE.QSPI_NORMAL/QSPI_LEGACY_MD_GEN.QSPI_CORE_INTERFACE_I/FIFO_EXISTS.RX_FIFO_II/gnuram_async_fifo.xpm_fifo_base_inst/wrp_inst/count_value_i_reg[0]/Q
                         net (fo=27, routed)          0.123     2.675    spi_module_i/axi_quad_spi_0/U0/NO_DUAL_QUAD_MODE.QSPI_NORMAL/QSPI_LEGACY_MD_GEN.QSPI_CORE_INTERFACE_I/FIFO_EXISTS.RX_FIFO_II/gnuram_async_fifo.xpm_fifo_base_inst/gen_sdpram.xpm_memory_base_inst/gen_wr_a.gen_word_narrow.mem_reg_0_15_0_7/ADDRH0
    SLICE_X13Y154        RAMD32                                       r  spi_module_i/axi_quad_spi_0/U0/NO_DUAL_QUAD_MODE.QSPI_NORMAL/QSPI_LEGACY_MD_GEN.QSPI_CORE_INTERFACE_I/FIFO_EXISTS.RX_FIFO_II/gnuram_async_fifo.xpm_fifo_base_inst/gen_sdpram.xpm_memory_base_inst/gen_wr_a.gen_word_narrow.mem_reg_0_15_0_7/RAMA_D1/WADR0
  -------------------------------------------------------------------    -------------------

                         (clock clk_out1_spi_module_clk_wiz_0 rise edge)
                                                      0.000     0.000 r  
    C3                                                0.000     0.000 r  som240_1_connector_hpa_clk0p_clk (IN)
                         net (fo=0)                   0.000     0.000    spi_module_i/clk_wiz/inst/clkin1_ibuf/I
    C3                   INBUF (Prop_INBUF_HPIOB_M_PAD_O)
                                                      0.358     0.358 r  spi_module_i/clk_wiz/inst/clkin1_ibuf/INBUF_INST/O
                         net (fo=1, routed)           0.000     0.358    spi_module_i/clk_wiz/inst/clkin1_ibuf/OUT
    C3                   IBUFCTRL (Prop_IBUFCTRL_HPIOB_M_I_O)
                                                      0.000     0.358 r  spi_module_i/clk_wiz/inst/clkin1_ibuf/IBUFCTRL_INST/O
                         net (fo=1, routed)           0.322     0.680    spi_module_i/clk_wiz/inst/clk_in1_spi_module_clk_wiz_0
    MMCM_X0Y3            MMCME4_ADV (Prop_MMCM_CLKIN1_CLKOUT0)
                                                     -0.079     0.601 r  spi_module_i/clk_wiz/inst/mmcme4_adv_inst/CLKOUT0
                         net (fo=1, routed)           0.204     0.805    spi_module_i/clk_wiz/inst/clk_out1_spi_module_clk_wiz_0
    BUFGCE_X0Y76         BUFGCE (Prop_BUFCE_BUFGCE_I_O)
                                                      0.026     0.831 r  spi_module_i/clk_wiz/inst/clkout1_buf/O
    X0Y2 (CLOCK_ROOT)    net (fo=324, routed)         1.474     2.305    spi_module_i/axi_quad_spi_0/U0/NO_DUAL_QUAD_MODE.QSPI_NORMAL/QSPI_LEGACY_MD_GEN.QSPI_CORE_INTERFACE_I/FIFO_EXISTS.RX_FIFO_II/gnuram_async_fifo.xpm_fifo_base_inst/gen_sdpram.xpm_memory_base_inst/gen_wr_a.gen_word_narrow.mem_reg_0_15_0_7/WCLK
    SLICE_X13Y154        RAMD32                                       r  spi_module_i/axi_quad_spi_0/U0/NO_DUAL_QUAD_MODE.QSPI_NORMAL/QSPI_LEGACY_MD_GEN.QSPI_CORE_INTERFACE_I/FIFO_EXISTS.RX_FIFO_II/gnuram_async_fifo.xpm_fifo_base_inst/gen_sdpram.xpm_memory_base_inst/gen_wr_a.gen_word_narrow.mem_reg_0_15_0_7/RAMA_D1/CLK
                         clock pessimism              0.245     2.549    
    SLICE_X13Y154        RAMD32 (Hold_A6LUT_SLICEM_CLK_WADR0)
                                                      0.086     2.635    spi_module_i/axi_quad_spi_0/U0/NO_DUAL_QUAD_MODE.QSPI_NORMAL/QSPI_LEGACY_MD_GEN.QSPI_CORE_INTERFACE_I/FIFO_EXISTS.RX_FIFO_II/gnuram_async_fifo.xpm_fifo_base_inst/gen_sdpram.xpm_memory_base_inst/gen_wr_a.gen_word_narrow.mem_reg_0_15_0_7/RAMA_D1
  -------------------------------------------------------------------
                         required time                         -2.635    
                         arrival time                           2.675    
  -------------------------------------------------------------------
                         slack                                  0.039    

Slack (MET) :             0.039ns  (arrival time - required time)
  Source:                 spi_module_i/axi_quad_spi_0/U0/NO_DUAL_QUAD_MODE.QSPI_NORMAL/QSPI_LEGACY_MD_GEN.QSPI_CORE_INTERFACE_I/FIFO_EXISTS.RX_FIFO_II/gnuram_async_fifo.xpm_fifo_base_inst/wrp_inst/count_value_i_reg[0]/C
                            (rising edge-triggered cell FDRE clocked by clk_out1_spi_module_clk_wiz_0  {rise@0.000ns fall@5.000ns period=10.000ns})
  Destination:            spi_module_i/axi_quad_spi_0/U0/NO_DUAL_QUAD_MODE.QSPI_NORMAL/QSPI_LEGACY_MD_GEN.QSPI_CORE_INTERFACE_I/FIFO_EXISTS.RX_FIFO_II/gnuram_async_fifo.xpm_fifo_base_inst/gen_sdpram.xpm_memory_base_inst/gen_wr_a.gen_word_narrow.mem_reg_0_15_0_7/RAMB/WADR0
                            (rising edge-triggered cell RAMD32 clocked by clk_out1_spi_module_clk_wiz_0  {rise@0.000ns fall@5.000ns period=10.000ns})
  Path Group:             clk_out1_spi_module_clk_wiz_0
  Path Type:              Hold (Min at Fast Process Corner)
  Requirement:            0.000ns  (clk_out1_spi_module_clk_wiz_0 rise@0.000ns - clk_out1_spi_module_clk_wiz_0 rise@0.000ns)
  Data Path Delay:        0.209ns  (logic 0.086ns (41.215%)  route 0.123ns (58.785%))
  Logic Levels:           0  
  Clock Path Skew:        0.083ns (DCD - SCD - CPR)
    Destination Clock Delay (DCD):    2.305ns
    Source Clock Delay      (SCD):    2.466ns
    Clock Pessimism Removal (CPR):    -0.245ns
  Clock Net Delay (Source):      1.314ns (routing 0.727ns, distribution 0.587ns)
  Clock Net Delay (Destination): 1.474ns (routing 0.790ns, distribution 0.684ns)

    Location             Delay type                Incr(ns)  Path(ns)    Netlist Resource(s)
  -------------------------------------------------------------------    -------------------
                         (clock clk_out1_spi_module_clk_wiz_0 rise edge)
                                                      0.000     0.000 r  
    C3                                                0.000     0.000 r  som240_1_connector_hpa_clk0p_clk (IN)
                         net (fo=0)                   0.000     0.000    spi_module_i/clk_wiz/inst/clkin1_ibuf/I
    C3                   INBUF (Prop_INBUF_HPIOB_M_PAD_O)
                                                      0.172     0.172 r  spi_module_i/clk_wiz/inst/clkin1_ibuf/INBUF_INST/O
                         net (fo=1, routed)           0.000     0.172    spi_module_i/clk_wiz/inst/clkin1_ibuf/OUT
    C3                   IBUFCTRL (Prop_IBUFCTRL_HPIOB_M_I_O)
                                                      0.000     0.172 r  spi_module_i/clk_wiz/inst/clkin1_ibuf/IBUFCTRL_INST/O
                         net (fo=1, routed)           0.212     0.384    spi_module_i/clk_wiz/inst/clk_in1_spi_module_clk_wiz_0
    MMCM_X0Y3            MMCME4_ADV (Prop_MMCM_CLKIN1_CLKOUT0)
                                                      0.566     0.950 r  spi_module_i/clk_wiz/inst/mmcme4_adv_inst/CLKOUT0
                         net (fo=1, routed)           0.179     1.129    spi_module_i/clk_wiz/inst/clk_out1_spi_module_clk_wiz_0
    BUFGCE_X0Y76         BUFGCE (Prop_BUFCE_BUFGCE_I_O)
                                                      0.023     1.152 r  spi_module_i/clk_wiz/inst/clkout1_buf/O
    X0Y2 (CLOCK_ROOT)    net (fo=324, routed)         1.314     2.466    spi_module_i/axi_quad_spi_0/U0/NO_DUAL_QUAD_MODE.QSPI_NORMAL/QSPI_LEGACY_MD_GEN.QSPI_CORE_INTERFACE_I/FIFO_EXISTS.RX_FIFO_II/gnuram_async_fifo.xpm_fifo_base_inst/wrp_inst/wr_clk
    SLICE_X16Y153        FDRE                                         r  spi_module_i/axi_quad_spi_0/U0/NO_DUAL_QUAD_MODE.QSPI_NORMAL/QSPI_LEGACY_MD_GEN.QSPI_CORE_INTERFACE_I/FIFO_EXISTS.RX_FIFO_II/gnuram_async_fifo.xpm_fifo_base_inst/wrp_inst/count_value_i_reg[0]/C
  -------------------------------------------------------------------    -------------------
    SLICE_X16Y153        FDRE (Prop_DFF2_SLICEL_C_Q)
                                                      0.086     2.552 r  spi_module_i/axi_quad_spi_0/U0/NO_DUAL_QUAD_MODE.QSPI_NORMAL/QSPI_LEGACY_MD_GEN.QSPI_CORE_INTERFACE_I/FIFO_EXISTS.RX_FIFO_II/gnuram_async_fifo.xpm_fifo_base_inst/wrp_inst/count_value_i_reg[0]/Q
                         net (fo=27, routed)          0.123     2.675    spi_module_i/axi_quad_spi_0/U0/NO_DUAL_QUAD_MODE.QSPI_NORMAL/QSPI_LEGACY_MD_GEN.QSPI_CORE_INTERFACE_I/FIFO_EXISTS.RX_FIFO_II/gnuram_async_fifo.xpm_fifo_base_inst/gen_sdpram.xpm_memory_base_inst/gen_wr_a.gen_word_narrow.mem_reg_0_15_0_7/ADDRH0
    SLICE_X13Y154        RAMD32                                       r  spi_module_i/axi_quad_spi_0/U0/NO_DUAL_QUAD_MODE.QSPI_NORMAL/QSPI_LEGACY_MD_GEN.QSPI_CORE_INTERFACE_I/FIFO_EXISTS.RX_FIFO_II/gnuram_async_fifo.xpm_fifo_base_inst/gen_sdpram.xpm_memory_base_inst/gen_wr_a.gen_word_narrow.mem_reg_0_15_0_7/RAMB/WADR0
  -------------------------------------------------------------------    -------------------

                         (clock clk_out1_spi_module_clk_wiz_0 rise edge)
                                                      0.000     0.000 r  
    C3                                                0.000     0.000 r  som240_1_connector_hpa_clk0p_clk (IN)
                         net (fo=0)                   0.000     0.000    spi_module_i/clk_wiz/inst/clkin1_ibuf/I
    C3                   INBUF (Prop_INBUF_HPIOB_M_PAD_O)
                                                      0.358     0.358 r  spi_module_i/clk_wiz/inst/clkin1_ibuf/INBUF_INST/O
                         net (fo=1, routed)           0.000     0.358    spi_module_i/clk_wiz/inst/clkin1_ibuf/OUT
    C3                   IBUFCTRL (Prop_IBUFCTRL_HPIOB_M_I_O)
                                                      0.000     0.358 r  spi_module_i/clk_wiz/inst/clkin1_ibuf/IBUFCTRL_INST/O
                         net (fo=1, routed)           0.322     0.680    spi_module_i/clk_wiz/inst/clk_in1_spi_module_clk_wiz_0
    MMCM_X0Y3            MMCME4_ADV (Prop_MMCM_CLKIN1_CLKOUT0)
                                                     -0.079     0.601 r  spi_module_i/clk_wiz/inst/mmcme4_adv_inst/CLKOUT0
                         net (fo=1, routed)           0.204     0.805    spi_module_i/clk_wiz/inst/clk_out1_spi_module_clk_wiz_0
    BUFGCE_X0Y76         BUFGCE (Prop_BUFCE_BUFGCE_I_O)
                                                      0.026     0.831 r  spi_module_i/clk_wiz/inst/clkout1_buf/O
    X0Y2 (CLOCK_ROOT)    net (fo=324, routed)         1.474     2.305    spi_module_i/axi_quad_spi_0/U0/NO_DUAL_QUAD_MODE.QSPI_NORMAL/QSPI_LEGACY_MD_GEN.QSPI_CORE_INTERFACE_I/FIFO_EXISTS.RX_FIFO_II/gnuram_async_fifo.xpm_fifo_base_inst/gen_sdpram.xpm_memory_base_inst/gen_wr_a.gen_word_narrow.mem_reg_0_15_0_7/WCLK
    SLICE_X13Y154        RAMD32                                       r  spi_module_i/axi_quad_spi_0/U0/NO_DUAL_QUAD_MODE.QSPI_NORMAL/QSPI_LEGACY_MD_GEN.QSPI_CORE_INTERFACE_I/FIFO_EXISTS.RX_FIFO_II/gnuram_async_fifo.xpm_fifo_base_inst/gen_sdpram.xpm_memory_base_inst/gen_wr_a.gen_word_narrow.mem_reg_0_15_0_7/RAMB/CLK
                         clock pessimism              0.245     2.549    
    SLICE_X13Y154        RAMD32 (Hold_B5LUT_SLICEM_CLK_WADR0)
                                                      0.086     2.635    spi_module_i/axi_quad_spi_0/U0/NO_DUAL_QUAD_MODE.QSPI_NORMAL/QSPI_LEGACY_MD_GEN.QSPI_CORE_INTERFACE_I/FIFO_EXISTS.RX_FIFO_II/gnuram_async_fifo.xpm_fifo_base_inst/gen_sdpram.xpm_memory_base_inst/gen_wr_a.gen_word_narrow.mem_reg_0_15_0_7/RAMB
  -------------------------------------------------------------------
                         required time                         -2.635    
                         arrival time                           2.675    
  -------------------------------------------------------------------
                         slack                                  0.039    

Slack (MET) :             0.039ns  (arrival time - required time)
  Source:                 spi_module_i/axi_quad_spi_0/U0/NO_DUAL_QUAD_MODE.QSPI_NORMAL/QSPI_LEGACY_MD_GEN.QSPI_CORE_INTERFACE_I/FIFO_EXISTS.RX_FIFO_II/gnuram_async_fifo.xpm_fifo_base_inst/wrp_inst/count_value_i_reg[0]/C
                            (rising edge-triggered cell FDRE clocked by clk_out1_spi_module_clk_wiz_0  {rise@0.000ns fall@5.000ns period=10.000ns})
  Destination:            spi_module_i/axi_quad_spi_0/U0/NO_DUAL_QUAD_MODE.QSPI_NORMAL/QSPI_LEGACY_MD_GEN.QSPI_CORE_INTERFACE_I/FIFO_EXISTS.RX_FIFO_II/gnuram_async_fifo.xpm_fifo_base_inst/gen_sdpram.xpm_memory_base_inst/gen_wr_a.gen_word_narrow.mem_reg_0_15_0_7/RAMB_D1/WADR0
                            (rising edge-triggered cell RAMD32 clocked by clk_out1_spi_module_clk_wiz_0  {rise@0.000ns fall@5.000ns period=10.000ns})
  Path Group:             clk_out1_spi_module_clk_wiz_0
  Path Type:              Hold (Min at Fast Process Corner)
  Requirement:            0.000ns  (clk_out1_spi_module_clk_wiz_0 rise@0.000ns - clk_out1_spi_module_clk_wiz_0 rise@0.000ns)
  Data Path Delay:        0.209ns  (logic 0.086ns (41.215%)  route 0.123ns (58.785%))
  Logic Levels:           0  
  Clock Path Skew:        0.083ns (DCD - SCD - CPR)
    Destination Clock Delay (DCD):    2.305ns
    Source Clock Delay      (SCD):    2.466ns
    Clock Pessimism Removal (CPR):    -0.245ns
  Clock Net Delay (Source):      1.314ns (routing 0.727ns, distribution 0.587ns)
  Clock Net Delay (Destination): 1.474ns (routing 0.790ns, distribution 0.684ns)

    Location             Delay type                Incr(ns)  Path(ns)    Netlist Resource(s)
  -------------------------------------------------------------------    -------------------
                         (clock clk_out1_spi_module_clk_wiz_0 rise edge)
                                                      0.000     0.000 r  
    C3                                                0.000     0.000 r  som240_1_connector_hpa_clk0p_clk (IN)
                         net (fo=0)                   0.000     0.000    spi_module_i/clk_wiz/inst/clkin1_ibuf/I
    C3                   INBUF (Prop_INBUF_HPIOB_M_PAD_O)
                                                      0.172     0.172 r  spi_module_i/clk_wiz/inst/clkin1_ibuf/INBUF_INST/O
                         net (fo=1, routed)           0.000     0.172    spi_module_i/clk_wiz/inst/clkin1_ibuf/OUT
    C3                   IBUFCTRL (Prop_IBUFCTRL_HPIOB_M_I_O)
                                                      0.000     0.172 r  spi_module_i/clk_wiz/inst/clkin1_ibuf/IBUFCTRL_INST/O
                         net (fo=1, routed)           0.212     0.384    spi_module_i/clk_wiz/inst/clk_in1_spi_module_clk_wiz_0
    MMCM_X0Y3            MMCME4_ADV (Prop_MMCM_CLKIN1_CLKOUT0)
                                                      0.566     0.950 r  spi_module_i/clk_wiz/inst/mmcme4_adv_inst/CLKOUT0
                         net (fo=1, routed)           0.179     1.129    spi_module_i/clk_wiz/inst/clk_out1_spi_module_clk_wiz_0
    BUFGCE_X0Y76         BUFGCE (Prop_BUFCE_BUFGCE_I_O)
                                                      0.023     1.152 r  spi_module_i/clk_wiz/inst/clkout1_buf/O
    X0Y2 (CLOCK_ROOT)    net (fo=324, routed)         1.314     2.466    spi_module_i/axi_quad_spi_0/U0/NO_DUAL_QUAD_MODE.QSPI_NORMAL/QSPI_LEGACY_MD_GEN.QSPI_CORE_INTERFACE_I/FIFO_EXISTS.RX_FIFO_II/gnuram_async_fifo.xpm_fifo_base_inst/wrp_inst/wr_clk
    SLICE_X16Y153        FDRE                                         r  spi_module_i/axi_quad_spi_0/U0/NO_DUAL_QUAD_MODE.QSPI_NORMAL/QSPI_LEGACY_MD_GEN.QSPI_CORE_INTERFACE_I/FIFO_EXISTS.RX_FIFO_II/gnuram_async_fifo.xpm_fifo_base_inst/wrp_inst/count_value_i_reg[0]/C
  -------------------------------------------------------------------    -------------------
    SLICE_X16Y153        FDRE (Prop_DFF2_SLICEL_C_Q)
                                                      0.086     2.552 r  spi_module_i/axi_quad_spi_0/U0/NO_DUAL_QUAD_MODE.QSPI_NORMAL/QSPI_LEGACY_MD_GEN.QSPI_CORE_INTERFACE_I/FIFO_EXISTS.RX_FIFO_II/gnuram_async_fifo.xpm_fifo_base_inst/wrp_inst/count_value_i_reg[0]/Q
                         net (fo=27, routed)          0.123     2.675    spi_module_i/axi_quad_spi_0/U0/NO_DUAL_QUAD_MODE.QSPI_NORMAL/QSPI_LEGACY_MD_GEN.QSPI_CORE_INTERFACE_I/FIFO_EXISTS.RX_FIFO_II/gnuram_async_fifo.xpm_fifo_base_inst/gen_sdpram.xpm_memory_base_inst/gen_wr_a.gen_word_narrow.mem_reg_0_15_0_7/ADDRH0
    SLICE_X13Y154        RAMD32                                       r  spi_module_i/axi_quad_spi_0/U0/NO_DUAL_QUAD_MODE.QSPI_NORMAL/QSPI_LEGACY_MD_GEN.QSPI_CORE_INTERFACE_I/FIFO_EXISTS.RX_FIFO_II/gnuram_async_fifo.xpm_fifo_base_inst/gen_sdpram.xpm_memory_base_inst/gen_wr_a.gen_word_narrow.mem_reg_0_15_0_7/RAMB_D1/WADR0
  -------------------------------------------------------------------    -------------------

                         (clock clk_out1_spi_module_clk_wiz_0 rise edge)
                                                      0.000     0.000 r  
    C3                                                0.000     0.000 r  som240_1_connector_hpa_clk0p_clk (IN)
                         net (fo=0)                   0.000     0.000    spi_module_i/clk_wiz/inst/clkin1_ibuf/I
    C3                   INBUF (Prop_INBUF_HPIOB_M_PAD_O)
                                                      0.358     0.358 r  spi_module_i/clk_wiz/inst/clkin1_ibuf/INBUF_INST/O
                         net (fo=1, routed)           0.000     0.358    spi_module_i/clk_wiz/inst/clkin1_ibuf/OUT
    C3                   IBUFCTRL (Prop_IBUFCTRL_HPIOB_M_I_O)
                                                      0.000     0.358 r  spi_module_i/clk_wiz/inst/clkin1_ibuf/IBUFCTRL_INST/O
                         net (fo=1, routed)           0.322     0.680    spi_module_i/clk_wiz/inst/clk_in1_spi_module_clk_wiz_0
    MMCM_X0Y3            MMCME4_ADV (Prop_MMCM_CLKIN1_CLKOUT0)
                                                     -0.079     0.601 r  spi_module_i/clk_wiz/inst/mmcme4_adv_inst/CLKOUT0
                         net (fo=1, routed)           0.204     0.805    spi_module_i/clk_wiz/inst/clk_out1_spi_module_clk_wiz_0
    BUFGCE_X0Y76         BUFGCE (Prop_BUFCE_BUFGCE_I_O)
                                                      0.026     0.831 r  spi_module_i/clk_wiz/inst/clkout1_buf/O
    X0Y2 (CLOCK_ROOT)    net (fo=324, routed)         1.474     2.305    spi_module_i/axi_quad_spi_0/U0/NO_DUAL_QUAD_MODE.QSPI_NORMAL/QSPI_LEGACY_MD_GEN.QSPI_CORE_INTERFACE_I/FIFO_EXISTS.RX_FIFO_II/gnuram_async_fifo.xpm_fifo_base_inst/gen_sdpram.xpm_memory_base_inst/gen_wr_a.gen_word_narrow.mem_reg_0_15_0_7/WCLK
    SLICE_X13Y154        RAMD32                                       r  spi_module_i/axi_quad_spi_0/U0/NO_DUAL_QUAD_MODE.QSPI_NORMAL/QSPI_LEGACY_MD_GEN.QSPI_CORE_INTERFACE_I/FIFO_EXISTS.RX_FIFO_II/gnuram_async_fifo.xpm_fifo_base_inst/gen_sdpram.xpm_memory_base_inst/gen_wr_a.gen_word_narrow.mem_reg_0_15_0_7/RAMB_D1/CLK
                         clock pessimism              0.245     2.549    
    SLICE_X13Y154        RAMD32 (Hold_B6LUT_SLICEM_CLK_WADR0)
                                                      0.086     2.635    spi_module_i/axi_quad_spi_0/U0/NO_DUAL_QUAD_MODE.QSPI_NORMAL/QSPI_LEGACY_MD_GEN.QSPI_CORE_INTERFACE_I/FIFO_EXISTS.RX_FIFO_II/gnuram_async_fifo.xpm_fifo_base_inst/gen_sdpram.xpm_memory_base_inst/gen_wr_a.gen_word_narrow.mem_reg_0_15_0_7/RAMB_D1
  -------------------------------------------------------------------
                         required time                         -2.635    
                         arrival time                           2.675    
  -------------------------------------------------------------------
                         slack                                  0.039    

Slack (MET) :             0.039ns  (arrival time - required time)
  Source:                 spi_module_i/axi_quad_spi_0/U0/NO_DUAL_QUAD_MODE.QSPI_NORMAL/QSPI_LEGACY_MD_GEN.QSPI_CORE_INTERFACE_I/FIFO_EXISTS.RX_FIFO_II/gnuram_async_fifo.xpm_fifo_base_inst/wrp_inst/count_value_i_reg[0]/C
                            (rising edge-triggered cell FDRE clocked by clk_out1_spi_module_clk_wiz_0  {rise@0.000ns fall@5.000ns period=10.000ns})
  Destination:            spi_module_i/axi_quad_spi_0/U0/NO_DUAL_QUAD_MODE.QSPI_NORMAL/QSPI_LEGACY_MD_GEN.QSPI_CORE_INTERFACE_I/FIFO_EXISTS.RX_FIFO_II/gnuram_async_fifo.xpm_fifo_base_inst/gen_sdpram.xpm_memory_base_inst/gen_wr_a.gen_word_narrow.mem_reg_0_15_0_7/RAMC/WADR0
                            (rising edge-triggered cell RAMD32 clocked by clk_out1_spi_module_clk_wiz_0  {rise@0.000ns fall@5.000ns period=10.000ns})
  Path Group:             clk_out1_spi_module_clk_wiz_0
  Path Type:              Hold (Min at Fast Process Corner)
  Requirement:            0.000ns  (clk_out1_spi_module_clk_wiz_0 rise@0.000ns - clk_out1_spi_module_clk_wiz_0 rise@0.000ns)
  Data Path Delay:        0.209ns  (logic 0.086ns (41.215%)  route 0.123ns (58.785%))
  Logic Levels:           0  
  Clock Path Skew:        0.083ns (DCD - SCD - CPR)
    Destination Clock Delay (DCD):    2.305ns
    Source Clock Delay      (SCD):    2.466ns
    Clock Pessimism Removal (CPR):    -0.245ns
  Clock Net Delay (Source):      1.314ns (routing 0.727ns, distribution 0.587ns)
  Clock Net Delay (Destination): 1.474ns (routing 0.790ns, distribution 0.684ns)

    Location             Delay type                Incr(ns)  Path(ns)    Netlist Resource(s)
  -------------------------------------------------------------------    -------------------
                         (clock clk_out1_spi_module_clk_wiz_0 rise edge)
                                                      0.000     0.000 r  
    C3                                                0.000     0.000 r  som240_1_connector_hpa_clk0p_clk (IN)
                         net (fo=0)                   0.000     0.000    spi_module_i/clk_wiz/inst/clkin1_ibuf/I
    C3                   INBUF (Prop_INBUF_HPIOB_M_PAD_O)
                                                      0.172     0.172 r  spi_module_i/clk_wiz/inst/clkin1_ibuf/INBUF_INST/O
                         net (fo=1, routed)           0.000     0.172    spi_module_i/clk_wiz/inst/clkin1_ibuf/OUT
    C3                   IBUFCTRL (Prop_IBUFCTRL_HPIOB_M_I_O)
                                                      0.000     0.172 r  spi_module_i/clk_wiz/inst/clkin1_ibuf/IBUFCTRL_INST/O
                         net (fo=1, routed)           0.212     0.384    spi_module_i/clk_wiz/inst/clk_in1_spi_module_clk_wiz_0
    MMCM_X0Y3            MMCME4_ADV (Prop_MMCM_CLKIN1_CLKOUT0)
                                                      0.566     0.950 r  spi_module_i/clk_wiz/inst/mmcme4_adv_inst/CLKOUT0
                         net (fo=1, routed)           0.179     1.129    spi_module_i/clk_wiz/inst/clk_out1_spi_module_clk_wiz_0
    BUFGCE_X0Y76         BUFGCE (Prop_BUFCE_BUFGCE_I_O)
                                                      0.023     1.152 r  spi_module_i/clk_wiz/inst/clkout1_buf/O
    X0Y2 (CLOCK_ROOT)    net (fo=324, routed)         1.314     2.466    spi_module_i/axi_quad_spi_0/U0/NO_DUAL_QUAD_MODE.QSPI_NORMAL/QSPI_LEGACY_MD_GEN.QSPI_CORE_INTERFACE_I/FIFO_EXISTS.RX_FIFO_II/gnuram_async_fifo.xpm_fifo_base_inst/wrp_inst/wr_clk
    SLICE_X16Y153        FDRE                                         r  spi_module_i/axi_quad_spi_0/U0/NO_DUAL_QUAD_MODE.QSPI_NORMAL/QSPI_LEGACY_MD_GEN.QSPI_CORE_INTERFACE_I/FIFO_EXISTS.RX_FIFO_II/gnuram_async_fifo.xpm_fifo_base_inst/wrp_inst/count_value_i_reg[0]/C
  -------------------------------------------------------------------    -------------------
    SLICE_X16Y153        FDRE (Prop_DFF2_SLICEL_C_Q)
                                                      0.086     2.552 r  spi_module_i/axi_quad_spi_0/U0/NO_DUAL_QUAD_MODE.QSPI_NORMAL/QSPI_LEGACY_MD_GEN.QSPI_CORE_INTERFACE_I/FIFO_EXISTS.RX_FIFO_II/gnuram_async_fifo.xpm_fifo_base_inst/wrp_inst/count_value_i_reg[0]/Q
                         net (fo=27, routed)          0.123     2.675    spi_module_i/axi_quad_spi_0/U0/NO_DUAL_QUAD_MODE.QSPI_NORMAL/QSPI_LEGACY_MD_GEN.QSPI_CORE_INTERFACE_I/FIFO_EXISTS.RX_FIFO_II/gnuram_async_fifo.xpm_fifo_base_inst/gen_sdpram.xpm_memory_base_inst/gen_wr_a.gen_word_narrow.mem_reg_0_15_0_7/ADDRH0
    SLICE_X13Y154        RAMD32                                       r  spi_module_i/axi_quad_spi_0/U0/NO_DUAL_QUAD_MODE.QSPI_NORMAL/QSPI_LEGACY_MD_GEN.QSPI_CORE_INTERFACE_I/FIFO_EXISTS.RX_FIFO_II/gnuram_async_fifo.xpm_fifo_base_inst/gen_sdpram.xpm_memory_base_inst/gen_wr_a.gen_word_narrow.mem_reg_0_15_0_7/RAMC/WADR0
  -------------------------------------------------------------------    -------------------

                         (clock clk_out1_spi_module_clk_wiz_0 rise edge)
                                                      0.000     0.000 r  
    C3                                                0.000     0.000 r  som240_1_connector_hpa_clk0p_clk (IN)
                         net (fo=0)                   0.000     0.000    spi_module_i/clk_wiz/inst/clkin1_ibuf/I
    C3                   INBUF (Prop_INBUF_HPIOB_M_PAD_O)
                                                      0.358     0.358 r  spi_module_i/clk_wiz/inst/clkin1_ibuf/INBUF_INST/O
                         net (fo=1, routed)           0.000     0.358    spi_module_i/clk_wiz/inst/clkin1_ibuf/OUT
    C3                   IBUFCTRL (Prop_IBUFCTRL_HPIOB_M_I_O)
                                                      0.000     0.358 r  spi_module_i/clk_wiz/inst/clkin1_ibuf/IBUFCTRL_INST/O
                         net (fo=1, routed)           0.322     0.680    spi_module_i/clk_wiz/inst/clk_in1_spi_module_clk_wiz_0
    MMCM_X0Y3            MMCME4_ADV (Prop_MMCM_CLKIN1_CLKOUT0)
                                                     -0.079     0.601 r  spi_module_i/clk_wiz/inst/mmcme4_adv_inst/CLKOUT0
                         net (fo=1, routed)           0.204     0.805    spi_module_i/clk_wiz/inst/clk_out1_spi_module_clk_wiz_0
    BUFGCE_X0Y76         BUFGCE (Prop_BUFCE_BUFGCE_I_O)
                                                      0.026     0.831 r  spi_module_i/clk_wiz/inst/clkout1_buf/O
    X0Y2 (CLOCK_ROOT)    net (fo=324, routed)         1.474     2.305    spi_module_i/axi_quad_spi_0/U0/NO_DUAL_QUAD_MODE.QSPI_NORMAL/QSPI_LEGACY_MD_GEN.QSPI_CORE_INTERFACE_I/FIFO_EXISTS.RX_FIFO_II/gnuram_async_fifo.xpm_fifo_base_inst/gen_sdpram.xpm_memory_base_inst/gen_wr_a.gen_word_narrow.mem_reg_0_15_0_7/WCLK
    SLICE_X13Y154        RAMD32                                       r  spi_module_i/axi_quad_spi_0/U0/NO_DUAL_QUAD_MODE.QSPI_NORMAL/QSPI_LEGACY_MD_GEN.QSPI_CORE_INTERFACE_I/FIFO_EXISTS.RX_FIFO_II/gnuram_async_fifo.xpm_fifo_base_inst/gen_sdpram.xpm_memory_base_inst/gen_wr_a.gen_word_narrow.mem_reg_0_15_0_7/RAMC/CLK
                         clock pessimism              0.245     2.549    
    SLICE_X13Y154        RAMD32 (Hold_C5LUT_SLICEM_CLK_WADR0)
                                                      0.086     2.635    spi_module_i/axi_quad_spi_0/U0/NO_DUAL_QUAD_MODE.QSPI_NORMAL/QSPI_LEGACY_MD_GEN.QSPI_CORE_INTERFACE_I/FIFO_EXISTS.RX_FIFO_II/gnuram_async_fifo.xpm_fifo_base_inst/gen_sdpram.xpm_memory_base_inst/gen_wr_a.gen_word_narrow.mem_reg_0_15_0_7/RAMC
  -------------------------------------------------------------------
                         required time                         -2.635    
                         arrival time                           2.675    
  -------------------------------------------------------------------
                         slack                                  0.039    

Slack (MET) :             0.039ns  (arrival time - required time)
  Source:                 spi_module_i/axi_quad_spi_0/U0/NO_DUAL_QUAD_MODE.QSPI_NORMAL/QSPI_LEGACY_MD_GEN.QSPI_CORE_INTERFACE_I/FIFO_EXISTS.RX_FIFO_II/gnuram_async_fifo.xpm_fifo_base_inst/wrp_inst/count_value_i_reg[0]/C
                            (rising edge-triggered cell FDRE clocked by clk_out1_spi_module_clk_wiz_0  {rise@0.000ns fall@5.000ns period=10.000ns})
  Destination:            spi_module_i/axi_quad_spi_0/U0/NO_DUAL_QUAD_MODE.QSPI_NORMAL/QSPI_LEGACY_MD_GEN.QSPI_CORE_INTERFACE_I/FIFO_EXISTS.RX_FIFO_II/gnuram_async_fifo.xpm_fifo_base_inst/gen_sdpram.xpm_memory_base_inst/gen_wr_a.gen_word_narrow.mem_reg_0_15_0_7/RAMC_D1/WADR0
                            (rising edge-triggered cell RAMD32 clocked by clk_out1_spi_module_clk_wiz_0  {rise@0.000ns fall@5.000ns period=10.000ns})
  Path Group:             clk_out1_spi_module_clk_wiz_0
  Path Type:              Hold (Min at Fast Process Corner)
  Requirement:            0.000ns  (clk_out1_spi_module_clk_wiz_0 rise@0.000ns - clk_out1_spi_module_clk_wiz_0 rise@0.000ns)
  Data Path Delay:        0.209ns  (logic 0.086ns (41.215%)  route 0.123ns (58.785%))
  Logic Levels:           0  
  Clock Path Skew:        0.083ns (DCD - SCD - CPR)
    Destination Clock Delay (DCD):    2.305ns
    Source Clock Delay      (SCD):    2.466ns
    Clock Pessimism Removal (CPR):    -0.245ns
  Clock Net Delay (Source):      1.314ns (routing 0.727ns, distribution 0.587ns)
  Clock Net Delay (Destination): 1.474ns (routing 0.790ns, distribution 0.684ns)

    Location             Delay type                Incr(ns)  Path(ns)    Netlist Resource(s)
  -------------------------------------------------------------------    -------------------
                         (clock clk_out1_spi_module_clk_wiz_0 rise edge)
                                                      0.000     0.000 r  
    C3                                                0.000     0.000 r  som240_1_connector_hpa_clk0p_clk (IN)
                         net (fo=0)                   0.000     0.000    spi_module_i/clk_wiz/inst/clkin1_ibuf/I
    C3                   INBUF (Prop_INBUF_HPIOB_M_PAD_O)
                                                      0.172     0.172 r  spi_module_i/clk_wiz/inst/clkin1_ibuf/INBUF_INST/O
                         net (fo=1, routed)           0.000     0.172    spi_module_i/clk_wiz/inst/clkin1_ibuf/OUT
    C3                   IBUFCTRL (Prop_IBUFCTRL_HPIOB_M_I_O)
                                                      0.000     0.172 r  spi_module_i/clk_wiz/inst/clkin1_ibuf/IBUFCTRL_INST/O
                         net (fo=1, routed)           0.212     0.384    spi_module_i/clk_wiz/inst/clk_in1_spi_module_clk_wiz_0
    MMCM_X0Y3            MMCME4_ADV (Prop_MMCM_CLKIN1_CLKOUT0)
                                                      0.566     0.950 r  spi_module_i/clk_wiz/inst/mmcme4_adv_inst/CLKOUT0
                         net (fo=1, routed)           0.179     1.129    spi_module_i/clk_wiz/inst/clk_out1_spi_module_clk_wiz_0
    BUFGCE_X0Y76         BUFGCE (Prop_BUFCE_BUFGCE_I_O)
                                                      0.023     1.152 r  spi_module_i/clk_wiz/inst/clkout1_buf/O
    X0Y2 (CLOCK_ROOT)    net (fo=324, routed)         1.314     2.466    spi_module_i/axi_quad_spi_0/U0/NO_DUAL_QUAD_MODE.QSPI_NORMAL/QSPI_LEGACY_MD_GEN.QSPI_CORE_INTERFACE_I/FIFO_EXISTS.RX_FIFO_II/gnuram_async_fifo.xpm_fifo_base_inst/wrp_inst/wr_clk
    SLICE_X16Y153        FDRE                                         r  spi_module_i/axi_quad_spi_0/U0/NO_DUAL_QUAD_MODE.QSPI_NORMAL/QSPI_LEGACY_MD_GEN.QSPI_CORE_INTERFACE_I/FIFO_EXISTS.RX_FIFO_II/gnuram_async_fifo.xpm_fifo_base_inst/wrp_inst/count_value_i_reg[0]/C
  -------------------------------------------------------------------    -------------------
    SLICE_X16Y153        FDRE (Prop_DFF2_SLICEL_C_Q)
                                                      0.086     2.552 r  spi_module_i/axi_quad_spi_0/U0/NO_DUAL_QUAD_MODE.QSPI_NORMAL/QSPI_LEGACY_MD_GEN.QSPI_CORE_INTERFACE_I/FIFO_EXISTS.RX_FIFO_II/gnuram_async_fifo.xpm_fifo_base_inst/wrp_inst/count_value_i_reg[0]/Q
                         net (fo=27, routed)          0.123     2.675    spi_module_i/axi_quad_spi_0/U0/NO_DUAL_QUAD_MODE.QSPI_NORMAL/QSPI_LEGACY_MD_GEN.QSPI_CORE_INTERFACE_I/FIFO_EXISTS.RX_FIFO_II/gnuram_async_fifo.xpm_fifo_base_inst/gen_sdpram.xpm_memory_base_inst/gen_wr_a.gen_word_narrow.mem_reg_0_15_0_7/ADDRH0
    SLICE_X13Y154        RAMD32                                       r  spi_module_i/axi_quad_spi_0/U0/NO_DUAL_QUAD_MODE.QSPI_NORMAL/QSPI_LEGACY_MD_GEN.QSPI_CORE_INTERFACE_I/FIFO_EXISTS.RX_FIFO_II/gnuram_async_fifo.xpm_fifo_base_inst/gen_sdpram.xpm_memory_base_inst/gen_wr_a.gen_word_narrow.mem_reg_0_15_0_7/RAMC_D1/WADR0
  -------------------------------------------------------------------    -------------------

                         (clock clk_out1_spi_module_clk_wiz_0 rise edge)
                                                      0.000     0.000 r  
    C3                                                0.000     0.000 r  som240_1_connector_hpa_clk0p_clk (IN)
                         net (fo=0)                   0.000     0.000    spi_module_i/clk_wiz/inst/clkin1_ibuf/I
    C3                   INBUF (Prop_INBUF_HPIOB_M_PAD_O)
                                                      0.358     0.358 r  spi_module_i/clk_wiz/inst/clkin1_ibuf/INBUF_INST/O
                         net (fo=1, routed)           0.000     0.358    spi_module_i/clk_wiz/inst/clkin1_ibuf/OUT
    C3                   IBUFCTRL (Prop_IBUFCTRL_HPIOB_M_I_O)
                                                      0.000     0.358 r  spi_module_i/clk_wiz/inst/clkin1_ibuf/IBUFCTRL_INST/O
                         net (fo=1, routed)           0.322     0.680    spi_module_i/clk_wiz/inst/clk_in1_spi_module_clk_wiz_0
    MMCM_X0Y3            MMCME4_ADV (Prop_MMCM_CLKIN1_CLKOUT0)
                                                     -0.079     0.601 r  spi_module_i/clk_wiz/inst/mmcme4_adv_inst/CLKOUT0
                         net (fo=1, routed)           0.204     0.805    spi_module_i/clk_wiz/inst/clk_out1_spi_module_clk_wiz_0
    BUFGCE_X0Y76         BUFGCE (Prop_BUFCE_BUFGCE_I_O)
                                                      0.026     0.831 r  spi_module_i/clk_wiz/inst/clkout1_buf/O
    X0Y2 (CLOCK_ROOT)    net (fo=324, routed)         1.474     2.305    spi_module_i/axi_quad_spi_0/U0/NO_DUAL_QUAD_MODE.QSPI_NORMAL/QSPI_LEGACY_MD_GEN.QSPI_CORE_INTERFACE_I/FIFO_EXISTS.RX_FIFO_II/gnuram_async_fifo.xpm_fifo_base_inst/gen_sdpram.xpm_memory_base_inst/gen_wr_a.gen_word_narrow.mem_reg_0_15_0_7/WCLK
    SLICE_X13Y154        RAMD32                                       r  spi_module_i/axi_quad_spi_0/U0/NO_DUAL_QUAD_MODE.QSPI_NORMAL/QSPI_LEGACY_MD_GEN.QSPI_CORE_INTERFACE_I/FIFO_EXISTS.RX_FIFO_II/gnuram_async_fifo.xpm_fifo_base_inst/gen_sdpram.xpm_memory_base_inst/gen_wr_a.gen_word_narrow.mem_reg_0_15_0_7/RAMC_D1/CLK
                         clock pessimism              0.245     2.549    
    SLICE_X13Y154        RAMD32 (Hold_C6LUT_SLICEM_CLK_WADR0)
                                                      0.086     2.635    spi_module_i/axi_quad_spi_0/U0/NO_DUAL_QUAD_MODE.QSPI_NORMAL/QSPI_LEGACY_MD_GEN.QSPI_CORE_INTERFACE_I/FIFO_EXISTS.RX_FIFO_II/gnuram_async_fifo.xpm_fifo_base_inst/gen_sdpram.xpm_memory_base_inst/gen_wr_a.gen_word_narrow.mem_reg_0_15_0_7/RAMC_D1
  -------------------------------------------------------------------
                         required time                         -2.635    
                         arrival time                           2.675    
  -------------------------------------------------------------------
                         slack                                  0.039    

Slack (MET) :             0.039ns  (arrival time - required time)
  Source:                 spi_module_i/axi_quad_spi_0/U0/NO_DUAL_QUAD_MODE.QSPI_NORMAL/QSPI_LEGACY_MD_GEN.QSPI_CORE_INTERFACE_I/FIFO_EXISTS.RX_FIFO_II/gnuram_async_fifo.xpm_fifo_base_inst/wrp_inst/count_value_i_reg[0]/C
                            (rising edge-triggered cell FDRE clocked by clk_out1_spi_module_clk_wiz_0  {rise@0.000ns fall@5.000ns period=10.000ns})
  Destination:            spi_module_i/axi_quad_spi_0/U0/NO_DUAL_QUAD_MODE.QSPI_NORMAL/QSPI_LEGACY_MD_GEN.QSPI_CORE_INTERFACE_I/FIFO_EXISTS.RX_FIFO_II/gnuram_async_fifo.xpm_fifo_base_inst/gen_sdpram.xpm_memory_base_inst/gen_wr_a.gen_word_narrow.mem_reg_0_15_0_7/RAMD/WADR0
                            (rising edge-triggered cell RAMD32 clocked by clk_out1_spi_module_clk_wiz_0  {rise@0.000ns fall@5.000ns period=10.000ns})
  Path Group:             clk_out1_spi_module_clk_wiz_0
  Path Type:              Hold (Min at Fast Process Corner)
  Requirement:            0.000ns  (clk_out1_spi_module_clk_wiz_0 rise@0.000ns - clk_out1_spi_module_clk_wiz_0 rise@0.000ns)
  Data Path Delay:        0.209ns  (logic 0.086ns (41.215%)  route 0.123ns (58.785%))
  Logic Levels:           0  
  Clock Path Skew:        0.083ns (DCD - SCD - CPR)
    Destination Clock Delay (DCD):    2.305ns
    Source Clock Delay      (SCD):    2.466ns
    Clock Pessimism Removal (CPR):    -0.245ns
  Clock Net Delay (Source):      1.314ns (routing 0.727ns, distribution 0.587ns)
  Clock Net Delay (Destination): 1.474ns (routing 0.790ns, distribution 0.684ns)

    Location             Delay type                Incr(ns)  Path(ns)    Netlist Resource(s)
  -------------------------------------------------------------------    -------------------
                         (clock clk_out1_spi_module_clk_wiz_0 rise edge)
                                                      0.000     0.000 r  
    C3                                                0.000     0.000 r  som240_1_connector_hpa_clk0p_clk (IN)
                         net (fo=0)                   0.000     0.000    spi_module_i/clk_wiz/inst/clkin1_ibuf/I
    C3                   INBUF (Prop_INBUF_HPIOB_M_PAD_O)
                                                      0.172     0.172 r  spi_module_i/clk_wiz/inst/clkin1_ibuf/INBUF_INST/O
                         net (fo=1, routed)           0.000     0.172    spi_module_i/clk_wiz/inst/clkin1_ibuf/OUT
    C3                   IBUFCTRL (Prop_IBUFCTRL_HPIOB_M_I_O)
                                                      0.000     0.172 r  spi_module_i/clk_wiz/inst/clkin1_ibuf/IBUFCTRL_INST/O
                         net (fo=1, routed)           0.212     0.384    spi_module_i/clk_wiz/inst/clk_in1_spi_module_clk_wiz_0
    MMCM_X0Y3            MMCME4_ADV (Prop_MMCM_CLKIN1_CLKOUT0)
                                                      0.566     0.950 r  spi_module_i/clk_wiz/inst/mmcme4_adv_inst/CLKOUT0
                         net (fo=1, routed)           0.179     1.129    spi_module_i/clk_wiz/inst/clk_out1_spi_module_clk_wiz_0
    BUFGCE_X0Y76         BUFGCE (Prop_BUFCE_BUFGCE_I_O)
                                                      0.023     1.152 r  spi_module_i/clk_wiz/inst/clkout1_buf/O
    X0Y2 (CLOCK_ROOT)    net (fo=324, routed)         1.314     2.466    spi_module_i/axi_quad_spi_0/U0/NO_DUAL_QUAD_MODE.QSPI_NORMAL/QSPI_LEGACY_MD_GEN.QSPI_CORE_INTERFACE_I/FIFO_EXISTS.RX_FIFO_II/gnuram_async_fifo.xpm_fifo_base_inst/wrp_inst/wr_clk
    SLICE_X16Y153        FDRE                                         r  spi_module_i/axi_quad_spi_0/U0/NO_DUAL_QUAD_MODE.QSPI_NORMAL/QSPI_LEGACY_MD_GEN.QSPI_CORE_INTERFACE_I/FIFO_EXISTS.RX_FIFO_II/gnuram_async_fifo.xpm_fifo_base_inst/wrp_inst/count_value_i_reg[0]/C
  -------------------------------------------------------------------    -------------------
    SLICE_X16Y153        FDRE (Prop_DFF2_SLICEL_C_Q)
                                                      0.086     2.552 r  spi_module_i/axi_quad_spi_0/U0/NO_DUAL_QUAD_MODE.QSPI_NORMAL/QSPI_LEGACY_MD_GEN.QSPI_CORE_INTERFACE_I/FIFO_EXISTS.RX_FIFO_II/gnuram_async_fifo.xpm_fifo_base_inst/wrp_inst/count_value_i_reg[0]/Q
                         net (fo=27, routed)          0.123     2.675    spi_module_i/axi_quad_spi_0/U0/NO_DUAL_QUAD_MODE.QSPI_NORMAL/QSPI_LEGACY_MD_GEN.QSPI_CORE_INTERFACE_I/FIFO_EXISTS.RX_FIFO_II/gnuram_async_fifo.xpm_fifo_base_inst/gen_sdpram.xpm_memory_base_inst/gen_wr_a.gen_word_narrow.mem_reg_0_15_0_7/ADDRH0
    SLICE_X13Y154        RAMD32                                       r  spi_module_i/axi_quad_spi_0/U0/NO_DUAL_QUAD_MODE.QSPI_NORMAL/QSPI_LEGACY_MD_GEN.QSPI_CORE_INTERFACE_I/FIFO_EXISTS.RX_FIFO_II/gnuram_async_fifo.xpm_fifo_base_inst/gen_sdpram.xpm_memory_base_inst/gen_wr_a.gen_word_narrow.mem_reg_0_15_0_7/RAMD/WADR0
  -------------------------------------------------------------------    -------------------

                         (clock clk_out1_spi_module_clk_wiz_0 rise edge)
                                                      0.000     0.000 r  
    C3                                                0.000     0.000 r  som240_1_connector_hpa_clk0p_clk (IN)
                         net (fo=0)                   0.000     0.000    spi_module_i/clk_wiz/inst/clkin1_ibuf/I
    C3                   INBUF (Prop_INBUF_HPIOB_M_PAD_O)
                                                      0.358     0.358 r  spi_module_i/clk_wiz/inst/clkin1_ibuf/INBUF_INST/O
                         net (fo=1, routed)           0.000     0.358    spi_module_i/clk_wiz/inst/clkin1_ibuf/OUT
    C3                   IBUFCTRL (Prop_IBUFCTRL_HPIOB_M_I_O)
                                                      0.000     0.358 r  spi_module_i/clk_wiz/inst/clkin1_ibuf/IBUFCTRL_INST/O
                         net (fo=1, routed)           0.322     0.680    spi_module_i/clk_wiz/inst/clk_in1_spi_module_clk_wiz_0
    MMCM_X0Y3            MMCME4_ADV (Prop_MMCM_CLKIN1_CLKOUT0)
                                                     -0.079     0.601 r  spi_module_i/clk_wiz/inst/mmcme4_adv_inst/CLKOUT0
                         net (fo=1, routed)           0.204     0.805    spi_module_i/clk_wiz/inst/clk_out1_spi_module_clk_wiz_0
    BUFGCE_X0Y76         BUFGCE (Prop_BUFCE_BUFGCE_I_O)
                                                      0.026     0.831 r  spi_module_i/clk_wiz/inst/clkout1_buf/O
    X0Y2 (CLOCK_ROOT)    net (fo=324, routed)         1.474     2.305    spi_module_i/axi_quad_spi_0/U0/NO_DUAL_QUAD_MODE.QSPI_NORMAL/QSPI_LEGACY_MD_GEN.QSPI_CORE_INTERFACE_I/FIFO_EXISTS.RX_FIFO_II/gnuram_async_fifo.xpm_fifo_base_inst/gen_sdpram.xpm_memory_base_inst/gen_wr_a.gen_word_narrow.mem_reg_0_15_0_7/WCLK
    SLICE_X13Y154        RAMD32                                       r  spi_module_i/axi_quad_spi_0/U0/NO_DUAL_QUAD_MODE.QSPI_NORMAL/QSPI_LEGACY_MD_GEN.QSPI_CORE_INTERFACE_I/FIFO_EXISTS.RX_FIFO_II/gnuram_async_fifo.xpm_fifo_base_inst/gen_sdpram.xpm_memory_base_inst/gen_wr_a.gen_word_narrow.mem_reg_0_15_0_7/RAMD/CLK
                         clock pessimism              0.245     2.549    
    SLICE_X13Y154        RAMD32 (Hold_D5LUT_SLICEM_CLK_WADR0)
                                                      0.086     2.635    spi_module_i/axi_quad_spi_0/U0/NO_DUAL_QUAD_MODE.QSPI_NORMAL/QSPI_LEGACY_MD_GEN.QSPI_CORE_INTERFACE_I/FIFO_EXISTS.RX_FIFO_II/gnuram_async_fifo.xpm_fifo_base_inst/gen_sdpram.xpm_memory_base_inst/gen_wr_a.gen_word_narrow.mem_reg_0_15_0_7/RAMD
  -------------------------------------------------------------------
                         required time                         -2.635    
                         arrival time                           2.675    
  -------------------------------------------------------------------
                         slack                                  0.039    

Slack (MET) :             0.039ns  (arrival time - required time)
  Source:                 spi_module_i/axi_quad_spi_0/U0/NO_DUAL_QUAD_MODE.QSPI_NORMAL/QSPI_LEGACY_MD_GEN.QSPI_CORE_INTERFACE_I/FIFO_EXISTS.RX_FIFO_II/gnuram_async_fifo.xpm_fifo_base_inst/wrp_inst/count_value_i_reg[0]/C
                            (rising edge-triggered cell FDRE clocked by clk_out1_spi_module_clk_wiz_0  {rise@0.000ns fall@5.000ns period=10.000ns})
  Destination:            spi_module_i/axi_quad_spi_0/U0/NO_DUAL_QUAD_MODE.QSPI_NORMAL/QSPI_LEGACY_MD_GEN.QSPI_CORE_INTERFACE_I/FIFO_EXISTS.RX_FIFO_II/gnuram_async_fifo.xpm_fifo_base_inst/gen_sdpram.xpm_memory_base_inst/gen_wr_a.gen_word_narrow.mem_reg_0_15_0_7/RAMD_D1/WADR0
                            (rising edge-triggered cell RAMD32 clocked by clk_out1_spi_module_clk_wiz_0  {rise@0.000ns fall@5.000ns period=10.000ns})
  Path Group:             clk_out1_spi_module_clk_wiz_0
  Path Type:              Hold (Min at Fast Process Corner)
  Requirement:            0.000ns  (clk_out1_spi_module_clk_wiz_0 rise@0.000ns - clk_out1_spi_module_clk_wiz_0 rise@0.000ns)
  Data Path Delay:        0.209ns  (logic 0.086ns (41.215%)  route 0.123ns (58.785%))
  Logic Levels:           0  
  Clock Path Skew:        0.083ns (DCD - SCD - CPR)
    Destination Clock Delay (DCD):    2.305ns
    Source Clock Delay      (SCD):    2.466ns
    Clock Pessimism Removal (CPR):    -0.245ns
  Clock Net Delay (Source):      1.314ns (routing 0.727ns, distribution 0.587ns)
  Clock Net Delay (Destination): 1.474ns (routing 0.790ns, distribution 0.684ns)

    Location             Delay type                Incr(ns)  Path(ns)    Netlist Resource(s)
  -------------------------------------------------------------------    -------------------
                         (clock clk_out1_spi_module_clk_wiz_0 rise edge)
                                                      0.000     0.000 r  
    C3                                                0.000     0.000 r  som240_1_connector_hpa_clk0p_clk (IN)
                         net (fo=0)                   0.000     0.000    spi_module_i/clk_wiz/inst/clkin1_ibuf/I
    C3                   INBUF (Prop_INBUF_HPIOB_M_PAD_O)
                                                      0.172     0.172 r  spi_module_i/clk_wiz/inst/clkin1_ibuf/INBUF_INST/O
                         net (fo=1, routed)           0.000     0.172    spi_module_i/clk_wiz/inst/clkin1_ibuf/OUT
    C3                   IBUFCTRL (Prop_IBUFCTRL_HPIOB_M_I_O)
                                                      0.000     0.172 r  spi_module_i/clk_wiz/inst/clkin1_ibuf/IBUFCTRL_INST/O
                         net (fo=1, routed)           0.212     0.384    spi_module_i/clk_wiz/inst/clk_in1_spi_module_clk_wiz_0
    MMCM_X0Y3            MMCME4_ADV (Prop_MMCM_CLKIN1_CLKOUT0)
                                                      0.566     0.950 r  spi_module_i/clk_wiz/inst/mmcme4_adv_inst/CLKOUT0
                         net (fo=1, routed)           0.179     1.129    spi_module_i/clk_wiz/inst/clk_out1_spi_module_clk_wiz_0
    BUFGCE_X0Y76         BUFGCE (Prop_BUFCE_BUFGCE_I_O)
                                                      0.023     1.152 r  spi_module_i/clk_wiz/inst/clkout1_buf/O
    X0Y2 (CLOCK_ROOT)    net (fo=324, routed)         1.314     2.466    spi_module_i/axi_quad_spi_0/U0/NO_DUAL_QUAD_MODE.QSPI_NORMAL/QSPI_LEGACY_MD_GEN.QSPI_CORE_INTERFACE_I/FIFO_EXISTS.RX_FIFO_II/gnuram_async_fifo.xpm_fifo_base_inst/wrp_inst/wr_clk
    SLICE_X16Y153        FDRE                                         r  spi_module_i/axi_quad_spi_0/U0/NO_DUAL_QUAD_MODE.QSPI_NORMAL/QSPI_LEGACY_MD_GEN.QSPI_CORE_INTERFACE_I/FIFO_EXISTS.RX_FIFO_II/gnuram_async_fifo.xpm_fifo_base_inst/wrp_inst/count_value_i_reg[0]/C
  -------------------------------------------------------------------    -------------------
    SLICE_X16Y153        FDRE (Prop_DFF2_SLICEL_C_Q)
                                                      0.086     2.552 r  spi_module_i/axi_quad_spi_0/U0/NO_DUAL_QUAD_MODE.QSPI_NORMAL/QSPI_LEGACY_MD_GEN.QSPI_CORE_INTERFACE_I/FIFO_EXISTS.RX_FIFO_II/gnuram_async_fifo.xpm_fifo_base_inst/wrp_inst/count_value_i_reg[0]/Q
                         net (fo=27, routed)          0.123     2.675    spi_module_i/axi_quad_spi_0/U0/NO_DUAL_QUAD_MODE.QSPI_NORMAL/QSPI_LEGACY_MD_GEN.QSPI_CORE_INTERFACE_I/FIFO_EXISTS.RX_FIFO_II/gnuram_async_fifo.xpm_fifo_base_inst/gen_sdpram.xpm_memory_base_inst/gen_wr_a.gen_word_narrow.mem_reg_0_15_0_7/ADDRH0
    SLICE_X13Y154        RAMD32                                       r  spi_module_i/axi_quad_spi_0/U0/NO_DUAL_QUAD_MODE.QSPI_NORMAL/QSPI_LEGACY_MD_GEN.QSPI_CORE_INTERFACE_I/FIFO_EXISTS.RX_FIFO_II/gnuram_async_fifo.xpm_fifo_base_inst/gen_sdpram.xpm_memory_base_inst/gen_wr_a.gen_word_narrow.mem_reg_0_15_0_7/RAMD_D1/WADR0
  -------------------------------------------------------------------    -------------------

                         (clock clk_out1_spi_module_clk_wiz_0 rise edge)
                                                      0.000     0.000 r  
    C3                                                0.000     0.000 r  som240_1_connector_hpa_clk0p_clk (IN)
                         net (fo=0)                   0.000     0.000    spi_module_i/clk_wiz/inst/clkin1_ibuf/I
    C3                   INBUF (Prop_INBUF_HPIOB_M_PAD_O)
                                                      0.358     0.358 r  spi_module_i/clk_wiz/inst/clkin1_ibuf/INBUF_INST/O
                         net (fo=1, routed)           0.000     0.358    spi_module_i/clk_wiz/inst/clkin1_ibuf/OUT
    C3                   IBUFCTRL (Prop_IBUFCTRL_HPIOB_M_I_O)
                                                      0.000     0.358 r  spi_module_i/clk_wiz/inst/clkin1_ibuf/IBUFCTRL_INST/O
                         net (fo=1, routed)           0.322     0.680    spi_module_i/clk_wiz/inst/clk_in1_spi_module_clk_wiz_0
    MMCM_X0Y3            MMCME4_ADV (Prop_MMCM_CLKIN1_CLKOUT0)
                                                     -0.079     0.601 r  spi_module_i/clk_wiz/inst/mmcme4_adv_inst/CLKOUT0
                         net (fo=1, routed)           0.204     0.805    spi_module_i/clk_wiz/inst/clk_out1_spi_module_clk_wiz_0
    BUFGCE_X0Y76         BUFGCE (Prop_BUFCE_BUFGCE_I_O)
                                                      0.026     0.831 r  spi_module_i/clk_wiz/inst/clkout1_buf/O
    X0Y2 (CLOCK_ROOT)    net (fo=324, routed)         1.474     2.305    spi_module_i/axi_quad_spi_0/U0/NO_DUAL_QUAD_MODE.QSPI_NORMAL/QSPI_LEGACY_MD_GEN.QSPI_CORE_INTERFACE_I/FIFO_EXISTS.RX_FIFO_II/gnuram_async_fifo.xpm_fifo_base_inst/gen_sdpram.xpm_memory_base_inst/gen_wr_a.gen_word_narrow.mem_reg_0_15_0_7/WCLK
    SLICE_X13Y154        RAMD32                                       r  spi_module_i/axi_quad_spi_0/U0/NO_DUAL_QUAD_MODE.QSPI_NORMAL/QSPI_LEGACY_MD_GEN.QSPI_CORE_INTERFACE_I/FIFO_EXISTS.RX_FIFO_II/gnuram_async_fifo.xpm_fifo_base_inst/gen_sdpram.xpm_memory_base_inst/gen_wr_a.gen_word_narrow.mem_reg_0_15_0_7/RAMD_D1/CLK
                         clock pessimism              0.245     2.549    
    SLICE_X13Y154        RAMD32 (Hold_D6LUT_SLICEM_CLK_WADR0)
                                                      0.086     2.635    spi_module_i/axi_quad_spi_0/U0/NO_DUAL_QUAD_MODE.QSPI_NORMAL/QSPI_LEGACY_MD_GEN.QSPI_CORE_INTERFACE_I/FIFO_EXISTS.RX_FIFO_II/gnuram_async_fifo.xpm_fifo_base_inst/gen_sdpram.xpm_memory_base_inst/gen_wr_a.gen_word_narrow.mem_reg_0_15_0_7/RAMD_D1
  -------------------------------------------------------------------
                         required time                         -2.635    
                         arrival time                           2.675    
  -------------------------------------------------------------------
                         slack                                  0.039    





Pulse Width Checks
--------------------------------------------------------------------------------------
Clock Name:         clk_out1_spi_module_clk_wiz_0
Waveform(ns):       { 0.000 5.000 }
Period(ns):         10.000
Sources:            { spi_module_i/clk_wiz/inst/mmcme4_adv_inst/CLKOUT0 }

Check Type        Corner  Lib Pin     Reference Pin  Required(ns)  Actual(ns)  Slack(ns)  Location           Pin
Min Period        n/a     FDRE/C      n/a            8.000         10.000      2.000      HDIOLOGIC_S_X0Y27  spi_module_i/axi_quad_spi_0/U0/NO_DUAL_QUAD_MODE.QSPI_NORMAL/IO0_I_REG/C
Min Period        n/a     FDRE/C      n/a            8.000         10.000      2.000      HDIOLOGIC_M_X0Y30  spi_module_i/axi_quad_spi_0/U0/NO_DUAL_QUAD_MODE.QSPI_NORMAL/IO1_I_REG/C
Min Period        n/a     RAMD32/CLK  n/a            1.524         10.000      8.476      SLICE_X13Y154      spi_module_i/axi_quad_spi_0/U0/NO_DUAL_QUAD_MODE.QSPI_NORMAL/QSPI_LEGACY_MD_GEN.QSPI_CORE_INTERFACE_I/FIFO_EXISTS.RX_FIFO_II/gnuram_async_fifo.xpm_fifo_base_inst/gen_sdpram.xpm_memory_base_inst/gen_wr_a.gen_word_narrow.mem_reg_0_15_0_7/RAMA/CLK
Min Period        n/a     RAMD32/CLK  n/a            1.524         10.000      8.476      SLICE_X13Y154      spi_module_i/axi_quad_spi_0/U0/NO_DUAL_QUAD_MODE.QSPI_NORMAL/QSPI_LEGACY_MD_GEN.QSPI_CORE_INTERFACE_I/FIFO_EXISTS.RX_FIFO_II/gnuram_async_fifo.xpm_fifo_base_inst/gen_sdpram.xpm_memory_base_inst/gen_wr_a.gen_word_narrow.mem_reg_0_15_0_7/RAMA_D1/CLK
Min Period        n/a     RAMD32/CLK  n/a            1.524         10.000      8.476      SLICE_X13Y154      spi_module_i/axi_quad_spi_0/U0/NO_DUAL_QUAD_MODE.QSPI_NORMAL/QSPI_LEGACY_MD_GEN.QSPI_CORE_INTERFACE_I/FIFO_EXISTS.RX_FIFO_II/gnuram_async_fifo.xpm_fifo_base_inst/gen_sdpram.xpm_memory_base_inst/gen_wr_a.gen_word_narrow.mem_reg_0_15_0_7/RAMB/CLK
Min Period        n/a     RAMD32/CLK  n/a            1.524         10.000      8.476      SLICE_X13Y154      spi_module_i/axi_quad_spi_0/U0/NO_DUAL_QUAD_MODE.QSPI_NORMAL/QSPI_LEGACY_MD_GEN.QSPI_CORE_INTERFACE_I/FIFO_EXISTS.RX_FIFO_II/gnuram_async_fifo.xpm_fifo_base_inst/gen_sdpram.xpm_memory_base_inst/gen_wr_a.gen_word_narrow.mem_reg_0_15_0_7/RAMB_D1/CLK
Min Period        n/a     RAMD32/CLK  n/a            1.524         10.000      8.476      SLICE_X13Y154      spi_module_i/axi_quad_spi_0/U0/NO_DUAL_QUAD_MODE.QSPI_NORMAL/QSPI_LEGACY_MD_GEN.QSPI_CORE_INTERFACE_I/FIFO_EXISTS.RX_FIFO_II/gnuram_async_fifo.xpm_fifo_base_inst/gen_sdpram.xpm_memory_base_inst/gen_wr_a.gen_word_narrow.mem_reg_0_15_0_7/RAMC/CLK
Min Period        n/a     RAMD32/CLK  n/a            1.524         10.000      8.476      SLICE_X13Y154      spi_module_i/axi_quad_spi_0/U0/NO_DUAL_QUAD_MODE.QSPI_NORMAL/QSPI_LEGACY_MD_GEN.QSPI_CORE_INTERFACE_I/FIFO_EXISTS.RX_FIFO_II/gnuram_async_fifo.xpm_fifo_base_inst/gen_sdpram.xpm_memory_base_inst/gen_wr_a.gen_word_narrow.mem_reg_0_15_0_7/RAMC_D1/CLK
Min Period        n/a     RAMD32/CLK  n/a            1.524         10.000      8.476      SLICE_X13Y154      spi_module_i/axi_quad_spi_0/U0/NO_DUAL_QUAD_MODE.QSPI_NORMAL/QSPI_LEGACY_MD_GEN.QSPI_CORE_INTERFACE_I/FIFO_EXISTS.RX_FIFO_II/gnuram_async_fifo.xpm_fifo_base_inst/gen_sdpram.xpm_memory_base_inst/gen_wr_a.gen_word_narrow.mem_reg_0_15_0_7/RAMD/CLK
Min Period        n/a     RAMD32/CLK  n/a            1.524         10.000      8.476      SLICE_X13Y154      spi_module_i/axi_quad_spi_0/U0/NO_DUAL_QUAD_MODE.QSPI_NORMAL/QSPI_LEGACY_MD_GEN.QSPI_CORE_INTERFACE_I/FIFO_EXISTS.RX_FIFO_II/gnuram_async_fifo.xpm_fifo_base_inst/gen_sdpram.xpm_memory_base_inst/gen_wr_a.gen_word_narrow.mem_reg_0_15_0_7/RAMD_D1/CLK
Low Pulse Width   Slow    FDRE/C      n/a            4.000         5.000       1.000      HDIOLOGIC_S_X0Y27  spi_module_i/axi_quad_spi_0/U0/NO_DUAL_QUAD_MODE.QSPI_NORMAL/IO0_I_REG/C
Low Pulse Width   Fast    FDRE/C      n/a            4.000         5.000       1.000      HDIOLOGIC_S_X0Y27  spi_module_i/axi_quad_spi_0/U0/NO_DUAL_QUAD_MODE.QSPI_NORMAL/IO0_I_REG/C
Low Pulse Width   Slow    FDRE/C      n/a            4.000         5.000       1.000      HDIOLOGIC_M_X0Y30  spi_module_i/axi_quad_spi_0/U0/NO_DUAL_QUAD_MODE.QSPI_NORMAL/IO1_I_REG/C
Low Pulse Width   Fast    FDRE/C      n/a            4.000         5.000       1.000      HDIOLOGIC_M_X0Y30  spi_module_i/axi_quad_spi_0/U0/NO_DUAL_QUAD_MODE.QSPI_NORMAL/IO1_I_REG/C
Low Pulse Width   Slow    RAMD32/CLK  n/a            0.762         5.000       4.238      SLICE_X13Y154      spi_module_i/axi_quad_spi_0/U0/NO_DUAL_QUAD_MODE.QSPI_NORMAL/QSPI_LEGACY_MD_GEN.QSPI_CORE_INTERFACE_I/FIFO_EXISTS.RX_FIFO_II/gnuram_async_fifo.xpm_fifo_base_inst/gen_sdpram.xpm_memory_base_inst/gen_wr_a.gen_word_narrow.mem_reg_0_15_0_7/RAMA/CLK
Low Pulse Width   Fast    RAMD32/CLK  n/a            0.762         5.000       4.238      SLICE_X13Y154      spi_module_i/axi_quad_spi_0/U0/NO_DUAL_QUAD_MODE.QSPI_NORMAL/QSPI_LEGACY_MD_GEN.QSPI_CORE_INTERFACE_I/FIFO_EXISTS.RX_FIFO_II/gnuram_async_fifo.xpm_fifo_base_inst/gen_sdpram.xpm_memory_base_inst/gen_wr_a.gen_word_narrow.mem_reg_0_15_0_7/RAMA/CLK
Low Pulse Width   Slow    RAMD32/CLK  n/a            0.762         5.000       4.238      SLICE_X13Y154      spi_module_i/axi_quad_spi_0/U0/NO_DUAL_QUAD_MODE.QSPI_NORMAL/QSPI_LEGACY_MD_GEN.QSPI_CORE_INTERFACE_I/FIFO_EXISTS.RX_FIFO_II/gnuram_async_fifo.xpm_fifo_base_inst/gen_sdpram.xpm_memory_base_inst/gen_wr_a.gen_word_narrow.mem_reg_0_15_0_7/RAMA_D1/CLK
Low Pulse Width   Fast    RAMD32/CLK  n/a            0.762         5.000       4.238      SLICE_X13Y154      spi_module_i/axi_quad_spi_0/U0/NO_DUAL_QUAD_MODE.QSPI_NORMAL/QSPI_LEGACY_MD_GEN.QSPI_CORE_INTERFACE_I/FIFO_EXISTS.RX_FIFO_II/gnuram_async_fifo.xpm_fifo_base_inst/gen_sdpram.xpm_memory_base_inst/gen_wr_a.gen_word_narrow.mem_reg_0_15_0_7/RAMA_D1/CLK
Low Pulse Width   Slow    RAMD32/CLK  n/a            0.762         5.000       4.238      SLICE_X13Y154      spi_module_i/axi_quad_spi_0/U0/NO_DUAL_QUAD_MODE.QSPI_NORMAL/QSPI_LEGACY_MD_GEN.QSPI_CORE_INTERFACE_I/FIFO_EXISTS.RX_FIFO_II/gnuram_async_fifo.xpm_fifo_base_inst/gen_sdpram.xpm_memory_base_inst/gen_wr_a.gen_word_narrow.mem_reg_0_15_0_7/RAMB/CLK
Low Pulse Width   Fast    RAMD32/CLK  n/a            0.762         5.000       4.238      SLICE_X13Y154      spi_module_i/axi_quad_spi_0/U0/NO_DUAL_QUAD_MODE.QSPI_NORMAL/QSPI_LEGACY_MD_GEN.QSPI_CORE_INTERFACE_I/FIFO_EXISTS.RX_FIFO_II/gnuram_async_fifo.xpm_fifo_base_inst/gen_sdpram.xpm_memory_base_inst/gen_wr_a.gen_word_narrow.mem_reg_0_15_0_7/RAMB/CLK
High Pulse Width  Slow    FDRE/C      n/a            4.000         5.000       1.000      HDIOLOGIC_S_X0Y27  spi_module_i/axi_quad_spi_0/U0/NO_DUAL_QUAD_MODE.QSPI_NORMAL/IO0_I_REG/C
High Pulse Width  Fast    FDRE/C      n/a            4.000         5.000       1.000      HDIOLOGIC_S_X0Y27  spi_module_i/axi_quad_spi_0/U0/NO_DUAL_QUAD_MODE.QSPI_NORMAL/IO0_I_REG/C
High Pulse Width  Slow    FDRE/C      n/a            4.000         5.000       1.000      HDIOLOGIC_M_X0Y30  spi_module_i/axi_quad_spi_0/U0/NO_DUAL_QUAD_MODE.QSPI_NORMAL/IO1_I_REG/C
High Pulse Width  Fast    FDRE/C      n/a            4.000         5.000       1.000      HDIOLOGIC_M_X0Y30  spi_module_i/axi_quad_spi_0/U0/NO_DUAL_QUAD_MODE.QSPI_NORMAL/IO1_I_REG/C
High Pulse Width  Slow    RAMD32/CLK  n/a            0.762         5.000       4.238      SLICE_X13Y154      spi_module_i/axi_quad_spi_0/U0/NO_DUAL_QUAD_MODE.QSPI_NORMAL/QSPI_LEGACY_MD_GEN.QSPI_CORE_INTERFACE_I/FIFO_EXISTS.RX_FIFO_II/gnuram_async_fifo.xpm_fifo_base_inst/gen_sdpram.xpm_memory_base_inst/gen_wr_a.gen_word_narrow.mem_reg_0_15_0_7/RAMA/CLK
High Pulse Width  Fast    RAMD32/CLK  n/a            0.762         5.000       4.238      SLICE_X13Y154      spi_module_i/axi_quad_spi_0/U0/NO_DUAL_QUAD_MODE.QSPI_NORMAL/QSPI_LEGACY_MD_GEN.QSPI_CORE_INTERFACE_I/FIFO_EXISTS.RX_FIFO_II/gnuram_async_fifo.xpm_fifo_base_inst/gen_sdpram.xpm_memory_base_inst/gen_wr_a.gen_word_narrow.mem_reg_0_15_0_7/RAMA/CLK
High Pulse Width  Slow    RAMD32/CLK  n/a            0.762         5.000       4.238      SLICE_X13Y154      spi_module_i/axi_quad_spi_0/U0/NO_DUAL_QUAD_MODE.QSPI_NORMAL/QSPI_LEGACY_MD_GEN.QSPI_CORE_INTERFACE_I/FIFO_EXISTS.RX_FIFO_II/gnuram_async_fifo.xpm_fifo_base_inst/gen_sdpram.xpm_memory_base_inst/gen_wr_a.gen_word_narrow.mem_reg_0_15_0_7/RAMA_D1/CLK
High Pulse Width  Fast    RAMD32/CLK  n/a            0.762         5.000       4.238      SLICE_X13Y154      spi_module_i/axi_quad_spi_0/U0/NO_DUAL_QUAD_MODE.QSPI_NORMAL/QSPI_LEGACY_MD_GEN.QSPI_CORE_INTERFACE_I/FIFO_EXISTS.RX_FIFO_II/gnuram_async_fifo.xpm_fifo_base_inst/gen_sdpram.xpm_memory_base_inst/gen_wr_a.gen_word_narrow.mem_reg_0_15_0_7/RAMA_D1/CLK
High Pulse Width  Slow    RAMD32/CLK  n/a            0.762         5.000       4.238      SLICE_X13Y154      spi_module_i/axi_quad_spi_0/U0/NO_DUAL_QUAD_MODE.QSPI_NORMAL/QSPI_LEGACY_MD_GEN.QSPI_CORE_INTERFACE_I/FIFO_EXISTS.RX_FIFO_II/gnuram_async_fifo.xpm_fifo_base_inst/gen_sdpram.xpm_memory_base_inst/gen_wr_a.gen_word_narrow.mem_reg_0_15_0_7/RAMB/CLK
High Pulse Width  Fast    RAMD32/CLK  n/a            0.762         5.000       4.238      SLICE_X13Y154      spi_module_i/axi_quad_spi_0/U0/NO_DUAL_QUAD_MODE.QSPI_NORMAL/QSPI_LEGACY_MD_GEN.QSPI_CORE_INTERFACE_I/FIFO_EXISTS.RX_FIFO_II/gnuram_async_fifo.xpm_fifo_base_inst/gen_sdpram.xpm_memory_base_inst/gen_wr_a.gen_word_narrow.mem_reg_0_15_0_7/RAMB/CLK



---------------------------------------------------------------------------------------------------
From Clock:  clk_out1_spi_module_clk_wiz_0
  To Clock:  clk_pl_0

Setup :            0  Failing Endpoints,  Worst Slack        8.972ns,  Total Violation        0.000ns
Hold  :           NA  Failing Endpoints,  Worst Slack           NA  ,  Total Violation           NA
---------------------------------------------------------------------------------------------------


Max Delay Paths
--------------------------------------------------------------------------------------
Slack (MET) :             8.972ns  (required time - arrival time)
  Source:                 spi_module_i/axi_quad_spi_0/U0/NO_DUAL_QUAD_MODE.QSPI_NORMAL/QSPI_LEGACY_MD_GEN.QSPI_CORE_INTERFACE_I/FIFO_EXISTS.RX_FIFO_II/gnuram_async_fifo.xpm_fifo_base_inst/gen_sdpram.xpm_memory_base_inst/gen_wr_a.gen_word_narrow.mem_reg_0_15_0_7/RAMB/CLK
                            (rising edge-triggered cell RAMD32 clocked by clk_out1_spi_module_clk_wiz_0  {rise@0.000ns fall@5.000ns period=10.000ns})
  Destination:            spi_module_i/axi_quad_spi_0/U0/NO_DUAL_QUAD_MODE.QSPI_NORMAL/QSPI_LEGACY_MD_GEN.QSPI_CORE_INTERFACE_I/FIFO_EXISTS.RX_FIFO_II/gnuram_async_fifo.xpm_fifo_base_inst/gen_sdpram.xpm_memory_base_inst/gen_rd_b.gen_rd_b_synth_template.gen_nc_narrow_pipe.doutb_reg_reg[2]/D
                            (rising edge-triggered cell FDRE clocked by clk_pl_0  {rise@0.000ns fall@5.000ns period=10.000ns})
  Path Group:             clk_pl_0
  Path Type:              Setup (Max at Slow Process Corner)
  Requirement:            10.000ns  (MaxDelay Path 10.000ns)
  Data Path Delay:        1.071ns  (logic 0.412ns (38.469%)  route 0.659ns (61.531%))
  Logic Levels:           0  
  Timing Exception:       MaxDelay Path 10.000ns -datapath_only

    Location             Delay type                Incr(ns)  Path(ns)    Netlist Resource(s)
  -------------------------------------------------------------------    -------------------
    SLICE_X13Y154                                     0.000     0.000 r  spi_module_i/axi_quad_spi_0/U0/NO_DUAL_QUAD_MODE.QSPI_NORMAL/QSPI_LEGACY_MD_GEN.QSPI_CORE_INTERFACE_I/FIFO_EXISTS.RX_FIFO_II/gnuram_async_fifo.xpm_fifo_base_inst/gen_sdpram.xpm_memory_base_inst/gen_wr_a.gen_word_narrow.mem_reg_0_15_0_7/RAMB/CLK
    SLICE_X13Y154        RAMD32 (Prop_B5LUT_SLICEM_CLK_O)
                                                      0.412     0.412 r  spi_module_i/axi_quad_spi_0/U0/NO_DUAL_QUAD_MODE.QSPI_NORMAL/QSPI_LEGACY_MD_GEN.QSPI_CORE_INTERFACE_I/FIFO_EXISTS.RX_FIFO_II/gnuram_async_fifo.xpm_fifo_base_inst/gen_sdpram.xpm_memory_base_inst/gen_wr_a.gen_word_narrow.mem_reg_0_15_0_7/RAMB/O
                         net (fo=1, routed)           0.659     1.071    spi_module_i/axi_quad_spi_0/U0/NO_DUAL_QUAD_MODE.QSPI_NORMAL/QSPI_LEGACY_MD_GEN.QSPI_CORE_INTERFACE_I/FIFO_EXISTS.RX_FIFO_II/gnuram_async_fifo.xpm_fifo_base_inst/gen_sdpram.xpm_memory_base_inst/gen_rd_b.gen_rd_b_synth_template.gen_nc_narrow_pipe.doutb_reg_reg0[2]
    SLICE_X13Y153        FDRE                                         r  spi_module_i/axi_quad_spi_0/U0/NO_DUAL_QUAD_MODE.QSPI_NORMAL/QSPI_LEGACY_MD_GEN.QSPI_CORE_INTERFACE_I/FIFO_EXISTS.RX_FIFO_II/gnuram_async_fifo.xpm_fifo_base_inst/gen_sdpram.xpm_memory_base_inst/gen_rd_b.gen_rd_b_synth_template.gen_nc_narrow_pipe.doutb_reg_reg[2]/D
  -------------------------------------------------------------------    -------------------

                         max delay                   10.000    10.000    
    SLICE_X13Y153        FDRE (Setup_BFF_SLICEM_C_D)
                                                      0.043    10.043    spi_module_i/axi_quad_spi_0/U0/NO_DUAL_QUAD_MODE.QSPI_NORMAL/QSPI_LEGACY_MD_GEN.QSPI_CORE_INTERFACE_I/FIFO_EXISTS.RX_FIFO_II/gnuram_async_fifo.xpm_fifo_base_inst/gen_sdpram.xpm_memory_base_inst/gen_rd_b.gen_rd_b_synth_template.gen_nc_narrow_pipe.doutb_reg_reg[2]
  -------------------------------------------------------------------
                         required time                         10.043    
                         arrival time                          -1.071    
  -------------------------------------------------------------------
                         slack                                  8.972    

Slack (MET) :             9.212ns  (required time - arrival time)
  Source:                 spi_module_i/axi_quad_spi_0/U0/NO_DUAL_QUAD_MODE.QSPI_NORMAL/QSPI_LEGACY_MD_GEN.QSPI_CORE_INTERFACE_I/FIFO_EXISTS.RX_FIFO_II/gnuram_async_fifo.xpm_fifo_base_inst/gen_sdpram.xpm_memory_base_inst/gen_wr_a.gen_word_narrow.mem_reg_0_15_0_7/RAMC_D1/CLK
                            (rising edge-triggered cell RAMD32 clocked by clk_out1_spi_module_clk_wiz_0  {rise@0.000ns fall@5.000ns period=10.000ns})
  Destination:            spi_module_i/axi_quad_spi_0/U0/NO_DUAL_QUAD_MODE.QSPI_NORMAL/QSPI_LEGACY_MD_GEN.QSPI_CORE_INTERFACE_I/FIFO_EXISTS.RX_FIFO_II/gnuram_async_fifo.xpm_fifo_base_inst/gen_sdpram.xpm_memory_base_inst/gen_rd_b.gen_rd_b_synth_template.gen_nc_narrow_pipe.doutb_reg_reg[5]/D
                            (rising edge-triggered cell FDRE clocked by clk_pl_0  {rise@0.000ns fall@5.000ns period=10.000ns})
  Path Group:             clk_pl_0
  Path Type:              Setup (Max at Slow Process Corner)
  Requirement:            10.000ns  (MaxDelay Path 10.000ns)
  Data Path Delay:        0.833ns  (logic 0.433ns (51.981%)  route 0.400ns (48.019%))
  Logic Levels:           0  
  Timing Exception:       MaxDelay Path 10.000ns -datapath_only

    Location             Delay type                Incr(ns)  Path(ns)    Netlist Resource(s)
  -------------------------------------------------------------------    -------------------
    SLICE_X13Y154                                     0.000     0.000 r  spi_module_i/axi_quad_spi_0/U0/NO_DUAL_QUAD_MODE.QSPI_NORMAL/QSPI_LEGACY_MD_GEN.QSPI_CORE_INTERFACE_I/FIFO_EXISTS.RX_FIFO_II/gnuram_async_fifo.xpm_fifo_base_inst/gen_sdpram.xpm_memory_base_inst/gen_wr_a.gen_word_narrow.mem_reg_0_15_0_7/RAMC_D1/CLK
    SLICE_X13Y154        RAMD32 (Prop_C6LUT_SLICEM_CLK_O)
                                                      0.433     0.433 r  spi_module_i/axi_quad_spi_0/U0/NO_DUAL_QUAD_MODE.QSPI_NORMAL/QSPI_LEGACY_MD_GEN.QSPI_CORE_INTERFACE_I/FIFO_EXISTS.RX_FIFO_II/gnuram_async_fifo.xpm_fifo_base_inst/gen_sdpram.xpm_memory_base_inst/gen_wr_a.gen_word_narrow.mem_reg_0_15_0_7/RAMC_D1/O
                         net (fo=1, routed)           0.400     0.833    spi_module_i/axi_quad_spi_0/U0/NO_DUAL_QUAD_MODE.QSPI_NORMAL/QSPI_LEGACY_MD_GEN.QSPI_CORE_INTERFACE_I/FIFO_EXISTS.RX_FIFO_II/gnuram_async_fifo.xpm_fifo_base_inst/gen_sdpram.xpm_memory_base_inst/gen_rd_b.gen_rd_b_synth_template.gen_nc_narrow_pipe.doutb_reg_reg0[5]
    SLICE_X13Y153        FDRE                                         r  spi_module_i/axi_quad_spi_0/U0/NO_DUAL_QUAD_MODE.QSPI_NORMAL/QSPI_LEGACY_MD_GEN.QSPI_CORE_INTERFACE_I/FIFO_EXISTS.RX_FIFO_II/gnuram_async_fifo.xpm_fifo_base_inst/gen_sdpram.xpm_memory_base_inst/gen_rd_b.gen_rd_b_synth_template.gen_nc_narrow_pipe.doutb_reg_reg[5]/D
  -------------------------------------------------------------------    -------------------

                         max delay                   10.000    10.000    
    SLICE_X13Y153        FDRE (Setup_CFF2_SLICEM_C_D)
                                                      0.045    10.045    spi_module_i/axi_quad_spi_0/U0/NO_DUAL_QUAD_MODE.QSPI_NORMAL/QSPI_LEGACY_MD_GEN.QSPI_CORE_INTERFACE_I/FIFO_EXISTS.RX_FIFO_II/gnuram_async_fifo.xpm_fifo_base_inst/gen_sdpram.xpm_memory_base_inst/gen_rd_b.gen_rd_b_synth_template.gen_nc_narrow_pipe.doutb_reg_reg[5]
  -------------------------------------------------------------------
                         required time                         10.045    
                         arrival time                          -0.833    
  -------------------------------------------------------------------
                         slack                                  9.212    

Slack (MET) :             9.258ns  (required time - arrival time)
  Source:                 spi_module_i/axi_quad_spi_0/U0/NO_DUAL_QUAD_MODE.QSPI_NORMAL/QSPI_LEGACY_MD_GEN.QSPI_CORE_INTERFACE_I/FIFO_EXISTS.RX_FIFO_II/gnuram_async_fifo.xpm_fifo_base_inst/gen_sdpram.xpm_memory_base_inst/gen_wr_a.gen_word_narrow.mem_reg_0_15_0_7/RAMA_D1/CLK
                            (rising edge-triggered cell RAMD32 clocked by clk_out1_spi_module_clk_wiz_0  {rise@0.000ns fall@5.000ns period=10.000ns})
  Destination:            spi_module_i/axi_quad_spi_0/U0/NO_DUAL_QUAD_MODE.QSPI_NORMAL/QSPI_LEGACY_MD_GEN.QSPI_CORE_INTERFACE_I/FIFO_EXISTS.RX_FIFO_II/gnuram_async_fifo.xpm_fifo_base_inst/gen_sdpram.xpm_memory_base_inst/gen_rd_b.gen_rd_b_synth_template.gen_nc_narrow_pipe.doutb_reg_reg[1]/D
                            (rising edge-triggered cell FDRE clocked by clk_pl_0  {rise@0.000ns fall@5.000ns period=10.000ns})
  Path Group:             clk_pl_0
  Path Type:              Setup (Max at Slow Process Corner)
  Requirement:            10.000ns  (MaxDelay Path 10.000ns)
  Data Path Delay:        0.787ns  (logic 0.430ns (54.638%)  route 0.357ns (45.362%))
  Logic Levels:           0  
  Timing Exception:       MaxDelay Path 10.000ns -datapath_only

    Location             Delay type                Incr(ns)  Path(ns)    Netlist Resource(s)
  -------------------------------------------------------------------    -------------------
    SLICE_X13Y154                                     0.000     0.000 r  spi_module_i/axi_quad_spi_0/U0/NO_DUAL_QUAD_MODE.QSPI_NORMAL/QSPI_LEGACY_MD_GEN.QSPI_CORE_INTERFACE_I/FIFO_EXISTS.RX_FIFO_II/gnuram_async_fifo.xpm_fifo_base_inst/gen_sdpram.xpm_memory_base_inst/gen_wr_a.gen_word_narrow.mem_reg_0_15_0_7/RAMA_D1/CLK
    SLICE_X13Y154        RAMD32 (Prop_A6LUT_SLICEM_CLK_O)
                                                      0.430     0.430 r  spi_module_i/axi_quad_spi_0/U0/NO_DUAL_QUAD_MODE.QSPI_NORMAL/QSPI_LEGACY_MD_GEN.QSPI_CORE_INTERFACE_I/FIFO_EXISTS.RX_FIFO_II/gnuram_async_fifo.xpm_fifo_base_inst/gen_sdpram.xpm_memory_base_inst/gen_wr_a.gen_word_narrow.mem_reg_0_15_0_7/RAMA_D1/O
                         net (fo=1, routed)           0.357     0.787    spi_module_i/axi_quad_spi_0/U0/NO_DUAL_QUAD_MODE.QSPI_NORMAL/QSPI_LEGACY_MD_GEN.QSPI_CORE_INTERFACE_I/FIFO_EXISTS.RX_FIFO_II/gnuram_async_fifo.xpm_fifo_base_inst/gen_sdpram.xpm_memory_base_inst/gen_rd_b.gen_rd_b_synth_template.gen_nc_narrow_pipe.doutb_reg_reg0[1]
    SLICE_X13Y153        FDRE                                         r  spi_module_i/axi_quad_spi_0/U0/NO_DUAL_QUAD_MODE.QSPI_NORMAL/QSPI_LEGACY_MD_GEN.QSPI_CORE_INTERFACE_I/FIFO_EXISTS.RX_FIFO_II/gnuram_async_fifo.xpm_fifo_base_inst/gen_sdpram.xpm_memory_base_inst/gen_rd_b.gen_rd_b_synth_template.gen_nc_narrow_pipe.doutb_reg_reg[1]/D
  -------------------------------------------------------------------    -------------------

                         max delay                   10.000    10.000    
    SLICE_X13Y153        FDRE (Setup_AFF2_SLICEM_C_D)
                                                      0.045    10.045    spi_module_i/axi_quad_spi_0/U0/NO_DUAL_QUAD_MODE.QSPI_NORMAL/QSPI_LEGACY_MD_GEN.QSPI_CORE_INTERFACE_I/FIFO_EXISTS.RX_FIFO_II/gnuram_async_fifo.xpm_fifo_base_inst/gen_sdpram.xpm_memory_base_inst/gen_rd_b.gen_rd_b_synth_template.gen_nc_narrow_pipe.doutb_reg_reg[1]
  -------------------------------------------------------------------
                         required time                         10.045    
                         arrival time                          -0.787    
  -------------------------------------------------------------------
                         slack                                  9.258    

Slack (MET) :             9.259ns  (required time - arrival time)
  Source:                 spi_module_i/axi_quad_spi_0/U0/NO_DUAL_QUAD_MODE.QSPI_NORMAL/QSPI_LEGACY_MD_GEN.QSPI_CORE_INTERFACE_I/FIFO_EXISTS.RX_FIFO_II/gnuram_async_fifo.xpm_fifo_base_inst/gen_sdpram.xpm_memory_base_inst/gen_wr_a.gen_word_narrow.mem_reg_0_15_0_7/RAMC/CLK
                            (rising edge-triggered cell RAMD32 clocked by clk_out1_spi_module_clk_wiz_0  {rise@0.000ns fall@5.000ns period=10.000ns})
  Destination:            spi_module_i/axi_quad_spi_0/U0/NO_DUAL_QUAD_MODE.QSPI_NORMAL/QSPI_LEGACY_MD_GEN.QSPI_CORE_INTERFACE_I/FIFO_EXISTS.RX_FIFO_II/gnuram_async_fifo.xpm_fifo_base_inst/gen_sdpram.xpm_memory_base_inst/gen_rd_b.gen_rd_b_synth_template.gen_nc_narrow_pipe.doutb_reg_reg[4]/D
                            (rising edge-triggered cell FDRE clocked by clk_pl_0  {rise@0.000ns fall@5.000ns period=10.000ns})
  Path Group:             clk_pl_0
  Path Type:              Setup (Max at Slow Process Corner)
  Requirement:            10.000ns  (MaxDelay Path 10.000ns)
  Data Path Delay:        0.784ns  (logic 0.410ns (52.296%)  route 0.374ns (47.704%))
  Logic Levels:           0  
  Timing Exception:       MaxDelay Path 10.000ns -datapath_only

    Location             Delay type                Incr(ns)  Path(ns)    Netlist Resource(s)
  -------------------------------------------------------------------    -------------------
    SLICE_X13Y154                                     0.000     0.000 r  spi_module_i/axi_quad_spi_0/U0/NO_DUAL_QUAD_MODE.QSPI_NORMAL/QSPI_LEGACY_MD_GEN.QSPI_CORE_INTERFACE_I/FIFO_EXISTS.RX_FIFO_II/gnuram_async_fifo.xpm_fifo_base_inst/gen_sdpram.xpm_memory_base_inst/gen_wr_a.gen_word_narrow.mem_reg_0_15_0_7/RAMC/CLK
    SLICE_X13Y154        RAMD32 (Prop_C5LUT_SLICEM_CLK_O)
                                                      0.410     0.410 r  spi_module_i/axi_quad_spi_0/U0/NO_DUAL_QUAD_MODE.QSPI_NORMAL/QSPI_LEGACY_MD_GEN.QSPI_CORE_INTERFACE_I/FIFO_EXISTS.RX_FIFO_II/gnuram_async_fifo.xpm_fifo_base_inst/gen_sdpram.xpm_memory_base_inst/gen_wr_a.gen_word_narrow.mem_reg_0_15_0_7/RAMC/O
                         net (fo=1, routed)           0.374     0.784    spi_module_i/axi_quad_spi_0/U0/NO_DUAL_QUAD_MODE.QSPI_NORMAL/QSPI_LEGACY_MD_GEN.QSPI_CORE_INTERFACE_I/FIFO_EXISTS.RX_FIFO_II/gnuram_async_fifo.xpm_fifo_base_inst/gen_sdpram.xpm_memory_base_inst/gen_rd_b.gen_rd_b_synth_template.gen_nc_narrow_pipe.doutb_reg_reg0[4]
    SLICE_X13Y153        FDRE                                         r  spi_module_i/axi_quad_spi_0/U0/NO_DUAL_QUAD_MODE.QSPI_NORMAL/QSPI_LEGACY_MD_GEN.QSPI_CORE_INTERFACE_I/FIFO_EXISTS.RX_FIFO_II/gnuram_async_fifo.xpm_fifo_base_inst/gen_sdpram.xpm_memory_base_inst/gen_rd_b.gen_rd_b_synth_template.gen_nc_narrow_pipe.doutb_reg_reg[4]/D
  -------------------------------------------------------------------    -------------------

                         max delay                   10.000    10.000    
    SLICE_X13Y153        FDRE (Setup_CFF_SLICEM_C_D)
                                                      0.043    10.043    spi_module_i/axi_quad_spi_0/U0/NO_DUAL_QUAD_MODE.QSPI_NORMAL/QSPI_LEGACY_MD_GEN.QSPI_CORE_INTERFACE_I/FIFO_EXISTS.RX_FIFO_II/gnuram_async_fifo.xpm_fifo_base_inst/gen_sdpram.xpm_memory_base_inst/gen_rd_b.gen_rd_b_synth_template.gen_nc_narrow_pipe.doutb_reg_reg[4]
  -------------------------------------------------------------------
                         required time                         10.043    
                         arrival time                          -0.784    
  -------------------------------------------------------------------
                         slack                                  9.259    

Slack (MET) :             9.270ns  (required time - arrival time)
  Source:                 spi_module_i/axi_quad_spi_0/U0/NO_DUAL_QUAD_MODE.QSPI_NORMAL/QSPI_LEGACY_MD_GEN.QSPI_CORE_INTERFACE_I/FIFO_EXISTS.RX_FIFO_II/gnuram_async_fifo.xpm_fifo_base_inst/gen_sdpram.xpm_memory_base_inst/gen_wr_a.gen_word_narrow.mem_reg_0_15_0_7/RAMA/CLK
                            (rising edge-triggered cell RAMD32 clocked by clk_out1_spi_module_clk_wiz_0  {rise@0.000ns fall@5.000ns period=10.000ns})
  Destination:            spi_module_i/axi_quad_spi_0/U0/NO_DUAL_QUAD_MODE.QSPI_NORMAL/QSPI_LEGACY_MD_GEN.QSPI_CORE_INTERFACE_I/FIFO_EXISTS.RX_FIFO_II/gnuram_async_fifo.xpm_fifo_base_inst/gen_sdpram.xpm_memory_base_inst/gen_rd_b.gen_rd_b_synth_template.gen_nc_narrow_pipe.doutb_reg_reg[0]/D
                            (rising edge-triggered cell FDRE clocked by clk_pl_0  {rise@0.000ns fall@5.000ns period=10.000ns})
  Path Group:             clk_pl_0
  Path Type:              Setup (Max at Slow Process Corner)
  Requirement:            10.000ns  (MaxDelay Path 10.000ns)
  Data Path Delay:        0.774ns  (logic 0.409ns (52.842%)  route 0.365ns (47.158%))
  Logic Levels:           0  
  Timing Exception:       MaxDelay Path 10.000ns -datapath_only

    Location             Delay type                Incr(ns)  Path(ns)    Netlist Resource(s)
  -------------------------------------------------------------------    -------------------
    SLICE_X13Y154                                     0.000     0.000 r  spi_module_i/axi_quad_spi_0/U0/NO_DUAL_QUAD_MODE.QSPI_NORMAL/QSPI_LEGACY_MD_GEN.QSPI_CORE_INTERFACE_I/FIFO_EXISTS.RX_FIFO_II/gnuram_async_fifo.xpm_fifo_base_inst/gen_sdpram.xpm_memory_base_inst/gen_wr_a.gen_word_narrow.mem_reg_0_15_0_7/RAMA/CLK
    SLICE_X13Y154        RAMD32 (Prop_A5LUT_SLICEM_CLK_O)
                                                      0.409     0.409 r  spi_module_i/axi_quad_spi_0/U0/NO_DUAL_QUAD_MODE.QSPI_NORMAL/QSPI_LEGACY_MD_GEN.QSPI_CORE_INTERFACE_I/FIFO_EXISTS.RX_FIFO_II/gnuram_async_fifo.xpm_fifo_base_inst/gen_sdpram.xpm_memory_base_inst/gen_wr_a.gen_word_narrow.mem_reg_0_15_0_7/RAMA/O
                         net (fo=1, routed)           0.365     0.774    spi_module_i/axi_quad_spi_0/U0/NO_DUAL_QUAD_MODE.QSPI_NORMAL/QSPI_LEGACY_MD_GEN.QSPI_CORE_INTERFACE_I/FIFO_EXISTS.RX_FIFO_II/gnuram_async_fifo.xpm_fifo_base_inst/gen_sdpram.xpm_memory_base_inst/gen_rd_b.gen_rd_b_synth_template.gen_nc_narrow_pipe.doutb_reg_reg0[0]
    SLICE_X13Y153        FDRE                                         r  spi_module_i/axi_quad_spi_0/U0/NO_DUAL_QUAD_MODE.QSPI_NORMAL/QSPI_LEGACY_MD_GEN.QSPI_CORE_INTERFACE_I/FIFO_EXISTS.RX_FIFO_II/gnuram_async_fifo.xpm_fifo_base_inst/gen_sdpram.xpm_memory_base_inst/gen_rd_b.gen_rd_b_synth_template.gen_nc_narrow_pipe.doutb_reg_reg[0]/D
  -------------------------------------------------------------------    -------------------

                         max delay                   10.000    10.000    
    SLICE_X13Y153        FDRE (Setup_AFF_SLICEM_C_D)
                                                      0.044    10.044    spi_module_i/axi_quad_spi_0/U0/NO_DUAL_QUAD_MODE.QSPI_NORMAL/QSPI_LEGACY_MD_GEN.QSPI_CORE_INTERFACE_I/FIFO_EXISTS.RX_FIFO_II/gnuram_async_fifo.xpm_fifo_base_inst/gen_sdpram.xpm_memory_base_inst/gen_rd_b.gen_rd_b_synth_template.gen_nc_narrow_pipe.doutb_reg_reg[0]
  -------------------------------------------------------------------
                         required time                         10.044    
                         arrival time                          -0.774    
  -------------------------------------------------------------------
                         slack                                  9.270    

Slack (MET) :             9.322ns  (required time - arrival time)
  Source:                 spi_module_i/axi_quad_spi_0/U0/NO_DUAL_QUAD_MODE.QSPI_NORMAL/QSPI_LEGACY_MD_GEN.QSPI_CORE_INTERFACE_I/FIFO_EXISTS.RX_FIFO_II/gnuram_async_fifo.xpm_fifo_base_inst/gen_sdpram.xpm_memory_base_inst/gen_wr_a.gen_word_narrow.mem_reg_0_15_0_7/RAMD/CLK
                            (rising edge-triggered cell RAMD32 clocked by clk_out1_spi_module_clk_wiz_0  {rise@0.000ns fall@5.000ns period=10.000ns})
  Destination:            spi_module_i/axi_quad_spi_0/U0/NO_DUAL_QUAD_MODE.QSPI_NORMAL/QSPI_LEGACY_MD_GEN.QSPI_CORE_INTERFACE_I/FIFO_EXISTS.RX_FIFO_II/gnuram_async_fifo.xpm_fifo_base_inst/gen_sdpram.xpm_memory_base_inst/gen_rd_b.gen_rd_b_synth_template.gen_nc_narrow_pipe.doutb_reg_reg[6]/D
                            (rising edge-triggered cell FDRE clocked by clk_pl_0  {rise@0.000ns fall@5.000ns period=10.000ns})
  Path Group:             clk_pl_0
  Path Type:              Setup (Max at Slow Process Corner)
  Requirement:            10.000ns  (MaxDelay Path 10.000ns)
  Data Path Delay:        0.721ns  (logic 0.406ns (56.311%)  route 0.315ns (43.689%))
  Logic Levels:           0  
  Timing Exception:       MaxDelay Path 10.000ns -datapath_only

    Location             Delay type                Incr(ns)  Path(ns)    Netlist Resource(s)
  -------------------------------------------------------------------    -------------------
    SLICE_X13Y154                                     0.000     0.000 r  spi_module_i/axi_quad_spi_0/U0/NO_DUAL_QUAD_MODE.QSPI_NORMAL/QSPI_LEGACY_MD_GEN.QSPI_CORE_INTERFACE_I/FIFO_EXISTS.RX_FIFO_II/gnuram_async_fifo.xpm_fifo_base_inst/gen_sdpram.xpm_memory_base_inst/gen_wr_a.gen_word_narrow.mem_reg_0_15_0_7/RAMD/CLK
    SLICE_X13Y154        RAMD32 (Prop_D5LUT_SLICEM_CLK_O)
                                                      0.406     0.406 r  spi_module_i/axi_quad_spi_0/U0/NO_DUAL_QUAD_MODE.QSPI_NORMAL/QSPI_LEGACY_MD_GEN.QSPI_CORE_INTERFACE_I/FIFO_EXISTS.RX_FIFO_II/gnuram_async_fifo.xpm_fifo_base_inst/gen_sdpram.xpm_memory_base_inst/gen_wr_a.gen_word_narrow.mem_reg_0_15_0_7/RAMD/O
                         net (fo=1, routed)           0.315     0.721    spi_module_i/axi_quad_spi_0/U0/NO_DUAL_QUAD_MODE.QSPI_NORMAL/QSPI_LEGACY_MD_GEN.QSPI_CORE_INTERFACE_I/FIFO_EXISTS.RX_FIFO_II/gnuram_async_fifo.xpm_fifo_base_inst/gen_sdpram.xpm_memory_base_inst/gen_rd_b.gen_rd_b_synth_template.gen_nc_narrow_pipe.doutb_reg_reg0[6]
    SLICE_X13Y153        FDRE                                         r  spi_module_i/axi_quad_spi_0/U0/NO_DUAL_QUAD_MODE.QSPI_NORMAL/QSPI_LEGACY_MD_GEN.QSPI_CORE_INTERFACE_I/FIFO_EXISTS.RX_FIFO_II/gnuram_async_fifo.xpm_fifo_base_inst/gen_sdpram.xpm_memory_base_inst/gen_rd_b.gen_rd_b_synth_template.gen_nc_narrow_pipe.doutb_reg_reg[6]/D
  -------------------------------------------------------------------    -------------------

                         max delay                   10.000    10.000    
    SLICE_X13Y153        FDRE (Setup_DFF_SLICEM_C_D)
                                                      0.043    10.043    spi_module_i/axi_quad_spi_0/U0/NO_DUAL_QUAD_MODE.QSPI_NORMAL/QSPI_LEGACY_MD_GEN.QSPI_CORE_INTERFACE_I/FIFO_EXISTS.RX_FIFO_II/gnuram_async_fifo.xpm_fifo_base_inst/gen_sdpram.xpm_memory_base_inst/gen_rd_b.gen_rd_b_synth_template.gen_nc_narrow_pipe.doutb_reg_reg[6]
  -------------------------------------------------------------------
                         required time                         10.043    
                         arrival time                          -0.721    
  -------------------------------------------------------------------
                         slack                                  9.322    

Slack (MET) :             9.383ns  (required time - arrival time)
  Source:                 spi_module_i/axi_quad_spi_0/U0/NO_DUAL_QUAD_MODE.QSPI_NORMAL/QSPI_LEGACY_MD_GEN.QSPI_CORE_INTERFACE_I/FIFO_EXISTS.RX_FIFO_II/gnuram_async_fifo.xpm_fifo_base_inst/gen_sdpram.xpm_memory_base_inst/gen_wr_a.gen_word_narrow.mem_reg_0_15_0_7/RAMB_D1/CLK
                            (rising edge-triggered cell RAMD32 clocked by clk_out1_spi_module_clk_wiz_0  {rise@0.000ns fall@5.000ns period=10.000ns})
  Destination:            spi_module_i/axi_quad_spi_0/U0/NO_DUAL_QUAD_MODE.QSPI_NORMAL/QSPI_LEGACY_MD_GEN.QSPI_CORE_INTERFACE_I/FIFO_EXISTS.RX_FIFO_II/gnuram_async_fifo.xpm_fifo_base_inst/gen_sdpram.xpm_memory_base_inst/gen_rd_b.gen_rd_b_synth_template.gen_nc_narrow_pipe.doutb_reg_reg[3]/D
                            (rising edge-triggered cell FDRE clocked by clk_pl_0  {rise@0.000ns fall@5.000ns period=10.000ns})
  Path Group:             clk_pl_0
  Path Type:              Setup (Max at Slow Process Corner)
  Requirement:            10.000ns  (MaxDelay Path 10.000ns)
  Data Path Delay:        0.662ns  (logic 0.430ns (64.955%)  route 0.232ns (35.045%))
  Logic Levels:           0  
  Timing Exception:       MaxDelay Path 10.000ns -datapath_only

    Location             Delay type                Incr(ns)  Path(ns)    Netlist Resource(s)
  -------------------------------------------------------------------    -------------------
    SLICE_X13Y154                                     0.000     0.000 r  spi_module_i/axi_quad_spi_0/U0/NO_DUAL_QUAD_MODE.QSPI_NORMAL/QSPI_LEGACY_MD_GEN.QSPI_CORE_INTERFACE_I/FIFO_EXISTS.RX_FIFO_II/gnuram_async_fifo.xpm_fifo_base_inst/gen_sdpram.xpm_memory_base_inst/gen_wr_a.gen_word_narrow.mem_reg_0_15_0_7/RAMB_D1/CLK
    SLICE_X13Y154        RAMD32 (Prop_B6LUT_SLICEM_CLK_O)
                                                      0.430     0.430 r  spi_module_i/axi_quad_spi_0/U0/NO_DUAL_QUAD_MODE.QSPI_NORMAL/QSPI_LEGACY_MD_GEN.QSPI_CORE_INTERFACE_I/FIFO_EXISTS.RX_FIFO_II/gnuram_async_fifo.xpm_fifo_base_inst/gen_sdpram.xpm_memory_base_inst/gen_wr_a.gen_word_narrow.mem_reg_0_15_0_7/RAMB_D1/O
                         net (fo=1, routed)           0.232     0.662    spi_module_i/axi_quad_spi_0/U0/NO_DUAL_QUAD_MODE.QSPI_NORMAL/QSPI_LEGACY_MD_GEN.QSPI_CORE_INTERFACE_I/FIFO_EXISTS.RX_FIFO_II/gnuram_async_fifo.xpm_fifo_base_inst/gen_sdpram.xpm_memory_base_inst/gen_rd_b.gen_rd_b_synth_template.gen_nc_narrow_pipe.doutb_reg_reg0[3]
    SLICE_X13Y153        FDRE                                         r  spi_module_i/axi_quad_spi_0/U0/NO_DUAL_QUAD_MODE.QSPI_NORMAL/QSPI_LEGACY_MD_GEN.QSPI_CORE_INTERFACE_I/FIFO_EXISTS.RX_FIFO_II/gnuram_async_fifo.xpm_fifo_base_inst/gen_sdpram.xpm_memory_base_inst/gen_rd_b.gen_rd_b_synth_template.gen_nc_narrow_pipe.doutb_reg_reg[3]/D
  -------------------------------------------------------------------    -------------------

                         max delay                   10.000    10.000    
    SLICE_X13Y153        FDRE (Setup_BFF2_SLICEM_C_D)
                                                      0.045    10.045    spi_module_i/axi_quad_spi_0/U0/NO_DUAL_QUAD_MODE.QSPI_NORMAL/QSPI_LEGACY_MD_GEN.QSPI_CORE_INTERFACE_I/FIFO_EXISTS.RX_FIFO_II/gnuram_async_fifo.xpm_fifo_base_inst/gen_sdpram.xpm_memory_base_inst/gen_rd_b.gen_rd_b_synth_template.gen_nc_narrow_pipe.doutb_reg_reg[3]
  -------------------------------------------------------------------
                         required time                         10.045    
                         arrival time                          -0.662    
  -------------------------------------------------------------------
                         slack                                  9.383    

Slack (MET) :             9.383ns  (required time - arrival time)
  Source:                 spi_module_i/axi_quad_spi_0/U0/NO_DUAL_QUAD_MODE.QSPI_NORMAL/QSPI_LEGACY_MD_GEN.QSPI_CORE_INTERFACE_I/FIFO_EXISTS.RX_FIFO_II/gnuram_async_fifo.xpm_fifo_base_inst/gen_sdpram.xpm_memory_base_inst/gen_wr_a.gen_word_narrow.mem_reg_0_15_0_7/RAMD_D1/CLK
                            (rising edge-triggered cell RAMD32 clocked by clk_out1_spi_module_clk_wiz_0  {rise@0.000ns fall@5.000ns period=10.000ns})
  Destination:            spi_module_i/axi_quad_spi_0/U0/NO_DUAL_QUAD_MODE.QSPI_NORMAL/QSPI_LEGACY_MD_GEN.QSPI_CORE_INTERFACE_I/FIFO_EXISTS.RX_FIFO_II/gnuram_async_fifo.xpm_fifo_base_inst/gen_sdpram.xpm_memory_base_inst/gen_rd_b.gen_rd_b_synth_template.gen_nc_narrow_pipe.doutb_reg_reg[7]/D
                            (rising edge-triggered cell FDRE clocked by clk_pl_0  {rise@0.000ns fall@5.000ns period=10.000ns})
  Path Group:             clk_pl_0
  Path Type:              Setup (Max at Slow Process Corner)
  Requirement:            10.000ns  (MaxDelay Path 10.000ns)
  Data Path Delay:        0.662ns  (logic 0.426ns (64.350%)  route 0.236ns (35.650%))
  Logic Levels:           0  
  Timing Exception:       MaxDelay Path 10.000ns -datapath_only

    Location             Delay type                Incr(ns)  Path(ns)    Netlist Resource(s)
  -------------------------------------------------------------------    -------------------
    SLICE_X13Y154                                     0.000     0.000 r  spi_module_i/axi_quad_spi_0/U0/NO_DUAL_QUAD_MODE.QSPI_NORMAL/QSPI_LEGACY_MD_GEN.QSPI_CORE_INTERFACE_I/FIFO_EXISTS.RX_FIFO_II/gnuram_async_fifo.xpm_fifo_base_inst/gen_sdpram.xpm_memory_base_inst/gen_wr_a.gen_word_narrow.mem_reg_0_15_0_7/RAMD_D1/CLK
    SLICE_X13Y154        RAMD32 (Prop_D6LUT_SLICEM_CLK_O)
                                                      0.426     0.426 r  spi_module_i/axi_quad_spi_0/U0/NO_DUAL_QUAD_MODE.QSPI_NORMAL/QSPI_LEGACY_MD_GEN.QSPI_CORE_INTERFACE_I/FIFO_EXISTS.RX_FIFO_II/gnuram_async_fifo.xpm_fifo_base_inst/gen_sdpram.xpm_memory_base_inst/gen_wr_a.gen_word_narrow.mem_reg_0_15_0_7/RAMD_D1/O
                         net (fo=1, routed)           0.236     0.662    spi_module_i/axi_quad_spi_0/U0/NO_DUAL_QUAD_MODE.QSPI_NORMAL/QSPI_LEGACY_MD_GEN.QSPI_CORE_INTERFACE_I/FIFO_EXISTS.RX_FIFO_II/gnuram_async_fifo.xpm_fifo_base_inst/gen_sdpram.xpm_memory_base_inst/gen_rd_b.gen_rd_b_synth_template.gen_nc_narrow_pipe.doutb_reg_reg0[7]
    SLICE_X13Y153        FDRE                                         r  spi_module_i/axi_quad_spi_0/U0/NO_DUAL_QUAD_MODE.QSPI_NORMAL/QSPI_LEGACY_MD_GEN.QSPI_CORE_INTERFACE_I/FIFO_EXISTS.RX_FIFO_II/gnuram_async_fifo.xpm_fifo_base_inst/gen_sdpram.xpm_memory_base_inst/gen_rd_b.gen_rd_b_synth_template.gen_nc_narrow_pipe.doutb_reg_reg[7]/D
  -------------------------------------------------------------------    -------------------

                         max delay                   10.000    10.000    
    SLICE_X13Y153        FDRE (Setup_DFF2_SLICEM_C_D)
                                                      0.045    10.045    spi_module_i/axi_quad_spi_0/U0/NO_DUAL_QUAD_MODE.QSPI_NORMAL/QSPI_LEGACY_MD_GEN.QSPI_CORE_INTERFACE_I/FIFO_EXISTS.RX_FIFO_II/gnuram_async_fifo.xpm_fifo_base_inst/gen_sdpram.xpm_memory_base_inst/gen_rd_b.gen_rd_b_synth_template.gen_nc_narrow_pipe.doutb_reg_reg[7]
  -------------------------------------------------------------------
                         required time                         10.045    
                         arrival time                          -0.662    
  -------------------------------------------------------------------
                         slack                                  9.383    

Slack (MET) :             9.453ns  (required time - arrival time)
  Source:                 spi_module_i/axi_quad_spi_0/U0/NO_DUAL_QUAD_MODE.QSPI_NORMAL/QSPI_LEGACY_MD_GEN.QSPI_CORE_INTERFACE_I/FIFO_EXISTS.RX_FIFO_II/gnuram_async_fifo.xpm_fifo_base_inst/gen_cdc_pntr.wr_pntr_cdc_inst/src_gray_ff_reg[0]/C
                            (rising edge-triggered cell FDRE clocked by clk_out1_spi_module_clk_wiz_0  {rise@0.000ns fall@5.000ns period=10.000ns})
  Destination:            spi_module_i/axi_quad_spi_0/U0/NO_DUAL_QUAD_MODE.QSPI_NORMAL/QSPI_LEGACY_MD_GEN.QSPI_CORE_INTERFACE_I/FIFO_EXISTS.RX_FIFO_II/gnuram_async_fifo.xpm_fifo_base_inst/gen_cdc_pntr.wr_pntr_cdc_inst/dest_graysync_ff_reg[0][0]/D
                            (rising edge-triggered cell FDRE clocked by clk_pl_0  {rise@0.000ns fall@5.000ns period=10.000ns})
  Path Group:             clk_pl_0
  Path Type:              Setup (Max at Slow Process Corner)
  Requirement:            10.000ns  (MaxDelay Path 10.000ns)
  Data Path Delay:        0.593ns  (logic 0.116ns (19.562%)  route 0.477ns (80.438%))
  Logic Levels:           0  
  Timing Exception:       MaxDelay Path 10.000ns -datapath_only

    Location             Delay type                Incr(ns)  Path(ns)    Netlist Resource(s)
  -------------------------------------------------------------------    -------------------
    SLICE_X12Y153                                     0.000     0.000 r  spi_module_i/axi_quad_spi_0/U0/NO_DUAL_QUAD_MODE.QSPI_NORMAL/QSPI_LEGACY_MD_GEN.QSPI_CORE_INTERFACE_I/FIFO_EXISTS.RX_FIFO_II/gnuram_async_fifo.xpm_fifo_base_inst/gen_cdc_pntr.wr_pntr_cdc_inst/src_gray_ff_reg[0]/C
    SLICE_X12Y153        FDRE (Prop_CFF_SLICEM_C_Q)
                                                      0.116     0.116 r  spi_module_i/axi_quad_spi_0/U0/NO_DUAL_QUAD_MODE.QSPI_NORMAL/QSPI_LEGACY_MD_GEN.QSPI_CORE_INTERFACE_I/FIFO_EXISTS.RX_FIFO_II/gnuram_async_fifo.xpm_fifo_base_inst/gen_cdc_pntr.wr_pntr_cdc_inst/src_gray_ff_reg[0]/Q
                         net (fo=1, routed)           0.477     0.593    spi_module_i/axi_quad_spi_0/U0/NO_DUAL_QUAD_MODE.QSPI_NORMAL/QSPI_LEGACY_MD_GEN.QSPI_CORE_INTERFACE_I/FIFO_EXISTS.RX_FIFO_II/gnuram_async_fifo.xpm_fifo_base_inst/gen_cdc_pntr.wr_pntr_cdc_inst/async_path[0]
    SLICE_X15Y153        FDRE                                         r  spi_module_i/axi_quad_spi_0/U0/NO_DUAL_QUAD_MODE.QSPI_NORMAL/QSPI_LEGACY_MD_GEN.QSPI_CORE_INTERFACE_I/FIFO_EXISTS.RX_FIFO_II/gnuram_async_fifo.xpm_fifo_base_inst/gen_cdc_pntr.wr_pntr_cdc_inst/dest_graysync_ff_reg[0][0]/D
  -------------------------------------------------------------------    -------------------

                         max delay                   10.000    10.000    
    SLICE_X15Y153        FDRE (Setup_HFF2_SLICEL_C_D)
                                                      0.046    10.046    spi_module_i/axi_quad_spi_0/U0/NO_DUAL_QUAD_MODE.QSPI_NORMAL/QSPI_LEGACY_MD_GEN.QSPI_CORE_INTERFACE_I/FIFO_EXISTS.RX_FIFO_II/gnuram_async_fifo.xpm_fifo_base_inst/gen_cdc_pntr.wr_pntr_cdc_inst/dest_graysync_ff_reg[0][0]
  -------------------------------------------------------------------
                         required time                         10.046    
                         arrival time                          -0.593    
  -------------------------------------------------------------------
                         slack                                  9.453    

Slack (MET) :             9.459ns  (required time - arrival time)
  Source:                 spi_module_i/axi_quad_spi_0/U0/NO_DUAL_QUAD_MODE.QSPI_NORMAL/QSPI_LEGACY_MD_GEN.QSPI_CORE_INTERFACE_I/FIFO_EXISTS.TX_FIFO_II/gnuram_async_fifo.xpm_fifo_base_inst/gen_cdc_pntr.rd_pntr_cdc_dc_inst/src_gray_ff_reg[2]/C
                            (rising edge-triggered cell FDRE clocked by clk_out1_spi_module_clk_wiz_0  {rise@0.000ns fall@5.000ns period=10.000ns})
  Destination:            spi_module_i/axi_quad_spi_0/U0/NO_DUAL_QUAD_MODE.QSPI_NORMAL/QSPI_LEGACY_MD_GEN.QSPI_CORE_INTERFACE_I/FIFO_EXISTS.TX_FIFO_II/gnuram_async_fifo.xpm_fifo_base_inst/gen_cdc_pntr.rd_pntr_cdc_dc_inst/dest_graysync_ff_reg[0][2]/D
                            (rising edge-triggered cell FDRE clocked by clk_pl_0  {rise@0.000ns fall@5.000ns period=10.000ns})
  Path Group:             clk_pl_0
  Path Type:              Setup (Max at Slow Process Corner)
  Requirement:            10.000ns  (MaxDelay Path 10.000ns)
  Data Path Delay:        0.587ns  (logic 0.113ns (19.250%)  route 0.474ns (80.750%))
  Logic Levels:           0  
  Timing Exception:       MaxDelay Path 10.000ns -datapath_only

    Location             Delay type                Incr(ns)  Path(ns)    Netlist Resource(s)
  -------------------------------------------------------------------    -------------------
    SLICE_X14Y147                                     0.000     0.000 r  spi_module_i/axi_quad_spi_0/U0/NO_DUAL_QUAD_MODE.QSPI_NORMAL/QSPI_LEGACY_MD_GEN.QSPI_CORE_INTERFACE_I/FIFO_EXISTS.TX_FIFO_II/gnuram_async_fifo.xpm_fifo_base_inst/gen_cdc_pntr.rd_pntr_cdc_dc_inst/src_gray_ff_reg[2]/C
    SLICE_X14Y147        FDRE (Prop_HFF_SLICEL_C_Q)
                                                      0.113     0.113 r  spi_module_i/axi_quad_spi_0/U0/NO_DUAL_QUAD_MODE.QSPI_NORMAL/QSPI_LEGACY_MD_GEN.QSPI_CORE_INTERFACE_I/FIFO_EXISTS.TX_FIFO_II/gnuram_async_fifo.xpm_fifo_base_inst/gen_cdc_pntr.rd_pntr_cdc_dc_inst/src_gray_ff_reg[2]/Q
                         net (fo=1, routed)           0.474     0.587    spi_module_i/axi_quad_spi_0/U0/NO_DUAL_QUAD_MODE.QSPI_NORMAL/QSPI_LEGACY_MD_GEN.QSPI_CORE_INTERFACE_I/FIFO_EXISTS.TX_FIFO_II/gnuram_async_fifo.xpm_fifo_base_inst/gen_cdc_pntr.rd_pntr_cdc_dc_inst/async_path[2]
    SLICE_X14Y147        FDRE                                         r  spi_module_i/axi_quad_spi_0/U0/NO_DUAL_QUAD_MODE.QSPI_NORMAL/QSPI_LEGACY_MD_GEN.QSPI_CORE_INTERFACE_I/FIFO_EXISTS.TX_FIFO_II/gnuram_async_fifo.xpm_fifo_base_inst/gen_cdc_pntr.rd_pntr_cdc_dc_inst/dest_graysync_ff_reg[0][2]/D
  -------------------------------------------------------------------    -------------------

                         max delay                   10.000    10.000    
    SLICE_X14Y147        FDRE (Setup_DFF2_SLICEL_C_D)
                                                      0.046    10.046    spi_module_i/axi_quad_spi_0/U0/NO_DUAL_QUAD_MODE.QSPI_NORMAL/QSPI_LEGACY_MD_GEN.QSPI_CORE_INTERFACE_I/FIFO_EXISTS.TX_FIFO_II/gnuram_async_fifo.xpm_fifo_base_inst/gen_cdc_pntr.rd_pntr_cdc_dc_inst/dest_graysync_ff_reg[0][2]
  -------------------------------------------------------------------
                         required time                         10.046    
                         arrival time                          -0.587    
  -------------------------------------------------------------------
                         slack                                  9.459    





---------------------------------------------------------------------------------------------------
From Clock:  clk_pl_0
  To Clock:  clk_out1_spi_module_clk_wiz_0

Setup :            0  Failing Endpoints,  Worst Slack        9.155ns,  Total Violation        0.000ns
Hold  :           NA  Failing Endpoints,  Worst Slack           NA  ,  Total Violation           NA
---------------------------------------------------------------------------------------------------


Max Delay Paths
--------------------------------------------------------------------------------------
Slack (MET) :             9.155ns  (required time - arrival time)
  Source:                 spi_module_i/axi_quad_spi_0/U0/NO_DUAL_QUAD_MODE.QSPI_NORMAL/QSPI_LEGACY_MD_GEN.QSPI_CORE_INTERFACE_I/FIFO_EXISTS.TX_FIFO_II/gnuram_async_fifo.xpm_fifo_base_inst/gen_sdpram.xpm_memory_base_inst/gen_wr_a.gen_word_narrow.mem_reg_0_15_0_7/RAMB_D1/CLK
                            (rising edge-triggered cell RAMD32 clocked by clk_pl_0  {rise@0.000ns fall@5.000ns period=10.000ns})
  Destination:            spi_module_i/axi_quad_spi_0/U0/NO_DUAL_QUAD_MODE.QSPI_NORMAL/QSPI_LEGACY_MD_GEN.QSPI_CORE_INTERFACE_I/FIFO_EXISTS.TX_FIFO_II/gnuram_async_fifo.xpm_fifo_base_inst/gen_sdpram.xpm_memory_base_inst/gen_rd_b.gen_rd_b_synth_template.gen_nc_narrow_pipe.doutb_reg_reg[3]/D
                            (rising edge-triggered cell FDRE clocked by clk_out1_spi_module_clk_wiz_0  {rise@0.000ns fall@5.000ns period=10.000ns})
  Path Group:             clk_out1_spi_module_clk_wiz_0
  Path Type:              Setup (Max at Slow Process Corner)
  Requirement:            10.000ns  (MaxDelay Path 10.000ns)
  Data Path Delay:        0.890ns  (logic 0.430ns (48.315%)  route 0.460ns (51.685%))
  Logic Levels:           0  
  Timing Exception:       MaxDelay Path 10.000ns -datapath_only

    Location             Delay type                Incr(ns)  Path(ns)    Netlist Resource(s)
  -------------------------------------------------------------------    -------------------
    SLICE_X17Y147                                     0.000     0.000 r  spi_module_i/axi_quad_spi_0/U0/NO_DUAL_QUAD_MODE.QSPI_NORMAL/QSPI_LEGACY_MD_GEN.QSPI_CORE_INTERFACE_I/FIFO_EXISTS.TX_FIFO_II/gnuram_async_fifo.xpm_fifo_base_inst/gen_sdpram.xpm_memory_base_inst/gen_wr_a.gen_word_narrow.mem_reg_0_15_0_7/RAMB_D1/CLK
    SLICE_X17Y147        RAMD32 (Prop_B6LUT_SLICEM_CLK_O)
                                                      0.430     0.430 r  spi_module_i/axi_quad_spi_0/U0/NO_DUAL_QUAD_MODE.QSPI_NORMAL/QSPI_LEGACY_MD_GEN.QSPI_CORE_INTERFACE_I/FIFO_EXISTS.TX_FIFO_II/gnuram_async_fifo.xpm_fifo_base_inst/gen_sdpram.xpm_memory_base_inst/gen_wr_a.gen_word_narrow.mem_reg_0_15_0_7/RAMB_D1/O
                         net (fo=1, routed)           0.460     0.890    spi_module_i/axi_quad_spi_0/U0/NO_DUAL_QUAD_MODE.QSPI_NORMAL/QSPI_LEGACY_MD_GEN.QSPI_CORE_INTERFACE_I/FIFO_EXISTS.TX_FIFO_II/gnuram_async_fifo.xpm_fifo_base_inst/gen_sdpram.xpm_memory_base_inst/gen_rd_b.gen_rd_b_synth_template.gen_nc_narrow_pipe.doutb_reg_reg0[3]
    SLICE_X17Y148        FDRE                                         r  spi_module_i/axi_quad_spi_0/U0/NO_DUAL_QUAD_MODE.QSPI_NORMAL/QSPI_LEGACY_MD_GEN.QSPI_CORE_INTERFACE_I/FIFO_EXISTS.TX_FIFO_II/gnuram_async_fifo.xpm_fifo_base_inst/gen_sdpram.xpm_memory_base_inst/gen_rd_b.gen_rd_b_synth_template.gen_nc_narrow_pipe.doutb_reg_reg[3]/D
  -------------------------------------------------------------------    -------------------

                         max delay                   10.000    10.000    
    SLICE_X17Y148        FDRE (Setup_FFF2_SLICEM_C_D)
                                                      0.045    10.045    spi_module_i/axi_quad_spi_0/U0/NO_DUAL_QUAD_MODE.QSPI_NORMAL/QSPI_LEGACY_MD_GEN.QSPI_CORE_INTERFACE_I/FIFO_EXISTS.TX_FIFO_II/gnuram_async_fifo.xpm_fifo_base_inst/gen_sdpram.xpm_memory_base_inst/gen_rd_b.gen_rd_b_synth_template.gen_nc_narrow_pipe.doutb_reg_reg[3]
  -------------------------------------------------------------------
                         required time                         10.045    
                         arrival time                          -0.890    
  -------------------------------------------------------------------
                         slack                                  9.155    

Slack (MET) :             9.208ns  (required time - arrival time)
  Source:                 spi_module_i/axi_quad_spi_0/U0/NO_DUAL_QUAD_MODE.QSPI_NORMAL/QSPI_LEGACY_MD_GEN.QSPI_CORE_INTERFACE_I/FIFO_EXISTS.TX_FIFO_II/gnuram_async_fifo.xpm_fifo_base_inst/gen_sdpram.xpm_memory_base_inst/gen_wr_a.gen_word_narrow.mem_reg_0_15_0_7/RAMC/CLK
                            (rising edge-triggered cell RAMD32 clocked by clk_pl_0  {rise@0.000ns fall@5.000ns period=10.000ns})
  Destination:            spi_module_i/axi_quad_spi_0/U0/NO_DUAL_QUAD_MODE.QSPI_NORMAL/QSPI_LEGACY_MD_GEN.QSPI_CORE_INTERFACE_I/FIFO_EXISTS.TX_FIFO_II/gnuram_async_fifo.xpm_fifo_base_inst/gen_sdpram.xpm_memory_base_inst/gen_rd_b.gen_rd_b_synth_template.gen_nc_narrow_pipe.doutb_reg_reg[4]/D
                            (rising edge-triggered cell FDRE clocked by clk_out1_spi_module_clk_wiz_0  {rise@0.000ns fall@5.000ns period=10.000ns})
  Path Group:             clk_out1_spi_module_clk_wiz_0
  Path Type:              Setup (Max at Slow Process Corner)
  Requirement:            10.000ns  (MaxDelay Path 10.000ns)
  Data Path Delay:        0.835ns  (logic 0.410ns (49.102%)  route 0.425ns (50.898%))
  Logic Levels:           0  
  Timing Exception:       MaxDelay Path 10.000ns -datapath_only

    Location             Delay type                Incr(ns)  Path(ns)    Netlist Resource(s)
  -------------------------------------------------------------------    -------------------
    SLICE_X17Y147                                     0.000     0.000 r  spi_module_i/axi_quad_spi_0/U0/NO_DUAL_QUAD_MODE.QSPI_NORMAL/QSPI_LEGACY_MD_GEN.QSPI_CORE_INTERFACE_I/FIFO_EXISTS.TX_FIFO_II/gnuram_async_fifo.xpm_fifo_base_inst/gen_sdpram.xpm_memory_base_inst/gen_wr_a.gen_word_narrow.mem_reg_0_15_0_7/RAMC/CLK
    SLICE_X17Y147        RAMD32 (Prop_C5LUT_SLICEM_CLK_O)
                                                      0.410     0.410 r  spi_module_i/axi_quad_spi_0/U0/NO_DUAL_QUAD_MODE.QSPI_NORMAL/QSPI_LEGACY_MD_GEN.QSPI_CORE_INTERFACE_I/FIFO_EXISTS.TX_FIFO_II/gnuram_async_fifo.xpm_fifo_base_inst/gen_sdpram.xpm_memory_base_inst/gen_wr_a.gen_word_narrow.mem_reg_0_15_0_7/RAMC/O
                         net (fo=1, routed)           0.425     0.835    spi_module_i/axi_quad_spi_0/U0/NO_DUAL_QUAD_MODE.QSPI_NORMAL/QSPI_LEGACY_MD_GEN.QSPI_CORE_INTERFACE_I/FIFO_EXISTS.TX_FIFO_II/gnuram_async_fifo.xpm_fifo_base_inst/gen_sdpram.xpm_memory_base_inst/gen_rd_b.gen_rd_b_synth_template.gen_nc_narrow_pipe.doutb_reg_reg0[4]
    SLICE_X17Y148        FDRE                                         r  spi_module_i/axi_quad_spi_0/U0/NO_DUAL_QUAD_MODE.QSPI_NORMAL/QSPI_LEGACY_MD_GEN.QSPI_CORE_INTERFACE_I/FIFO_EXISTS.TX_FIFO_II/gnuram_async_fifo.xpm_fifo_base_inst/gen_sdpram.xpm_memory_base_inst/gen_rd_b.gen_rd_b_synth_template.gen_nc_narrow_pipe.doutb_reg_reg[4]/D
  -------------------------------------------------------------------    -------------------

                         max delay                   10.000    10.000    
    SLICE_X17Y148        FDRE (Setup_GFF_SLICEM_C_D)
                                                      0.043    10.043    spi_module_i/axi_quad_spi_0/U0/NO_DUAL_QUAD_MODE.QSPI_NORMAL/QSPI_LEGACY_MD_GEN.QSPI_CORE_INTERFACE_I/FIFO_EXISTS.TX_FIFO_II/gnuram_async_fifo.xpm_fifo_base_inst/gen_sdpram.xpm_memory_base_inst/gen_rd_b.gen_rd_b_synth_template.gen_nc_narrow_pipe.doutb_reg_reg[4]
  -------------------------------------------------------------------
                         required time                         10.043    
                         arrival time                          -0.835    
  -------------------------------------------------------------------
                         slack                                  9.208    

Slack (MET) :             9.282ns  (required time - arrival time)
  Source:                 spi_module_i/axi_quad_spi_0/U0/NO_DUAL_QUAD_MODE.QSPI_NORMAL/QSPI_LEGACY_MD_GEN.QSPI_CORE_INTERFACE_I/FIFO_EXISTS.TX_FIFO_II/gnuram_async_fifo.xpm_fifo_base_inst/gen_sdpram.xpm_memory_base_inst/gen_wr_a.gen_word_narrow.mem_reg_0_15_0_7/RAMD/CLK
                            (rising edge-triggered cell RAMD32 clocked by clk_pl_0  {rise@0.000ns fall@5.000ns period=10.000ns})
  Destination:            spi_module_i/axi_quad_spi_0/U0/NO_DUAL_QUAD_MODE.QSPI_NORMAL/QSPI_LEGACY_MD_GEN.QSPI_CORE_INTERFACE_I/FIFO_EXISTS.TX_FIFO_II/gnuram_async_fifo.xpm_fifo_base_inst/gen_sdpram.xpm_memory_base_inst/gen_rd_b.gen_rd_b_synth_template.gen_nc_narrow_pipe.doutb_reg_reg[6]/D
                            (rising edge-triggered cell FDRE clocked by clk_out1_spi_module_clk_wiz_0  {rise@0.000ns fall@5.000ns period=10.000ns})
  Path Group:             clk_out1_spi_module_clk_wiz_0
  Path Type:              Setup (Max at Slow Process Corner)
  Requirement:            10.000ns  (MaxDelay Path 10.000ns)
  Data Path Delay:        0.762ns  (logic 0.406ns (53.281%)  route 0.356ns (46.719%))
  Logic Levels:           0  
  Timing Exception:       MaxDelay Path 10.000ns -datapath_only

    Location             Delay type                Incr(ns)  Path(ns)    Netlist Resource(s)
  -------------------------------------------------------------------    -------------------
    SLICE_X17Y147                                     0.000     0.000 r  spi_module_i/axi_quad_spi_0/U0/NO_DUAL_QUAD_MODE.QSPI_NORMAL/QSPI_LEGACY_MD_GEN.QSPI_CORE_INTERFACE_I/FIFO_EXISTS.TX_FIFO_II/gnuram_async_fifo.xpm_fifo_base_inst/gen_sdpram.xpm_memory_base_inst/gen_wr_a.gen_word_narrow.mem_reg_0_15_0_7/RAMD/CLK
    SLICE_X17Y147        RAMD32 (Prop_D5LUT_SLICEM_CLK_O)
                                                      0.406     0.406 r  spi_module_i/axi_quad_spi_0/U0/NO_DUAL_QUAD_MODE.QSPI_NORMAL/QSPI_LEGACY_MD_GEN.QSPI_CORE_INTERFACE_I/FIFO_EXISTS.TX_FIFO_II/gnuram_async_fifo.xpm_fifo_base_inst/gen_sdpram.xpm_memory_base_inst/gen_wr_a.gen_word_narrow.mem_reg_0_15_0_7/RAMD/O
                         net (fo=1, routed)           0.356     0.762    spi_module_i/axi_quad_spi_0/U0/NO_DUAL_QUAD_MODE.QSPI_NORMAL/QSPI_LEGACY_MD_GEN.QSPI_CORE_INTERFACE_I/FIFO_EXISTS.TX_FIFO_II/gnuram_async_fifo.xpm_fifo_base_inst/gen_sdpram.xpm_memory_base_inst/gen_rd_b.gen_rd_b_synth_template.gen_nc_narrow_pipe.doutb_reg_reg0[6]
    SLICE_X17Y148        FDRE                                         r  spi_module_i/axi_quad_spi_0/U0/NO_DUAL_QUAD_MODE.QSPI_NORMAL/QSPI_LEGACY_MD_GEN.QSPI_CORE_INTERFACE_I/FIFO_EXISTS.TX_FIFO_II/gnuram_async_fifo.xpm_fifo_base_inst/gen_sdpram.xpm_memory_base_inst/gen_rd_b.gen_rd_b_synth_template.gen_nc_narrow_pipe.doutb_reg_reg[6]/D
  -------------------------------------------------------------------    -------------------

                         max delay                   10.000    10.000    
    SLICE_X17Y148        FDRE (Setup_HFF_SLICEM_C_D)
                                                      0.044    10.044    spi_module_i/axi_quad_spi_0/U0/NO_DUAL_QUAD_MODE.QSPI_NORMAL/QSPI_LEGACY_MD_GEN.QSPI_CORE_INTERFACE_I/FIFO_EXISTS.TX_FIFO_II/gnuram_async_fifo.xpm_fifo_base_inst/gen_sdpram.xpm_memory_base_inst/gen_rd_b.gen_rd_b_synth_template.gen_nc_narrow_pipe.doutb_reg_reg[6]
  -------------------------------------------------------------------
                         required time                         10.044    
                         arrival time                          -0.762    
  -------------------------------------------------------------------
                         slack                                  9.282    

Slack (MET) :             9.319ns  (required time - arrival time)
  Source:                 spi_module_i/axi_quad_spi_0/U0/NO_DUAL_QUAD_MODE.QSPI_NORMAL/QSPI_LEGACY_MD_GEN.QSPI_CORE_INTERFACE_I/FIFO_EXISTS.TX_FIFO_II/gnuram_async_fifo.xpm_fifo_base_inst/gen_sdpram.xpm_memory_base_inst/gen_wr_a.gen_word_narrow.mem_reg_0_15_0_7/RAMA_D1/CLK
                            (rising edge-triggered cell RAMD32 clocked by clk_pl_0  {rise@0.000ns fall@5.000ns period=10.000ns})
  Destination:            spi_module_i/axi_quad_spi_0/U0/NO_DUAL_QUAD_MODE.QSPI_NORMAL/QSPI_LEGACY_MD_GEN.QSPI_CORE_INTERFACE_I/FIFO_EXISTS.TX_FIFO_II/gnuram_async_fifo.xpm_fifo_base_inst/gen_sdpram.xpm_memory_base_inst/gen_rd_b.gen_rd_b_synth_template.gen_nc_narrow_pipe.doutb_reg_reg[1]/D
                            (rising edge-triggered cell FDRE clocked by clk_out1_spi_module_clk_wiz_0  {rise@0.000ns fall@5.000ns period=10.000ns})
  Path Group:             clk_out1_spi_module_clk_wiz_0
  Path Type:              Setup (Max at Slow Process Corner)
  Requirement:            10.000ns  (MaxDelay Path 10.000ns)
  Data Path Delay:        0.726ns  (logic 0.430ns (59.229%)  route 0.296ns (40.771%))
  Logic Levels:           0  
  Timing Exception:       MaxDelay Path 10.000ns -datapath_only

    Location             Delay type                Incr(ns)  Path(ns)    Netlist Resource(s)
  -------------------------------------------------------------------    -------------------
    SLICE_X17Y147                                     0.000     0.000 r  spi_module_i/axi_quad_spi_0/U0/NO_DUAL_QUAD_MODE.QSPI_NORMAL/QSPI_LEGACY_MD_GEN.QSPI_CORE_INTERFACE_I/FIFO_EXISTS.TX_FIFO_II/gnuram_async_fifo.xpm_fifo_base_inst/gen_sdpram.xpm_memory_base_inst/gen_wr_a.gen_word_narrow.mem_reg_0_15_0_7/RAMA_D1/CLK
    SLICE_X17Y147        RAMD32 (Prop_A6LUT_SLICEM_CLK_O)
                                                      0.430     0.430 r  spi_module_i/axi_quad_spi_0/U0/NO_DUAL_QUAD_MODE.QSPI_NORMAL/QSPI_LEGACY_MD_GEN.QSPI_CORE_INTERFACE_I/FIFO_EXISTS.TX_FIFO_II/gnuram_async_fifo.xpm_fifo_base_inst/gen_sdpram.xpm_memory_base_inst/gen_wr_a.gen_word_narrow.mem_reg_0_15_0_7/RAMA_D1/O
                         net (fo=1, routed)           0.296     0.726    spi_module_i/axi_quad_spi_0/U0/NO_DUAL_QUAD_MODE.QSPI_NORMAL/QSPI_LEGACY_MD_GEN.QSPI_CORE_INTERFACE_I/FIFO_EXISTS.TX_FIFO_II/gnuram_async_fifo.xpm_fifo_base_inst/gen_sdpram.xpm_memory_base_inst/gen_rd_b.gen_rd_b_synth_template.gen_nc_narrow_pipe.doutb_reg_reg0[1]
    SLICE_X17Y148        FDRE                                         r  spi_module_i/axi_quad_spi_0/U0/NO_DUAL_QUAD_MODE.QSPI_NORMAL/QSPI_LEGACY_MD_GEN.QSPI_CORE_INTERFACE_I/FIFO_EXISTS.TX_FIFO_II/gnuram_async_fifo.xpm_fifo_base_inst/gen_sdpram.xpm_memory_base_inst/gen_rd_b.gen_rd_b_synth_template.gen_nc_narrow_pipe.doutb_reg_reg[1]/D
  -------------------------------------------------------------------    -------------------

                         max delay                   10.000    10.000    
    SLICE_X17Y148        FDRE (Setup_EFF2_SLICEM_C_D)
                                                      0.045    10.045    spi_module_i/axi_quad_spi_0/U0/NO_DUAL_QUAD_MODE.QSPI_NORMAL/QSPI_LEGACY_MD_GEN.QSPI_CORE_INTERFACE_I/FIFO_EXISTS.TX_FIFO_II/gnuram_async_fifo.xpm_fifo_base_inst/gen_sdpram.xpm_memory_base_inst/gen_rd_b.gen_rd_b_synth_template.gen_nc_narrow_pipe.doutb_reg_reg[1]
  -------------------------------------------------------------------
                         required time                         10.045    
                         arrival time                          -0.726    
  -------------------------------------------------------------------
                         slack                                  9.319    

Slack (MET) :             9.319ns  (required time - arrival time)
  Source:                 spi_module_i/axi_quad_spi_0/U0/NO_DUAL_QUAD_MODE.QSPI_NORMAL/QSPI_LEGACY_MD_GEN.QSPI_CORE_INTERFACE_I/FIFO_EXISTS.TX_FIFO_II/gnuram_async_fifo.xpm_fifo_base_inst/gen_sdpram.xpm_memory_base_inst/gen_wr_a.gen_word_narrow.mem_reg_0_15_0_7/RAMB/CLK
                            (rising edge-triggered cell RAMD32 clocked by clk_pl_0  {rise@0.000ns fall@5.000ns period=10.000ns})
  Destination:            spi_module_i/axi_quad_spi_0/U0/NO_DUAL_QUAD_MODE.QSPI_NORMAL/QSPI_LEGACY_MD_GEN.QSPI_CORE_INTERFACE_I/FIFO_EXISTS.TX_FIFO_II/gnuram_async_fifo.xpm_fifo_base_inst/gen_sdpram.xpm_memory_base_inst/gen_rd_b.gen_rd_b_synth_template.gen_nc_narrow_pipe.doutb_reg_reg[2]/D
                            (rising edge-triggered cell FDRE clocked by clk_out1_spi_module_clk_wiz_0  {rise@0.000ns fall@5.000ns period=10.000ns})
  Path Group:             clk_out1_spi_module_clk_wiz_0
  Path Type:              Setup (Max at Slow Process Corner)
  Requirement:            10.000ns  (MaxDelay Path 10.000ns)
  Data Path Delay:        0.724ns  (logic 0.412ns (56.906%)  route 0.312ns (43.094%))
  Logic Levels:           0  
  Timing Exception:       MaxDelay Path 10.000ns -datapath_only

    Location             Delay type                Incr(ns)  Path(ns)    Netlist Resource(s)
  -------------------------------------------------------------------    -------------------
    SLICE_X17Y147                                     0.000     0.000 r  spi_module_i/axi_quad_spi_0/U0/NO_DUAL_QUAD_MODE.QSPI_NORMAL/QSPI_LEGACY_MD_GEN.QSPI_CORE_INTERFACE_I/FIFO_EXISTS.TX_FIFO_II/gnuram_async_fifo.xpm_fifo_base_inst/gen_sdpram.xpm_memory_base_inst/gen_wr_a.gen_word_narrow.mem_reg_0_15_0_7/RAMB/CLK
    SLICE_X17Y147        RAMD32 (Prop_B5LUT_SLICEM_CLK_O)
                                                      0.412     0.412 r  spi_module_i/axi_quad_spi_0/U0/NO_DUAL_QUAD_MODE.QSPI_NORMAL/QSPI_LEGACY_MD_GEN.QSPI_CORE_INTERFACE_I/FIFO_EXISTS.TX_FIFO_II/gnuram_async_fifo.xpm_fifo_base_inst/gen_sdpram.xpm_memory_base_inst/gen_wr_a.gen_word_narrow.mem_reg_0_15_0_7/RAMB/O
                         net (fo=1, routed)           0.312     0.724    spi_module_i/axi_quad_spi_0/U0/NO_DUAL_QUAD_MODE.QSPI_NORMAL/QSPI_LEGACY_MD_GEN.QSPI_CORE_INTERFACE_I/FIFO_EXISTS.TX_FIFO_II/gnuram_async_fifo.xpm_fifo_base_inst/gen_sdpram.xpm_memory_base_inst/gen_rd_b.gen_rd_b_synth_template.gen_nc_narrow_pipe.doutb_reg_reg0[2]
    SLICE_X17Y148        FDRE                                         r  spi_module_i/axi_quad_spi_0/U0/NO_DUAL_QUAD_MODE.QSPI_NORMAL/QSPI_LEGACY_MD_GEN.QSPI_CORE_INTERFACE_I/FIFO_EXISTS.TX_FIFO_II/gnuram_async_fifo.xpm_fifo_base_inst/gen_sdpram.xpm_memory_base_inst/gen_rd_b.gen_rd_b_synth_template.gen_nc_narrow_pipe.doutb_reg_reg[2]/D
  -------------------------------------------------------------------    -------------------

                         max delay                   10.000    10.000    
    SLICE_X17Y148        FDRE (Setup_FFF_SLICEM_C_D)
                                                      0.043    10.043    spi_module_i/axi_quad_spi_0/U0/NO_DUAL_QUAD_MODE.QSPI_NORMAL/QSPI_LEGACY_MD_GEN.QSPI_CORE_INTERFACE_I/FIFO_EXISTS.TX_FIFO_II/gnuram_async_fifo.xpm_fifo_base_inst/gen_sdpram.xpm_memory_base_inst/gen_rd_b.gen_rd_b_synth_template.gen_nc_narrow_pipe.doutb_reg_reg[2]
  -------------------------------------------------------------------
                         required time                         10.043    
                         arrival time                          -0.724    
  -------------------------------------------------------------------
                         slack                                  9.319    

Slack (MET) :             9.325ns  (required time - arrival time)
  Source:                 spi_module_i/axi_quad_spi_0/U0/NO_DUAL_QUAD_MODE.QSPI_NORMAL/QSPI_LEGACY_MD_GEN.QSPI_CORE_INTERFACE_I/FIFO_EXISTS.TX_FIFO_II/gnuram_async_fifo.xpm_fifo_base_inst/gen_sdpram.xpm_memory_base_inst/gen_wr_a.gen_word_narrow.mem_reg_0_15_0_7/RAMC_D1/CLK
                            (rising edge-triggered cell RAMD32 clocked by clk_pl_0  {rise@0.000ns fall@5.000ns period=10.000ns})
  Destination:            spi_module_i/axi_quad_spi_0/U0/NO_DUAL_QUAD_MODE.QSPI_NORMAL/QSPI_LEGACY_MD_GEN.QSPI_CORE_INTERFACE_I/FIFO_EXISTS.TX_FIFO_II/gnuram_async_fifo.xpm_fifo_base_inst/gen_sdpram.xpm_memory_base_inst/gen_rd_b.gen_rd_b_synth_template.gen_nc_narrow_pipe.doutb_reg_reg[5]/D
                            (rising edge-triggered cell FDRE clocked by clk_out1_spi_module_clk_wiz_0  {rise@0.000ns fall@5.000ns period=10.000ns})
  Path Group:             clk_out1_spi_module_clk_wiz_0
  Path Type:              Setup (Max at Slow Process Corner)
  Requirement:            10.000ns  (MaxDelay Path 10.000ns)
  Data Path Delay:        0.721ns  (logic 0.433ns (60.055%)  route 0.288ns (39.945%))
  Logic Levels:           0  
  Timing Exception:       MaxDelay Path 10.000ns -datapath_only

    Location             Delay type                Incr(ns)  Path(ns)    Netlist Resource(s)
  -------------------------------------------------------------------    -------------------
    SLICE_X17Y147                                     0.000     0.000 r  spi_module_i/axi_quad_spi_0/U0/NO_DUAL_QUAD_MODE.QSPI_NORMAL/QSPI_LEGACY_MD_GEN.QSPI_CORE_INTERFACE_I/FIFO_EXISTS.TX_FIFO_II/gnuram_async_fifo.xpm_fifo_base_inst/gen_sdpram.xpm_memory_base_inst/gen_wr_a.gen_word_narrow.mem_reg_0_15_0_7/RAMC_D1/CLK
    SLICE_X17Y147        RAMD32 (Prop_C6LUT_SLICEM_CLK_O)
                                                      0.433     0.433 r  spi_module_i/axi_quad_spi_0/U0/NO_DUAL_QUAD_MODE.QSPI_NORMAL/QSPI_LEGACY_MD_GEN.QSPI_CORE_INTERFACE_I/FIFO_EXISTS.TX_FIFO_II/gnuram_async_fifo.xpm_fifo_base_inst/gen_sdpram.xpm_memory_base_inst/gen_wr_a.gen_word_narrow.mem_reg_0_15_0_7/RAMC_D1/O
                         net (fo=1, routed)           0.288     0.721    spi_module_i/axi_quad_spi_0/U0/NO_DUAL_QUAD_MODE.QSPI_NORMAL/QSPI_LEGACY_MD_GEN.QSPI_CORE_INTERFACE_I/FIFO_EXISTS.TX_FIFO_II/gnuram_async_fifo.xpm_fifo_base_inst/gen_sdpram.xpm_memory_base_inst/gen_rd_b.gen_rd_b_synth_template.gen_nc_narrow_pipe.doutb_reg_reg0[5]
    SLICE_X17Y148        FDRE                                         r  spi_module_i/axi_quad_spi_0/U0/NO_DUAL_QUAD_MODE.QSPI_NORMAL/QSPI_LEGACY_MD_GEN.QSPI_CORE_INTERFACE_I/FIFO_EXISTS.TX_FIFO_II/gnuram_async_fifo.xpm_fifo_base_inst/gen_sdpram.xpm_memory_base_inst/gen_rd_b.gen_rd_b_synth_template.gen_nc_narrow_pipe.doutb_reg_reg[5]/D
  -------------------------------------------------------------------    -------------------

                         max delay                   10.000    10.000    
    SLICE_X17Y148        FDRE (Setup_GFF2_SLICEM_C_D)
                                                      0.046    10.046    spi_module_i/axi_quad_spi_0/U0/NO_DUAL_QUAD_MODE.QSPI_NORMAL/QSPI_LEGACY_MD_GEN.QSPI_CORE_INTERFACE_I/FIFO_EXISTS.TX_FIFO_II/gnuram_async_fifo.xpm_fifo_base_inst/gen_sdpram.xpm_memory_base_inst/gen_rd_b.gen_rd_b_synth_template.gen_nc_narrow_pipe.doutb_reg_reg[5]
  -------------------------------------------------------------------
                         required time                         10.046    
                         arrival time                          -0.721    
  -------------------------------------------------------------------
                         slack                                  9.325    

Slack (MET) :             9.329ns  (required time - arrival time)
  Source:                 spi_module_i/axi_quad_spi_0/U0/NO_DUAL_QUAD_MODE.QSPI_NORMAL/QSPI_LEGACY_MD_GEN.QSPI_CORE_INTERFACE_I/FIFO_EXISTS.TX_FIFO_II/gnuram_async_fifo.xpm_fifo_base_inst/gen_sdpram.xpm_memory_base_inst/gen_wr_a.gen_word_narrow.mem_reg_0_15_0_7/RAMA/CLK
                            (rising edge-triggered cell RAMD32 clocked by clk_pl_0  {rise@0.000ns fall@5.000ns period=10.000ns})
  Destination:            spi_module_i/axi_quad_spi_0/U0/NO_DUAL_QUAD_MODE.QSPI_NORMAL/QSPI_LEGACY_MD_GEN.QSPI_CORE_INTERFACE_I/FIFO_EXISTS.TX_FIFO_II/gnuram_async_fifo.xpm_fifo_base_inst/gen_sdpram.xpm_memory_base_inst/gen_rd_b.gen_rd_b_synth_template.gen_nc_narrow_pipe.doutb_reg_reg[0]/D
                            (rising edge-triggered cell FDRE clocked by clk_out1_spi_module_clk_wiz_0  {rise@0.000ns fall@5.000ns period=10.000ns})
  Path Group:             clk_out1_spi_module_clk_wiz_0
  Path Type:              Setup (Max at Slow Process Corner)
  Requirement:            10.000ns  (MaxDelay Path 10.000ns)
  Data Path Delay:        0.715ns  (logic 0.409ns (57.203%)  route 0.306ns (42.797%))
  Logic Levels:           0  
  Timing Exception:       MaxDelay Path 10.000ns -datapath_only

    Location             Delay type                Incr(ns)  Path(ns)    Netlist Resource(s)
  -------------------------------------------------------------------    -------------------
    SLICE_X17Y147                                     0.000     0.000 r  spi_module_i/axi_quad_spi_0/U0/NO_DUAL_QUAD_MODE.QSPI_NORMAL/QSPI_LEGACY_MD_GEN.QSPI_CORE_INTERFACE_I/FIFO_EXISTS.TX_FIFO_II/gnuram_async_fifo.xpm_fifo_base_inst/gen_sdpram.xpm_memory_base_inst/gen_wr_a.gen_word_narrow.mem_reg_0_15_0_7/RAMA/CLK
    SLICE_X17Y147        RAMD32 (Prop_A5LUT_SLICEM_CLK_O)
                                                      0.409     0.409 r  spi_module_i/axi_quad_spi_0/U0/NO_DUAL_QUAD_MODE.QSPI_NORMAL/QSPI_LEGACY_MD_GEN.QSPI_CORE_INTERFACE_I/FIFO_EXISTS.TX_FIFO_II/gnuram_async_fifo.xpm_fifo_base_inst/gen_sdpram.xpm_memory_base_inst/gen_wr_a.gen_word_narrow.mem_reg_0_15_0_7/RAMA/O
                         net (fo=1, routed)           0.306     0.715    spi_module_i/axi_quad_spi_0/U0/NO_DUAL_QUAD_MODE.QSPI_NORMAL/QSPI_LEGACY_MD_GEN.QSPI_CORE_INTERFACE_I/FIFO_EXISTS.TX_FIFO_II/gnuram_async_fifo.xpm_fifo_base_inst/gen_sdpram.xpm_memory_base_inst/gen_rd_b.gen_rd_b_synth_template.gen_nc_narrow_pipe.doutb_reg_reg0[0]
    SLICE_X17Y148        FDRE                                         r  spi_module_i/axi_quad_spi_0/U0/NO_DUAL_QUAD_MODE.QSPI_NORMAL/QSPI_LEGACY_MD_GEN.QSPI_CORE_INTERFACE_I/FIFO_EXISTS.TX_FIFO_II/gnuram_async_fifo.xpm_fifo_base_inst/gen_sdpram.xpm_memory_base_inst/gen_rd_b.gen_rd_b_synth_template.gen_nc_narrow_pipe.doutb_reg_reg[0]/D
  -------------------------------------------------------------------    -------------------

                         max delay                   10.000    10.000    
    SLICE_X17Y148        FDRE (Setup_EFF_SLICEM_C_D)
                                                      0.044    10.044    spi_module_i/axi_quad_spi_0/U0/NO_DUAL_QUAD_MODE.QSPI_NORMAL/QSPI_LEGACY_MD_GEN.QSPI_CORE_INTERFACE_I/FIFO_EXISTS.TX_FIFO_II/gnuram_async_fifo.xpm_fifo_base_inst/gen_sdpram.xpm_memory_base_inst/gen_rd_b.gen_rd_b_synth_template.gen_nc_narrow_pipe.doutb_reg_reg[0]
  -------------------------------------------------------------------
                         required time                         10.044    
                         arrival time                          -0.715    
  -------------------------------------------------------------------
                         slack                                  9.329    

Slack (MET) :             9.344ns  (required time - arrival time)
  Source:                 spi_module_i/axi_quad_spi_0/U0/NO_DUAL_QUAD_MODE.QSPI_NORMAL/QSPI_LEGACY_MD_GEN.QSPI_CORE_INTERFACE_I/FIFO_EXISTS.TX_FIFO_II/gnuram_async_fifo.xpm_fifo_base_inst/gen_sdpram.xpm_memory_base_inst/gen_wr_a.gen_word_narrow.mem_reg_0_15_0_7/RAMD_D1/CLK
                            (rising edge-triggered cell RAMD32 clocked by clk_pl_0  {rise@0.000ns fall@5.000ns period=10.000ns})
  Destination:            spi_module_i/axi_quad_spi_0/U0/NO_DUAL_QUAD_MODE.QSPI_NORMAL/QSPI_LEGACY_MD_GEN.QSPI_CORE_INTERFACE_I/FIFO_EXISTS.TX_FIFO_II/gnuram_async_fifo.xpm_fifo_base_inst/gen_sdpram.xpm_memory_base_inst/gen_rd_b.gen_rd_b_synth_template.gen_nc_narrow_pipe.doutb_reg_reg[7]/D
                            (rising edge-triggered cell FDRE clocked by clk_out1_spi_module_clk_wiz_0  {rise@0.000ns fall@5.000ns period=10.000ns})
  Path Group:             clk_out1_spi_module_clk_wiz_0
  Path Type:              Setup (Max at Slow Process Corner)
  Requirement:            10.000ns  (MaxDelay Path 10.000ns)
  Data Path Delay:        0.702ns  (logic 0.426ns (60.684%)  route 0.276ns (39.316%))
  Logic Levels:           0  
  Timing Exception:       MaxDelay Path 10.000ns -datapath_only

    Location             Delay type                Incr(ns)  Path(ns)    Netlist Resource(s)
  -------------------------------------------------------------------    -------------------
    SLICE_X17Y147                                     0.000     0.000 r  spi_module_i/axi_quad_spi_0/U0/NO_DUAL_QUAD_MODE.QSPI_NORMAL/QSPI_LEGACY_MD_GEN.QSPI_CORE_INTERFACE_I/FIFO_EXISTS.TX_FIFO_II/gnuram_async_fifo.xpm_fifo_base_inst/gen_sdpram.xpm_memory_base_inst/gen_wr_a.gen_word_narrow.mem_reg_0_15_0_7/RAMD_D1/CLK
    SLICE_X17Y147        RAMD32 (Prop_D6LUT_SLICEM_CLK_O)
                                                      0.426     0.426 r  spi_module_i/axi_quad_spi_0/U0/NO_DUAL_QUAD_MODE.QSPI_NORMAL/QSPI_LEGACY_MD_GEN.QSPI_CORE_INTERFACE_I/FIFO_EXISTS.TX_FIFO_II/gnuram_async_fifo.xpm_fifo_base_inst/gen_sdpram.xpm_memory_base_inst/gen_wr_a.gen_word_narrow.mem_reg_0_15_0_7/RAMD_D1/O
                         net (fo=1, routed)           0.276     0.702    spi_module_i/axi_quad_spi_0/U0/NO_DUAL_QUAD_MODE.QSPI_NORMAL/QSPI_LEGACY_MD_GEN.QSPI_CORE_INTERFACE_I/FIFO_EXISTS.TX_FIFO_II/gnuram_async_fifo.xpm_fifo_base_inst/gen_sdpram.xpm_memory_base_inst/gen_rd_b.gen_rd_b_synth_template.gen_nc_narrow_pipe.doutb_reg_reg0[7]
    SLICE_X17Y148        FDRE                                         r  spi_module_i/axi_quad_spi_0/U0/NO_DUAL_QUAD_MODE.QSPI_NORMAL/QSPI_LEGACY_MD_GEN.QSPI_CORE_INTERFACE_I/FIFO_EXISTS.TX_FIFO_II/gnuram_async_fifo.xpm_fifo_base_inst/gen_sdpram.xpm_memory_base_inst/gen_rd_b.gen_rd_b_synth_template.gen_nc_narrow_pipe.doutb_reg_reg[7]/D
  -------------------------------------------------------------------    -------------------

                         max delay                   10.000    10.000    
    SLICE_X17Y148        FDRE (Setup_HFF2_SLICEM_C_D)
                                                      0.046    10.046    spi_module_i/axi_quad_spi_0/U0/NO_DUAL_QUAD_MODE.QSPI_NORMAL/QSPI_LEGACY_MD_GEN.QSPI_CORE_INTERFACE_I/FIFO_EXISTS.TX_FIFO_II/gnuram_async_fifo.xpm_fifo_base_inst/gen_sdpram.xpm_memory_base_inst/gen_rd_b.gen_rd_b_synth_template.gen_nc_narrow_pipe.doutb_reg_reg[7]
  -------------------------------------------------------------------
                         required time                         10.046    
                         arrival time                          -0.702    
  -------------------------------------------------------------------
                         slack                                  9.344    

Slack (MET) :             9.582ns  (required time - arrival time)
  Source:                 spi_module_i/axi_quad_spi_0/U0/NO_DUAL_QUAD_MODE.QSPI_NORMAL/QSPI_LEGACY_MD_GEN.QSPI_CORE_INTERFACE_I/FIFO_EXISTS.TX_FIFO_II/gnuram_async_fifo.xpm_fifo_base_inst/gen_cdc_pntr.wr_pntr_cdc_inst/src_gray_ff_reg[1]/C
                            (rising edge-triggered cell FDRE clocked by clk_pl_0  {rise@0.000ns fall@5.000ns period=10.000ns})
  Destination:            spi_module_i/axi_quad_spi_0/U0/NO_DUAL_QUAD_MODE.QSPI_NORMAL/QSPI_LEGACY_MD_GEN.QSPI_CORE_INTERFACE_I/FIFO_EXISTS.TX_FIFO_II/gnuram_async_fifo.xpm_fifo_base_inst/gen_cdc_pntr.wr_pntr_cdc_inst/dest_graysync_ff_reg[0][1]/D
                            (rising edge-triggered cell FDRE clocked by clk_out1_spi_module_clk_wiz_0  {rise@0.000ns fall@5.000ns period=10.000ns})
  Path Group:             clk_out1_spi_module_clk_wiz_0
  Path Type:              Setup (Max at Slow Process Corner)
  Requirement:            10.000ns  (MaxDelay Path 10.000ns)
  Data Path Delay:        0.463ns  (logic 0.115ns (24.838%)  route 0.348ns (75.162%))
  Logic Levels:           0  
  Timing Exception:       MaxDelay Path 10.000ns -datapath_only

    Location             Delay type                Incr(ns)  Path(ns)    Netlist Resource(s)
  -------------------------------------------------------------------    -------------------
    SLICE_X14Y148                                     0.000     0.000 r  spi_module_i/axi_quad_spi_0/U0/NO_DUAL_QUAD_MODE.QSPI_NORMAL/QSPI_LEGACY_MD_GEN.QSPI_CORE_INTERFACE_I/FIFO_EXISTS.TX_FIFO_II/gnuram_async_fifo.xpm_fifo_base_inst/gen_cdc_pntr.wr_pntr_cdc_inst/src_gray_ff_reg[1]/C
    SLICE_X14Y148        FDRE (Prop_CFF2_SLICEL_C_Q)
                                                      0.115     0.115 r  spi_module_i/axi_quad_spi_0/U0/NO_DUAL_QUAD_MODE.QSPI_NORMAL/QSPI_LEGACY_MD_GEN.QSPI_CORE_INTERFACE_I/FIFO_EXISTS.TX_FIFO_II/gnuram_async_fifo.xpm_fifo_base_inst/gen_cdc_pntr.wr_pntr_cdc_inst/src_gray_ff_reg[1]/Q
                         net (fo=1, routed)           0.348     0.463    spi_module_i/axi_quad_spi_0/U0/NO_DUAL_QUAD_MODE.QSPI_NORMAL/QSPI_LEGACY_MD_GEN.QSPI_CORE_INTERFACE_I/FIFO_EXISTS.TX_FIFO_II/gnuram_async_fifo.xpm_fifo_base_inst/gen_cdc_pntr.wr_pntr_cdc_inst/async_path[1]
    SLICE_X13Y148        FDRE                                         r  spi_module_i/axi_quad_spi_0/U0/NO_DUAL_QUAD_MODE.QSPI_NORMAL/QSPI_LEGACY_MD_GEN.QSPI_CORE_INTERFACE_I/FIFO_EXISTS.TX_FIFO_II/gnuram_async_fifo.xpm_fifo_base_inst/gen_cdc_pntr.wr_pntr_cdc_inst/dest_graysync_ff_reg[0][1]/D
  -------------------------------------------------------------------    -------------------

                         max delay                   10.000    10.000    
    SLICE_X13Y148        FDRE (Setup_CFF2_SLICEM_C_D)
                                                      0.045    10.045    spi_module_i/axi_quad_spi_0/U0/NO_DUAL_QUAD_MODE.QSPI_NORMAL/QSPI_LEGACY_MD_GEN.QSPI_CORE_INTERFACE_I/FIFO_EXISTS.TX_FIFO_II/gnuram_async_fifo.xpm_fifo_base_inst/gen_cdc_pntr.wr_pntr_cdc_inst/dest_graysync_ff_reg[0][1]
  -------------------------------------------------------------------
                         required time                         10.045    
                         arrival time                          -0.463    
  -------------------------------------------------------------------
                         slack                                  9.582    

Slack (MET) :             9.583ns  (required time - arrival time)
  Source:                 spi_module_i/axi_quad_spi_0/U0/NO_DUAL_QUAD_MODE.QSPI_NORMAL/QSPI_LEGACY_MD_GEN.QSPI_CORE_INTERFACE_I/FIFO_EXISTS.RX_FIFO_II/gnuram_async_fifo.xpm_fifo_base_inst/gen_cdc_pntr.rd_pntr_cdc_dc_inst/src_gray_ff_reg[4]/C
                            (rising edge-triggered cell FDRE clocked by clk_pl_0  {rise@0.000ns fall@5.000ns period=10.000ns})
  Destination:            spi_module_i/axi_quad_spi_0/U0/NO_DUAL_QUAD_MODE.QSPI_NORMAL/QSPI_LEGACY_MD_GEN.QSPI_CORE_INTERFACE_I/FIFO_EXISTS.RX_FIFO_II/gnuram_async_fifo.xpm_fifo_base_inst/gen_cdc_pntr.rd_pntr_cdc_dc_inst/dest_graysync_ff_reg[0][4]/D
                            (rising edge-triggered cell FDRE clocked by clk_out1_spi_module_clk_wiz_0  {rise@0.000ns fall@5.000ns period=10.000ns})
  Path Group:             clk_out1_spi_module_clk_wiz_0
  Path Type:              Setup (Max at Slow Process Corner)
  Requirement:            10.000ns  (MaxDelay Path 10.000ns)
  Data Path Delay:        0.462ns  (logic 0.113ns (24.459%)  route 0.349ns (75.541%))
  Logic Levels:           0  
  Timing Exception:       MaxDelay Path 10.000ns -datapath_only

    Location             Delay type                Incr(ns)  Path(ns)    Netlist Resource(s)
  -------------------------------------------------------------------    -------------------
    SLICE_X12Y153                                     0.000     0.000 r  spi_module_i/axi_quad_spi_0/U0/NO_DUAL_QUAD_MODE.QSPI_NORMAL/QSPI_LEGACY_MD_GEN.QSPI_CORE_INTERFACE_I/FIFO_EXISTS.RX_FIFO_II/gnuram_async_fifo.xpm_fifo_base_inst/gen_cdc_pntr.rd_pntr_cdc_dc_inst/src_gray_ff_reg[4]/C
    SLICE_X12Y153        FDRE (Prop_EFF_SLICEM_C_Q)
                                                      0.113     0.113 r  spi_module_i/axi_quad_spi_0/U0/NO_DUAL_QUAD_MODE.QSPI_NORMAL/QSPI_LEGACY_MD_GEN.QSPI_CORE_INTERFACE_I/FIFO_EXISTS.RX_FIFO_II/gnuram_async_fifo.xpm_fifo_base_inst/gen_cdc_pntr.rd_pntr_cdc_dc_inst/src_gray_ff_reg[4]/Q
                         net (fo=1, routed)           0.349     0.462    spi_module_i/axi_quad_spi_0/U0/NO_DUAL_QUAD_MODE.QSPI_NORMAL/QSPI_LEGACY_MD_GEN.QSPI_CORE_INTERFACE_I/FIFO_EXISTS.RX_FIFO_II/gnuram_async_fifo.xpm_fifo_base_inst/gen_cdc_pntr.rd_pntr_cdc_dc_inst/async_path[4]
    SLICE_X12Y153        FDRE                                         r  spi_module_i/axi_quad_spi_0/U0/NO_DUAL_QUAD_MODE.QSPI_NORMAL/QSPI_LEGACY_MD_GEN.QSPI_CORE_INTERFACE_I/FIFO_EXISTS.RX_FIFO_II/gnuram_async_fifo.xpm_fifo_base_inst/gen_cdc_pntr.rd_pntr_cdc_dc_inst/dest_graysync_ff_reg[0][4]/D
  -------------------------------------------------------------------    -------------------

                         max delay                   10.000    10.000    
    SLICE_X12Y153        FDRE (Setup_BFF2_SLICEM_C_D)
                                                      0.045    10.045    spi_module_i/axi_quad_spi_0/U0/NO_DUAL_QUAD_MODE.QSPI_NORMAL/QSPI_LEGACY_MD_GEN.QSPI_CORE_INTERFACE_I/FIFO_EXISTS.RX_FIFO_II/gnuram_async_fifo.xpm_fifo_base_inst/gen_cdc_pntr.rd_pntr_cdc_dc_inst/dest_graysync_ff_reg[0][4]
  -------------------------------------------------------------------
                         required time                         10.045    
                         arrival time                          -0.462    
  -------------------------------------------------------------------
                         slack                                  9.583    





--------------------------------------------------------------------------------------
Path Group:  (none)
From Clock:  clk_pl_0
  To Clock:  clk_out1_spi_module_clk_wiz_0

Max Delay            17 Endpoints
Min Delay            43 Endpoints
--------------------------------------------------------------------------------------


Max Delay Paths
--------------------------------------------------------------------------------------
Slack:                    inf
  Source:                 spi_module_i/axi_quad_spi_0/U0/NO_DUAL_QUAD_MODE.QSPI_NORMAL/QSPI_LEGACY_MD_GEN.AXI_LITE_IPIF_I/I_SLAVE_ATTACHMENT/rst_reg/C
                            (rising edge-triggered cell FDRE clocked by clk_pl_0  {rise@0.000ns fall@5.000ns period=10.000ns})
  Destination:            spi_module_i/axi_quad_spi_0/U0/NO_DUAL_QUAD_MODE.QSPI_NORMAL/QSPI_LEGACY_MD_GEN.QSPI_CORE_INTERFACE_I/RESET_SYNC_AXI_SPI_CLK_INST/RESET_SYNC_AX2S_1/D
                            (rising edge-triggered cell FDRE clocked by clk_out1_spi_module_clk_wiz_0  {rise@0.000ns fall@5.000ns period=10.000ns})
  Path Group:             (none)
  Path Type:              Setup (Max at Slow Process Corner)
  Data Path Delay:        1.443ns  (logic 0.250ns (17.319%)  route 1.193ns (82.681%))
  Logic Levels:           1  (LUT2=1)
  Clock Path Skew:        1.301ns (DCD - SCD + CPR)
    Destination Clock Delay (DCD):    3.967ns
    Source Clock Delay      (SCD):    2.667ns
    Clock Pessimism Removal (CPR):    0.000ns
  Clock Uncertainty:      0.476ns  ((TSJ^2 + DJ^2)^1/2) / 2 + PE
    Total System Jitter     (TSJ):    0.071ns
    Discrete Jitter          (DJ):    0.503ns
    Phase Error              (PE):    0.222ns
  Clock Net Delay (Source):      2.400ns (routing 1.229ns, distribution 1.171ns)
  Clock Net Delay (Destination): 2.159ns (routing 1.197ns, distribution 0.962ns)
  Timing Exception:       False Path

    Location             Delay type                Incr(ns)  Path(ns)    Netlist Resource(s)
  -------------------------------------------------------------------    -------------------
                         (clock clk_pl_0 rise edge)
                                                      0.000     0.000 r  
    PS8_X0Y0             PS8                          0.000     0.000 r  spi_module_i/zynq_ultra_ps_e_0/inst/PS8_i/PLCLK[0]
                         net (fo=1, routed)           0.229     0.229    spi_module_i/zynq_ultra_ps_e_0/inst/pl_clk_unbuffered[0]
    BUFG_PS_X0Y91        BUFG_PS (Prop_BUFG_PS_I_O)
                                                      0.038     0.267 r  spi_module_i/zynq_ultra_ps_e_0/inst/buffer_pl_clk_0.PL_CLK_0_BUFG/O
    X0Y1 (CLOCK_ROOT)    net (fo=10582, routed)       2.400     2.667    spi_module_i/axi_quad_spi_0/U0/NO_DUAL_QUAD_MODE.QSPI_NORMAL/QSPI_LEGACY_MD_GEN.AXI_LITE_IPIF_I/I_SLAVE_ATTACHMENT/s_axi_aclk
    SLICE_X9Y138         FDRE                                         r  spi_module_i/axi_quad_spi_0/U0/NO_DUAL_QUAD_MODE.QSPI_NORMAL/QSPI_LEGACY_MD_GEN.AXI_LITE_IPIF_I/I_SLAVE_ATTACHMENT/rst_reg/C
  -------------------------------------------------------------------    -------------------
    SLICE_X9Y138         FDRE (Prop_HFF_SLICEL_C_Q)
                                                      0.113     2.780 r  spi_module_i/axi_quad_spi_0/U0/NO_DUAL_QUAD_MODE.QSPI_NORMAL/QSPI_LEGACY_MD_GEN.AXI_LITE_IPIF_I/I_SLAVE_ATTACHMENT/rst_reg/Q
                         net (fo=58, routed)          0.641     3.420    spi_module_i/axi_quad_spi_0/U0/NO_DUAL_QUAD_MODE.QSPI_NORMAL/QSPI_LEGACY_MD_GEN.AXI_LITE_IPIF_I/I_SLAVE_ATTACHMENT/SR[0]
    SLICE_X14Y140        LUT2 (Prop_A6LUT_SLICEL_I0_O)
                                                      0.137     3.557 r  spi_module_i/axi_quad_spi_0/U0/NO_DUAL_QUAD_MODE.QSPI_NORMAL/QSPI_LEGACY_MD_GEN.AXI_LITE_IPIF_I/I_SLAVE_ATTACHMENT/RESET_SYNC_AX2S_1_i_1/O
                         net (fo=88, routed)          0.553     4.110    spi_module_i/axi_quad_spi_0/U0/NO_DUAL_QUAD_MODE.QSPI_NORMAL/QSPI_LEGACY_MD_GEN.QSPI_CORE_INTERFACE_I/RESET_SYNC_AXI_SPI_CLK_INST/reset2ip_reset_int
    SLICE_X15Y146        FDRE                                         r  spi_module_i/axi_quad_spi_0/U0/NO_DUAL_QUAD_MODE.QSPI_NORMAL/QSPI_LEGACY_MD_GEN.QSPI_CORE_INTERFACE_I/RESET_SYNC_AXI_SPI_CLK_INST/RESET_SYNC_AX2S_1/D
  -------------------------------------------------------------------    -------------------

                         (clock clk_out1_spi_module_clk_wiz_0 rise edge)
                                                      0.000     0.000 r  
    C3                                                0.000     0.000 r  som240_1_connector_hpa_clk0p_clk (IN)
                         net (fo=0)                   0.000     0.000    spi_module_i/clk_wiz/inst/clkin1_ibuf/I
    C3                   INBUF (Prop_INBUF_HPIOB_M_PAD_O)
                                                      0.287     0.287 r  spi_module_i/clk_wiz/inst/clkin1_ibuf/INBUF_INST/O
                         net (fo=1, routed)           0.000     0.287    spi_module_i/clk_wiz/inst/clkin1_ibuf/OUT
    C3                   IBUFCTRL (Prop_IBUFCTRL_HPIOB_M_I_O)
                                                      0.000     0.287 r  spi_module_i/clk_wiz/inst/clkin1_ibuf/IBUFCTRL_INST/O
                         net (fo=1, routed)           0.436     0.723    spi_module_i/clk_wiz/inst/clk_in1_spi_module_clk_wiz_0
    MMCM_X0Y3            MMCME4_ADV (Prop_MMCM_CLKIN1_CLKOUT0)
                                                      0.739     1.462 r  spi_module_i/clk_wiz/inst/mmcme4_adv_inst/CLKOUT0
                         net (fo=1, routed)           0.307     1.769    spi_module_i/clk_wiz/inst/clk_out1_spi_module_clk_wiz_0
    BUFGCE_X0Y76         BUFGCE (Prop_BUFCE_BUFGCE_I_O)
                                                      0.039     1.808 r  spi_module_i/clk_wiz/inst/clkout1_buf/O
    X0Y2 (CLOCK_ROOT)    net (fo=324, routed)         2.159     3.967    spi_module_i/axi_quad_spi_0/U0/NO_DUAL_QUAD_MODE.QSPI_NORMAL/QSPI_LEGACY_MD_GEN.QSPI_CORE_INTERFACE_I/RESET_SYNC_AXI_SPI_CLK_INST/ext_spi_clk
    SLICE_X15Y146        FDRE                                         r  spi_module_i/axi_quad_spi_0/U0/NO_DUAL_QUAD_MODE.QSPI_NORMAL/QSPI_LEGACY_MD_GEN.QSPI_CORE_INTERFACE_I/RESET_SYNC_AXI_SPI_CLK_INST/RESET_SYNC_AX2S_1/C

Slack:                    inf
  Source:                 spi_module_i/axi_quad_spi_0/U0/NO_DUAL_QUAD_MODE.QSPI_NORMAL/QSPI_LEGACY_MD_GEN.QSPI_CORE_INTERFACE_I/FIFO_EXISTS.RX_FIFO_II/gnuram_async_fifo.xpm_fifo_base_inst/xpm_fifo_rst_inst/gen_rst_ic.fifo_rd_rst_ic_reg/C
                            (rising edge-triggered cell FDRE clocked by clk_pl_0  {rise@0.000ns fall@5.000ns period=10.000ns})
  Destination:            spi_module_i/axi_quad_spi_0/U0/NO_DUAL_QUAD_MODE.QSPI_NORMAL/QSPI_LEGACY_MD_GEN.QSPI_CORE_INTERFACE_I/FIFO_EXISTS.RX_FIFO_II/gnuram_async_fifo.xpm_fifo_base_inst/xpm_fifo_rst_inst/gen_rst_ic.rrst_wr_inst/syncstages_ff_reg[0]/D
                            (rising edge-triggered cell FDRE clocked by clk_out1_spi_module_clk_wiz_0  {rise@0.000ns fall@5.000ns period=10.000ns})
  Path Group:             (none)
  Path Type:              Setup (Max at Slow Process Corner)
  Data Path Delay:        0.956ns  (logic 0.114ns (11.919%)  route 0.842ns (88.081%))
  Logic Levels:           0  
  Clock Path Skew:        1.356ns (DCD - SCD + CPR)
    Destination Clock Delay (DCD):    3.971ns
    Source Clock Delay      (SCD):    2.616ns
    Clock Pessimism Removal (CPR):    0.000ns
  Clock Uncertainty:      0.476ns  ((TSJ^2 + DJ^2)^1/2) / 2 + PE
    Total System Jitter     (TSJ):    0.071ns
    Discrete Jitter          (DJ):    0.503ns
    Phase Error              (PE):    0.222ns
  Clock Net Delay (Source):      2.349ns (routing 1.229ns, distribution 1.120ns)
  Clock Net Delay (Destination): 2.163ns (routing 1.197ns, distribution 0.966ns)
  Timing Exception:       False Path

    Location             Delay type                Incr(ns)  Path(ns)    Netlist Resource(s)
  -------------------------------------------------------------------    -------------------
                         (clock clk_pl_0 rise edge)
                                                      0.000     0.000 r  
    PS8_X0Y0             PS8                          0.000     0.000 r  spi_module_i/zynq_ultra_ps_e_0/inst/PS8_i/PLCLK[0]
                         net (fo=1, routed)           0.229     0.229    spi_module_i/zynq_ultra_ps_e_0/inst/pl_clk_unbuffered[0]
    BUFG_PS_X0Y91        BUFG_PS (Prop_BUFG_PS_I_O)
                                                      0.038     0.267 r  spi_module_i/zynq_ultra_ps_e_0/inst/buffer_pl_clk_0.PL_CLK_0_BUFG/O
    X0Y1 (CLOCK_ROOT)    net (fo=10582, routed)       2.349     2.616    spi_module_i/axi_quad_spi_0/U0/NO_DUAL_QUAD_MODE.QSPI_NORMAL/QSPI_LEGACY_MD_GEN.QSPI_CORE_INTERFACE_I/FIFO_EXISTS.RX_FIFO_II/gnuram_async_fifo.xpm_fifo_base_inst/xpm_fifo_rst_inst/rd_clk
    SLICE_X14Y155        FDRE                                         r  spi_module_i/axi_quad_spi_0/U0/NO_DUAL_QUAD_MODE.QSPI_NORMAL/QSPI_LEGACY_MD_GEN.QSPI_CORE_INTERFACE_I/FIFO_EXISTS.RX_FIFO_II/gnuram_async_fifo.xpm_fifo_base_inst/xpm_fifo_rst_inst/gen_rst_ic.fifo_rd_rst_ic_reg/C
  -------------------------------------------------------------------    -------------------
    SLICE_X14Y155        FDRE (Prop_AFF_SLICEL_C_Q)
                                                      0.114     2.730 r  spi_module_i/axi_quad_spi_0/U0/NO_DUAL_QUAD_MODE.QSPI_NORMAL/QSPI_LEGACY_MD_GEN.QSPI_CORE_INTERFACE_I/FIFO_EXISTS.RX_FIFO_II/gnuram_async_fifo.xpm_fifo_base_inst/xpm_fifo_rst_inst/gen_rst_ic.fifo_rd_rst_ic_reg/Q
                         net (fo=41, routed)          0.842     3.572    spi_module_i/axi_quad_spi_0/U0/NO_DUAL_QUAD_MODE.QSPI_NORMAL/QSPI_LEGACY_MD_GEN.QSPI_CORE_INTERFACE_I/FIFO_EXISTS.RX_FIFO_II/gnuram_async_fifo.xpm_fifo_base_inst/xpm_fifo_rst_inst/gen_rst_ic.rrst_wr_inst/src_rst
    SLICE_X15Y158        FDRE                                         r  spi_module_i/axi_quad_spi_0/U0/NO_DUAL_QUAD_MODE.QSPI_NORMAL/QSPI_LEGACY_MD_GEN.QSPI_CORE_INTERFACE_I/FIFO_EXISTS.RX_FIFO_II/gnuram_async_fifo.xpm_fifo_base_inst/xpm_fifo_rst_inst/gen_rst_ic.rrst_wr_inst/syncstages_ff_reg[0]/D
  -------------------------------------------------------------------    -------------------

                         (clock clk_out1_spi_module_clk_wiz_0 rise edge)
                                                      0.000     0.000 r  
    C3                                                0.000     0.000 r  som240_1_connector_hpa_clk0p_clk (IN)
                         net (fo=0)                   0.000     0.000    spi_module_i/clk_wiz/inst/clkin1_ibuf/I
    C3                   INBUF (Prop_INBUF_HPIOB_M_PAD_O)
                                                      0.287     0.287 r  spi_module_i/clk_wiz/inst/clkin1_ibuf/INBUF_INST/O
                         net (fo=1, routed)           0.000     0.287    spi_module_i/clk_wiz/inst/clkin1_ibuf/OUT
    C3                   IBUFCTRL (Prop_IBUFCTRL_HPIOB_M_I_O)
                                                      0.000     0.287 r  spi_module_i/clk_wiz/inst/clkin1_ibuf/IBUFCTRL_INST/O
                         net (fo=1, routed)           0.436     0.723    spi_module_i/clk_wiz/inst/clk_in1_spi_module_clk_wiz_0
    MMCM_X0Y3            MMCME4_ADV (Prop_MMCM_CLKIN1_CLKOUT0)
                                                      0.739     1.462 r  spi_module_i/clk_wiz/inst/mmcme4_adv_inst/CLKOUT0
                         net (fo=1, routed)           0.307     1.769    spi_module_i/clk_wiz/inst/clk_out1_spi_module_clk_wiz_0
    BUFGCE_X0Y76         BUFGCE (Prop_BUFCE_BUFGCE_I_O)
                                                      0.039     1.808 r  spi_module_i/clk_wiz/inst/clkout1_buf/O
    X0Y2 (CLOCK_ROOT)    net (fo=324, routed)         2.163     3.971    spi_module_i/axi_quad_spi_0/U0/NO_DUAL_QUAD_MODE.QSPI_NORMAL/QSPI_LEGACY_MD_GEN.QSPI_CORE_INTERFACE_I/FIFO_EXISTS.RX_FIFO_II/gnuram_async_fifo.xpm_fifo_base_inst/xpm_fifo_rst_inst/gen_rst_ic.rrst_wr_inst/dest_clk
    SLICE_X15Y158        FDRE                                         r  spi_module_i/axi_quad_spi_0/U0/NO_DUAL_QUAD_MODE.QSPI_NORMAL/QSPI_LEGACY_MD_GEN.QSPI_CORE_INTERFACE_I/FIFO_EXISTS.RX_FIFO_II/gnuram_async_fifo.xpm_fifo_base_inst/xpm_fifo_rst_inst/gen_rst_ic.rrst_wr_inst/syncstages_ff_reg[0]/C

Slack:                    inf
  Source:                 spi_module_i/axi_quad_spi_0/U0/NO_DUAL_QUAD_MODE.QSPI_NORMAL/QSPI_LEGACY_MD_GEN.QSPI_CORE_INTERFACE_I/FIFO_EXISTS.RX_FIFO_II/gnuram_async_fifo.xpm_fifo_base_inst/gen_fwft.empty_fwft_i_reg/C
                            (rising edge-triggered cell FDSE clocked by clk_pl_0  {rise@0.000ns fall@5.000ns period=10.000ns})
  Destination:            spi_module_i/axi_quad_spi_0/U0/NO_DUAL_QUAD_MODE.QSPI_NORMAL/QSPI_LEGACY_MD_GEN.QSPI_CORE_INTERFACE_I/FIFO_EXISTS.RX_FIFO_EMPTY_SYNC_AXI_2_SPI_CDC/syncstages_ff_reg[0]/D
                            (rising edge-triggered cell FDRE clocked by clk_out1_spi_module_clk_wiz_0  {rise@0.000ns fall@5.000ns period=10.000ns})
  Path Group:             (none)
  Path Type:              Setup (Max at Slow Process Corner)
  Data Path Delay:        0.649ns  (logic 0.116ns (17.875%)  route 0.533ns (82.125%))
  Logic Levels:           0  
  Clock Path Skew:        1.341ns (DCD - SCD + CPR)
    Destination Clock Delay (DCD):    3.973ns
    Source Clock Delay      (SCD):    2.632ns
    Clock Pessimism Removal (CPR):    0.000ns
  Clock Uncertainty:      0.476ns  ((TSJ^2 + DJ^2)^1/2) / 2 + PE
    Total System Jitter     (TSJ):    0.071ns
    Discrete Jitter          (DJ):    0.503ns
    Phase Error              (PE):    0.222ns
  Clock Net Delay (Source):      2.365ns (routing 1.229ns, distribution 1.136ns)
  Clock Net Delay (Destination): 2.164ns (routing 1.197ns, distribution 0.967ns)
  Timing Exception:       False Path

    Location             Delay type                Incr(ns)  Path(ns)    Netlist Resource(s)
  -------------------------------------------------------------------    -------------------
                         (clock clk_pl_0 rise edge)
                                                      0.000     0.000 r  
    PS8_X0Y0             PS8                          0.000     0.000 r  spi_module_i/zynq_ultra_ps_e_0/inst/PS8_i/PLCLK[0]
                         net (fo=1, routed)           0.229     0.229    spi_module_i/zynq_ultra_ps_e_0/inst/pl_clk_unbuffered[0]
    BUFG_PS_X0Y91        BUFG_PS (Prop_BUFG_PS_I_O)
                                                      0.038     0.267 r  spi_module_i/zynq_ultra_ps_e_0/inst/buffer_pl_clk_0.PL_CLK_0_BUFG/O
    X0Y1 (CLOCK_ROOT)    net (fo=10582, routed)       2.365     2.632    spi_module_i/axi_quad_spi_0/U0/NO_DUAL_QUAD_MODE.QSPI_NORMAL/QSPI_LEGACY_MD_GEN.QSPI_CORE_INTERFACE_I/FIFO_EXISTS.RX_FIFO_II/gnuram_async_fifo.xpm_fifo_base_inst/rd_clk
    SLICE_X14Y151        FDSE                                         r  spi_module_i/axi_quad_spi_0/U0/NO_DUAL_QUAD_MODE.QSPI_NORMAL/QSPI_LEGACY_MD_GEN.QSPI_CORE_INTERFACE_I/FIFO_EXISTS.RX_FIFO_II/gnuram_async_fifo.xpm_fifo_base_inst/gen_fwft.empty_fwft_i_reg/C
  -------------------------------------------------------------------    -------------------
    SLICE_X14Y151        FDSE (Prop_GFF2_SLICEL_C_Q)
                                                      0.116     2.748 r  spi_module_i/axi_quad_spi_0/U0/NO_DUAL_QUAD_MODE.QSPI_NORMAL/QSPI_LEGACY_MD_GEN.QSPI_CORE_INTERFACE_I/FIFO_EXISTS.RX_FIFO_II/gnuram_async_fifo.xpm_fifo_base_inst/gen_fwft.empty_fwft_i_reg/Q
                         net (fo=13, routed)          0.533     3.280    spi_module_i/axi_quad_spi_0/U0/NO_DUAL_QUAD_MODE.QSPI_NORMAL/QSPI_LEGACY_MD_GEN.QSPI_CORE_INTERFACE_I/FIFO_EXISTS.RX_FIFO_EMPTY_SYNC_AXI_2_SPI_CDC/src_in
    SLICE_X13Y149        FDRE                                         r  spi_module_i/axi_quad_spi_0/U0/NO_DUAL_QUAD_MODE.QSPI_NORMAL/QSPI_LEGACY_MD_GEN.QSPI_CORE_INTERFACE_I/FIFO_EXISTS.RX_FIFO_EMPTY_SYNC_AXI_2_SPI_CDC/syncstages_ff_reg[0]/D
  -------------------------------------------------------------------    -------------------

                         (clock clk_out1_spi_module_clk_wiz_0 rise edge)
                                                      0.000     0.000 r  
    C3                                                0.000     0.000 r  som240_1_connector_hpa_clk0p_clk (IN)
                         net (fo=0)                   0.000     0.000    spi_module_i/clk_wiz/inst/clkin1_ibuf/I
    C3                   INBUF (Prop_INBUF_HPIOB_M_PAD_O)
                                                      0.287     0.287 r  spi_module_i/clk_wiz/inst/clkin1_ibuf/INBUF_INST/O
                         net (fo=1, routed)           0.000     0.287    spi_module_i/clk_wiz/inst/clkin1_ibuf/OUT
    C3                   IBUFCTRL (Prop_IBUFCTRL_HPIOB_M_I_O)
                                                      0.000     0.287 r  spi_module_i/clk_wiz/inst/clkin1_ibuf/IBUFCTRL_INST/O
                         net (fo=1, routed)           0.436     0.723    spi_module_i/clk_wiz/inst/clk_in1_spi_module_clk_wiz_0
    MMCM_X0Y3            MMCME4_ADV (Prop_MMCM_CLKIN1_CLKOUT0)
                                                      0.739     1.462 r  spi_module_i/clk_wiz/inst/mmcme4_adv_inst/CLKOUT0
                         net (fo=1, routed)           0.307     1.769    spi_module_i/clk_wiz/inst/clk_out1_spi_module_clk_wiz_0
    BUFGCE_X0Y76         BUFGCE (Prop_BUFCE_BUFGCE_I_O)
                                                      0.039     1.808 r  spi_module_i/clk_wiz/inst/clkout1_buf/O
    X0Y2 (CLOCK_ROOT)    net (fo=324, routed)         2.164     3.973    spi_module_i/axi_quad_spi_0/U0/NO_DUAL_QUAD_MODE.QSPI_NORMAL/QSPI_LEGACY_MD_GEN.QSPI_CORE_INTERFACE_I/FIFO_EXISTS.RX_FIFO_EMPTY_SYNC_AXI_2_SPI_CDC/dest_clk
    SLICE_X13Y149        FDRE                                         r  spi_module_i/axi_quad_spi_0/U0/NO_DUAL_QUAD_MODE.QSPI_NORMAL/QSPI_LEGACY_MD_GEN.QSPI_CORE_INTERFACE_I/FIFO_EXISTS.RX_FIFO_EMPTY_SYNC_AXI_2_SPI_CDC/syncstages_ff_reg[0]/C

Slack:                    inf
  Source:                 spi_module_i/axi_quad_spi_0/U0/NO_DUAL_QUAD_MODE.QSPI_NORMAL/QSPI_LEGACY_MD_GEN.QSPI_CORE_INTERFACE_I/STATUS_REG_MODE_0_GEN.STATUS_SLAVE_SEL_REG_I/SPISSR_WR_GEN[0].SPISSR_Data_reg_reg[0]/C
                            (rising edge-triggered cell FDSE clocked by clk_pl_0  {rise@0.000ns fall@5.000ns period=10.000ns})
  Destination:            spi_module_i/axi_quad_spi_0/U0/NO_DUAL_QUAD_MODE.QSPI_NORMAL/QSPI_LEGACY_MD_GEN.QSPI_CORE_INTERFACE_I/FIFO_EXISTS.CLK_CROSS_I/LOGIC_GENERATION_CDC.SPISSR_SYNC_GEN_CDC[0].SPISSR_AX2S_1_CDC/syncstages_ff_reg[0]/D
                            (rising edge-triggered cell FDRE clocked by clk_out1_spi_module_clk_wiz_0  {rise@0.000ns fall@5.000ns period=10.000ns})
  Path Group:             (none)
  Path Type:              Setup (Max at Slow Process Corner)
  Data Path Delay:        0.541ns  (logic 0.112ns (20.685%)  route 0.429ns (79.315%))
  Logic Levels:           0  
  Clock Path Skew:        1.329ns (DCD - SCD + CPR)
    Destination Clock Delay (DCD):    3.976ns
    Source Clock Delay      (SCD):    2.647ns
    Clock Pessimism Removal (CPR):    0.000ns
  Clock Uncertainty:      0.476ns  ((TSJ^2 + DJ^2)^1/2) / 2 + PE
    Total System Jitter     (TSJ):    0.071ns
    Discrete Jitter          (DJ):    0.503ns
    Phase Error              (PE):    0.222ns
  Clock Net Delay (Source):      2.380ns (routing 1.229ns, distribution 1.151ns)
  Clock Net Delay (Destination): 2.167ns (routing 1.197ns, distribution 0.970ns)
  Timing Exception:       False Path

    Location             Delay type                Incr(ns)  Path(ns)    Netlist Resource(s)
  -------------------------------------------------------------------    -------------------
                         (clock clk_pl_0 rise edge)
                                                      0.000     0.000 r  
    PS8_X0Y0             PS8                          0.000     0.000 r  spi_module_i/zynq_ultra_ps_e_0/inst/PS8_i/PLCLK[0]
                         net (fo=1, routed)           0.229     0.229    spi_module_i/zynq_ultra_ps_e_0/inst/pl_clk_unbuffered[0]
    BUFG_PS_X0Y91        BUFG_PS (Prop_BUFG_PS_I_O)
                                                      0.038     0.267 r  spi_module_i/zynq_ultra_ps_e_0/inst/buffer_pl_clk_0.PL_CLK_0_BUFG/O
    X0Y1 (CLOCK_ROOT)    net (fo=10582, routed)       2.380     2.647    spi_module_i/axi_quad_spi_0/U0/NO_DUAL_QUAD_MODE.QSPI_NORMAL/QSPI_LEGACY_MD_GEN.QSPI_CORE_INTERFACE_I/STATUS_REG_MODE_0_GEN.STATUS_SLAVE_SEL_REG_I/s_axi_aclk
    SLICE_X13Y142        FDSE                                         r  spi_module_i/axi_quad_spi_0/U0/NO_DUAL_QUAD_MODE.QSPI_NORMAL/QSPI_LEGACY_MD_GEN.QSPI_CORE_INTERFACE_I/STATUS_REG_MODE_0_GEN.STATUS_SLAVE_SEL_REG_I/SPISSR_WR_GEN[0].SPISSR_Data_reg_reg[0]/C
  -------------------------------------------------------------------    -------------------
    SLICE_X13Y142        FDSE (Prop_BFF_SLICEM_C_Q)
                                                      0.112     2.759 r  spi_module_i/axi_quad_spi_0/U0/NO_DUAL_QUAD_MODE.QSPI_NORMAL/QSPI_LEGACY_MD_GEN.QSPI_CORE_INTERFACE_I/STATUS_REG_MODE_0_GEN.STATUS_SLAVE_SEL_REG_I/SPISSR_WR_GEN[0].SPISSR_Data_reg_reg[0]/Q
                         net (fo=3, routed)           0.429     3.188    spi_module_i/axi_quad_spi_0/U0/NO_DUAL_QUAD_MODE.QSPI_NORMAL/QSPI_LEGACY_MD_GEN.QSPI_CORE_INTERFACE_I/FIFO_EXISTS.CLK_CROSS_I/LOGIC_GENERATION_CDC.SPISSR_SYNC_GEN_CDC[0].SPISSR_AX2S_1_CDC/src_in
    SLICE_X16Y145        FDRE                                         r  spi_module_i/axi_quad_spi_0/U0/NO_DUAL_QUAD_MODE.QSPI_NORMAL/QSPI_LEGACY_MD_GEN.QSPI_CORE_INTERFACE_I/FIFO_EXISTS.CLK_CROSS_I/LOGIC_GENERATION_CDC.SPISSR_SYNC_GEN_CDC[0].SPISSR_AX2S_1_CDC/syncstages_ff_reg[0]/D
  -------------------------------------------------------------------    -------------------

                         (clock clk_out1_spi_module_clk_wiz_0 rise edge)
                                                      0.000     0.000 r  
    C3                                                0.000     0.000 r  som240_1_connector_hpa_clk0p_clk (IN)
                         net (fo=0)                   0.000     0.000    spi_module_i/clk_wiz/inst/clkin1_ibuf/I
    C3                   INBUF (Prop_INBUF_HPIOB_M_PAD_O)
                                                      0.287     0.287 r  spi_module_i/clk_wiz/inst/clkin1_ibuf/INBUF_INST/O
                         net (fo=1, routed)           0.000     0.287    spi_module_i/clk_wiz/inst/clkin1_ibuf/OUT
    C3                   IBUFCTRL (Prop_IBUFCTRL_HPIOB_M_I_O)
                                                      0.000     0.287 r  spi_module_i/clk_wiz/inst/clkin1_ibuf/IBUFCTRL_INST/O
                         net (fo=1, routed)           0.436     0.723    spi_module_i/clk_wiz/inst/clk_in1_spi_module_clk_wiz_0
    MMCM_X0Y3            MMCME4_ADV (Prop_MMCM_CLKIN1_CLKOUT0)
                                                      0.739     1.462 r  spi_module_i/clk_wiz/inst/mmcme4_adv_inst/CLKOUT0
                         net (fo=1, routed)           0.307     1.769    spi_module_i/clk_wiz/inst/clk_out1_spi_module_clk_wiz_0
    BUFGCE_X0Y76         BUFGCE (Prop_BUFCE_BUFGCE_I_O)
                                                      0.039     1.808 r  spi_module_i/clk_wiz/inst/clkout1_buf/O
    X0Y2 (CLOCK_ROOT)    net (fo=324, routed)         2.167     3.976    spi_module_i/axi_quad_spi_0/U0/NO_DUAL_QUAD_MODE.QSPI_NORMAL/QSPI_LEGACY_MD_GEN.QSPI_CORE_INTERFACE_I/FIFO_EXISTS.CLK_CROSS_I/LOGIC_GENERATION_CDC.SPISSR_SYNC_GEN_CDC[0].SPISSR_AX2S_1_CDC/dest_clk
    SLICE_X16Y145        FDRE                                         r  spi_module_i/axi_quad_spi_0/U0/NO_DUAL_QUAD_MODE.QSPI_NORMAL/QSPI_LEGACY_MD_GEN.QSPI_CORE_INTERFACE_I/FIFO_EXISTS.CLK_CROSS_I/LOGIC_GENERATION_CDC.SPISSR_SYNC_GEN_CDC[0].SPISSR_AX2S_1_CDC/syncstages_ff_reg[0]/C

Slack:                    inf
  Source:                 spi_module_i/axi_quad_spi_0/U0/NO_DUAL_QUAD_MODE.QSPI_NORMAL/QSPI_LEGACY_MD_GEN.QSPI_CORE_INTERFACE_I/FIFO_EXISTS.CLK_CROSS_I/LOGIC_GENERATION_CDC.SPICR_RX_FIFO_Rst_en_d1_reg/C
                            (rising edge-triggered cell FDRE clocked by clk_pl_0  {rise@0.000ns fall@5.000ns period=10.000ns})
  Destination:            spi_module_i/axi_quad_spi_0/U0/NO_DUAL_QUAD_MODE.QSPI_NORMAL/QSPI_LEGACY_MD_GEN.QSPI_CORE_INTERFACE_I/FIFO_EXISTS.CLK_CROSS_I/LOGIC_GENERATION_CDC.RX_FIFO_RST_AX2S_1/syncstages_ff_reg[0]/D
                            (rising edge-triggered cell FDRE clocked by clk_out1_spi_module_clk_wiz_0  {rise@0.000ns fall@5.000ns period=10.000ns})
  Path Group:             (none)
  Path Type:              Setup (Max at Slow Process Corner)
  Data Path Delay:        0.576ns  (logic 0.113ns (19.602%)  route 0.463ns (80.398%))
  Logic Levels:           0  
  Clock Path Skew:        1.372ns (DCD - SCD + CPR)
    Destination Clock Delay (DCD):    3.966ns
    Source Clock Delay      (SCD):    2.594ns
    Clock Pessimism Removal (CPR):    0.000ns
  Clock Uncertainty:      0.476ns  ((TSJ^2 + DJ^2)^1/2) / 2 + PE
    Total System Jitter     (TSJ):    0.071ns
    Discrete Jitter          (DJ):    0.503ns
    Phase Error              (PE):    0.222ns
  Clock Net Delay (Source):      2.327ns (routing 1.229ns, distribution 1.098ns)
  Clock Net Delay (Destination): 2.158ns (routing 1.197ns, distribution 0.961ns)
  Timing Exception:       False Path

    Location             Delay type                Incr(ns)  Path(ns)    Netlist Resource(s)
  -------------------------------------------------------------------    -------------------
                         (clock clk_pl_0 rise edge)
                                                      0.000     0.000 r  
    PS8_X0Y0             PS8                          0.000     0.000 r  spi_module_i/zynq_ultra_ps_e_0/inst/PS8_i/PLCLK[0]
                         net (fo=1, routed)           0.229     0.229    spi_module_i/zynq_ultra_ps_e_0/inst/pl_clk_unbuffered[0]
    BUFG_PS_X0Y91        BUFG_PS (Prop_BUFG_PS_I_O)
                                                      0.038     0.267 r  spi_module_i/zynq_ultra_ps_e_0/inst/buffer_pl_clk_0.PL_CLK_0_BUFG/O
    X0Y1 (CLOCK_ROOT)    net (fo=10582, routed)       2.327     2.594    spi_module_i/axi_quad_spi_0/U0/NO_DUAL_QUAD_MODE.QSPI_NORMAL/QSPI_LEGACY_MD_GEN.QSPI_CORE_INTERFACE_I/FIFO_EXISTS.CLK_CROSS_I/s_axi_aclk
    SLICE_X15Y145        FDRE                                         r  spi_module_i/axi_quad_spi_0/U0/NO_DUAL_QUAD_MODE.QSPI_NORMAL/QSPI_LEGACY_MD_GEN.QSPI_CORE_INTERFACE_I/FIFO_EXISTS.CLK_CROSS_I/LOGIC_GENERATION_CDC.SPICR_RX_FIFO_Rst_en_d1_reg/C
  -------------------------------------------------------------------    -------------------
    SLICE_X15Y145        FDRE (Prop_HFF_SLICEL_C_Q)
                                                      0.113     2.707 r  spi_module_i/axi_quad_spi_0/U0/NO_DUAL_QUAD_MODE.QSPI_NORMAL/QSPI_LEGACY_MD_GEN.QSPI_CORE_INTERFACE_I/FIFO_EXISTS.CLK_CROSS_I/LOGIC_GENERATION_CDC.SPICR_RX_FIFO_Rst_en_d1_reg/Q
                         net (fo=2, routed)           0.463     3.170    spi_module_i/axi_quad_spi_0/U0/NO_DUAL_QUAD_MODE.QSPI_NORMAL/QSPI_LEGACY_MD_GEN.QSPI_CORE_INTERFACE_I/FIFO_EXISTS.CLK_CROSS_I/LOGIC_GENERATION_CDC.RX_FIFO_RST_AX2S_1/src_in
    SLICE_X15Y156        FDRE                                         r  spi_module_i/axi_quad_spi_0/U0/NO_DUAL_QUAD_MODE.QSPI_NORMAL/QSPI_LEGACY_MD_GEN.QSPI_CORE_INTERFACE_I/FIFO_EXISTS.CLK_CROSS_I/LOGIC_GENERATION_CDC.RX_FIFO_RST_AX2S_1/syncstages_ff_reg[0]/D
  -------------------------------------------------------------------    -------------------

                         (clock clk_out1_spi_module_clk_wiz_0 rise edge)
                                                      0.000     0.000 r  
    C3                                                0.000     0.000 r  som240_1_connector_hpa_clk0p_clk (IN)
                         net (fo=0)                   0.000     0.000    spi_module_i/clk_wiz/inst/clkin1_ibuf/I
    C3                   INBUF (Prop_INBUF_HPIOB_M_PAD_O)
                                                      0.287     0.287 r  spi_module_i/clk_wiz/inst/clkin1_ibuf/INBUF_INST/O
                         net (fo=1, routed)           0.000     0.287    spi_module_i/clk_wiz/inst/clkin1_ibuf/OUT
    C3                   IBUFCTRL (Prop_IBUFCTRL_HPIOB_M_I_O)
                                                      0.000     0.287 r  spi_module_i/clk_wiz/inst/clkin1_ibuf/IBUFCTRL_INST/O
                         net (fo=1, routed)           0.436     0.723    spi_module_i/clk_wiz/inst/clk_in1_spi_module_clk_wiz_0
    MMCM_X0Y3            MMCME4_ADV (Prop_MMCM_CLKIN1_CLKOUT0)
                                                      0.739     1.462 r  spi_module_i/clk_wiz/inst/mmcme4_adv_inst/CLKOUT0
                         net (fo=1, routed)           0.307     1.769    spi_module_i/clk_wiz/inst/clk_out1_spi_module_clk_wiz_0
    BUFGCE_X0Y76         BUFGCE (Prop_BUFCE_BUFGCE_I_O)
                                                      0.039     1.808 r  spi_module_i/clk_wiz/inst/clkout1_buf/O
    X0Y2 (CLOCK_ROOT)    net (fo=324, routed)         2.158     3.966    spi_module_i/axi_quad_spi_0/U0/NO_DUAL_QUAD_MODE.QSPI_NORMAL/QSPI_LEGACY_MD_GEN.QSPI_CORE_INTERFACE_I/FIFO_EXISTS.CLK_CROSS_I/LOGIC_GENERATION_CDC.RX_FIFO_RST_AX2S_1/dest_clk
    SLICE_X15Y156        FDRE                                         r  spi_module_i/axi_quad_spi_0/U0/NO_DUAL_QUAD_MODE.QSPI_NORMAL/QSPI_LEGACY_MD_GEN.QSPI_CORE_INTERFACE_I/FIFO_EXISTS.CLK_CROSS_I/LOGIC_GENERATION_CDC.RX_FIFO_RST_AX2S_1/syncstages_ff_reg[0]/C

Slack:                    inf
  Source:                 spi_module_i/axi_quad_spi_0/U0/NO_DUAL_QUAD_MODE.QSPI_NORMAL/QSPI_LEGACY_MD_GEN.QSPI_CORE_INTERFACE_I/CONTROL_REG_I/SPICR_data_int_reg[0]/C
                            (rising edge-triggered cell FDRE clocked by clk_pl_0  {rise@0.000ns fall@5.000ns period=10.000ns})
  Destination:            spi_module_i/axi_quad_spi_0/U0/NO_DUAL_QUAD_MODE.QSPI_NORMAL/QSPI_LEGACY_MD_GEN.QSPI_CORE_INTERFACE_I/FIFO_EXISTS.CLK_CROSS_I/LOGIC_GENERATION_CDC.SPICR_9_LSB_AX2S_1/syncstages_ff_reg[0]/D
                            (rising edge-triggered cell FDRE clocked by clk_out1_spi_module_clk_wiz_0  {rise@0.000ns fall@5.000ns period=10.000ns})
  Path Group:             (none)
  Path Type:              Setup (Max at Slow Process Corner)
  Data Path Delay:        0.494ns  (logic 0.114ns (23.081%)  route 0.380ns (76.919%))
  Logic Levels:           0  
  Clock Path Skew:        1.333ns (DCD - SCD + CPR)
    Destination Clock Delay (DCD):    3.974ns
    Source Clock Delay      (SCD):    2.642ns
    Clock Pessimism Removal (CPR):    0.000ns
  Clock Uncertainty:      0.476ns  ((TSJ^2 + DJ^2)^1/2) / 2 + PE
    Total System Jitter     (TSJ):    0.071ns
    Discrete Jitter          (DJ):    0.503ns
    Phase Error              (PE):    0.222ns
  Clock Net Delay (Source):      2.375ns (routing 1.229ns, distribution 1.146ns)
  Clock Net Delay (Destination): 2.166ns (routing 1.197ns, distribution 0.969ns)
  Timing Exception:       False Path

    Location             Delay type                Incr(ns)  Path(ns)    Netlist Resource(s)
  -------------------------------------------------------------------    -------------------
                         (clock clk_pl_0 rise edge)
                                                      0.000     0.000 r  
    PS8_X0Y0             PS8                          0.000     0.000 r  spi_module_i/zynq_ultra_ps_e_0/inst/PS8_i/PLCLK[0]
                         net (fo=1, routed)           0.229     0.229    spi_module_i/zynq_ultra_ps_e_0/inst/pl_clk_unbuffered[0]
    BUFG_PS_X0Y91        BUFG_PS (Prop_BUFG_PS_I_O)
                                                      0.038     0.267 r  spi_module_i/zynq_ultra_ps_e_0/inst/buffer_pl_clk_0.PL_CLK_0_BUFG/O
    X0Y1 (CLOCK_ROOT)    net (fo=10582, routed)       2.375     2.642    spi_module_i/axi_quad_spi_0/U0/NO_DUAL_QUAD_MODE.QSPI_NORMAL/QSPI_LEGACY_MD_GEN.QSPI_CORE_INTERFACE_I/CONTROL_REG_I/s_axi_aclk
    SLICE_X13Y144        FDRE                                         r  spi_module_i/axi_quad_spi_0/U0/NO_DUAL_QUAD_MODE.QSPI_NORMAL/QSPI_LEGACY_MD_GEN.QSPI_CORE_INTERFACE_I/CONTROL_REG_I/SPICR_data_int_reg[0]/C
  -------------------------------------------------------------------    -------------------
    SLICE_X13Y144        FDRE (Prop_HFF2_SLICEM_C_Q)
                                                      0.114     2.756 r  spi_module_i/axi_quad_spi_0/U0/NO_DUAL_QUAD_MODE.QSPI_NORMAL/QSPI_LEGACY_MD_GEN.QSPI_CORE_INTERFACE_I/CONTROL_REG_I/SPICR_data_int_reg[0]/Q
                         net (fo=2, routed)           0.380     3.135    spi_module_i/axi_quad_spi_0/U0/NO_DUAL_QUAD_MODE.QSPI_NORMAL/QSPI_LEGACY_MD_GEN.QSPI_CORE_INTERFACE_I/FIFO_EXISTS.CLK_CROSS_I/LOGIC_GENERATION_CDC.SPICR_9_LSB_AX2S_1/src_in
    SLICE_X17Y146        FDRE                                         r  spi_module_i/axi_quad_spi_0/U0/NO_DUAL_QUAD_MODE.QSPI_NORMAL/QSPI_LEGACY_MD_GEN.QSPI_CORE_INTERFACE_I/FIFO_EXISTS.CLK_CROSS_I/LOGIC_GENERATION_CDC.SPICR_9_LSB_AX2S_1/syncstages_ff_reg[0]/D
  -------------------------------------------------------------------    -------------------

                         (clock clk_out1_spi_module_clk_wiz_0 rise edge)
                                                      0.000     0.000 r  
    C3                                                0.000     0.000 r  som240_1_connector_hpa_clk0p_clk (IN)
                         net (fo=0)                   0.000     0.000    spi_module_i/clk_wiz/inst/clkin1_ibuf/I
    C3                   INBUF (Prop_INBUF_HPIOB_M_PAD_O)
                                                      0.287     0.287 r  spi_module_i/clk_wiz/inst/clkin1_ibuf/INBUF_INST/O
                         net (fo=1, routed)           0.000     0.287    spi_module_i/clk_wiz/inst/clkin1_ibuf/OUT
    C3                   IBUFCTRL (Prop_IBUFCTRL_HPIOB_M_I_O)
                                                      0.000     0.287 r  spi_module_i/clk_wiz/inst/clkin1_ibuf/IBUFCTRL_INST/O
                         net (fo=1, routed)           0.436     0.723    spi_module_i/clk_wiz/inst/clk_in1_spi_module_clk_wiz_0
    MMCM_X0Y3            MMCME4_ADV (Prop_MMCM_CLKIN1_CLKOUT0)
                                                      0.739     1.462 r  spi_module_i/clk_wiz/inst/mmcme4_adv_inst/CLKOUT0
                         net (fo=1, routed)           0.307     1.769    spi_module_i/clk_wiz/inst/clk_out1_spi_module_clk_wiz_0
    BUFGCE_X0Y76         BUFGCE (Prop_BUFCE_BUFGCE_I_O)
                                                      0.039     1.808 r  spi_module_i/clk_wiz/inst/clkout1_buf/O
    X0Y2 (CLOCK_ROOT)    net (fo=324, routed)         2.166     3.974    spi_module_i/axi_quad_spi_0/U0/NO_DUAL_QUAD_MODE.QSPI_NORMAL/QSPI_LEGACY_MD_GEN.QSPI_CORE_INTERFACE_I/FIFO_EXISTS.CLK_CROSS_I/LOGIC_GENERATION_CDC.SPICR_9_LSB_AX2S_1/dest_clk
    SLICE_X17Y146        FDRE                                         r  spi_module_i/axi_quad_spi_0/U0/NO_DUAL_QUAD_MODE.QSPI_NORMAL/QSPI_LEGACY_MD_GEN.QSPI_CORE_INTERFACE_I/FIFO_EXISTS.CLK_CROSS_I/LOGIC_GENERATION_CDC.SPICR_9_LSB_AX2S_1/syncstages_ff_reg[0]/C

Slack:                    inf
  Source:                 spi_module_i/axi_quad_spi_0/U0/NO_DUAL_QUAD_MODE.QSPI_NORMAL/QSPI_LEGACY_MD_GEN.QSPI_CORE_INTERFACE_I/CONTROL_REG_I/CONTROL_REG_5_9_GENERATE[5].SPICR_data_int_reg[5]/C
                            (rising edge-triggered cell FDRE clocked by clk_pl_0  {rise@0.000ns fall@5.000ns period=10.000ns})
  Destination:            spi_module_i/axi_quad_spi_0/U0/NO_DUAL_QUAD_MODE.QSPI_NORMAL/QSPI_LEGACY_MD_GEN.QSPI_CORE_INTERFACE_I/FIFO_EXISTS.CLK_CROSS_I/LOGIC_GENERATION_CDC.SPICR_4_CPHA_AX2S_1/syncstages_ff_reg[0]/D
                            (rising edge-triggered cell FDRE clocked by clk_out1_spi_module_clk_wiz_0  {rise@0.000ns fall@5.000ns period=10.000ns})
  Path Group:             (none)
  Path Type:              Setup (Max at Slow Process Corner)
  Data Path Delay:        0.525ns  (logic 0.115ns (21.908%)  route 0.410ns (78.092%))
  Logic Levels:           0  
  Clock Path Skew:        1.373ns (DCD - SCD + CPR)
    Destination Clock Delay (DCD):    3.967ns
    Source Clock Delay      (SCD):    2.594ns
    Clock Pessimism Removal (CPR):    0.000ns
  Clock Uncertainty:      0.476ns  ((TSJ^2 + DJ^2)^1/2) / 2 + PE
    Total System Jitter     (TSJ):    0.071ns
    Discrete Jitter          (DJ):    0.503ns
    Phase Error              (PE):    0.222ns
  Clock Net Delay (Source):      2.327ns (routing 1.229ns, distribution 1.098ns)
  Clock Net Delay (Destination): 2.159ns (routing 1.197ns, distribution 0.962ns)
  Timing Exception:       False Path

    Location             Delay type                Incr(ns)  Path(ns)    Netlist Resource(s)
  -------------------------------------------------------------------    -------------------
                         (clock clk_pl_0 rise edge)
                                                      0.000     0.000 r  
    PS8_X0Y0             PS8                          0.000     0.000 r  spi_module_i/zynq_ultra_ps_e_0/inst/PS8_i/PLCLK[0]
                         net (fo=1, routed)           0.229     0.229    spi_module_i/zynq_ultra_ps_e_0/inst/pl_clk_unbuffered[0]
    BUFG_PS_X0Y91        BUFG_PS (Prop_BUFG_PS_I_O)
                                                      0.038     0.267 r  spi_module_i/zynq_ultra_ps_e_0/inst/buffer_pl_clk_0.PL_CLK_0_BUFG/O
    X0Y1 (CLOCK_ROOT)    net (fo=10582, routed)       2.327     2.594    spi_module_i/axi_quad_spi_0/U0/NO_DUAL_QUAD_MODE.QSPI_NORMAL/QSPI_LEGACY_MD_GEN.QSPI_CORE_INTERFACE_I/CONTROL_REG_I/s_axi_aclk
    SLICE_X15Y145        FDRE                                         r  spi_module_i/axi_quad_spi_0/U0/NO_DUAL_QUAD_MODE.QSPI_NORMAL/QSPI_LEGACY_MD_GEN.QSPI_CORE_INTERFACE_I/CONTROL_REG_I/CONTROL_REG_5_9_GENERATE[5].SPICR_data_int_reg[5]/C
  -------------------------------------------------------------------    -------------------
    SLICE_X15Y145        FDRE (Prop_HFF2_SLICEL_C_Q)
                                                      0.115     2.709 r  spi_module_i/axi_quad_spi_0/U0/NO_DUAL_QUAD_MODE.QSPI_NORMAL/QSPI_LEGACY_MD_GEN.QSPI_CORE_INTERFACE_I/CONTROL_REG_I/CONTROL_REG_5_9_GENERATE[5].SPICR_data_int_reg[5]/Q
                         net (fo=2, routed)           0.410     3.119    spi_module_i/axi_quad_spi_0/U0/NO_DUAL_QUAD_MODE.QSPI_NORMAL/QSPI_LEGACY_MD_GEN.QSPI_CORE_INTERFACE_I/FIFO_EXISTS.CLK_CROSS_I/LOGIC_GENERATION_CDC.SPICR_4_CPHA_AX2S_1/src_in
    SLICE_X17Y151        FDRE                                         r  spi_module_i/axi_quad_spi_0/U0/NO_DUAL_QUAD_MODE.QSPI_NORMAL/QSPI_LEGACY_MD_GEN.QSPI_CORE_INTERFACE_I/FIFO_EXISTS.CLK_CROSS_I/LOGIC_GENERATION_CDC.SPICR_4_CPHA_AX2S_1/syncstages_ff_reg[0]/D
  -------------------------------------------------------------------    -------------------

                         (clock clk_out1_spi_module_clk_wiz_0 rise edge)
                                                      0.000     0.000 r  
    C3                                                0.000     0.000 r  som240_1_connector_hpa_clk0p_clk (IN)
                         net (fo=0)                   0.000     0.000    spi_module_i/clk_wiz/inst/clkin1_ibuf/I
    C3                   INBUF (Prop_INBUF_HPIOB_M_PAD_O)
                                                      0.287     0.287 r  spi_module_i/clk_wiz/inst/clkin1_ibuf/INBUF_INST/O
                         net (fo=1, routed)           0.000     0.287    spi_module_i/clk_wiz/inst/clkin1_ibuf/OUT
    C3                   IBUFCTRL (Prop_IBUFCTRL_HPIOB_M_I_O)
                                                      0.000     0.287 r  spi_module_i/clk_wiz/inst/clkin1_ibuf/IBUFCTRL_INST/O
                         net (fo=1, routed)           0.436     0.723    spi_module_i/clk_wiz/inst/clk_in1_spi_module_clk_wiz_0
    MMCM_X0Y3            MMCME4_ADV (Prop_MMCM_CLKIN1_CLKOUT0)
                                                      0.739     1.462 r  spi_module_i/clk_wiz/inst/mmcme4_adv_inst/CLKOUT0
                         net (fo=1, routed)           0.307     1.769    spi_module_i/clk_wiz/inst/clk_out1_spi_module_clk_wiz_0
    BUFGCE_X0Y76         BUFGCE (Prop_BUFCE_BUFGCE_I_O)
                                                      0.039     1.808 r  spi_module_i/clk_wiz/inst/clkout1_buf/O
    X0Y2 (CLOCK_ROOT)    net (fo=324, routed)         2.159     3.967    spi_module_i/axi_quad_spi_0/U0/NO_DUAL_QUAD_MODE.QSPI_NORMAL/QSPI_LEGACY_MD_GEN.QSPI_CORE_INTERFACE_I/FIFO_EXISTS.CLK_CROSS_I/LOGIC_GENERATION_CDC.SPICR_4_CPHA_AX2S_1/dest_clk
    SLICE_X17Y151        FDRE                                         r  spi_module_i/axi_quad_spi_0/U0/NO_DUAL_QUAD_MODE.QSPI_NORMAL/QSPI_LEGACY_MD_GEN.QSPI_CORE_INTERFACE_I/FIFO_EXISTS.CLK_CROSS_I/LOGIC_GENERATION_CDC.SPICR_4_CPHA_AX2S_1/syncstages_ff_reg[0]/C

Slack:                    inf
  Source:                 spi_module_i/axi_quad_spi_0/U0/NO_DUAL_QUAD_MODE.QSPI_NORMAL/QSPI_LEGACY_MD_GEN.QSPI_CORE_INTERFACE_I/STATUS_REG_MODE_0_GEN.STATUS_SLAVE_SEL_REG_I/modf_reg/C
                            (rising edge-triggered cell FDRE clocked by clk_pl_0  {rise@0.000ns fall@5.000ns period=10.000ns})
  Destination:            spi_module_i/axi_quad_spi_0/U0/NO_DUAL_QUAD_MODE.QSPI_NORMAL/QSPI_LEGACY_MD_GEN.QSPI_CORE_INTERFACE_I/FIFO_EXISTS.CLK_CROSS_I/LOGIC_GENERATION_CDC.SR_3_MODF_AX2S_1/syncstages_ff_reg[0]/D
                            (rising edge-triggered cell FDRE clocked by clk_out1_spi_module_clk_wiz_0  {rise@0.000ns fall@5.000ns period=10.000ns})
  Path Group:             (none)
  Path Type:              Setup (Max at Slow Process Corner)
  Data Path Delay:        0.496ns  (logic 0.114ns (22.966%)  route 0.382ns (77.034%))
  Logic Levels:           0  
  Clock Path Skew:        1.358ns (DCD - SCD + CPR)
    Destination Clock Delay (DCD):    3.979ns
    Source Clock Delay      (SCD):    2.621ns
    Clock Pessimism Removal (CPR):    0.000ns
  Clock Uncertainty:      0.476ns  ((TSJ^2 + DJ^2)^1/2) / 2 + PE
    Total System Jitter     (TSJ):    0.071ns
    Discrete Jitter          (DJ):    0.503ns
    Phase Error              (PE):    0.222ns
  Clock Net Delay (Source):      2.354ns (routing 1.229ns, distribution 1.125ns)
  Clock Net Delay (Destination): 2.170ns (routing 1.197ns, distribution 0.973ns)
  Timing Exception:       False Path

    Location             Delay type                Incr(ns)  Path(ns)    Netlist Resource(s)
  -------------------------------------------------------------------    -------------------
                         (clock clk_pl_0 rise edge)
                                                      0.000     0.000 r  
    PS8_X0Y0             PS8                          0.000     0.000 r  spi_module_i/zynq_ultra_ps_e_0/inst/PS8_i/PLCLK[0]
                         net (fo=1, routed)           0.229     0.229    spi_module_i/zynq_ultra_ps_e_0/inst/pl_clk_unbuffered[0]
    BUFG_PS_X0Y91        BUFG_PS (Prop_BUFG_PS_I_O)
                                                      0.038     0.267 r  spi_module_i/zynq_ultra_ps_e_0/inst/buffer_pl_clk_0.PL_CLK_0_BUFG/O
    X0Y1 (CLOCK_ROOT)    net (fo=10582, routed)       2.354     2.621    spi_module_i/axi_quad_spi_0/U0/NO_DUAL_QUAD_MODE.QSPI_NORMAL/QSPI_LEGACY_MD_GEN.QSPI_CORE_INTERFACE_I/STATUS_REG_MODE_0_GEN.STATUS_SLAVE_SEL_REG_I/s_axi_aclk
    SLICE_X15Y143        FDRE                                         r  spi_module_i/axi_quad_spi_0/U0/NO_DUAL_QUAD_MODE.QSPI_NORMAL/QSPI_LEGACY_MD_GEN.QSPI_CORE_INTERFACE_I/STATUS_REG_MODE_0_GEN.STATUS_SLAVE_SEL_REG_I/modf_reg/C
  -------------------------------------------------------------------    -------------------
    SLICE_X15Y143        FDRE (Prop_DFF_SLICEL_C_Q)
                                                      0.114     2.735 r  spi_module_i/axi_quad_spi_0/U0/NO_DUAL_QUAD_MODE.QSPI_NORMAL/QSPI_LEGACY_MD_GEN.QSPI_CORE_INTERFACE_I/STATUS_REG_MODE_0_GEN.STATUS_SLAVE_SEL_REG_I/modf_reg/Q
                         net (fo=3, routed)           0.382     3.117    spi_module_i/axi_quad_spi_0/U0/NO_DUAL_QUAD_MODE.QSPI_NORMAL/QSPI_LEGACY_MD_GEN.QSPI_CORE_INTERFACE_I/FIFO_EXISTS.CLK_CROSS_I/LOGIC_GENERATION_CDC.SR_3_MODF_AX2S_1/src_in
    SLICE_X16Y147        FDRE                                         r  spi_module_i/axi_quad_spi_0/U0/NO_DUAL_QUAD_MODE.QSPI_NORMAL/QSPI_LEGACY_MD_GEN.QSPI_CORE_INTERFACE_I/FIFO_EXISTS.CLK_CROSS_I/LOGIC_GENERATION_CDC.SR_3_MODF_AX2S_1/syncstages_ff_reg[0]/D
  -------------------------------------------------------------------    -------------------

                         (clock clk_out1_spi_module_clk_wiz_0 rise edge)
                                                      0.000     0.000 r  
    C3                                                0.000     0.000 r  som240_1_connector_hpa_clk0p_clk (IN)
                         net (fo=0)                   0.000     0.000    spi_module_i/clk_wiz/inst/clkin1_ibuf/I
    C3                   INBUF (Prop_INBUF_HPIOB_M_PAD_O)
                                                      0.287     0.287 r  spi_module_i/clk_wiz/inst/clkin1_ibuf/INBUF_INST/O
                         net (fo=1, routed)           0.000     0.287    spi_module_i/clk_wiz/inst/clkin1_ibuf/OUT
    C3                   IBUFCTRL (Prop_IBUFCTRL_HPIOB_M_I_O)
                                                      0.000     0.287 r  spi_module_i/clk_wiz/inst/clkin1_ibuf/IBUFCTRL_INST/O
                         net (fo=1, routed)           0.436     0.723    spi_module_i/clk_wiz/inst/clk_in1_spi_module_clk_wiz_0
    MMCM_X0Y3            MMCME4_ADV (Prop_MMCM_CLKIN1_CLKOUT0)
                                                      0.739     1.462 r  spi_module_i/clk_wiz/inst/mmcme4_adv_inst/CLKOUT0
                         net (fo=1, routed)           0.307     1.769    spi_module_i/clk_wiz/inst/clk_out1_spi_module_clk_wiz_0
    BUFGCE_X0Y76         BUFGCE (Prop_BUFCE_BUFGCE_I_O)
                                                      0.039     1.808 r  spi_module_i/clk_wiz/inst/clkout1_buf/O
    X0Y2 (CLOCK_ROOT)    net (fo=324, routed)         2.170     3.979    spi_module_i/axi_quad_spi_0/U0/NO_DUAL_QUAD_MODE.QSPI_NORMAL/QSPI_LEGACY_MD_GEN.QSPI_CORE_INTERFACE_I/FIFO_EXISTS.CLK_CROSS_I/LOGIC_GENERATION_CDC.SR_3_MODF_AX2S_1/dest_clk
    SLICE_X16Y147        FDRE                                         r  spi_module_i/axi_quad_spi_0/U0/NO_DUAL_QUAD_MODE.QSPI_NORMAL/QSPI_LEGACY_MD_GEN.QSPI_CORE_INTERFACE_I/FIFO_EXISTS.CLK_CROSS_I/LOGIC_GENERATION_CDC.SR_3_MODF_AX2S_1/syncstages_ff_reg[0]/C

Slack:                    inf
  Source:                 spi_module_i/axi_quad_spi_0/U0/NO_DUAL_QUAD_MODE.QSPI_NORMAL/QSPI_LEGACY_MD_GEN.QSPI_CORE_INTERFACE_I/CONTROL_REG_I/CONTROL_REG_5_9_GENERATE[7].SPICR_data_int_reg[7]/C
                            (rising edge-triggered cell FDRE clocked by clk_pl_0  {rise@0.000ns fall@5.000ns period=10.000ns})
  Destination:            spi_module_i/axi_quad_spi_0/U0/NO_DUAL_QUAD_MODE.QSPI_NORMAL/QSPI_LEGACY_MD_GEN.QSPI_CORE_INTERFACE_I/FIFO_EXISTS.CLK_CROSS_I/LOGIC_GENERATION_CDC.SPICR_2_MST_N_SLV_AX2S_1/syncstages_ff_reg[0]/D
                            (rising edge-triggered cell FDRE clocked by clk_out1_spi_module_clk_wiz_0  {rise@0.000ns fall@5.000ns period=10.000ns})
  Path Group:             (none)
  Path Type:              Setup (Max at Slow Process Corner)
  Data Path Delay:        0.459ns  (logic 0.114ns (24.812%)  route 0.345ns (75.188%))
  Logic Levels:           0  
  Clock Path Skew:        1.324ns (DCD - SCD + CPR)
    Destination Clock Delay (DCD):    3.967ns
    Source Clock Delay      (SCD):    2.644ns
    Clock Pessimism Removal (CPR):    0.000ns
  Clock Uncertainty:      0.476ns  ((TSJ^2 + DJ^2)^1/2) / 2 + PE
    Total System Jitter     (TSJ):    0.071ns
    Discrete Jitter          (DJ):    0.503ns
    Phase Error              (PE):    0.222ns
  Clock Net Delay (Source):      2.377ns (routing 1.229ns, distribution 1.148ns)
  Clock Net Delay (Destination): 2.159ns (routing 1.197ns, distribution 0.962ns)
  Timing Exception:       False Path

    Location             Delay type                Incr(ns)  Path(ns)    Netlist Resource(s)
  -------------------------------------------------------------------    -------------------
                         (clock clk_pl_0 rise edge)
                                                      0.000     0.000 r  
    PS8_X0Y0             PS8                          0.000     0.000 r  spi_module_i/zynq_ultra_ps_e_0/inst/PS8_i/PLCLK[0]
                         net (fo=1, routed)           0.229     0.229    spi_module_i/zynq_ultra_ps_e_0/inst/pl_clk_unbuffered[0]
    BUFG_PS_X0Y91        BUFG_PS (Prop_BUFG_PS_I_O)
                                                      0.038     0.267 r  spi_module_i/zynq_ultra_ps_e_0/inst/buffer_pl_clk_0.PL_CLK_0_BUFG/O
    X0Y1 (CLOCK_ROOT)    net (fo=10582, routed)       2.377     2.644    spi_module_i/axi_quad_spi_0/U0/NO_DUAL_QUAD_MODE.QSPI_NORMAL/QSPI_LEGACY_MD_GEN.QSPI_CORE_INTERFACE_I/CONTROL_REG_I/s_axi_aclk
    SLICE_X14Y143        FDRE                                         r  spi_module_i/axi_quad_spi_0/U0/NO_DUAL_QUAD_MODE.QSPI_NORMAL/QSPI_LEGACY_MD_GEN.QSPI_CORE_INTERFACE_I/CONTROL_REG_I/CONTROL_REG_5_9_GENERATE[7].SPICR_data_int_reg[7]/C
  -------------------------------------------------------------------    -------------------
    SLICE_X14Y143        FDRE (Prop_GFF_SLICEL_C_Q)
                                                      0.114     2.758 r  spi_module_i/axi_quad_spi_0/U0/NO_DUAL_QUAD_MODE.QSPI_NORMAL/QSPI_LEGACY_MD_GEN.QSPI_CORE_INTERFACE_I/CONTROL_REG_I/CONTROL_REG_5_9_GENERATE[7].SPICR_data_int_reg[7]/Q
                         net (fo=5, routed)           0.345     3.103    spi_module_i/axi_quad_spi_0/U0/NO_DUAL_QUAD_MODE.QSPI_NORMAL/QSPI_LEGACY_MD_GEN.QSPI_CORE_INTERFACE_I/FIFO_EXISTS.CLK_CROSS_I/LOGIC_GENERATION_CDC.SPICR_2_MST_N_SLV_AX2S_1/src_in
    SLICE_X14Y147        FDRE                                         r  spi_module_i/axi_quad_spi_0/U0/NO_DUAL_QUAD_MODE.QSPI_NORMAL/QSPI_LEGACY_MD_GEN.QSPI_CORE_INTERFACE_I/FIFO_EXISTS.CLK_CROSS_I/LOGIC_GENERATION_CDC.SPICR_2_MST_N_SLV_AX2S_1/syncstages_ff_reg[0]/D
  -------------------------------------------------------------------    -------------------

                         (clock clk_out1_spi_module_clk_wiz_0 rise edge)
                                                      0.000     0.000 r  
    C3                                                0.000     0.000 r  som240_1_connector_hpa_clk0p_clk (IN)
                         net (fo=0)                   0.000     0.000    spi_module_i/clk_wiz/inst/clkin1_ibuf/I
    C3                   INBUF (Prop_INBUF_HPIOB_M_PAD_O)
                                                      0.287     0.287 r  spi_module_i/clk_wiz/inst/clkin1_ibuf/INBUF_INST/O
                         net (fo=1, routed)           0.000     0.287    spi_module_i/clk_wiz/inst/clkin1_ibuf/OUT
    C3                   IBUFCTRL (Prop_IBUFCTRL_HPIOB_M_I_O)
                                                      0.000     0.287 r  spi_module_i/clk_wiz/inst/clkin1_ibuf/IBUFCTRL_INST/O
                         net (fo=1, routed)           0.436     0.723    spi_module_i/clk_wiz/inst/clk_in1_spi_module_clk_wiz_0
    MMCM_X0Y3            MMCME4_ADV (Prop_MMCM_CLKIN1_CLKOUT0)
                                                      0.739     1.462 r  spi_module_i/clk_wiz/inst/mmcme4_adv_inst/CLKOUT0
                         net (fo=1, routed)           0.307     1.769    spi_module_i/clk_wiz/inst/clk_out1_spi_module_clk_wiz_0
    BUFGCE_X0Y76         BUFGCE (Prop_BUFCE_BUFGCE_I_O)
                                                      0.039     1.808 r  spi_module_i/clk_wiz/inst/clkout1_buf/O
    X0Y2 (CLOCK_ROOT)    net (fo=324, routed)         2.159     3.967    spi_module_i/axi_quad_spi_0/U0/NO_DUAL_QUAD_MODE.QSPI_NORMAL/QSPI_LEGACY_MD_GEN.QSPI_CORE_INTERFACE_I/FIFO_EXISTS.CLK_CROSS_I/LOGIC_GENERATION_CDC.SPICR_2_MST_N_SLV_AX2S_1/dest_clk
    SLICE_X14Y147        FDRE                                         r  spi_module_i/axi_quad_spi_0/U0/NO_DUAL_QUAD_MODE.QSPI_NORMAL/QSPI_LEGACY_MD_GEN.QSPI_CORE_INTERFACE_I/FIFO_EXISTS.CLK_CROSS_I/LOGIC_GENERATION_CDC.SPICR_2_MST_N_SLV_AX2S_1/syncstages_ff_reg[0]/C

Slack:                    inf
  Source:                 spi_module_i/axi_quad_spi_0/U0/NO_DUAL_QUAD_MODE.QSPI_NORMAL/QSPI_LEGACY_MD_GEN.QSPI_CORE_INTERFACE_I/CONTROL_REG_I/CONTROL_REG_1_2_GENERATE[2].SPICR_data_int_reg[2]/C
                            (rising edge-triggered cell FDSE clocked by clk_pl_0  {rise@0.000ns fall@5.000ns period=10.000ns})
  Destination:            spi_module_i/axi_quad_spi_0/U0/NO_DUAL_QUAD_MODE.QSPI_NORMAL/QSPI_LEGACY_MD_GEN.QSPI_CORE_INTERFACE_I/FIFO_EXISTS.CLK_CROSS_I/LOGIC_GENERATION_CDC.SPICR_7_SS_AX2S_1/syncstages_ff_reg[0]/D
                            (rising edge-triggered cell FDRE clocked by clk_out1_spi_module_clk_wiz_0  {rise@0.000ns fall@5.000ns period=10.000ns})
  Path Group:             (none)
  Path Type:              Setup (Max at Slow Process Corner)
  Data Path Delay:        0.461ns  (logic 0.114ns (24.733%)  route 0.347ns (75.267%))
  Logic Levels:           0  
  Clock Path Skew:        1.339ns (DCD - SCD + CPR)
    Destination Clock Delay (DCD):    3.979ns
    Source Clock Delay      (SCD):    2.640ns
    Clock Pessimism Removal (CPR):    0.000ns
  Clock Uncertainty:      0.476ns  ((TSJ^2 + DJ^2)^1/2) / 2 + PE
    Total System Jitter     (TSJ):    0.071ns
    Discrete Jitter          (DJ):    0.503ns
    Phase Error              (PE):    0.222ns
  Clock Net Delay (Source):      2.373ns (routing 1.229ns, distribution 1.144ns)
  Clock Net Delay (Destination): 2.170ns (routing 1.197ns, distribution 0.973ns)
  Timing Exception:       False Path

    Location             Delay type                Incr(ns)  Path(ns)    Netlist Resource(s)
  -------------------------------------------------------------------    -------------------
                         (clock clk_pl_0 rise edge)
                                                      0.000     0.000 r  
    PS8_X0Y0             PS8                          0.000     0.000 r  spi_module_i/zynq_ultra_ps_e_0/inst/PS8_i/PLCLK[0]
                         net (fo=1, routed)           0.229     0.229    spi_module_i/zynq_ultra_ps_e_0/inst/pl_clk_unbuffered[0]
    BUFG_PS_X0Y91        BUFG_PS (Prop_BUFG_PS_I_O)
                                                      0.038     0.267 r  spi_module_i/zynq_ultra_ps_e_0/inst/buffer_pl_clk_0.PL_CLK_0_BUFG/O
    X0Y1 (CLOCK_ROOT)    net (fo=10582, routed)       2.373     2.640    spi_module_i/axi_quad_spi_0/U0/NO_DUAL_QUAD_MODE.QSPI_NORMAL/QSPI_LEGACY_MD_GEN.QSPI_CORE_INTERFACE_I/CONTROL_REG_I/s_axi_aclk
    SLICE_X15Y144        FDSE                                         r  spi_module_i/axi_quad_spi_0/U0/NO_DUAL_QUAD_MODE.QSPI_NORMAL/QSPI_LEGACY_MD_GEN.QSPI_CORE_INTERFACE_I/CONTROL_REG_I/CONTROL_REG_1_2_GENERATE[2].SPICR_data_int_reg[2]/C
  -------------------------------------------------------------------    -------------------
    SLICE_X15Y144        FDSE (Prop_EFF_SLICEL_C_Q)
                                                      0.114     2.754 r  spi_module_i/axi_quad_spi_0/U0/NO_DUAL_QUAD_MODE.QSPI_NORMAL/QSPI_LEGACY_MD_GEN.QSPI_CORE_INTERFACE_I/CONTROL_REG_I/CONTROL_REG_1_2_GENERATE[2].SPICR_data_int_reg[2]/Q
                         net (fo=2, routed)           0.347     3.100    spi_module_i/axi_quad_spi_0/U0/NO_DUAL_QUAD_MODE.QSPI_NORMAL/QSPI_LEGACY_MD_GEN.QSPI_CORE_INTERFACE_I/FIFO_EXISTS.CLK_CROSS_I/LOGIC_GENERATION_CDC.SPICR_7_SS_AX2S_1/src_in
    SLICE_X16Y145        FDRE                                         r  spi_module_i/axi_quad_spi_0/U0/NO_DUAL_QUAD_MODE.QSPI_NORMAL/QSPI_LEGACY_MD_GEN.QSPI_CORE_INTERFACE_I/FIFO_EXISTS.CLK_CROSS_I/LOGIC_GENERATION_CDC.SPICR_7_SS_AX2S_1/syncstages_ff_reg[0]/D
  -------------------------------------------------------------------    -------------------

                         (clock clk_out1_spi_module_clk_wiz_0 rise edge)
                                                      0.000     0.000 r  
    C3                                                0.000     0.000 r  som240_1_connector_hpa_clk0p_clk (IN)
                         net (fo=0)                   0.000     0.000    spi_module_i/clk_wiz/inst/clkin1_ibuf/I
    C3                   INBUF (Prop_INBUF_HPIOB_M_PAD_O)
                                                      0.287     0.287 r  spi_module_i/clk_wiz/inst/clkin1_ibuf/INBUF_INST/O
                         net (fo=1, routed)           0.000     0.287    spi_module_i/clk_wiz/inst/clkin1_ibuf/OUT
    C3                   IBUFCTRL (Prop_IBUFCTRL_HPIOB_M_I_O)
                                                      0.000     0.287 r  spi_module_i/clk_wiz/inst/clkin1_ibuf/IBUFCTRL_INST/O
                         net (fo=1, routed)           0.436     0.723    spi_module_i/clk_wiz/inst/clk_in1_spi_module_clk_wiz_0
    MMCM_X0Y3            MMCME4_ADV (Prop_MMCM_CLKIN1_CLKOUT0)
                                                      0.739     1.462 r  spi_module_i/clk_wiz/inst/mmcme4_adv_inst/CLKOUT0
                         net (fo=1, routed)           0.307     1.769    spi_module_i/clk_wiz/inst/clk_out1_spi_module_clk_wiz_0
    BUFGCE_X0Y76         BUFGCE (Prop_BUFCE_BUFGCE_I_O)
                                                      0.039     1.808 r  spi_module_i/clk_wiz/inst/clkout1_buf/O
    X0Y2 (CLOCK_ROOT)    net (fo=324, routed)         2.170     3.979    spi_module_i/axi_quad_spi_0/U0/NO_DUAL_QUAD_MODE.QSPI_NORMAL/QSPI_LEGACY_MD_GEN.QSPI_CORE_INTERFACE_I/FIFO_EXISTS.CLK_CROSS_I/LOGIC_GENERATION_CDC.SPICR_7_SS_AX2S_1/dest_clk
    SLICE_X16Y145        FDRE                                         r  spi_module_i/axi_quad_spi_0/U0/NO_DUAL_QUAD_MODE.QSPI_NORMAL/QSPI_LEGACY_MD_GEN.QSPI_CORE_INTERFACE_I/FIFO_EXISTS.CLK_CROSS_I/LOGIC_GENERATION_CDC.SPICR_7_SS_AX2S_1/syncstages_ff_reg[0]/C





Min Delay Paths
--------------------------------------------------------------------------------------
Slack:                    inf
  Source:                 spi_module_i/axi_quad_spi_0/U0/NO_DUAL_QUAD_MODE.QSPI_NORMAL/QSPI_LEGACY_MD_GEN.QSPI_CORE_INTERFACE_I/FIFO_EXISTS.TX_FIFO_II/gnuram_async_fifo.xpm_fifo_base_inst/gen_cdc_pntr.wr_pntr_cdc_inst/src_gray_ff_reg[2]/C
                            (rising edge-triggered cell FDRE clocked by clk_pl_0  {rise@0.000ns fall@5.000ns period=10.000ns})
  Destination:            spi_module_i/axi_quad_spi_0/U0/NO_DUAL_QUAD_MODE.QSPI_NORMAL/QSPI_LEGACY_MD_GEN.QSPI_CORE_INTERFACE_I/FIFO_EXISTS.TX_FIFO_II/gnuram_async_fifo.xpm_fifo_base_inst/gen_cdc_pntr.wr_pntr_cdc_inst/dest_graysync_ff_reg[0][2]/D
                            (rising edge-triggered cell FDRE clocked by clk_out1_spi_module_clk_wiz_0  {rise@0.000ns fall@5.000ns period=10.000ns})
  Path Group:             (none)
  Path Type:              Hold (Min at Fast Process Corner)
  Data Path Delay:        0.140ns  (logic 0.084ns (60.000%)  route 0.056ns (40.000%))
  Logic Levels:           0  
  Clock Path Skew:        0.846ns (DCD - SCD - CPR)
    Destination Clock Delay (DCD):    2.267ns
    Source Clock Delay      (SCD):    1.421ns
    Clock Pessimism Removal (CPR):    -0.000ns
  Clock Uncertainty:      0.476ns  ((TSJ^2 + DJ^2)^1/2) / 2 + PE
    Total System Jitter     (TSJ):    0.071ns
    Discrete Jitter          (DJ):    0.503ns
    Phase Error              (PE):    0.222ns
  Clock Net Delay (Source):      1.270ns (routing 0.676ns, distribution 0.594ns)
  Clock Net Delay (Destination): 1.436ns (routing 0.790ns, distribution 0.646ns)
  Timing Exception:       False Path

    Location             Delay type                Incr(ns)  Path(ns)    Netlist Resource(s)
  -------------------------------------------------------------------    -------------------
                         (clock clk_pl_0 rise edge)
                                                      0.000     0.000 r  
    PS8_X0Y0             PS8                          0.000     0.000 r  spi_module_i/zynq_ultra_ps_e_0/inst/PS8_i/PLCLK[0]
                         net (fo=1, routed)           0.129     0.129    spi_module_i/zynq_ultra_ps_e_0/inst/pl_clk_unbuffered[0]
    BUFG_PS_X0Y91        BUFG_PS (Prop_BUFG_PS_I_O)
                                                      0.022     0.151 r  spi_module_i/zynq_ultra_ps_e_0/inst/buffer_pl_clk_0.PL_CLK_0_BUFG/O
    X0Y1 (CLOCK_ROOT)    net (fo=10582, routed)       1.270     1.421    spi_module_i/axi_quad_spi_0/U0/NO_DUAL_QUAD_MODE.QSPI_NORMAL/QSPI_LEGACY_MD_GEN.QSPI_CORE_INTERFACE_I/FIFO_EXISTS.TX_FIFO_II/gnuram_async_fifo.xpm_fifo_base_inst/gen_cdc_pntr.wr_pntr_cdc_inst/src_clk
    SLICE_X15Y150        FDRE                                         r  spi_module_i/axi_quad_spi_0/U0/NO_DUAL_QUAD_MODE.QSPI_NORMAL/QSPI_LEGACY_MD_GEN.QSPI_CORE_INTERFACE_I/FIFO_EXISTS.TX_FIFO_II/gnuram_async_fifo.xpm_fifo_base_inst/gen_cdc_pntr.wr_pntr_cdc_inst/src_gray_ff_reg[2]/C
  -------------------------------------------------------------------    -------------------
    SLICE_X15Y150        FDRE (Prop_GFF_SLICEL_C_Q)
                                                      0.084     1.505 r  spi_module_i/axi_quad_spi_0/U0/NO_DUAL_QUAD_MODE.QSPI_NORMAL/QSPI_LEGACY_MD_GEN.QSPI_CORE_INTERFACE_I/FIFO_EXISTS.TX_FIFO_II/gnuram_async_fifo.xpm_fifo_base_inst/gen_cdc_pntr.wr_pntr_cdc_inst/src_gray_ff_reg[2]/Q
                         net (fo=1, routed)           0.056     1.561    spi_module_i/axi_quad_spi_0/U0/NO_DUAL_QUAD_MODE.QSPI_NORMAL/QSPI_LEGACY_MD_GEN.QSPI_CORE_INTERFACE_I/FIFO_EXISTS.TX_FIFO_II/gnuram_async_fifo.xpm_fifo_base_inst/gen_cdc_pntr.wr_pntr_cdc_inst/async_path[2]
    SLICE_X16Y150        FDRE                                         r  spi_module_i/axi_quad_spi_0/U0/NO_DUAL_QUAD_MODE.QSPI_NORMAL/QSPI_LEGACY_MD_GEN.QSPI_CORE_INTERFACE_I/FIFO_EXISTS.TX_FIFO_II/gnuram_async_fifo.xpm_fifo_base_inst/gen_cdc_pntr.wr_pntr_cdc_inst/dest_graysync_ff_reg[0][2]/D
  -------------------------------------------------------------------    -------------------

                         (clock clk_out1_spi_module_clk_wiz_0 rise edge)
                                                      0.000     0.000 r  
    C3                                                0.000     0.000 r  som240_1_connector_hpa_clk0p_clk (IN)
                         net (fo=0)                   0.000     0.000    spi_module_i/clk_wiz/inst/clkin1_ibuf/I
    C3                   INBUF (Prop_INBUF_HPIOB_M_PAD_O)
                                                      0.358     0.358 r  spi_module_i/clk_wiz/inst/clkin1_ibuf/INBUF_INST/O
                         net (fo=1, routed)           0.000     0.358    spi_module_i/clk_wiz/inst/clkin1_ibuf/OUT
    C3                   IBUFCTRL (Prop_IBUFCTRL_HPIOB_M_I_O)
                                                      0.000     0.358 r  spi_module_i/clk_wiz/inst/clkin1_ibuf/IBUFCTRL_INST/O
                         net (fo=1, routed)           0.322     0.680    spi_module_i/clk_wiz/inst/clk_in1_spi_module_clk_wiz_0
    MMCM_X0Y3            MMCME4_ADV (Prop_MMCM_CLKIN1_CLKOUT0)
                                                     -0.079     0.601 r  spi_module_i/clk_wiz/inst/mmcme4_adv_inst/CLKOUT0
                         net (fo=1, routed)           0.204     0.805    spi_module_i/clk_wiz/inst/clk_out1_spi_module_clk_wiz_0
    BUFGCE_X0Y76         BUFGCE (Prop_BUFCE_BUFGCE_I_O)
                                                      0.026     0.831 r  spi_module_i/clk_wiz/inst/clkout1_buf/O
    X0Y2 (CLOCK_ROOT)    net (fo=324, routed)         1.436     2.267    spi_module_i/axi_quad_spi_0/U0/NO_DUAL_QUAD_MODE.QSPI_NORMAL/QSPI_LEGACY_MD_GEN.QSPI_CORE_INTERFACE_I/FIFO_EXISTS.TX_FIFO_II/gnuram_async_fifo.xpm_fifo_base_inst/gen_cdc_pntr.wr_pntr_cdc_inst/dest_clk
    SLICE_X16Y150        FDRE                                         r  spi_module_i/axi_quad_spi_0/U0/NO_DUAL_QUAD_MODE.QSPI_NORMAL/QSPI_LEGACY_MD_GEN.QSPI_CORE_INTERFACE_I/FIFO_EXISTS.TX_FIFO_II/gnuram_async_fifo.xpm_fifo_base_inst/gen_cdc_pntr.wr_pntr_cdc_inst/dest_graysync_ff_reg[0][2]/C

Slack:                    inf
  Source:                 spi_module_i/axi_quad_spi_0/U0/NO_DUAL_QUAD_MODE.QSPI_NORMAL/QSPI_LEGACY_MD_GEN.QSPI_CORE_INTERFACE_I/FIFO_EXISTS.TX_FIFO_II/gnuram_async_fifo.xpm_fifo_base_inst/gen_cdc_pntr.wr_pntr_cdc_dc_inst/src_gray_ff_reg[4]/C
                            (rising edge-triggered cell FDRE clocked by clk_pl_0  {rise@0.000ns fall@5.000ns period=10.000ns})
  Destination:            spi_module_i/axi_quad_spi_0/U0/NO_DUAL_QUAD_MODE.QSPI_NORMAL/QSPI_LEGACY_MD_GEN.QSPI_CORE_INTERFACE_I/FIFO_EXISTS.TX_FIFO_II/gnuram_async_fifo.xpm_fifo_base_inst/gen_cdc_pntr.wr_pntr_cdc_dc_inst/dest_graysync_ff_reg[0][4]/D
                            (rising edge-triggered cell FDRE clocked by clk_out1_spi_module_clk_wiz_0  {rise@0.000ns fall@5.000ns period=10.000ns})
  Path Group:             (none)
  Path Type:              Hold (Min at Fast Process Corner)
  Data Path Delay:        0.147ns  (logic 0.084ns (57.143%)  route 0.063ns (42.857%))
  Logic Levels:           0  
  Clock Path Skew:        0.850ns (DCD - SCD - CPR)
    Destination Clock Delay (DCD):    2.271ns
    Source Clock Delay      (SCD):    1.421ns
    Clock Pessimism Removal (CPR):    -0.000ns
  Clock Uncertainty:      0.476ns  ((TSJ^2 + DJ^2)^1/2) / 2 + PE
    Total System Jitter     (TSJ):    0.071ns
    Discrete Jitter          (DJ):    0.503ns
    Phase Error              (PE):    0.222ns
  Clock Net Delay (Source):      1.270ns (routing 0.676ns, distribution 0.594ns)
  Clock Net Delay (Destination): 1.440ns (routing 0.790ns, distribution 0.650ns)
  Timing Exception:       False Path

    Location             Delay type                Incr(ns)  Path(ns)    Netlist Resource(s)
  -------------------------------------------------------------------    -------------------
                         (clock clk_pl_0 rise edge)
                                                      0.000     0.000 r  
    PS8_X0Y0             PS8                          0.000     0.000 r  spi_module_i/zynq_ultra_ps_e_0/inst/PS8_i/PLCLK[0]
                         net (fo=1, routed)           0.129     0.129    spi_module_i/zynq_ultra_ps_e_0/inst/pl_clk_unbuffered[0]
    BUFG_PS_X0Y91        BUFG_PS (Prop_BUFG_PS_I_O)
                                                      0.022     0.151 r  spi_module_i/zynq_ultra_ps_e_0/inst/buffer_pl_clk_0.PL_CLK_0_BUFG/O
    X0Y1 (CLOCK_ROOT)    net (fo=10582, routed)       1.270     1.421    spi_module_i/axi_quad_spi_0/U0/NO_DUAL_QUAD_MODE.QSPI_NORMAL/QSPI_LEGACY_MD_GEN.QSPI_CORE_INTERFACE_I/FIFO_EXISTS.TX_FIFO_II/gnuram_async_fifo.xpm_fifo_base_inst/gen_cdc_pntr.wr_pntr_cdc_dc_inst/src_clk
    SLICE_X15Y150        FDRE                                         r  spi_module_i/axi_quad_spi_0/U0/NO_DUAL_QUAD_MODE.QSPI_NORMAL/QSPI_LEGACY_MD_GEN.QSPI_CORE_INTERFACE_I/FIFO_EXISTS.TX_FIFO_II/gnuram_async_fifo.xpm_fifo_base_inst/gen_cdc_pntr.wr_pntr_cdc_dc_inst/src_gray_ff_reg[4]/C
  -------------------------------------------------------------------    -------------------
    SLICE_X15Y150        FDRE (Prop_EFF_SLICEL_C_Q)
                                                      0.084     1.505 r  spi_module_i/axi_quad_spi_0/U0/NO_DUAL_QUAD_MODE.QSPI_NORMAL/QSPI_LEGACY_MD_GEN.QSPI_CORE_INTERFACE_I/FIFO_EXISTS.TX_FIFO_II/gnuram_async_fifo.xpm_fifo_base_inst/gen_cdc_pntr.wr_pntr_cdc_dc_inst/src_gray_ff_reg[4]/Q
                         net (fo=1, routed)           0.063     1.568    spi_module_i/axi_quad_spi_0/U0/NO_DUAL_QUAD_MODE.QSPI_NORMAL/QSPI_LEGACY_MD_GEN.QSPI_CORE_INTERFACE_I/FIFO_EXISTS.TX_FIFO_II/gnuram_async_fifo.xpm_fifo_base_inst/gen_cdc_pntr.wr_pntr_cdc_dc_inst/async_path[4]
    SLICE_X15Y151        FDRE                                         r  spi_module_i/axi_quad_spi_0/U0/NO_DUAL_QUAD_MODE.QSPI_NORMAL/QSPI_LEGACY_MD_GEN.QSPI_CORE_INTERFACE_I/FIFO_EXISTS.TX_FIFO_II/gnuram_async_fifo.xpm_fifo_base_inst/gen_cdc_pntr.wr_pntr_cdc_dc_inst/dest_graysync_ff_reg[0][4]/D
  -------------------------------------------------------------------    -------------------

                         (clock clk_out1_spi_module_clk_wiz_0 rise edge)
                                                      0.000     0.000 r  
    C3                                                0.000     0.000 r  som240_1_connector_hpa_clk0p_clk (IN)
                         net (fo=0)                   0.000     0.000    spi_module_i/clk_wiz/inst/clkin1_ibuf/I
    C3                   INBUF (Prop_INBUF_HPIOB_M_PAD_O)
                                                      0.358     0.358 r  spi_module_i/clk_wiz/inst/clkin1_ibuf/INBUF_INST/O
                         net (fo=1, routed)           0.000     0.358    spi_module_i/clk_wiz/inst/clkin1_ibuf/OUT
    C3                   IBUFCTRL (Prop_IBUFCTRL_HPIOB_M_I_O)
                                                      0.000     0.358 r  spi_module_i/clk_wiz/inst/clkin1_ibuf/IBUFCTRL_INST/O
                         net (fo=1, routed)           0.322     0.680    spi_module_i/clk_wiz/inst/clk_in1_spi_module_clk_wiz_0
    MMCM_X0Y3            MMCME4_ADV (Prop_MMCM_CLKIN1_CLKOUT0)
                                                     -0.079     0.601 r  spi_module_i/clk_wiz/inst/mmcme4_adv_inst/CLKOUT0
                         net (fo=1, routed)           0.204     0.805    spi_module_i/clk_wiz/inst/clk_out1_spi_module_clk_wiz_0
    BUFGCE_X0Y76         BUFGCE (Prop_BUFCE_BUFGCE_I_O)
                                                      0.026     0.831 r  spi_module_i/clk_wiz/inst/clkout1_buf/O
    X0Y2 (CLOCK_ROOT)    net (fo=324, routed)         1.440     2.271    spi_module_i/axi_quad_spi_0/U0/NO_DUAL_QUAD_MODE.QSPI_NORMAL/QSPI_LEGACY_MD_GEN.QSPI_CORE_INTERFACE_I/FIFO_EXISTS.TX_FIFO_II/gnuram_async_fifo.xpm_fifo_base_inst/gen_cdc_pntr.wr_pntr_cdc_dc_inst/dest_clk
    SLICE_X15Y151        FDRE                                         r  spi_module_i/axi_quad_spi_0/U0/NO_DUAL_QUAD_MODE.QSPI_NORMAL/QSPI_LEGACY_MD_GEN.QSPI_CORE_INTERFACE_I/FIFO_EXISTS.TX_FIFO_II/gnuram_async_fifo.xpm_fifo_base_inst/gen_cdc_pntr.wr_pntr_cdc_dc_inst/dest_graysync_ff_reg[0][4]/C

Slack:                    inf
  Source:                 spi_module_i/axi_quad_spi_0/U0/NO_DUAL_QUAD_MODE.QSPI_NORMAL/QSPI_LEGACY_MD_GEN.QSPI_CORE_INTERFACE_I/FIFO_EXISTS.TX_FIFO_II/gnuram_async_fifo.xpm_fifo_base_inst/gen_cdc_pntr.wr_pntr_cdc_dc_inst/src_gray_ff_reg[3]/C
                            (rising edge-triggered cell FDRE clocked by clk_pl_0  {rise@0.000ns fall@5.000ns period=10.000ns})
  Destination:            spi_module_i/axi_quad_spi_0/U0/NO_DUAL_QUAD_MODE.QSPI_NORMAL/QSPI_LEGACY_MD_GEN.QSPI_CORE_INTERFACE_I/FIFO_EXISTS.TX_FIFO_II/gnuram_async_fifo.xpm_fifo_base_inst/gen_cdc_pntr.wr_pntr_cdc_dc_inst/dest_graysync_ff_reg[0][3]/D
                            (rising edge-triggered cell FDRE clocked by clk_out1_spi_module_clk_wiz_0  {rise@0.000ns fall@5.000ns period=10.000ns})
  Path Group:             (none)
  Path Type:              Hold (Min at Fast Process Corner)
  Data Path Delay:        0.155ns  (logic 0.084ns (54.194%)  route 0.071ns (45.806%))
  Logic Levels:           0  
  Clock Path Skew:        0.846ns (DCD - SCD - CPR)
    Destination Clock Delay (DCD):    2.267ns
    Source Clock Delay      (SCD):    1.421ns
    Clock Pessimism Removal (CPR):    -0.000ns
  Clock Uncertainty:      0.476ns  ((TSJ^2 + DJ^2)^1/2) / 2 + PE
    Total System Jitter     (TSJ):    0.071ns
    Discrete Jitter          (DJ):    0.503ns
    Phase Error              (PE):    0.222ns
  Clock Net Delay (Source):      1.270ns (routing 0.676ns, distribution 0.594ns)
  Clock Net Delay (Destination): 1.436ns (routing 0.790ns, distribution 0.646ns)
  Timing Exception:       False Path

    Location             Delay type                Incr(ns)  Path(ns)    Netlist Resource(s)
  -------------------------------------------------------------------    -------------------
                         (clock clk_pl_0 rise edge)
                                                      0.000     0.000 r  
    PS8_X0Y0             PS8                          0.000     0.000 r  spi_module_i/zynq_ultra_ps_e_0/inst/PS8_i/PLCLK[0]
                         net (fo=1, routed)           0.129     0.129    spi_module_i/zynq_ultra_ps_e_0/inst/pl_clk_unbuffered[0]
    BUFG_PS_X0Y91        BUFG_PS (Prop_BUFG_PS_I_O)
                                                      0.022     0.151 r  spi_module_i/zynq_ultra_ps_e_0/inst/buffer_pl_clk_0.PL_CLK_0_BUFG/O
    X0Y1 (CLOCK_ROOT)    net (fo=10582, routed)       1.270     1.421    spi_module_i/axi_quad_spi_0/U0/NO_DUAL_QUAD_MODE.QSPI_NORMAL/QSPI_LEGACY_MD_GEN.QSPI_CORE_INTERFACE_I/FIFO_EXISTS.TX_FIFO_II/gnuram_async_fifo.xpm_fifo_base_inst/gen_cdc_pntr.wr_pntr_cdc_dc_inst/src_clk
    SLICE_X15Y150        FDRE                                         r  spi_module_i/axi_quad_spi_0/U0/NO_DUAL_QUAD_MODE.QSPI_NORMAL/QSPI_LEGACY_MD_GEN.QSPI_CORE_INTERFACE_I/FIFO_EXISTS.TX_FIFO_II/gnuram_async_fifo.xpm_fifo_base_inst/gen_cdc_pntr.wr_pntr_cdc_dc_inst/src_gray_ff_reg[3]/C
  -------------------------------------------------------------------    -------------------
    SLICE_X15Y150        FDRE (Prop_HFF2_SLICEL_C_Q)
                                                      0.084     1.505 r  spi_module_i/axi_quad_spi_0/U0/NO_DUAL_QUAD_MODE.QSPI_NORMAL/QSPI_LEGACY_MD_GEN.QSPI_CORE_INTERFACE_I/FIFO_EXISTS.TX_FIFO_II/gnuram_async_fifo.xpm_fifo_base_inst/gen_cdc_pntr.wr_pntr_cdc_dc_inst/src_gray_ff_reg[3]/Q
                         net (fo=1, routed)           0.071     1.576    spi_module_i/axi_quad_spi_0/U0/NO_DUAL_QUAD_MODE.QSPI_NORMAL/QSPI_LEGACY_MD_GEN.QSPI_CORE_INTERFACE_I/FIFO_EXISTS.TX_FIFO_II/gnuram_async_fifo.xpm_fifo_base_inst/gen_cdc_pntr.wr_pntr_cdc_dc_inst/async_path[3]
    SLICE_X16Y151        FDRE                                         r  spi_module_i/axi_quad_spi_0/U0/NO_DUAL_QUAD_MODE.QSPI_NORMAL/QSPI_LEGACY_MD_GEN.QSPI_CORE_INTERFACE_I/FIFO_EXISTS.TX_FIFO_II/gnuram_async_fifo.xpm_fifo_base_inst/gen_cdc_pntr.wr_pntr_cdc_dc_inst/dest_graysync_ff_reg[0][3]/D
  -------------------------------------------------------------------    -------------------

                         (clock clk_out1_spi_module_clk_wiz_0 rise edge)
                                                      0.000     0.000 r  
    C3                                                0.000     0.000 r  som240_1_connector_hpa_clk0p_clk (IN)
                         net (fo=0)                   0.000     0.000    spi_module_i/clk_wiz/inst/clkin1_ibuf/I
    C3                   INBUF (Prop_INBUF_HPIOB_M_PAD_O)
                                                      0.358     0.358 r  spi_module_i/clk_wiz/inst/clkin1_ibuf/INBUF_INST/O
                         net (fo=1, routed)           0.000     0.358    spi_module_i/clk_wiz/inst/clkin1_ibuf/OUT
    C3                   IBUFCTRL (Prop_IBUFCTRL_HPIOB_M_I_O)
                                                      0.000     0.358 r  spi_module_i/clk_wiz/inst/clkin1_ibuf/IBUFCTRL_INST/O
                         net (fo=1, routed)           0.322     0.680    spi_module_i/clk_wiz/inst/clk_in1_spi_module_clk_wiz_0
    MMCM_X0Y3            MMCME4_ADV (Prop_MMCM_CLKIN1_CLKOUT0)
                                                     -0.079     0.601 r  spi_module_i/clk_wiz/inst/mmcme4_adv_inst/CLKOUT0
                         net (fo=1, routed)           0.204     0.805    spi_module_i/clk_wiz/inst/clk_out1_spi_module_clk_wiz_0
    BUFGCE_X0Y76         BUFGCE (Prop_BUFCE_BUFGCE_I_O)
                                                      0.026     0.831 r  spi_module_i/clk_wiz/inst/clkout1_buf/O
    X0Y2 (CLOCK_ROOT)    net (fo=324, routed)         1.436     2.267    spi_module_i/axi_quad_spi_0/U0/NO_DUAL_QUAD_MODE.QSPI_NORMAL/QSPI_LEGACY_MD_GEN.QSPI_CORE_INTERFACE_I/FIFO_EXISTS.TX_FIFO_II/gnuram_async_fifo.xpm_fifo_base_inst/gen_cdc_pntr.wr_pntr_cdc_dc_inst/dest_clk
    SLICE_X16Y151        FDRE                                         r  spi_module_i/axi_quad_spi_0/U0/NO_DUAL_QUAD_MODE.QSPI_NORMAL/QSPI_LEGACY_MD_GEN.QSPI_CORE_INTERFACE_I/FIFO_EXISTS.TX_FIFO_II/gnuram_async_fifo.xpm_fifo_base_inst/gen_cdc_pntr.wr_pntr_cdc_dc_inst/dest_graysync_ff_reg[0][3]/C

Slack:                    inf
  Source:                 spi_module_i/axi_quad_spi_0/U0/NO_DUAL_QUAD_MODE.QSPI_NORMAL/QSPI_LEGACY_MD_GEN.QSPI_CORE_INTERFACE_I/CONTROL_REG_I/CONTROL_REG_1_2_GENERATE[1].SPICR_data_int_reg[1]/C
                            (rising edge-triggered cell FDSE clocked by clk_pl_0  {rise@0.000ns fall@5.000ns period=10.000ns})
  Destination:            spi_module_i/axi_quad_spi_0/U0/NO_DUAL_QUAD_MODE.QSPI_NORMAL/QSPI_LEGACY_MD_GEN.QSPI_CORE_INTERFACE_I/FIFO_EXISTS.CLK_CROSS_I/LOGIC_GENERATION_CDC.SPICR_8_TR_INHIBIT_AX2S_1/syncstages_ff_reg[0]/D
                            (rising edge-triggered cell FDRE clocked by clk_out1_spi_module_clk_wiz_0  {rise@0.000ns fall@5.000ns period=10.000ns})
  Path Group:             (none)
  Path Type:              Hold (Min at Fast Process Corner)
  Data Path Delay:        0.138ns  (logic 0.084ns (61.020%)  route 0.054ns (38.980%))
  Logic Levels:           0  
  Clock Path Skew:        0.825ns (DCD - SCD - CPR)
    Destination Clock Delay (DCD):    2.269ns
    Source Clock Delay      (SCD):    1.444ns
    Clock Pessimism Removal (CPR):    -0.000ns
  Clock Uncertainty:      0.476ns  ((TSJ^2 + DJ^2)^1/2) / 2 + PE
    Total System Jitter     (TSJ):    0.071ns
    Discrete Jitter          (DJ):    0.503ns
    Phase Error              (PE):    0.222ns
  Clock Net Delay (Source):      1.293ns (routing 0.676ns, distribution 0.617ns)
  Clock Net Delay (Destination): 1.438ns (routing 0.790ns, distribution 0.648ns)
  Timing Exception:       False Path

    Location             Delay type                Incr(ns)  Path(ns)    Netlist Resource(s)
  -------------------------------------------------------------------    -------------------
                         (clock clk_pl_0 rise edge)
                                                      0.000     0.000 r  
    PS8_X0Y0             PS8                          0.000     0.000 r  spi_module_i/zynq_ultra_ps_e_0/inst/PS8_i/PLCLK[0]
                         net (fo=1, routed)           0.129     0.129    spi_module_i/zynq_ultra_ps_e_0/inst/pl_clk_unbuffered[0]
    BUFG_PS_X0Y91        BUFG_PS (Prop_BUFG_PS_I_O)
                                                      0.022     0.151 r  spi_module_i/zynq_ultra_ps_e_0/inst/buffer_pl_clk_0.PL_CLK_0_BUFG/O
    X0Y1 (CLOCK_ROOT)    net (fo=10582, routed)       1.293     1.444    spi_module_i/axi_quad_spi_0/U0/NO_DUAL_QUAD_MODE.QSPI_NORMAL/QSPI_LEGACY_MD_GEN.QSPI_CORE_INTERFACE_I/CONTROL_REG_I/s_axi_aclk
    SLICE_X14Y143        FDSE                                         r  spi_module_i/axi_quad_spi_0/U0/NO_DUAL_QUAD_MODE.QSPI_NORMAL/QSPI_LEGACY_MD_GEN.QSPI_CORE_INTERFACE_I/CONTROL_REG_I/CONTROL_REG_1_2_GENERATE[1].SPICR_data_int_reg[1]/C
  -------------------------------------------------------------------    -------------------
    SLICE_X14Y143        FDSE (Prop_HFF_SLICEL_C_Q)
                                                      0.084     1.528 r  spi_module_i/axi_quad_spi_0/U0/NO_DUAL_QUAD_MODE.QSPI_NORMAL/QSPI_LEGACY_MD_GEN.QSPI_CORE_INTERFACE_I/CONTROL_REG_I/CONTROL_REG_1_2_GENERATE[1].SPICR_data_int_reg[1]/Q
                         net (fo=2, routed)           0.054     1.581    spi_module_i/axi_quad_spi_0/U0/NO_DUAL_QUAD_MODE.QSPI_NORMAL/QSPI_LEGACY_MD_GEN.QSPI_CORE_INTERFACE_I/FIFO_EXISTS.CLK_CROSS_I/LOGIC_GENERATION_CDC.SPICR_8_TR_INHIBIT_AX2S_1/src_in
    SLICE_X15Y143        FDRE                                         r  spi_module_i/axi_quad_spi_0/U0/NO_DUAL_QUAD_MODE.QSPI_NORMAL/QSPI_LEGACY_MD_GEN.QSPI_CORE_INTERFACE_I/FIFO_EXISTS.CLK_CROSS_I/LOGIC_GENERATION_CDC.SPICR_8_TR_INHIBIT_AX2S_1/syncstages_ff_reg[0]/D
  -------------------------------------------------------------------    -------------------

                         (clock clk_out1_spi_module_clk_wiz_0 rise edge)
                                                      0.000     0.000 r  
    C3                                                0.000     0.000 r  som240_1_connector_hpa_clk0p_clk (IN)
                         net (fo=0)                   0.000     0.000    spi_module_i/clk_wiz/inst/clkin1_ibuf/I
    C3                   INBUF (Prop_INBUF_HPIOB_M_PAD_O)
                                                      0.358     0.358 r  spi_module_i/clk_wiz/inst/clkin1_ibuf/INBUF_INST/O
                         net (fo=1, routed)           0.000     0.358    spi_module_i/clk_wiz/inst/clkin1_ibuf/OUT
    C3                   IBUFCTRL (Prop_IBUFCTRL_HPIOB_M_I_O)
                                                      0.000     0.358 r  spi_module_i/clk_wiz/inst/clkin1_ibuf/IBUFCTRL_INST/O
                         net (fo=1, routed)           0.322     0.680    spi_module_i/clk_wiz/inst/clk_in1_spi_module_clk_wiz_0
    MMCM_X0Y3            MMCME4_ADV (Prop_MMCM_CLKIN1_CLKOUT0)
                                                     -0.079     0.601 r  spi_module_i/clk_wiz/inst/mmcme4_adv_inst/CLKOUT0
                         net (fo=1, routed)           0.204     0.805    spi_module_i/clk_wiz/inst/clk_out1_spi_module_clk_wiz_0
    BUFGCE_X0Y76         BUFGCE (Prop_BUFCE_BUFGCE_I_O)
                                                      0.026     0.831 r  spi_module_i/clk_wiz/inst/clkout1_buf/O
    X0Y2 (CLOCK_ROOT)    net (fo=324, routed)         1.438     2.269    spi_module_i/axi_quad_spi_0/U0/NO_DUAL_QUAD_MODE.QSPI_NORMAL/QSPI_LEGACY_MD_GEN.QSPI_CORE_INTERFACE_I/FIFO_EXISTS.CLK_CROSS_I/LOGIC_GENERATION_CDC.SPICR_8_TR_INHIBIT_AX2S_1/dest_clk
    SLICE_X15Y143        FDRE                                         r  spi_module_i/axi_quad_spi_0/U0/NO_DUAL_QUAD_MODE.QSPI_NORMAL/QSPI_LEGACY_MD_GEN.QSPI_CORE_INTERFACE_I/FIFO_EXISTS.CLK_CROSS_I/LOGIC_GENERATION_CDC.SPICR_8_TR_INHIBIT_AX2S_1/syncstages_ff_reg[0]/C

Slack:                    inf
  Source:                 spi_module_i/axi_quad_spi_0/U0/NO_DUAL_QUAD_MODE.QSPI_NORMAL/QSPI_LEGACY_MD_GEN.QSPI_CORE_INTERFACE_I/CONTROL_REG_I/CONTROL_REG_5_9_GENERATE[6].SPICR_data_int_reg[6]/C
                            (rising edge-triggered cell FDRE clocked by clk_pl_0  {rise@0.000ns fall@5.000ns period=10.000ns})
  Destination:            spi_module_i/axi_quad_spi_0/U0/NO_DUAL_QUAD_MODE.QSPI_NORMAL/QSPI_LEGACY_MD_GEN.QSPI_CORE_INTERFACE_I/FIFO_EXISTS.CLK_CROSS_I/LOGIC_GENERATION_CDC.SPICR_3_CPOL_AX2S_1/syncstages_ff_reg[0]/D
                            (rising edge-triggered cell FDRE clocked by clk_out1_spi_module_clk_wiz_0  {rise@0.000ns fall@5.000ns period=10.000ns})
  Path Group:             (none)
  Path Type:              Hold (Min at Fast Process Corner)
  Data Path Delay:        0.155ns  (logic 0.085ns (54.869%)  route 0.070ns (45.131%))
  Logic Levels:           0  
  Clock Path Skew:        0.849ns (DCD - SCD - CPR)
    Destination Clock Delay (DCD):    2.276ns
    Source Clock Delay      (SCD):    1.427ns
    Clock Pessimism Removal (CPR):    -0.000ns
  Clock Uncertainty:      0.476ns  ((TSJ^2 + DJ^2)^1/2) / 2 + PE
    Total System Jitter     (TSJ):    0.071ns
    Discrete Jitter          (DJ):    0.503ns
    Phase Error              (PE):    0.222ns
  Clock Net Delay (Source):      1.276ns (routing 0.676ns, distribution 0.600ns)
  Clock Net Delay (Destination): 1.445ns (routing 0.790ns, distribution 0.655ns)
  Timing Exception:       False Path

    Location             Delay type                Incr(ns)  Path(ns)    Netlist Resource(s)
  -------------------------------------------------------------------    -------------------
                         (clock clk_pl_0 rise edge)
                                                      0.000     0.000 r  
    PS8_X0Y0             PS8                          0.000     0.000 r  spi_module_i/zynq_ultra_ps_e_0/inst/PS8_i/PLCLK[0]
                         net (fo=1, routed)           0.129     0.129    spi_module_i/zynq_ultra_ps_e_0/inst/pl_clk_unbuffered[0]
    BUFG_PS_X0Y91        BUFG_PS (Prop_BUFG_PS_I_O)
                                                      0.022     0.151 r  spi_module_i/zynq_ultra_ps_e_0/inst/buffer_pl_clk_0.PL_CLK_0_BUFG/O
    X0Y1 (CLOCK_ROOT)    net (fo=10582, routed)       1.276     1.427    spi_module_i/axi_quad_spi_0/U0/NO_DUAL_QUAD_MODE.QSPI_NORMAL/QSPI_LEGACY_MD_GEN.QSPI_CORE_INTERFACE_I/CONTROL_REG_I/s_axi_aclk
    SLICE_X15Y145        FDRE                                         r  spi_module_i/axi_quad_spi_0/U0/NO_DUAL_QUAD_MODE.QSPI_NORMAL/QSPI_LEGACY_MD_GEN.QSPI_CORE_INTERFACE_I/CONTROL_REG_I/CONTROL_REG_5_9_GENERATE[6].SPICR_data_int_reg[6]/C
  -------------------------------------------------------------------    -------------------
    SLICE_X15Y145        FDRE (Prop_GFF2_SLICEL_C_Q)
                                                      0.085     1.512 r  spi_module_i/axi_quad_spi_0/U0/NO_DUAL_QUAD_MODE.QSPI_NORMAL/QSPI_LEGACY_MD_GEN.QSPI_CORE_INTERFACE_I/CONTROL_REG_I/CONTROL_REG_5_9_GENERATE[6].SPICR_data_int_reg[6]/Q
                         net (fo=2, routed)           0.070     1.582    spi_module_i/axi_quad_spi_0/U0/NO_DUAL_QUAD_MODE.QSPI_NORMAL/QSPI_LEGACY_MD_GEN.QSPI_CORE_INTERFACE_I/FIFO_EXISTS.CLK_CROSS_I/LOGIC_GENERATION_CDC.SPICR_3_CPOL_AX2S_1/src_in
    SLICE_X17Y145        FDRE                                         r  spi_module_i/axi_quad_spi_0/U0/NO_DUAL_QUAD_MODE.QSPI_NORMAL/QSPI_LEGACY_MD_GEN.QSPI_CORE_INTERFACE_I/FIFO_EXISTS.CLK_CROSS_I/LOGIC_GENERATION_CDC.SPICR_3_CPOL_AX2S_1/syncstages_ff_reg[0]/D
  -------------------------------------------------------------------    -------------------

                         (clock clk_out1_spi_module_clk_wiz_0 rise edge)
                                                      0.000     0.000 r  
    C3                                                0.000     0.000 r  som240_1_connector_hpa_clk0p_clk (IN)
                         net (fo=0)                   0.000     0.000    spi_module_i/clk_wiz/inst/clkin1_ibuf/I
    C3                   INBUF (Prop_INBUF_HPIOB_M_PAD_O)
                                                      0.358     0.358 r  spi_module_i/clk_wiz/inst/clkin1_ibuf/INBUF_INST/O
                         net (fo=1, routed)           0.000     0.358    spi_module_i/clk_wiz/inst/clkin1_ibuf/OUT
    C3                   IBUFCTRL (Prop_IBUFCTRL_HPIOB_M_I_O)
                                                      0.000     0.358 r  spi_module_i/clk_wiz/inst/clkin1_ibuf/IBUFCTRL_INST/O
                         net (fo=1, routed)           0.322     0.680    spi_module_i/clk_wiz/inst/clk_in1_spi_module_clk_wiz_0
    MMCM_X0Y3            MMCME4_ADV (Prop_MMCM_CLKIN1_CLKOUT0)
                                                     -0.079     0.601 r  spi_module_i/clk_wiz/inst/mmcme4_adv_inst/CLKOUT0
                         net (fo=1, routed)           0.204     0.805    spi_module_i/clk_wiz/inst/clk_out1_spi_module_clk_wiz_0
    BUFGCE_X0Y76         BUFGCE (Prop_BUFCE_BUFGCE_I_O)
                                                      0.026     0.831 r  spi_module_i/clk_wiz/inst/clkout1_buf/O
    X0Y2 (CLOCK_ROOT)    net (fo=324, routed)         1.445     2.276    spi_module_i/axi_quad_spi_0/U0/NO_DUAL_QUAD_MODE.QSPI_NORMAL/QSPI_LEGACY_MD_GEN.QSPI_CORE_INTERFACE_I/FIFO_EXISTS.CLK_CROSS_I/LOGIC_GENERATION_CDC.SPICR_3_CPOL_AX2S_1/dest_clk
    SLICE_X17Y145        FDRE                                         r  spi_module_i/axi_quad_spi_0/U0/NO_DUAL_QUAD_MODE.QSPI_NORMAL/QSPI_LEGACY_MD_GEN.QSPI_CORE_INTERFACE_I/FIFO_EXISTS.CLK_CROSS_I/LOGIC_GENERATION_CDC.SPICR_3_CPOL_AX2S_1/syncstages_ff_reg[0]/C

Slack:                    inf
  Source:                 spi_module_i/axi_quad_spi_0/U0/NO_DUAL_QUAD_MODE.QSPI_NORMAL/QSPI_LEGACY_MD_GEN.QSPI_CORE_INTERFACE_I/FIFO_EXISTS.RX_FIFO_II/gnuram_async_fifo.xpm_fifo_base_inst/gen_cdc_pntr.rd_pntr_cdc_dc_inst/src_gray_ff_reg[1]/C
                            (rising edge-triggered cell FDRE clocked by clk_pl_0  {rise@0.000ns fall@5.000ns period=10.000ns})
  Destination:            spi_module_i/axi_quad_spi_0/U0/NO_DUAL_QUAD_MODE.QSPI_NORMAL/QSPI_LEGACY_MD_GEN.QSPI_CORE_INTERFACE_I/FIFO_EXISTS.RX_FIFO_II/gnuram_async_fifo.xpm_fifo_base_inst/gen_cdc_pntr.rd_pntr_cdc_dc_inst/dest_graysync_ff_reg[0][1]/D
                            (rising edge-triggered cell FDRE clocked by clk_out1_spi_module_clk_wiz_0  {rise@0.000ns fall@5.000ns period=10.000ns})
  Path Group:             (none)
  Path Type:              Hold (Min at Fast Process Corner)
  Data Path Delay:        0.167ns  (logic 0.084ns (50.299%)  route 0.083ns (49.701%))
  Logic Levels:           0  
  Clock Path Skew:        0.833ns (DCD - SCD - CPR)
    Destination Clock Delay (DCD):    2.258ns
    Source Clock Delay      (SCD):    1.425ns
    Clock Pessimism Removal (CPR):    -0.000ns
  Clock Uncertainty:      0.476ns  ((TSJ^2 + DJ^2)^1/2) / 2 + PE
    Total System Jitter     (TSJ):    0.071ns
    Discrete Jitter          (DJ):    0.503ns
    Phase Error              (PE):    0.222ns
  Clock Net Delay (Source):      1.274ns (routing 0.676ns, distribution 0.598ns)
  Clock Net Delay (Destination): 1.427ns (routing 0.790ns, distribution 0.637ns)
  Timing Exception:       False Path

    Location             Delay type                Incr(ns)  Path(ns)    Netlist Resource(s)
  -------------------------------------------------------------------    -------------------
                         (clock clk_pl_0 rise edge)
                                                      0.000     0.000 r  
    PS8_X0Y0             PS8                          0.000     0.000 r  spi_module_i/zynq_ultra_ps_e_0/inst/PS8_i/PLCLK[0]
                         net (fo=1, routed)           0.129     0.129    spi_module_i/zynq_ultra_ps_e_0/inst/pl_clk_unbuffered[0]
    BUFG_PS_X0Y91        BUFG_PS (Prop_BUFG_PS_I_O)
                                                      0.022     0.151 r  spi_module_i/zynq_ultra_ps_e_0/inst/buffer_pl_clk_0.PL_CLK_0_BUFG/O
    X0Y1 (CLOCK_ROOT)    net (fo=10582, routed)       1.274     1.425    spi_module_i/axi_quad_spi_0/U0/NO_DUAL_QUAD_MODE.QSPI_NORMAL/QSPI_LEGACY_MD_GEN.QSPI_CORE_INTERFACE_I/FIFO_EXISTS.RX_FIFO_II/gnuram_async_fifo.xpm_fifo_base_inst/gen_cdc_pntr.rd_pntr_cdc_dc_inst/src_clk
    SLICE_X14Y154        FDRE                                         r  spi_module_i/axi_quad_spi_0/U0/NO_DUAL_QUAD_MODE.QSPI_NORMAL/QSPI_LEGACY_MD_GEN.QSPI_CORE_INTERFACE_I/FIFO_EXISTS.RX_FIFO_II/gnuram_async_fifo.xpm_fifo_base_inst/gen_cdc_pntr.rd_pntr_cdc_dc_inst/src_gray_ff_reg[1]/C
  -------------------------------------------------------------------    -------------------
    SLICE_X14Y154        FDRE (Prop_HFF2_SLICEL_C_Q)
                                                      0.084     1.509 r  spi_module_i/axi_quad_spi_0/U0/NO_DUAL_QUAD_MODE.QSPI_NORMAL/QSPI_LEGACY_MD_GEN.QSPI_CORE_INTERFACE_I/FIFO_EXISTS.RX_FIFO_II/gnuram_async_fifo.xpm_fifo_base_inst/gen_cdc_pntr.rd_pntr_cdc_dc_inst/src_gray_ff_reg[1]/Q
                         net (fo=1, routed)           0.083     1.592    spi_module_i/axi_quad_spi_0/U0/NO_DUAL_QUAD_MODE.QSPI_NORMAL/QSPI_LEGACY_MD_GEN.QSPI_CORE_INTERFACE_I/FIFO_EXISTS.RX_FIFO_II/gnuram_async_fifo.xpm_fifo_base_inst/gen_cdc_pntr.rd_pntr_cdc_dc_inst/async_path[1]
    SLICE_X14Y154        FDRE                                         r  spi_module_i/axi_quad_spi_0/U0/NO_DUAL_QUAD_MODE.QSPI_NORMAL/QSPI_LEGACY_MD_GEN.QSPI_CORE_INTERFACE_I/FIFO_EXISTS.RX_FIFO_II/gnuram_async_fifo.xpm_fifo_base_inst/gen_cdc_pntr.rd_pntr_cdc_dc_inst/dest_graysync_ff_reg[0][1]/D
  -------------------------------------------------------------------    -------------------

                         (clock clk_out1_spi_module_clk_wiz_0 rise edge)
                                                      0.000     0.000 r  
    C3                                                0.000     0.000 r  som240_1_connector_hpa_clk0p_clk (IN)
                         net (fo=0)                   0.000     0.000    spi_module_i/clk_wiz/inst/clkin1_ibuf/I
    C3                   INBUF (Prop_INBUF_HPIOB_M_PAD_O)
                                                      0.358     0.358 r  spi_module_i/clk_wiz/inst/clkin1_ibuf/INBUF_INST/O
                         net (fo=1, routed)           0.000     0.358    spi_module_i/clk_wiz/inst/clkin1_ibuf/OUT
    C3                   IBUFCTRL (Prop_IBUFCTRL_HPIOB_M_I_O)
                                                      0.000     0.358 r  spi_module_i/clk_wiz/inst/clkin1_ibuf/IBUFCTRL_INST/O
                         net (fo=1, routed)           0.322     0.680    spi_module_i/clk_wiz/inst/clk_in1_spi_module_clk_wiz_0
    MMCM_X0Y3            MMCME4_ADV (Prop_MMCM_CLKIN1_CLKOUT0)
                                                     -0.079     0.601 r  spi_module_i/clk_wiz/inst/mmcme4_adv_inst/CLKOUT0
                         net (fo=1, routed)           0.204     0.805    spi_module_i/clk_wiz/inst/clk_out1_spi_module_clk_wiz_0
    BUFGCE_X0Y76         BUFGCE (Prop_BUFCE_BUFGCE_I_O)
                                                      0.026     0.831 r  spi_module_i/clk_wiz/inst/clkout1_buf/O
    X0Y2 (CLOCK_ROOT)    net (fo=324, routed)         1.427     2.258    spi_module_i/axi_quad_spi_0/U0/NO_DUAL_QUAD_MODE.QSPI_NORMAL/QSPI_LEGACY_MD_GEN.QSPI_CORE_INTERFACE_I/FIFO_EXISTS.RX_FIFO_II/gnuram_async_fifo.xpm_fifo_base_inst/gen_cdc_pntr.rd_pntr_cdc_dc_inst/dest_clk
    SLICE_X14Y154        FDRE                                         r  spi_module_i/axi_quad_spi_0/U0/NO_DUAL_QUAD_MODE.QSPI_NORMAL/QSPI_LEGACY_MD_GEN.QSPI_CORE_INTERFACE_I/FIFO_EXISTS.RX_FIFO_II/gnuram_async_fifo.xpm_fifo_base_inst/gen_cdc_pntr.rd_pntr_cdc_dc_inst/dest_graysync_ff_reg[0][1]/C

Slack:                    inf
  Source:                 spi_module_i/axi_quad_spi_0/U0/NO_DUAL_QUAD_MODE.QSPI_NORMAL/QSPI_LEGACY_MD_GEN.QSPI_CORE_INTERFACE_I/FIFO_EXISTS.TX_FIFO_II/gnuram_async_fifo.xpm_fifo_base_inst/gen_cdc_pntr.wr_pntr_cdc_inst/src_gray_ff_reg[3]/C
                            (rising edge-triggered cell FDRE clocked by clk_pl_0  {rise@0.000ns fall@5.000ns period=10.000ns})
  Destination:            spi_module_i/axi_quad_spi_0/U0/NO_DUAL_QUAD_MODE.QSPI_NORMAL/QSPI_LEGACY_MD_GEN.QSPI_CORE_INTERFACE_I/FIFO_EXISTS.TX_FIFO_II/gnuram_async_fifo.xpm_fifo_base_inst/gen_cdc_pntr.wr_pntr_cdc_inst/dest_graysync_ff_reg[0][3]/D
                            (rising edge-triggered cell FDRE clocked by clk_out1_spi_module_clk_wiz_0  {rise@0.000ns fall@5.000ns period=10.000ns})
  Path Group:             (none)
  Path Type:              Hold (Min at Fast Process Corner)
  Data Path Delay:        0.172ns  (logic 0.085ns (49.419%)  route 0.087ns (50.581%))
  Logic Levels:           0  
  Clock Path Skew:        0.847ns (DCD - SCD - CPR)
    Destination Clock Delay (DCD):    2.268ns
    Source Clock Delay      (SCD):    1.421ns
    Clock Pessimism Removal (CPR):    -0.000ns
  Clock Uncertainty:      0.476ns  ((TSJ^2 + DJ^2)^1/2) / 2 + PE
    Total System Jitter     (TSJ):    0.071ns
    Discrete Jitter          (DJ):    0.503ns
    Phase Error              (PE):    0.222ns
  Clock Net Delay (Source):      1.270ns (routing 0.676ns, distribution 0.594ns)
  Clock Net Delay (Destination): 1.437ns (routing 0.790ns, distribution 0.647ns)
  Timing Exception:       False Path

    Location             Delay type                Incr(ns)  Path(ns)    Netlist Resource(s)
  -------------------------------------------------------------------    -------------------
                         (clock clk_pl_0 rise edge)
                                                      0.000     0.000 r  
    PS8_X0Y0             PS8                          0.000     0.000 r  spi_module_i/zynq_ultra_ps_e_0/inst/PS8_i/PLCLK[0]
                         net (fo=1, routed)           0.129     0.129    spi_module_i/zynq_ultra_ps_e_0/inst/pl_clk_unbuffered[0]
    BUFG_PS_X0Y91        BUFG_PS (Prop_BUFG_PS_I_O)
                                                      0.022     0.151 r  spi_module_i/zynq_ultra_ps_e_0/inst/buffer_pl_clk_0.PL_CLK_0_BUFG/O
    X0Y1 (CLOCK_ROOT)    net (fo=10582, routed)       1.270     1.421    spi_module_i/axi_quad_spi_0/U0/NO_DUAL_QUAD_MODE.QSPI_NORMAL/QSPI_LEGACY_MD_GEN.QSPI_CORE_INTERFACE_I/FIFO_EXISTS.TX_FIFO_II/gnuram_async_fifo.xpm_fifo_base_inst/gen_cdc_pntr.wr_pntr_cdc_inst/src_clk
    SLICE_X15Y150        FDRE                                         r  spi_module_i/axi_quad_spi_0/U0/NO_DUAL_QUAD_MODE.QSPI_NORMAL/QSPI_LEGACY_MD_GEN.QSPI_CORE_INTERFACE_I/FIFO_EXISTS.TX_FIFO_II/gnuram_async_fifo.xpm_fifo_base_inst/gen_cdc_pntr.wr_pntr_cdc_inst/src_gray_ff_reg[3]/C
  -------------------------------------------------------------------    -------------------
    SLICE_X15Y150        FDRE (Prop_EFF2_SLICEL_C_Q)
                                                      0.085     1.506 r  spi_module_i/axi_quad_spi_0/U0/NO_DUAL_QUAD_MODE.QSPI_NORMAL/QSPI_LEGACY_MD_GEN.QSPI_CORE_INTERFACE_I/FIFO_EXISTS.TX_FIFO_II/gnuram_async_fifo.xpm_fifo_base_inst/gen_cdc_pntr.wr_pntr_cdc_inst/src_gray_ff_reg[3]/Q
                         net (fo=1, routed)           0.087     1.593    spi_module_i/axi_quad_spi_0/U0/NO_DUAL_QUAD_MODE.QSPI_NORMAL/QSPI_LEGACY_MD_GEN.QSPI_CORE_INTERFACE_I/FIFO_EXISTS.TX_FIFO_II/gnuram_async_fifo.xpm_fifo_base_inst/gen_cdc_pntr.wr_pntr_cdc_inst/async_path[3]
    SLICE_X15Y152        FDRE                                         r  spi_module_i/axi_quad_spi_0/U0/NO_DUAL_QUAD_MODE.QSPI_NORMAL/QSPI_LEGACY_MD_GEN.QSPI_CORE_INTERFACE_I/FIFO_EXISTS.TX_FIFO_II/gnuram_async_fifo.xpm_fifo_base_inst/gen_cdc_pntr.wr_pntr_cdc_inst/dest_graysync_ff_reg[0][3]/D
  -------------------------------------------------------------------    -------------------

                         (clock clk_out1_spi_module_clk_wiz_0 rise edge)
                                                      0.000     0.000 r  
    C3                                                0.000     0.000 r  som240_1_connector_hpa_clk0p_clk (IN)
                         net (fo=0)                   0.000     0.000    spi_module_i/clk_wiz/inst/clkin1_ibuf/I
    C3                   INBUF (Prop_INBUF_HPIOB_M_PAD_O)
                                                      0.358     0.358 r  spi_module_i/clk_wiz/inst/clkin1_ibuf/INBUF_INST/O
                         net (fo=1, routed)           0.000     0.358    spi_module_i/clk_wiz/inst/clkin1_ibuf/OUT
    C3                   IBUFCTRL (Prop_IBUFCTRL_HPIOB_M_I_O)
                                                      0.000     0.358 r  spi_module_i/clk_wiz/inst/clkin1_ibuf/IBUFCTRL_INST/O
                         net (fo=1, routed)           0.322     0.680    spi_module_i/clk_wiz/inst/clk_in1_spi_module_clk_wiz_0
    MMCM_X0Y3            MMCME4_ADV (Prop_MMCM_CLKIN1_CLKOUT0)
                                                     -0.079     0.601 r  spi_module_i/clk_wiz/inst/mmcme4_adv_inst/CLKOUT0
                         net (fo=1, routed)           0.204     0.805    spi_module_i/clk_wiz/inst/clk_out1_spi_module_clk_wiz_0
    BUFGCE_X0Y76         BUFGCE (Prop_BUFCE_BUFGCE_I_O)
                                                      0.026     0.831 r  spi_module_i/clk_wiz/inst/clkout1_buf/O
    X0Y2 (CLOCK_ROOT)    net (fo=324, routed)         1.437     2.268    spi_module_i/axi_quad_spi_0/U0/NO_DUAL_QUAD_MODE.QSPI_NORMAL/QSPI_LEGACY_MD_GEN.QSPI_CORE_INTERFACE_I/FIFO_EXISTS.TX_FIFO_II/gnuram_async_fifo.xpm_fifo_base_inst/gen_cdc_pntr.wr_pntr_cdc_inst/dest_clk
    SLICE_X15Y152        FDRE                                         r  spi_module_i/axi_quad_spi_0/U0/NO_DUAL_QUAD_MODE.QSPI_NORMAL/QSPI_LEGACY_MD_GEN.QSPI_CORE_INTERFACE_I/FIFO_EXISTS.TX_FIFO_II/gnuram_async_fifo.xpm_fifo_base_inst/gen_cdc_pntr.wr_pntr_cdc_inst/dest_graysync_ff_reg[0][3]/C

Slack:                    inf
  Source:                 spi_module_i/axi_quad_spi_0/U0/NO_DUAL_QUAD_MODE.QSPI_NORMAL/QSPI_LEGACY_MD_GEN.QSPI_CORE_INTERFACE_I/FIFO_EXISTS.TX_FIFO_II/gnuram_async_fifo.xpm_fifo_base_inst/gen_cdc_pntr.wr_pntr_cdc_inst/src_gray_ff_reg[0]/C
                            (rising edge-triggered cell FDRE clocked by clk_pl_0  {rise@0.000ns fall@5.000ns period=10.000ns})
  Destination:            spi_module_i/axi_quad_spi_0/U0/NO_DUAL_QUAD_MODE.QSPI_NORMAL/QSPI_LEGACY_MD_GEN.QSPI_CORE_INTERFACE_I/FIFO_EXISTS.TX_FIFO_II/gnuram_async_fifo.xpm_fifo_base_inst/gen_cdc_pntr.wr_pntr_cdc_inst/dest_graysync_ff_reg[0][0]/D
                            (rising edge-triggered cell FDRE clocked by clk_out1_spi_module_clk_wiz_0  {rise@0.000ns fall@5.000ns period=10.000ns})
  Path Group:             (none)
  Path Type:              Hold (Min at Fast Process Corner)
  Data Path Delay:        0.170ns  (logic 0.084ns (49.412%)  route 0.086ns (50.588%))
  Logic Levels:           0  
  Clock Path Skew:        0.851ns (DCD - SCD - CPR)
    Destination Clock Delay (DCD):    2.275ns
    Source Clock Delay      (SCD):    1.424ns
    Clock Pessimism Removal (CPR):    -0.000ns
  Clock Uncertainty:      0.476ns  ((TSJ^2 + DJ^2)^1/2) / 2 + PE
    Total System Jitter     (TSJ):    0.071ns
    Discrete Jitter          (DJ):    0.503ns
    Phase Error              (PE):    0.222ns
  Clock Net Delay (Source):      1.273ns (routing 0.676ns, distribution 0.597ns)
  Clock Net Delay (Destination): 1.444ns (routing 0.790ns, distribution 0.654ns)
  Timing Exception:       False Path

    Location             Delay type                Incr(ns)  Path(ns)    Netlist Resource(s)
  -------------------------------------------------------------------    -------------------
                         (clock clk_pl_0 rise edge)
                                                      0.000     0.000 r  
    PS8_X0Y0             PS8                          0.000     0.000 r  spi_module_i/zynq_ultra_ps_e_0/inst/PS8_i/PLCLK[0]
                         net (fo=1, routed)           0.129     0.129    spi_module_i/zynq_ultra_ps_e_0/inst/pl_clk_unbuffered[0]
    BUFG_PS_X0Y91        BUFG_PS (Prop_BUFG_PS_I_O)
                                                      0.022     0.151 r  spi_module_i/zynq_ultra_ps_e_0/inst/buffer_pl_clk_0.PL_CLK_0_BUFG/O
    X0Y1 (CLOCK_ROOT)    net (fo=10582, routed)       1.273     1.424    spi_module_i/axi_quad_spi_0/U0/NO_DUAL_QUAD_MODE.QSPI_NORMAL/QSPI_LEGACY_MD_GEN.QSPI_CORE_INTERFACE_I/FIFO_EXISTS.TX_FIFO_II/gnuram_async_fifo.xpm_fifo_base_inst/gen_cdc_pntr.wr_pntr_cdc_inst/src_clk
    SLICE_X14Y148        FDRE                                         r  spi_module_i/axi_quad_spi_0/U0/NO_DUAL_QUAD_MODE.QSPI_NORMAL/QSPI_LEGACY_MD_GEN.QSPI_CORE_INTERFACE_I/FIFO_EXISTS.TX_FIFO_II/gnuram_async_fifo.xpm_fifo_base_inst/gen_cdc_pntr.wr_pntr_cdc_inst/src_gray_ff_reg[0]/C
  -------------------------------------------------------------------    -------------------
    SLICE_X14Y148        FDRE (Prop_CFF_SLICEL_C_Q)
                                                      0.084     1.508 r  spi_module_i/axi_quad_spi_0/U0/NO_DUAL_QUAD_MODE.QSPI_NORMAL/QSPI_LEGACY_MD_GEN.QSPI_CORE_INTERFACE_I/FIFO_EXISTS.TX_FIFO_II/gnuram_async_fifo.xpm_fifo_base_inst/gen_cdc_pntr.wr_pntr_cdc_inst/src_gray_ff_reg[0]/Q
                         net (fo=1, routed)           0.086     1.594    spi_module_i/axi_quad_spi_0/U0/NO_DUAL_QUAD_MODE.QSPI_NORMAL/QSPI_LEGACY_MD_GEN.QSPI_CORE_INTERFACE_I/FIFO_EXISTS.TX_FIFO_II/gnuram_async_fifo.xpm_fifo_base_inst/gen_cdc_pntr.wr_pntr_cdc_inst/async_path[0]
    SLICE_X13Y148        FDRE                                         r  spi_module_i/axi_quad_spi_0/U0/NO_DUAL_QUAD_MODE.QSPI_NORMAL/QSPI_LEGACY_MD_GEN.QSPI_CORE_INTERFACE_I/FIFO_EXISTS.TX_FIFO_II/gnuram_async_fifo.xpm_fifo_base_inst/gen_cdc_pntr.wr_pntr_cdc_inst/dest_graysync_ff_reg[0][0]/D
  -------------------------------------------------------------------    -------------------

                         (clock clk_out1_spi_module_clk_wiz_0 rise edge)
                                                      0.000     0.000 r  
    C3                                                0.000     0.000 r  som240_1_connector_hpa_clk0p_clk (IN)
                         net (fo=0)                   0.000     0.000    spi_module_i/clk_wiz/inst/clkin1_ibuf/I
    C3                   INBUF (Prop_INBUF_HPIOB_M_PAD_O)
                                                      0.358     0.358 r  spi_module_i/clk_wiz/inst/clkin1_ibuf/INBUF_INST/O
                         net (fo=1, routed)           0.000     0.358    spi_module_i/clk_wiz/inst/clkin1_ibuf/OUT
    C3                   IBUFCTRL (Prop_IBUFCTRL_HPIOB_M_I_O)
                                                      0.000     0.358 r  spi_module_i/clk_wiz/inst/clkin1_ibuf/IBUFCTRL_INST/O
                         net (fo=1, routed)           0.322     0.680    spi_module_i/clk_wiz/inst/clk_in1_spi_module_clk_wiz_0
    MMCM_X0Y3            MMCME4_ADV (Prop_MMCM_CLKIN1_CLKOUT0)
                                                     -0.079     0.601 r  spi_module_i/clk_wiz/inst/mmcme4_adv_inst/CLKOUT0
                         net (fo=1, routed)           0.204     0.805    spi_module_i/clk_wiz/inst/clk_out1_spi_module_clk_wiz_0
    BUFGCE_X0Y76         BUFGCE (Prop_BUFCE_BUFGCE_I_O)
                                                      0.026     0.831 r  spi_module_i/clk_wiz/inst/clkout1_buf/O
    X0Y2 (CLOCK_ROOT)    net (fo=324, routed)         1.444     2.275    spi_module_i/axi_quad_spi_0/U0/NO_DUAL_QUAD_MODE.QSPI_NORMAL/QSPI_LEGACY_MD_GEN.QSPI_CORE_INTERFACE_I/FIFO_EXISTS.TX_FIFO_II/gnuram_async_fifo.xpm_fifo_base_inst/gen_cdc_pntr.wr_pntr_cdc_inst/dest_clk
    SLICE_X13Y148        FDRE                                         r  spi_module_i/axi_quad_spi_0/U0/NO_DUAL_QUAD_MODE.QSPI_NORMAL/QSPI_LEGACY_MD_GEN.QSPI_CORE_INTERFACE_I/FIFO_EXISTS.TX_FIFO_II/gnuram_async_fifo.xpm_fifo_base_inst/gen_cdc_pntr.wr_pntr_cdc_inst/dest_graysync_ff_reg[0][0]/C

Slack:                    inf
  Source:                 spi_module_i/axi_quad_spi_0/U0/NO_DUAL_QUAD_MODE.QSPI_NORMAL/QSPI_LEGACY_MD_GEN.QSPI_CORE_INTERFACE_I/FIFO_EXISTS.RX_FIFO_II/gnuram_async_fifo.xpm_fifo_base_inst/gen_cdc_pntr.rd_pntr_cdc_inst/src_gray_ff_reg[0]/C
                            (rising edge-triggered cell FDRE clocked by clk_pl_0  {rise@0.000ns fall@5.000ns period=10.000ns})
  Destination:            spi_module_i/axi_quad_spi_0/U0/NO_DUAL_QUAD_MODE.QSPI_NORMAL/QSPI_LEGACY_MD_GEN.QSPI_CORE_INTERFACE_I/FIFO_EXISTS.RX_FIFO_II/gnuram_async_fifo.xpm_fifo_base_inst/gen_cdc_pntr.rd_pntr_cdc_inst/dest_graysync_ff_reg[0][0]/D
                            (rising edge-triggered cell FDRE clocked by clk_out1_spi_module_clk_wiz_0  {rise@0.000ns fall@5.000ns period=10.000ns})
  Path Group:             (none)
  Path Type:              Hold (Min at Fast Process Corner)
  Data Path Delay:        0.169ns  (logic 0.084ns (49.704%)  route 0.085ns (50.296%))
  Logic Levels:           0  
  Clock Path Skew:        0.854ns (DCD - SCD - CPR)
    Destination Clock Delay (DCD):    2.279ns
    Source Clock Delay      (SCD):    1.425ns
    Clock Pessimism Removal (CPR):    -0.000ns
  Clock Uncertainty:      0.476ns  ((TSJ^2 + DJ^2)^1/2) / 2 + PE
    Total System Jitter     (TSJ):    0.071ns
    Discrete Jitter          (DJ):    0.503ns
    Phase Error              (PE):    0.222ns
  Clock Net Delay (Source):      1.274ns (routing 0.676ns, distribution 0.598ns)
  Clock Net Delay (Destination): 1.449ns (routing 0.790ns, distribution 0.659ns)
  Timing Exception:       False Path

    Location             Delay type                Incr(ns)  Path(ns)    Netlist Resource(s)
  -------------------------------------------------------------------    -------------------
                         (clock clk_pl_0 rise edge)
                                                      0.000     0.000 r  
    PS8_X0Y0             PS8                          0.000     0.000 r  spi_module_i/zynq_ultra_ps_e_0/inst/PS8_i/PLCLK[0]
                         net (fo=1, routed)           0.129     0.129    spi_module_i/zynq_ultra_ps_e_0/inst/pl_clk_unbuffered[0]
    BUFG_PS_X0Y91        BUFG_PS (Prop_BUFG_PS_I_O)
                                                      0.022     0.151 r  spi_module_i/zynq_ultra_ps_e_0/inst/buffer_pl_clk_0.PL_CLK_0_BUFG/O
    X0Y1 (CLOCK_ROOT)    net (fo=10582, routed)       1.274     1.425    spi_module_i/axi_quad_spi_0/U0/NO_DUAL_QUAD_MODE.QSPI_NORMAL/QSPI_LEGACY_MD_GEN.QSPI_CORE_INTERFACE_I/FIFO_EXISTS.RX_FIFO_II/gnuram_async_fifo.xpm_fifo_base_inst/gen_cdc_pntr.rd_pntr_cdc_inst/src_clk
    SLICE_X14Y154        FDRE                                         r  spi_module_i/axi_quad_spi_0/U0/NO_DUAL_QUAD_MODE.QSPI_NORMAL/QSPI_LEGACY_MD_GEN.QSPI_CORE_INTERFACE_I/FIFO_EXISTS.RX_FIFO_II/gnuram_async_fifo.xpm_fifo_base_inst/gen_cdc_pntr.rd_pntr_cdc_inst/src_gray_ff_reg[0]/C
  -------------------------------------------------------------------    -------------------
    SLICE_X14Y154        FDRE (Prop_GFF_SLICEL_C_Q)
                                                      0.084     1.509 r  spi_module_i/axi_quad_spi_0/U0/NO_DUAL_QUAD_MODE.QSPI_NORMAL/QSPI_LEGACY_MD_GEN.QSPI_CORE_INTERFACE_I/FIFO_EXISTS.RX_FIFO_II/gnuram_async_fifo.xpm_fifo_base_inst/gen_cdc_pntr.rd_pntr_cdc_inst/src_gray_ff_reg[0]/Q
                         net (fo=1, routed)           0.085     1.594    spi_module_i/axi_quad_spi_0/U0/NO_DUAL_QUAD_MODE.QSPI_NORMAL/QSPI_LEGACY_MD_GEN.QSPI_CORE_INTERFACE_I/FIFO_EXISTS.RX_FIFO_II/gnuram_async_fifo.xpm_fifo_base_inst/gen_cdc_pntr.rd_pntr_cdc_inst/async_path[0]
    SLICE_X14Y156        FDRE                                         r  spi_module_i/axi_quad_spi_0/U0/NO_DUAL_QUAD_MODE.QSPI_NORMAL/QSPI_LEGACY_MD_GEN.QSPI_CORE_INTERFACE_I/FIFO_EXISTS.RX_FIFO_II/gnuram_async_fifo.xpm_fifo_base_inst/gen_cdc_pntr.rd_pntr_cdc_inst/dest_graysync_ff_reg[0][0]/D
  -------------------------------------------------------------------    -------------------

                         (clock clk_out1_spi_module_clk_wiz_0 rise edge)
                                                      0.000     0.000 r  
    C3                                                0.000     0.000 r  som240_1_connector_hpa_clk0p_clk (IN)
                         net (fo=0)                   0.000     0.000    spi_module_i/clk_wiz/inst/clkin1_ibuf/I
    C3                   INBUF (Prop_INBUF_HPIOB_M_PAD_O)
                                                      0.358     0.358 r  spi_module_i/clk_wiz/inst/clkin1_ibuf/INBUF_INST/O
                         net (fo=1, routed)           0.000     0.358    spi_module_i/clk_wiz/inst/clkin1_ibuf/OUT
    C3                   IBUFCTRL (Prop_IBUFCTRL_HPIOB_M_I_O)
                                                      0.000     0.358 r  spi_module_i/clk_wiz/inst/clkin1_ibuf/IBUFCTRL_INST/O
                         net (fo=1, routed)           0.322     0.680    spi_module_i/clk_wiz/inst/clk_in1_spi_module_clk_wiz_0
    MMCM_X0Y3            MMCME4_ADV (Prop_MMCM_CLKIN1_CLKOUT0)
                                                     -0.079     0.601 r  spi_module_i/clk_wiz/inst/mmcme4_adv_inst/CLKOUT0
                         net (fo=1, routed)           0.204     0.805    spi_module_i/clk_wiz/inst/clk_out1_spi_module_clk_wiz_0
    BUFGCE_X0Y76         BUFGCE (Prop_BUFCE_BUFGCE_I_O)
                                                      0.026     0.831 r  spi_module_i/clk_wiz/inst/clkout1_buf/O
    X0Y2 (CLOCK_ROOT)    net (fo=324, routed)         1.449     2.279    spi_module_i/axi_quad_spi_0/U0/NO_DUAL_QUAD_MODE.QSPI_NORMAL/QSPI_LEGACY_MD_GEN.QSPI_CORE_INTERFACE_I/FIFO_EXISTS.RX_FIFO_II/gnuram_async_fifo.xpm_fifo_base_inst/gen_cdc_pntr.rd_pntr_cdc_inst/dest_clk
    SLICE_X14Y156        FDRE                                         r  spi_module_i/axi_quad_spi_0/U0/NO_DUAL_QUAD_MODE.QSPI_NORMAL/QSPI_LEGACY_MD_GEN.QSPI_CORE_INTERFACE_I/FIFO_EXISTS.RX_FIFO_II/gnuram_async_fifo.xpm_fifo_base_inst/gen_cdc_pntr.rd_pntr_cdc_inst/dest_graysync_ff_reg[0][0]/C

Slack:                    inf
  Source:                 spi_module_i/axi_quad_spi_0/U0/NO_DUAL_QUAD_MODE.QSPI_NORMAL/QSPI_LEGACY_MD_GEN.QSPI_CORE_INTERFACE_I/FIFO_EXISTS.RX_FIFO_II/gnuram_async_fifo.xpm_fifo_base_inst/gen_cdc_pntr.rd_pntr_cdc_inst/src_gray_ff_reg[1]/C
                            (rising edge-triggered cell FDRE clocked by clk_pl_0  {rise@0.000ns fall@5.000ns period=10.000ns})
  Destination:            spi_module_i/axi_quad_spi_0/U0/NO_DUAL_QUAD_MODE.QSPI_NORMAL/QSPI_LEGACY_MD_GEN.QSPI_CORE_INTERFACE_I/FIFO_EXISTS.RX_FIFO_II/gnuram_async_fifo.xpm_fifo_base_inst/gen_cdc_pntr.rd_pntr_cdc_inst/dest_graysync_ff_reg[0][1]/D
                            (rising edge-triggered cell FDRE clocked by clk_out1_spi_module_clk_wiz_0  {rise@0.000ns fall@5.000ns period=10.000ns})
  Path Group:             (none)
  Path Type:              Hold (Min at Fast Process Corner)
  Data Path Delay:        0.173ns  (logic 0.085ns (49.133%)  route 0.088ns (50.867%))
  Logic Levels:           0  
  Clock Path Skew:        0.854ns (DCD - SCD - CPR)
    Destination Clock Delay (DCD):    2.279ns
    Source Clock Delay      (SCD):    1.425ns
    Clock Pessimism Removal (CPR):    -0.000ns
  Clock Uncertainty:      0.476ns  ((TSJ^2 + DJ^2)^1/2) / 2 + PE
    Total System Jitter     (TSJ):    0.071ns
    Discrete Jitter          (DJ):    0.503ns
    Phase Error              (PE):    0.222ns
  Clock Net Delay (Source):      1.274ns (routing 0.676ns, distribution 0.598ns)
  Clock Net Delay (Destination): 1.449ns (routing 0.790ns, distribution 0.659ns)
  Timing Exception:       False Path

    Location             Delay type                Incr(ns)  Path(ns)    Netlist Resource(s)
  -------------------------------------------------------------------    -------------------
                         (clock clk_pl_0 rise edge)
                                                      0.000     0.000 r  
    PS8_X0Y0             PS8                          0.000     0.000 r  spi_module_i/zynq_ultra_ps_e_0/inst/PS8_i/PLCLK[0]
                         net (fo=1, routed)           0.129     0.129    spi_module_i/zynq_ultra_ps_e_0/inst/pl_clk_unbuffered[0]
    BUFG_PS_X0Y91        BUFG_PS (Prop_BUFG_PS_I_O)
                                                      0.022     0.151 r  spi_module_i/zynq_ultra_ps_e_0/inst/buffer_pl_clk_0.PL_CLK_0_BUFG/O
    X0Y1 (CLOCK_ROOT)    net (fo=10582, routed)       1.274     1.425    spi_module_i/axi_quad_spi_0/U0/NO_DUAL_QUAD_MODE.QSPI_NORMAL/QSPI_LEGACY_MD_GEN.QSPI_CORE_INTERFACE_I/FIFO_EXISTS.RX_FIFO_II/gnuram_async_fifo.xpm_fifo_base_inst/gen_cdc_pntr.rd_pntr_cdc_inst/src_clk
    SLICE_X14Y154        FDRE                                         r  spi_module_i/axi_quad_spi_0/U0/NO_DUAL_QUAD_MODE.QSPI_NORMAL/QSPI_LEGACY_MD_GEN.QSPI_CORE_INTERFACE_I/FIFO_EXISTS.RX_FIFO_II/gnuram_async_fifo.xpm_fifo_base_inst/gen_cdc_pntr.rd_pntr_cdc_inst/src_gray_ff_reg[1]/C
  -------------------------------------------------------------------    -------------------
    SLICE_X14Y154        FDRE (Prop_GFF2_SLICEL_C_Q)
                                                      0.085     1.510 r  spi_module_i/axi_quad_spi_0/U0/NO_DUAL_QUAD_MODE.QSPI_NORMAL/QSPI_LEGACY_MD_GEN.QSPI_CORE_INTERFACE_I/FIFO_EXISTS.RX_FIFO_II/gnuram_async_fifo.xpm_fifo_base_inst/gen_cdc_pntr.rd_pntr_cdc_inst/src_gray_ff_reg[1]/Q
                         net (fo=1, routed)           0.088     1.598    spi_module_i/axi_quad_spi_0/U0/NO_DUAL_QUAD_MODE.QSPI_NORMAL/QSPI_LEGACY_MD_GEN.QSPI_CORE_INTERFACE_I/FIFO_EXISTS.RX_FIFO_II/gnuram_async_fifo.xpm_fifo_base_inst/gen_cdc_pntr.rd_pntr_cdc_inst/async_path[1]
    SLICE_X14Y156        FDRE                                         r  spi_module_i/axi_quad_spi_0/U0/NO_DUAL_QUAD_MODE.QSPI_NORMAL/QSPI_LEGACY_MD_GEN.QSPI_CORE_INTERFACE_I/FIFO_EXISTS.RX_FIFO_II/gnuram_async_fifo.xpm_fifo_base_inst/gen_cdc_pntr.rd_pntr_cdc_inst/dest_graysync_ff_reg[0][1]/D
  -------------------------------------------------------------------    -------------------

                         (clock clk_out1_spi_module_clk_wiz_0 rise edge)
                                                      0.000     0.000 r  
    C3                                                0.000     0.000 r  som240_1_connector_hpa_clk0p_clk (IN)
                         net (fo=0)                   0.000     0.000    spi_module_i/clk_wiz/inst/clkin1_ibuf/I
    C3                   INBUF (Prop_INBUF_HPIOB_M_PAD_O)
                                                      0.358     0.358 r  spi_module_i/clk_wiz/inst/clkin1_ibuf/INBUF_INST/O
                         net (fo=1, routed)           0.000     0.358    spi_module_i/clk_wiz/inst/clkin1_ibuf/OUT
    C3                   IBUFCTRL (Prop_IBUFCTRL_HPIOB_M_I_O)
                                                      0.000     0.358 r  spi_module_i/clk_wiz/inst/clkin1_ibuf/IBUFCTRL_INST/O
                         net (fo=1, routed)           0.322     0.680    spi_module_i/clk_wiz/inst/clk_in1_spi_module_clk_wiz_0
    MMCM_X0Y3            MMCME4_ADV (Prop_MMCM_CLKIN1_CLKOUT0)
                                                     -0.079     0.601 r  spi_module_i/clk_wiz/inst/mmcme4_adv_inst/CLKOUT0
                         net (fo=1, routed)           0.204     0.805    spi_module_i/clk_wiz/inst/clk_out1_spi_module_clk_wiz_0
    BUFGCE_X0Y76         BUFGCE (Prop_BUFCE_BUFGCE_I_O)
                                                      0.026     0.831 r  spi_module_i/clk_wiz/inst/clkout1_buf/O
    X0Y2 (CLOCK_ROOT)    net (fo=324, routed)         1.449     2.279    spi_module_i/axi_quad_spi_0/U0/NO_DUAL_QUAD_MODE.QSPI_NORMAL/QSPI_LEGACY_MD_GEN.QSPI_CORE_INTERFACE_I/FIFO_EXISTS.RX_FIFO_II/gnuram_async_fifo.xpm_fifo_base_inst/gen_cdc_pntr.rd_pntr_cdc_inst/dest_clk
    SLICE_X14Y156        FDRE                                         r  spi_module_i/axi_quad_spi_0/U0/NO_DUAL_QUAD_MODE.QSPI_NORMAL/QSPI_LEGACY_MD_GEN.QSPI_CORE_INTERFACE_I/FIFO_EXISTS.RX_FIFO_II/gnuram_async_fifo.xpm_fifo_base_inst/gen_cdc_pntr.rd_pntr_cdc_inst/dest_graysync_ff_reg[0][1]/C





--------------------------------------------------------------------------------------
Path Group:  (none)
From Clock:  
  To Clock:  clk_pl_0

Max Delay             1 Endpoint
Min Delay             1 Endpoint
--------------------------------------------------------------------------------------


Max Delay Paths
--------------------------------------------------------------------------------------
Slack:                    inf
  Source:                 spi_module_i/zynq_ultra_ps_e_0/inst/PS8_i/EMIOGPIOO[95]
                            (internal pin)
  Destination:            spi_module_i/rst_ps8_0_99M/U0/EXT_LPF/ACTIVE_LOW_EXT.ACT_LO_EXT/syncstages_ff_reg[0]/D
                            (rising edge-triggered cell FDRE clocked by clk_pl_0  {rise@0.000ns fall@5.000ns period=10.000ns})
  Path Group:             (none)
  Path Type:              Setup (Max at Slow Process Corner)
  Data Path Delay:        2.026ns  (logic 0.228ns (11.254%)  route 1.798ns (88.746%))
  Logic Levels:           1  (LUT1=1)
  Clock Uncertainty:      0.158ns  ((TSJ^2 + DJ^2)^1/2) / 2 + PE
    Total System Jitter     (TSJ):    0.050ns
    Discrete Jitter          (DJ):    0.312ns
    Phase Error              (PE):    0.000ns
  Clock Net Delay (Destination): 2.100ns (routing 1.122ns, distribution 0.978ns)
  Timing Exception:       False Path

    Location             Delay type                Incr(ns)  Path(ns)    Netlist Resource(s)
  -------------------------------------------------------------------    -------------------
    PS8_X0Y0             PS8                          0.000     0.000 f  spi_module_i/zynq_ultra_ps_e_0/inst/PS8_i/EMIOGPIOO[95]
                         net (fo=1, routed)           1.423     1.423    spi_module_i/rst_ps8_0_99M/U0/EXT_LPF/ext_reset_in
    SLICE_X18Y154        LUT1 (Prop_H6LUT_SLICEM_I0_O)
                                                      0.228     1.651 r  spi_module_i/rst_ps8_0_99M/U0/EXT_LPF/ACTIVE_LOW_EXT.ACT_LO_EXT_i_1/O
                         net (fo=1, routed)           0.375     2.026    spi_module_i/rst_ps8_0_99M/U0/EXT_LPF/ACTIVE_LOW_EXT.ACT_LO_EXT/src_in
    SLICE_X18Y154        FDRE                                         r  spi_module_i/rst_ps8_0_99M/U0/EXT_LPF/ACTIVE_LOW_EXT.ACT_LO_EXT/syncstages_ff_reg[0]/D
  -------------------------------------------------------------------    -------------------

                         (clock clk_pl_0 rise edge)
                                                      0.000     0.000 r  
    PS8_X0Y0             PS8                          0.000     0.000 r  spi_module_i/zynq_ultra_ps_e_0/inst/PS8_i/PLCLK[0]
                         net (fo=1, routed)           0.181     0.181    spi_module_i/zynq_ultra_ps_e_0/inst/pl_clk_unbuffered[0]
    BUFG_PS_X0Y91        BUFG_PS (Prop_BUFG_PS_I_O)
                                                      0.035     0.216 r  spi_module_i/zynq_ultra_ps_e_0/inst/buffer_pl_clk_0.PL_CLK_0_BUFG/O
    X0Y1 (CLOCK_ROOT)    net (fo=10582, routed)       2.100     2.316    spi_module_i/rst_ps8_0_99M/U0/EXT_LPF/ACTIVE_LOW_EXT.ACT_LO_EXT/dest_clk
    SLICE_X18Y154        FDRE                                         r  spi_module_i/rst_ps8_0_99M/U0/EXT_LPF/ACTIVE_LOW_EXT.ACT_LO_EXT/syncstages_ff_reg[0]/C





Min Delay Paths
--------------------------------------------------------------------------------------
Slack:                    inf
  Source:                 spi_module_i/zynq_ultra_ps_e_0/inst/PS8_i/EMIOGPIOO[95]
                            (internal pin)
  Destination:            spi_module_i/rst_ps8_0_99M/U0/EXT_LPF/ACTIVE_LOW_EXT.ACT_LO_EXT/syncstages_ff_reg[0]/D
                            (rising edge-triggered cell FDRE clocked by clk_pl_0  {rise@0.000ns fall@5.000ns period=10.000ns})
  Path Group:             (none)
  Path Type:              Hold (Min at Fast Process Corner)
  Data Path Delay:        0.828ns  (logic 0.106ns (12.802%)  route 0.722ns (87.198%))
  Logic Levels:           1  (LUT1=1)
  Clock Uncertainty:      0.158ns  ((TSJ^2 + DJ^2)^1/2) / 2 + PE
    Total System Jitter     (TSJ):    0.050ns
    Discrete Jitter          (DJ):    0.312ns
    Phase Error              (PE):    0.000ns
  Clock Net Delay (Destination): 1.401ns (routing 0.739ns, distribution 0.662ns)
  Timing Exception:       False Path

    Location             Delay type                Incr(ns)  Path(ns)    Netlist Resource(s)
  -------------------------------------------------------------------    -------------------
    PS8_X0Y0             PS8                          0.000     0.000 f  spi_module_i/zynq_ultra_ps_e_0/inst/PS8_i/EMIOGPIOO[95]
                         net (fo=1, routed)           0.605     0.605    spi_module_i/rst_ps8_0_99M/U0/EXT_LPF/ext_reset_in
    SLICE_X18Y154        LUT1 (Prop_H6LUT_SLICEM_I0_O)
                                                      0.106     0.711 r  spi_module_i/rst_ps8_0_99M/U0/EXT_LPF/ACTIVE_LOW_EXT.ACT_LO_EXT_i_1/O
                         net (fo=1, routed)           0.117     0.828    spi_module_i/rst_ps8_0_99M/U0/EXT_LPF/ACTIVE_LOW_EXT.ACT_LO_EXT/src_in
    SLICE_X18Y154        FDRE                                         r  spi_module_i/rst_ps8_0_99M/U0/EXT_LPF/ACTIVE_LOW_EXT.ACT_LO_EXT/syncstages_ff_reg[0]/D
  -------------------------------------------------------------------    -------------------

                         (clock clk_pl_0 rise edge)
                                                      0.000     0.000 r  
    PS8_X0Y0             PS8                          0.000     0.000 r  spi_module_i/zynq_ultra_ps_e_0/inst/PS8_i/PLCLK[0]
                         net (fo=1, routed)           0.164     0.164    spi_module_i/zynq_ultra_ps_e_0/inst/pl_clk_unbuffered[0]
    BUFG_PS_X0Y91        BUFG_PS (Prop_BUFG_PS_I_O)
                                                      0.023     0.187 r  spi_module_i/zynq_ultra_ps_e_0/inst/buffer_pl_clk_0.PL_CLK_0_BUFG/O
    X0Y1 (CLOCK_ROOT)    net (fo=10582, routed)       1.401     1.588    spi_module_i/rst_ps8_0_99M/U0/EXT_LPF/ACTIVE_LOW_EXT.ACT_LO_EXT/dest_clk
    SLICE_X18Y154        FDRE                                         r  spi_module_i/rst_ps8_0_99M/U0/EXT_LPF/ACTIVE_LOW_EXT.ACT_LO_EXT/syncstages_ff_reg[0]/C





--------------------------------------------------------------------------------------
Path Group:  (none)
From Clock:  clk_out1_spi_module_clk_wiz_0
  To Clock:  clk_pl_0

Max Delay            11 Endpoints
Min Delay            37 Endpoints
--------------------------------------------------------------------------------------


Max Delay Paths
--------------------------------------------------------------------------------------
Slack:                    inf
  Source:                 spi_module_i/axi_quad_spi_0/U0/NO_DUAL_QUAD_MODE.QSPI_NORMAL/QSPI_LEGACY_MD_GEN.QSPI_CORE_INTERFACE_I/FIFO_EXISTS.TX_FIFO_II/gnuram_async_fifo.xpm_fifo_base_inst/gen_fwft.empty_fwft_i_reg/C
                            (rising edge-triggered cell FDSE clocked by clk_out1_spi_module_clk_wiz_0  {rise@0.000ns fall@5.000ns period=10.000ns})
  Destination:            spi_module_i/axi_quad_spi_0/U0/NO_DUAL_QUAD_MODE.QSPI_NORMAL/QSPI_LEGACY_MD_GEN.QSPI_CORE_INTERFACE_I/FIFO_EXISTS.CLK_CROSS_I/LOGIC_GENERATION_CDC.TX_EMPT_4_SPISR_S2AX_1/syncstages_ff_reg[0]/D
                            (rising edge-triggered cell FDRE clocked by clk_pl_0  {rise@0.000ns fall@5.000ns period=10.000ns})
  Path Group:             (none)
  Path Type:              Setup (Max at Slow Process Corner)
  Data Path Delay:        1.134ns  (logic 0.114ns (10.051%)  route 1.020ns (89.949%))
  Logic Levels:           0  
  Clock Path Skew:        -1.447ns (DCD - SCD + CPR)
    Destination Clock Delay (DCD):    2.331ns
    Source Clock Delay      (SCD):    3.778ns
    Clock Pessimism Removal (CPR):    0.000ns
  Clock Uncertainty:      0.476ns  ((TSJ^2 + DJ^2)^1/2) / 2 + PE
    Total System Jitter     (TSJ):    0.071ns
    Discrete Jitter          (DJ):    0.503ns
    Phase Error              (PE):    0.222ns
  Clock Net Delay (Source):      2.401ns (routing 1.302ns, distribution 1.099ns)
  Clock Net Delay (Destination): 2.115ns (routing 1.122ns, distribution 0.993ns)
  Timing Exception:       False Path

    Location             Delay type                Incr(ns)  Path(ns)    Netlist Resource(s)
  -------------------------------------------------------------------    -------------------
                         (clock clk_out1_spi_module_clk_wiz_0 rise edge)
                                                      0.000     0.000 r  
    C3                                                0.000     0.000 r  som240_1_connector_hpa_clk0p_clk (IN)
                         net (fo=0)                   0.000     0.000    spi_module_i/clk_wiz/inst/clkin1_ibuf/I
    C3                   INBUF (Prop_INBUF_HPIOB_M_PAD_O)
                                                      0.538     0.538 r  spi_module_i/clk_wiz/inst/clkin1_ibuf/INBUF_INST/O
                         net (fo=1, routed)           0.000     0.538    spi_module_i/clk_wiz/inst/clkin1_ibuf/OUT
    C3                   IBUFCTRL (Prop_IBUFCTRL_HPIOB_M_I_O)
                                                      0.000     0.538 r  spi_module_i/clk_wiz/inst/clkin1_ibuf/IBUFCTRL_INST/O
                         net (fo=1, routed)           0.551     1.089    spi_module_i/clk_wiz/inst/clk_in1_spi_module_clk_wiz_0
    MMCM_X0Y3            MMCME4_ADV (Prop_MMCM_CLKIN1_CLKOUT0)
                                                     -0.103     0.986 r  spi_module_i/clk_wiz/inst/mmcme4_adv_inst/CLKOUT0
                         net (fo=1, routed)           0.348     1.334    spi_module_i/clk_wiz/inst/clk_out1_spi_module_clk_wiz_0
    BUFGCE_X0Y76         BUFGCE (Prop_BUFCE_BUFGCE_I_O)
                                                      0.044     1.378 r  spi_module_i/clk_wiz/inst/clkout1_buf/O
    X0Y2 (CLOCK_ROOT)    net (fo=324, routed)         2.401     3.778    spi_module_i/axi_quad_spi_0/U0/NO_DUAL_QUAD_MODE.QSPI_NORMAL/QSPI_LEGACY_MD_GEN.QSPI_CORE_INTERFACE_I/FIFO_EXISTS.TX_FIFO_II/gnuram_async_fifo.xpm_fifo_base_inst/rd_clk
    SLICE_X17Y149        FDSE                                         r  spi_module_i/axi_quad_spi_0/U0/NO_DUAL_QUAD_MODE.QSPI_NORMAL/QSPI_LEGACY_MD_GEN.QSPI_CORE_INTERFACE_I/FIFO_EXISTS.TX_FIFO_II/gnuram_async_fifo.xpm_fifo_base_inst/gen_fwft.empty_fwft_i_reg/C
  -------------------------------------------------------------------    -------------------
    SLICE_X17Y149        FDSE (Prop_CFF2_SLICEM_C_Q)
                                                      0.114     3.892 r  spi_module_i/axi_quad_spi_0/U0/NO_DUAL_QUAD_MODE.QSPI_NORMAL/QSPI_LEGACY_MD_GEN.QSPI_CORE_INTERFACE_I/FIFO_EXISTS.TX_FIFO_II/gnuram_async_fifo.xpm_fifo_base_inst/gen_fwft.empty_fwft_i_reg/Q
                         net (fo=14, routed)          1.020     4.913    spi_module_i/axi_quad_spi_0/U0/NO_DUAL_QUAD_MODE.QSPI_NORMAL/QSPI_LEGACY_MD_GEN.QSPI_CORE_INTERFACE_I/FIFO_EXISTS.CLK_CROSS_I/LOGIC_GENERATION_CDC.TX_EMPT_4_SPISR_S2AX_1/src_in
    SLICE_X15Y144        FDRE                                         r  spi_module_i/axi_quad_spi_0/U0/NO_DUAL_QUAD_MODE.QSPI_NORMAL/QSPI_LEGACY_MD_GEN.QSPI_CORE_INTERFACE_I/FIFO_EXISTS.CLK_CROSS_I/LOGIC_GENERATION_CDC.TX_EMPT_4_SPISR_S2AX_1/syncstages_ff_reg[0]/D
  -------------------------------------------------------------------    -------------------

                         (clock clk_pl_0 rise edge)
                                                      0.000     0.000 r  
    PS8_X0Y0             PS8                          0.000     0.000 r  spi_module_i/zynq_ultra_ps_e_0/inst/PS8_i/PLCLK[0]
                         net (fo=1, routed)           0.181     0.181    spi_module_i/zynq_ultra_ps_e_0/inst/pl_clk_unbuffered[0]
    BUFG_PS_X0Y91        BUFG_PS (Prop_BUFG_PS_I_O)
                                                      0.035     0.216 r  spi_module_i/zynq_ultra_ps_e_0/inst/buffer_pl_clk_0.PL_CLK_0_BUFG/O
    X0Y1 (CLOCK_ROOT)    net (fo=10582, routed)       2.115     2.331    spi_module_i/axi_quad_spi_0/U0/NO_DUAL_QUAD_MODE.QSPI_NORMAL/QSPI_LEGACY_MD_GEN.QSPI_CORE_INTERFACE_I/FIFO_EXISTS.CLK_CROSS_I/LOGIC_GENERATION_CDC.TX_EMPT_4_SPISR_S2AX_1/dest_clk
    SLICE_X15Y144        FDRE                                         r  spi_module_i/axi_quad_spi_0/U0/NO_DUAL_QUAD_MODE.QSPI_NORMAL/QSPI_LEGACY_MD_GEN.QSPI_CORE_INTERFACE_I/FIFO_EXISTS.CLK_CROSS_I/LOGIC_GENERATION_CDC.TX_EMPT_4_SPISR_S2AX_1/syncstages_ff_reg[0]/C

Slack:                    inf
  Source:                 spi_module_i/axi_quad_spi_0/U0/NO_DUAL_QUAD_MODE.QSPI_NORMAL/QSPI_LEGACY_MD_GEN.QSPI_CORE_INTERFACE_I/FIFO_EXISTS.TX_FIFO_II/gnuram_async_fifo.xpm_fifo_base_inst/xpm_fifo_rst_inst/gen_rst_ic.fifo_rd_rst_ic_reg/C
                            (rising edge-triggered cell FDRE clocked by clk_out1_spi_module_clk_wiz_0  {rise@0.000ns fall@5.000ns period=10.000ns})
  Destination:            spi_module_i/axi_quad_spi_0/U0/NO_DUAL_QUAD_MODE.QSPI_NORMAL/QSPI_LEGACY_MD_GEN.QSPI_CORE_INTERFACE_I/FIFO_EXISTS.TX_FIFO_II/gnuram_async_fifo.xpm_fifo_base_inst/xpm_fifo_rst_inst/gen_rst_ic.rrst_wr_inst/syncstages_ff_reg[0]/D
                            (rising edge-triggered cell FDRE clocked by clk_pl_0  {rise@0.000ns fall@5.000ns period=10.000ns})
  Path Group:             (none)
  Path Type:              Setup (Max at Slow Process Corner)
  Data Path Delay:        0.555ns  (logic 0.112ns (20.166%)  route 0.443ns (79.834%))
  Logic Levels:           0  
  Clock Path Skew:        -1.461ns (DCD - SCD + CPR)
    Destination Clock Delay (DCD):    2.327ns
    Source Clock Delay      (SCD):    3.788ns
    Clock Pessimism Removal (CPR):    0.000ns
  Clock Uncertainty:      0.476ns  ((TSJ^2 + DJ^2)^1/2) / 2 + PE
    Total System Jitter     (TSJ):    0.071ns
    Discrete Jitter          (DJ):    0.503ns
    Phase Error              (PE):    0.222ns
  Clock Net Delay (Source):      2.411ns (routing 1.302ns, distribution 1.109ns)
  Clock Net Delay (Destination): 2.111ns (routing 1.122ns, distribution 0.989ns)
  Timing Exception:       False Path

    Location             Delay type                Incr(ns)  Path(ns)    Netlist Resource(s)
  -------------------------------------------------------------------    -------------------
                         (clock clk_out1_spi_module_clk_wiz_0 rise edge)
                                                      0.000     0.000 r  
    C3                                                0.000     0.000 r  som240_1_connector_hpa_clk0p_clk (IN)
                         net (fo=0)                   0.000     0.000    spi_module_i/clk_wiz/inst/clkin1_ibuf/I
    C3                   INBUF (Prop_INBUF_HPIOB_M_PAD_O)
                                                      0.538     0.538 r  spi_module_i/clk_wiz/inst/clkin1_ibuf/INBUF_INST/O
                         net (fo=1, routed)           0.000     0.538    spi_module_i/clk_wiz/inst/clkin1_ibuf/OUT
    C3                   IBUFCTRL (Prop_IBUFCTRL_HPIOB_M_I_O)
                                                      0.000     0.538 r  spi_module_i/clk_wiz/inst/clkin1_ibuf/IBUFCTRL_INST/O
                         net (fo=1, routed)           0.551     1.089    spi_module_i/clk_wiz/inst/clk_in1_spi_module_clk_wiz_0
    MMCM_X0Y3            MMCME4_ADV (Prop_MMCM_CLKIN1_CLKOUT0)
                                                     -0.103     0.986 r  spi_module_i/clk_wiz/inst/mmcme4_adv_inst/CLKOUT0
                         net (fo=1, routed)           0.348     1.334    spi_module_i/clk_wiz/inst/clk_out1_spi_module_clk_wiz_0
    BUFGCE_X0Y76         BUFGCE (Prop_BUFCE_BUFGCE_I_O)
                                                      0.044     1.378 r  spi_module_i/clk_wiz/inst/clkout1_buf/O
    X0Y2 (CLOCK_ROOT)    net (fo=324, routed)         2.411     3.788    spi_module_i/axi_quad_spi_0/U0/NO_DUAL_QUAD_MODE.QSPI_NORMAL/QSPI_LEGACY_MD_GEN.QSPI_CORE_INTERFACE_I/FIFO_EXISTS.TX_FIFO_II/gnuram_async_fifo.xpm_fifo_base_inst/xpm_fifo_rst_inst/rd_clk
    SLICE_X13Y148        FDRE                                         r  spi_module_i/axi_quad_spi_0/U0/NO_DUAL_QUAD_MODE.QSPI_NORMAL/QSPI_LEGACY_MD_GEN.QSPI_CORE_INTERFACE_I/FIFO_EXISTS.TX_FIFO_II/gnuram_async_fifo.xpm_fifo_base_inst/xpm_fifo_rst_inst/gen_rst_ic.fifo_rd_rst_ic_reg/C
  -------------------------------------------------------------------    -------------------
    SLICE_X13Y148        FDRE (Prop_BFF_SLICEM_C_Q)
                                                      0.112     3.900 r  spi_module_i/axi_quad_spi_0/U0/NO_DUAL_QUAD_MODE.QSPI_NORMAL/QSPI_LEGACY_MD_GEN.QSPI_CORE_INTERFACE_I/FIFO_EXISTS.TX_FIFO_II/gnuram_async_fifo.xpm_fifo_base_inst/xpm_fifo_rst_inst/gen_rst_ic.fifo_rd_rst_ic_reg/Q
                         net (fo=41, routed)          0.443     4.344    spi_module_i/axi_quad_spi_0/U0/NO_DUAL_QUAD_MODE.QSPI_NORMAL/QSPI_LEGACY_MD_GEN.QSPI_CORE_INTERFACE_I/FIFO_EXISTS.TX_FIFO_II/gnuram_async_fifo.xpm_fifo_base_inst/xpm_fifo_rst_inst/gen_rst_ic.rrst_wr_inst/src_rst
    SLICE_X13Y151        FDRE                                         r  spi_module_i/axi_quad_spi_0/U0/NO_DUAL_QUAD_MODE.QSPI_NORMAL/QSPI_LEGACY_MD_GEN.QSPI_CORE_INTERFACE_I/FIFO_EXISTS.TX_FIFO_II/gnuram_async_fifo.xpm_fifo_base_inst/xpm_fifo_rst_inst/gen_rst_ic.rrst_wr_inst/syncstages_ff_reg[0]/D
  -------------------------------------------------------------------    -------------------

                         (clock clk_pl_0 rise edge)
                                                      0.000     0.000 r  
    PS8_X0Y0             PS8                          0.000     0.000 r  spi_module_i/zynq_ultra_ps_e_0/inst/PS8_i/PLCLK[0]
                         net (fo=1, routed)           0.181     0.181    spi_module_i/zynq_ultra_ps_e_0/inst/pl_clk_unbuffered[0]
    BUFG_PS_X0Y91        BUFG_PS (Prop_BUFG_PS_I_O)
                                                      0.035     0.216 r  spi_module_i/zynq_ultra_ps_e_0/inst/buffer_pl_clk_0.PL_CLK_0_BUFG/O
    X0Y1 (CLOCK_ROOT)    net (fo=10582, routed)       2.111     2.327    spi_module_i/axi_quad_spi_0/U0/NO_DUAL_QUAD_MODE.QSPI_NORMAL/QSPI_LEGACY_MD_GEN.QSPI_CORE_INTERFACE_I/FIFO_EXISTS.TX_FIFO_II/gnuram_async_fifo.xpm_fifo_base_inst/xpm_fifo_rst_inst/gen_rst_ic.rrst_wr_inst/dest_clk
    SLICE_X13Y151        FDRE                                         r  spi_module_i/axi_quad_spi_0/U0/NO_DUAL_QUAD_MODE.QSPI_NORMAL/QSPI_LEGACY_MD_GEN.QSPI_CORE_INTERFACE_I/FIFO_EXISTS.TX_FIFO_II/gnuram_async_fifo.xpm_fifo_base_inst/xpm_fifo_rst_inst/gen_rst_ic.rrst_wr_inst/syncstages_ff_reg[0]/C

Slack:                    inf
  Source:                 spi_module_i/axi_quad_spi_0/U0/NO_DUAL_QUAD_MODE.QSPI_NORMAL/QSPI_LEGACY_MD_GEN.QSPI_CORE_INTERFACE_I/LOGIC_FOR_MD_0_GEN.SPI_MODULE_I/spisel_d2_reg/C
                            (rising edge-triggered cell FDSE clocked by clk_out1_spi_module_clk_wiz_0  {rise@0.000ns fall@5.000ns period=10.000ns})
  Destination:            spi_module_i/axi_quad_spi_0/U0/NO_DUAL_QUAD_MODE.QSPI_NORMAL/QSPI_LEGACY_MD_GEN.QSPI_CORE_INTERFACE_I/FIFO_EXISTS.CLK_CROSS_I/LOGIC_GENERATION_CDC.SPISEL_D1_REG_S2AX_1/syncstages_ff_reg[0]/D
                            (rising edge-triggered cell FDRE clocked by clk_pl_0  {rise@0.000ns fall@5.000ns period=10.000ns})
  Path Group:             (none)
  Path Type:              Setup (Max at Slow Process Corner)
  Data Path Delay:        0.528ns  (logic 0.117ns (22.141%)  route 0.411ns (77.859%))
  Logic Levels:           0  
  Clock Path Skew:        -1.483ns (DCD - SCD + CPR)
    Destination Clock Delay (DCD):    2.321ns
    Source Clock Delay      (SCD):    3.804ns
    Clock Pessimism Removal (CPR):    0.000ns
  Clock Uncertainty:      0.476ns  ((TSJ^2 + DJ^2)^1/2) / 2 + PE
    Total System Jitter     (TSJ):    0.071ns
    Discrete Jitter          (DJ):    0.503ns
    Phase Error              (PE):    0.222ns
  Clock Net Delay (Source):      2.427ns (routing 1.302ns, distribution 1.125ns)
  Clock Net Delay (Destination): 2.105ns (routing 1.122ns, distribution 0.983ns)
  Timing Exception:       False Path

    Location             Delay type                Incr(ns)  Path(ns)    Netlist Resource(s)
  -------------------------------------------------------------------    -------------------
                         (clock clk_out1_spi_module_clk_wiz_0 rise edge)
                                                      0.000     0.000 r  
    C3                                                0.000     0.000 r  som240_1_connector_hpa_clk0p_clk (IN)
                         net (fo=0)                   0.000     0.000    spi_module_i/clk_wiz/inst/clkin1_ibuf/I
    C3                   INBUF (Prop_INBUF_HPIOB_M_PAD_O)
                                                      0.538     0.538 r  spi_module_i/clk_wiz/inst/clkin1_ibuf/INBUF_INST/O
                         net (fo=1, routed)           0.000     0.538    spi_module_i/clk_wiz/inst/clkin1_ibuf/OUT
    C3                   IBUFCTRL (Prop_IBUFCTRL_HPIOB_M_I_O)
                                                      0.000     0.538 r  spi_module_i/clk_wiz/inst/clkin1_ibuf/IBUFCTRL_INST/O
                         net (fo=1, routed)           0.551     1.089    spi_module_i/clk_wiz/inst/clk_in1_spi_module_clk_wiz_0
    MMCM_X0Y3            MMCME4_ADV (Prop_MMCM_CLKIN1_CLKOUT0)
                                                     -0.103     0.986 r  spi_module_i/clk_wiz/inst/mmcme4_adv_inst/CLKOUT0
                         net (fo=1, routed)           0.348     1.334    spi_module_i/clk_wiz/inst/clk_out1_spi_module_clk_wiz_0
    BUFGCE_X0Y76         BUFGCE (Prop_BUFCE_BUFGCE_I_O)
                                                      0.044     1.378 r  spi_module_i/clk_wiz/inst/clkout1_buf/O
    X0Y2 (CLOCK_ROOT)    net (fo=324, routed)         2.427     3.804    spi_module_i/axi_quad_spi_0/U0/NO_DUAL_QUAD_MODE.QSPI_NORMAL/QSPI_LEGACY_MD_GEN.QSPI_CORE_INTERFACE_I/LOGIC_FOR_MD_0_GEN.SPI_MODULE_I/ext_spi_clk
    SLICE_X16Y148        FDSE                                         r  spi_module_i/axi_quad_spi_0/U0/NO_DUAL_QUAD_MODE.QSPI_NORMAL/QSPI_LEGACY_MD_GEN.QSPI_CORE_INTERFACE_I/LOGIC_FOR_MD_0_GEN.SPI_MODULE_I/spisel_d2_reg/C
  -------------------------------------------------------------------    -------------------
    SLICE_X16Y148        FDSE (Prop_FFF2_SLICEL_C_Q)
                                                      0.117     3.921 r  spi_module_i/axi_quad_spi_0/U0/NO_DUAL_QUAD_MODE.QSPI_NORMAL/QSPI_LEGACY_MD_GEN.QSPI_CORE_INTERFACE_I/LOGIC_FOR_MD_0_GEN.SPI_MODULE_I/spisel_d2_reg/Q
                         net (fo=4, routed)           0.411     4.333    spi_module_i/axi_quad_spi_0/U0/NO_DUAL_QUAD_MODE.QSPI_NORMAL/QSPI_LEGACY_MD_GEN.QSPI_CORE_INTERFACE_I/FIFO_EXISTS.CLK_CROSS_I/LOGIC_GENERATION_CDC.SPISEL_D1_REG_S2AX_1/src_in
    SLICE_X13Y147        FDRE                                         r  spi_module_i/axi_quad_spi_0/U0/NO_DUAL_QUAD_MODE.QSPI_NORMAL/QSPI_LEGACY_MD_GEN.QSPI_CORE_INTERFACE_I/FIFO_EXISTS.CLK_CROSS_I/LOGIC_GENERATION_CDC.SPISEL_D1_REG_S2AX_1/syncstages_ff_reg[0]/D
  -------------------------------------------------------------------    -------------------

                         (clock clk_pl_0 rise edge)
                                                      0.000     0.000 r  
    PS8_X0Y0             PS8                          0.000     0.000 r  spi_module_i/zynq_ultra_ps_e_0/inst/PS8_i/PLCLK[0]
                         net (fo=1, routed)           0.181     0.181    spi_module_i/zynq_ultra_ps_e_0/inst/pl_clk_unbuffered[0]
    BUFG_PS_X0Y91        BUFG_PS (Prop_BUFG_PS_I_O)
                                                      0.035     0.216 r  spi_module_i/zynq_ultra_ps_e_0/inst/buffer_pl_clk_0.PL_CLK_0_BUFG/O
    X0Y1 (CLOCK_ROOT)    net (fo=10582, routed)       2.105     2.321    spi_module_i/axi_quad_spi_0/U0/NO_DUAL_QUAD_MODE.QSPI_NORMAL/QSPI_LEGACY_MD_GEN.QSPI_CORE_INTERFACE_I/FIFO_EXISTS.CLK_CROSS_I/LOGIC_GENERATION_CDC.SPISEL_D1_REG_S2AX_1/dest_clk
    SLICE_X13Y147        FDRE                                         r  spi_module_i/axi_quad_spi_0/U0/NO_DUAL_QUAD_MODE.QSPI_NORMAL/QSPI_LEGACY_MD_GEN.QSPI_CORE_INTERFACE_I/FIFO_EXISTS.CLK_CROSS_I/LOGIC_GENERATION_CDC.SPISEL_D1_REG_S2AX_1/syncstages_ff_reg[0]/C

Slack:                    inf
  Source:                 spi_module_i/axi_quad_spi_0/U0/NO_DUAL_QUAD_MODE.QSPI_NORMAL/QSPI_LEGACY_MD_GEN.QSPI_CORE_INTERFACE_I/FIFO_EXISTS.Rx_FIFO_Full_Fifo_d1_reg/C
                            (rising edge-triggered cell FDRE clocked by clk_out1_spi_module_clk_wiz_0  {rise@0.000ns fall@5.000ns period=10.000ns})
  Destination:            spi_module_i/axi_quad_spi_0/U0/NO_DUAL_QUAD_MODE.QSPI_NORMAL/QSPI_LEGACY_MD_GEN.QSPI_CORE_INTERFACE_I/FIFO_EXISTS.RX_FIFO_FULL_SYNCED_SPI_2_AXI_CDC/syncstages_ff_reg[0]/D
                            (rising edge-triggered cell FDRE clocked by clk_pl_0  {rise@0.000ns fall@5.000ns period=10.000ns})
  Path Group:             (none)
  Path Type:              Setup (Max at Slow Process Corner)
  Data Path Delay:        0.506ns  (logic 0.114ns (22.530%)  route 0.392ns (77.470%))
  Logic Levels:           0  
  Clock Path Skew:        -1.469ns (DCD - SCD + CPR)
    Destination Clock Delay (DCD):    2.329ns
    Source Clock Delay      (SCD):    3.798ns
    Clock Pessimism Removal (CPR):    0.000ns
  Clock Uncertainty:      0.476ns  ((TSJ^2 + DJ^2)^1/2) / 2 + PE
    Total System Jitter     (TSJ):    0.071ns
    Discrete Jitter          (DJ):    0.503ns
    Phase Error              (PE):    0.222ns
  Clock Net Delay (Source):      2.421ns (routing 1.302ns, distribution 1.119ns)
  Clock Net Delay (Destination): 2.113ns (routing 1.122ns, distribution 0.991ns)
  Timing Exception:       False Path

    Location             Delay type                Incr(ns)  Path(ns)    Netlist Resource(s)
  -------------------------------------------------------------------    -------------------
                         (clock clk_out1_spi_module_clk_wiz_0 rise edge)
                                                      0.000     0.000 r  
    C3                                                0.000     0.000 r  som240_1_connector_hpa_clk0p_clk (IN)
                         net (fo=0)                   0.000     0.000    spi_module_i/clk_wiz/inst/clkin1_ibuf/I
    C3                   INBUF (Prop_INBUF_HPIOB_M_PAD_O)
                                                      0.538     0.538 r  spi_module_i/clk_wiz/inst/clkin1_ibuf/INBUF_INST/O
                         net (fo=1, routed)           0.000     0.538    spi_module_i/clk_wiz/inst/clkin1_ibuf/OUT
    C3                   IBUFCTRL (Prop_IBUFCTRL_HPIOB_M_I_O)
                                                      0.000     0.538 r  spi_module_i/clk_wiz/inst/clkin1_ibuf/IBUFCTRL_INST/O
                         net (fo=1, routed)           0.551     1.089    spi_module_i/clk_wiz/inst/clk_in1_spi_module_clk_wiz_0
    MMCM_X0Y3            MMCME4_ADV (Prop_MMCM_CLKIN1_CLKOUT0)
                                                     -0.103     0.986 r  spi_module_i/clk_wiz/inst/mmcme4_adv_inst/CLKOUT0
                         net (fo=1, routed)           0.348     1.334    spi_module_i/clk_wiz/inst/clk_out1_spi_module_clk_wiz_0
    BUFGCE_X0Y76         BUFGCE (Prop_BUFCE_BUFGCE_I_O)
                                                      0.044     1.378 r  spi_module_i/clk_wiz/inst/clkout1_buf/O
    X0Y2 (CLOCK_ROOT)    net (fo=324, routed)         2.421     3.798    spi_module_i/axi_quad_spi_0/U0/NO_DUAL_QUAD_MODE.QSPI_NORMAL/QSPI_LEGACY_MD_GEN.QSPI_CORE_INTERFACE_I/ext_spi_clk
    SLICE_X16Y148        FDRE                                         r  spi_module_i/axi_quad_spi_0/U0/NO_DUAL_QUAD_MODE.QSPI_NORMAL/QSPI_LEGACY_MD_GEN.QSPI_CORE_INTERFACE_I/FIFO_EXISTS.Rx_FIFO_Full_Fifo_d1_reg/C
  -------------------------------------------------------------------    -------------------
    SLICE_X16Y148        FDRE (Prop_DFF_SLICEL_C_Q)
                                                      0.114     3.912 r  spi_module_i/axi_quad_spi_0/U0/NO_DUAL_QUAD_MODE.QSPI_NORMAL/QSPI_LEGACY_MD_GEN.QSPI_CORE_INTERFACE_I/FIFO_EXISTS.Rx_FIFO_Full_Fifo_d1_reg/Q
                         net (fo=1, routed)           0.392     4.304    spi_module_i/axi_quad_spi_0/U0/NO_DUAL_QUAD_MODE.QSPI_NORMAL/QSPI_LEGACY_MD_GEN.QSPI_CORE_INTERFACE_I/FIFO_EXISTS.RX_FIFO_FULL_SYNCED_SPI_2_AXI_CDC/src_in
    SLICE_X14Y145        FDRE                                         r  spi_module_i/axi_quad_spi_0/U0/NO_DUAL_QUAD_MODE.QSPI_NORMAL/QSPI_LEGACY_MD_GEN.QSPI_CORE_INTERFACE_I/FIFO_EXISTS.RX_FIFO_FULL_SYNCED_SPI_2_AXI_CDC/syncstages_ff_reg[0]/D
  -------------------------------------------------------------------    -------------------

                         (clock clk_pl_0 rise edge)
                                                      0.000     0.000 r  
    PS8_X0Y0             PS8                          0.000     0.000 r  spi_module_i/zynq_ultra_ps_e_0/inst/PS8_i/PLCLK[0]
                         net (fo=1, routed)           0.181     0.181    spi_module_i/zynq_ultra_ps_e_0/inst/pl_clk_unbuffered[0]
    BUFG_PS_X0Y91        BUFG_PS (Prop_BUFG_PS_I_O)
                                                      0.035     0.216 r  spi_module_i/zynq_ultra_ps_e_0/inst/buffer_pl_clk_0.PL_CLK_0_BUFG/O
    X0Y1 (CLOCK_ROOT)    net (fo=10582, routed)       2.113     2.329    spi_module_i/axi_quad_spi_0/U0/NO_DUAL_QUAD_MODE.QSPI_NORMAL/QSPI_LEGACY_MD_GEN.QSPI_CORE_INTERFACE_I/FIFO_EXISTS.RX_FIFO_FULL_SYNCED_SPI_2_AXI_CDC/dest_clk
    SLICE_X14Y145        FDRE                                         r  spi_module_i/axi_quad_spi_0/U0/NO_DUAL_QUAD_MODE.QSPI_NORMAL/QSPI_LEGACY_MD_GEN.QSPI_CORE_INTERFACE_I/FIFO_EXISTS.RX_FIFO_FULL_SYNCED_SPI_2_AXI_CDC/syncstages_ff_reg[0]/C

Slack:                    inf
  Source:                 spi_module_i/axi_quad_spi_0/U0/NO_DUAL_QUAD_MODE.QSPI_NORMAL/QSPI_LEGACY_MD_GEN.QSPI_CORE_INTERFACE_I/FIFO_EXISTS.CLK_CROSS_I/LOGIC_GENERATION_CDC.spisel_pulse_cdc_from_spi_int_2_reg/C
                            (rising edge-triggered cell FDRE clocked by clk_out1_spi_module_clk_wiz_0  {rise@0.000ns fall@5.000ns period=10.000ns})
  Destination:            spi_module_i/axi_quad_spi_0/U0/NO_DUAL_QUAD_MODE.QSPI_NORMAL/QSPI_LEGACY_MD_GEN.QSPI_CORE_INTERFACE_I/FIFO_EXISTS.CLK_CROSS_I/LOGIC_GENERATION_CDC.SPISEL_PULSE_S2AX_1_CDC/D
                            (rising edge-triggered cell FDRE clocked by clk_pl_0  {rise@0.000ns fall@5.000ns period=10.000ns})
  Path Group:             (none)
  Path Type:              Setup (Max at Slow Process Corner)
  Data Path Delay:        0.444ns  (logic 0.113ns (25.455%)  route 0.331ns (74.545%))
  Logic Levels:           0  
  Clock Path Skew:        -1.467ns (DCD - SCD + CPR)
    Destination Clock Delay (DCD):    2.331ns
    Source Clock Delay      (SCD):    3.798ns
    Clock Pessimism Removal (CPR):    0.000ns
  Clock Uncertainty:      0.476ns  ((TSJ^2 + DJ^2)^1/2) / 2 + PE
    Total System Jitter     (TSJ):    0.071ns
    Discrete Jitter          (DJ):    0.503ns
    Phase Error              (PE):    0.222ns
  Clock Net Delay (Source):      2.421ns (routing 1.302ns, distribution 1.119ns)
  Clock Net Delay (Destination): 2.115ns (routing 1.122ns, distribution 0.993ns)
  Timing Exception:       False Path

    Location             Delay type                Incr(ns)  Path(ns)    Netlist Resource(s)
  -------------------------------------------------------------------    -------------------
                         (clock clk_out1_spi_module_clk_wiz_0 rise edge)
                                                      0.000     0.000 r  
    C3                                                0.000     0.000 r  som240_1_connector_hpa_clk0p_clk (IN)
                         net (fo=0)                   0.000     0.000    spi_module_i/clk_wiz/inst/clkin1_ibuf/I
    C3                   INBUF (Prop_INBUF_HPIOB_M_PAD_O)
                                                      0.538     0.538 r  spi_module_i/clk_wiz/inst/clkin1_ibuf/INBUF_INST/O
                         net (fo=1, routed)           0.000     0.538    spi_module_i/clk_wiz/inst/clkin1_ibuf/OUT
    C3                   IBUFCTRL (Prop_IBUFCTRL_HPIOB_M_I_O)
                                                      0.000     0.538 r  spi_module_i/clk_wiz/inst/clkin1_ibuf/IBUFCTRL_INST/O
                         net (fo=1, routed)           0.551     1.089    spi_module_i/clk_wiz/inst/clk_in1_spi_module_clk_wiz_0
    MMCM_X0Y3            MMCME4_ADV (Prop_MMCM_CLKIN1_CLKOUT0)
                                                     -0.103     0.986 r  spi_module_i/clk_wiz/inst/mmcme4_adv_inst/CLKOUT0
                         net (fo=1, routed)           0.348     1.334    spi_module_i/clk_wiz/inst/clk_out1_spi_module_clk_wiz_0
    BUFGCE_X0Y76         BUFGCE (Prop_BUFCE_BUFGCE_I_O)
                                                      0.044     1.378 r  spi_module_i/clk_wiz/inst/clkout1_buf/O
    X0Y2 (CLOCK_ROOT)    net (fo=324, routed)         2.421     3.798    spi_module_i/axi_quad_spi_0/U0/NO_DUAL_QUAD_MODE.QSPI_NORMAL/QSPI_LEGACY_MD_GEN.QSPI_CORE_INTERFACE_I/FIFO_EXISTS.CLK_CROSS_I/ext_spi_clk
    SLICE_X16Y148        FDRE                                         r  spi_module_i/axi_quad_spi_0/U0/NO_DUAL_QUAD_MODE.QSPI_NORMAL/QSPI_LEGACY_MD_GEN.QSPI_CORE_INTERFACE_I/FIFO_EXISTS.CLK_CROSS_I/LOGIC_GENERATION_CDC.spisel_pulse_cdc_from_spi_int_2_reg/C
  -------------------------------------------------------------------    -------------------
    SLICE_X16Y148        FDRE (Prop_BFF_SLICEL_C_Q)
                                                      0.113     3.911 r  spi_module_i/axi_quad_spi_0/U0/NO_DUAL_QUAD_MODE.QSPI_NORMAL/QSPI_LEGACY_MD_GEN.QSPI_CORE_INTERFACE_I/FIFO_EXISTS.CLK_CROSS_I/LOGIC_GENERATION_CDC.spisel_pulse_cdc_from_spi_int_2_reg/Q
                         net (fo=2, routed)           0.331     4.242    spi_module_i/axi_quad_spi_0/U0/NO_DUAL_QUAD_MODE.QSPI_NORMAL/QSPI_LEGACY_MD_GEN.QSPI_CORE_INTERFACE_I/FIFO_EXISTS.CLK_CROSS_I/D_0
    SLICE_X16Y144        FDRE                                         r  spi_module_i/axi_quad_spi_0/U0/NO_DUAL_QUAD_MODE.QSPI_NORMAL/QSPI_LEGACY_MD_GEN.QSPI_CORE_INTERFACE_I/FIFO_EXISTS.CLK_CROSS_I/LOGIC_GENERATION_CDC.SPISEL_PULSE_S2AX_1_CDC/D
  -------------------------------------------------------------------    -------------------

                         (clock clk_pl_0 rise edge)
                                                      0.000     0.000 r  
    PS8_X0Y0             PS8                          0.000     0.000 r  spi_module_i/zynq_ultra_ps_e_0/inst/PS8_i/PLCLK[0]
                         net (fo=1, routed)           0.181     0.181    spi_module_i/zynq_ultra_ps_e_0/inst/pl_clk_unbuffered[0]
    BUFG_PS_X0Y91        BUFG_PS (Prop_BUFG_PS_I_O)
                                                      0.035     0.216 r  spi_module_i/zynq_ultra_ps_e_0/inst/buffer_pl_clk_0.PL_CLK_0_BUFG/O
    X0Y1 (CLOCK_ROOT)    net (fo=10582, routed)       2.115     2.331    spi_module_i/axi_quad_spi_0/U0/NO_DUAL_QUAD_MODE.QSPI_NORMAL/QSPI_LEGACY_MD_GEN.QSPI_CORE_INTERFACE_I/FIFO_EXISTS.CLK_CROSS_I/s_axi_aclk
    SLICE_X16Y144        FDRE                                         r  spi_module_i/axi_quad_spi_0/U0/NO_DUAL_QUAD_MODE.QSPI_NORMAL/QSPI_LEGACY_MD_GEN.QSPI_CORE_INTERFACE_I/FIFO_EXISTS.CLK_CROSS_I/LOGIC_GENERATION_CDC.SPISEL_PULSE_S2AX_1_CDC/C

Slack:                    inf
  Source:                 spi_module_i/axi_quad_spi_0/U0/NO_DUAL_QUAD_MODE.QSPI_NORMAL/QSPI_LEGACY_MD_GEN.QSPI_CORE_INTERFACE_I/FIFO_EXISTS.CLK_CROSS_I/LOGIC_GENERATION_CDC.drr_Overrun_int_cdc_from_spi_int_2_reg/C
                            (rising edge-triggered cell FDRE clocked by clk_out1_spi_module_clk_wiz_0  {rise@0.000ns fall@5.000ns period=10.000ns})
  Destination:            spi_module_i/axi_quad_spi_0/U0/NO_DUAL_QUAD_MODE.QSPI_NORMAL/QSPI_LEGACY_MD_GEN.QSPI_CORE_INTERFACE_I/FIFO_EXISTS.CLK_CROSS_I/LOGIC_GENERATION_CDC.DRR_OVERRUN_S2AX_1/syncstages_ff_reg[0]/D
                            (rising edge-triggered cell FDRE clocked by clk_pl_0  {rise@0.000ns fall@5.000ns period=10.000ns})
  Path Group:             (none)
  Path Type:              Setup (Max at Slow Process Corner)
  Data Path Delay:        0.404ns  (logic 0.114ns (28.186%)  route 0.290ns (71.814%))
  Logic Levels:           0  
  Clock Path Skew:        -1.469ns (DCD - SCD + CPR)
    Destination Clock Delay (DCD):    2.329ns
    Source Clock Delay      (SCD):    3.798ns
    Clock Pessimism Removal (CPR):    0.000ns
  Clock Uncertainty:      0.476ns  ((TSJ^2 + DJ^2)^1/2) / 2 + PE
    Total System Jitter     (TSJ):    0.071ns
    Discrete Jitter          (DJ):    0.503ns
    Phase Error              (PE):    0.222ns
  Clock Net Delay (Source):      2.421ns (routing 1.302ns, distribution 1.119ns)
  Clock Net Delay (Destination): 2.113ns (routing 1.122ns, distribution 0.991ns)
  Timing Exception:       False Path

    Location             Delay type                Incr(ns)  Path(ns)    Netlist Resource(s)
  -------------------------------------------------------------------    -------------------
                         (clock clk_out1_spi_module_clk_wiz_0 rise edge)
                                                      0.000     0.000 r  
    C3                                                0.000     0.000 r  som240_1_connector_hpa_clk0p_clk (IN)
                         net (fo=0)                   0.000     0.000    spi_module_i/clk_wiz/inst/clkin1_ibuf/I
    C3                   INBUF (Prop_INBUF_HPIOB_M_PAD_O)
                                                      0.538     0.538 r  spi_module_i/clk_wiz/inst/clkin1_ibuf/INBUF_INST/O
                         net (fo=1, routed)           0.000     0.538    spi_module_i/clk_wiz/inst/clkin1_ibuf/OUT
    C3                   IBUFCTRL (Prop_IBUFCTRL_HPIOB_M_I_O)
                                                      0.000     0.538 r  spi_module_i/clk_wiz/inst/clkin1_ibuf/IBUFCTRL_INST/O
                         net (fo=1, routed)           0.551     1.089    spi_module_i/clk_wiz/inst/clk_in1_spi_module_clk_wiz_0
    MMCM_X0Y3            MMCME4_ADV (Prop_MMCM_CLKIN1_CLKOUT0)
                                                     -0.103     0.986 r  spi_module_i/clk_wiz/inst/mmcme4_adv_inst/CLKOUT0
                         net (fo=1, routed)           0.348     1.334    spi_module_i/clk_wiz/inst/clk_out1_spi_module_clk_wiz_0
    BUFGCE_X0Y76         BUFGCE (Prop_BUFCE_BUFGCE_I_O)
                                                      0.044     1.378 r  spi_module_i/clk_wiz/inst/clkout1_buf/O
    X0Y2 (CLOCK_ROOT)    net (fo=324, routed)         2.421     3.798    spi_module_i/axi_quad_spi_0/U0/NO_DUAL_QUAD_MODE.QSPI_NORMAL/QSPI_LEGACY_MD_GEN.QSPI_CORE_INTERFACE_I/FIFO_EXISTS.CLK_CROSS_I/ext_spi_clk
    SLICE_X16Y148        FDRE                                         r  spi_module_i/axi_quad_spi_0/U0/NO_DUAL_QUAD_MODE.QSPI_NORMAL/QSPI_LEGACY_MD_GEN.QSPI_CORE_INTERFACE_I/FIFO_EXISTS.CLK_CROSS_I/LOGIC_GENERATION_CDC.drr_Overrun_int_cdc_from_spi_int_2_reg/C
  -------------------------------------------------------------------    -------------------
    SLICE_X16Y148        FDRE (Prop_CFF_SLICEL_C_Q)
                                                      0.114     3.912 r  spi_module_i/axi_quad_spi_0/U0/NO_DUAL_QUAD_MODE.QSPI_NORMAL/QSPI_LEGACY_MD_GEN.QSPI_CORE_INTERFACE_I/FIFO_EXISTS.CLK_CROSS_I/LOGIC_GENERATION_CDC.drr_Overrun_int_cdc_from_spi_int_2_reg/Q
                         net (fo=2, routed)           0.290     4.203    spi_module_i/axi_quad_spi_0/U0/NO_DUAL_QUAD_MODE.QSPI_NORMAL/QSPI_LEGACY_MD_GEN.QSPI_CORE_INTERFACE_I/FIFO_EXISTS.CLK_CROSS_I/LOGIC_GENERATION_CDC.DRR_OVERRUN_S2AX_1/src_in
    SLICE_X16Y143        FDRE                                         r  spi_module_i/axi_quad_spi_0/U0/NO_DUAL_QUAD_MODE.QSPI_NORMAL/QSPI_LEGACY_MD_GEN.QSPI_CORE_INTERFACE_I/FIFO_EXISTS.CLK_CROSS_I/LOGIC_GENERATION_CDC.DRR_OVERRUN_S2AX_1/syncstages_ff_reg[0]/D
  -------------------------------------------------------------------    -------------------

                         (clock clk_pl_0 rise edge)
                                                      0.000     0.000 r  
    PS8_X0Y0             PS8                          0.000     0.000 r  spi_module_i/zynq_ultra_ps_e_0/inst/PS8_i/PLCLK[0]
                         net (fo=1, routed)           0.181     0.181    spi_module_i/zynq_ultra_ps_e_0/inst/pl_clk_unbuffered[0]
    BUFG_PS_X0Y91        BUFG_PS (Prop_BUFG_PS_I_O)
                                                      0.035     0.216 r  spi_module_i/zynq_ultra_ps_e_0/inst/buffer_pl_clk_0.PL_CLK_0_BUFG/O
    X0Y1 (CLOCK_ROOT)    net (fo=10582, routed)       2.113     2.329    spi_module_i/axi_quad_spi_0/U0/NO_DUAL_QUAD_MODE.QSPI_NORMAL/QSPI_LEGACY_MD_GEN.QSPI_CORE_INTERFACE_I/FIFO_EXISTS.CLK_CROSS_I/LOGIC_GENERATION_CDC.DRR_OVERRUN_S2AX_1/dest_clk
    SLICE_X16Y143        FDRE                                         r  spi_module_i/axi_quad_spi_0/U0/NO_DUAL_QUAD_MODE.QSPI_NORMAL/QSPI_LEGACY_MD_GEN.QSPI_CORE_INTERFACE_I/FIFO_EXISTS.CLK_CROSS_I/LOGIC_GENERATION_CDC.DRR_OVERRUN_S2AX_1/syncstages_ff_reg[0]/C

Slack:                    inf
  Source:                 spi_module_i/axi_quad_spi_0/U0/NO_DUAL_QUAD_MODE.QSPI_NORMAL/QSPI_LEGACY_MD_GEN.QSPI_CORE_INTERFACE_I/FIFO_EXISTS.RX_FIFO_II/gnuram_async_fifo.xpm_fifo_base_inst/xpm_fifo_rst_inst/gen_rst_ic.fifo_wr_rst_ic_reg/C
                            (rising edge-triggered cell FDRE clocked by clk_out1_spi_module_clk_wiz_0  {rise@0.000ns fall@5.000ns period=10.000ns})
  Destination:            spi_module_i/axi_quad_spi_0/U0/NO_DUAL_QUAD_MODE.QSPI_NORMAL/QSPI_LEGACY_MD_GEN.QSPI_CORE_INTERFACE_I/FIFO_EXISTS.RX_FIFO_II/gnuram_async_fifo.xpm_fifo_base_inst/xpm_fifo_rst_inst/gen_rst_ic.wrst_rd_inst/syncstages_ff_reg[0]/D
                            (rising edge-triggered cell FDRE clocked by clk_pl_0  {rise@0.000ns fall@5.000ns period=10.000ns})
  Path Group:             (none)
  Path Type:              Setup (Max at Slow Process Corner)
  Data Path Delay:        0.392ns  (logic 0.114ns (29.063%)  route 0.278ns (70.937%))
  Logic Levels:           0  
  Clock Path Skew:        -1.447ns (DCD - SCD + CPR)
    Destination Clock Delay (DCD):    2.322ns
    Source Clock Delay      (SCD):    3.769ns
    Clock Pessimism Removal (CPR):    0.000ns
  Clock Uncertainty:      0.476ns  ((TSJ^2 + DJ^2)^1/2) / 2 + PE
    Total System Jitter     (TSJ):    0.071ns
    Discrete Jitter          (DJ):    0.503ns
    Phase Error              (PE):    0.222ns
  Clock Net Delay (Source):      2.392ns (routing 1.302ns, distribution 1.090ns)
  Clock Net Delay (Destination): 2.106ns (routing 1.122ns, distribution 0.984ns)
  Timing Exception:       False Path

    Location             Delay type                Incr(ns)  Path(ns)    Netlist Resource(s)
  -------------------------------------------------------------------    -------------------
                         (clock clk_out1_spi_module_clk_wiz_0 rise edge)
                                                      0.000     0.000 r  
    C3                                                0.000     0.000 r  som240_1_connector_hpa_clk0p_clk (IN)
                         net (fo=0)                   0.000     0.000    spi_module_i/clk_wiz/inst/clkin1_ibuf/I
    C3                   INBUF (Prop_INBUF_HPIOB_M_PAD_O)
                                                      0.538     0.538 r  spi_module_i/clk_wiz/inst/clkin1_ibuf/INBUF_INST/O
                         net (fo=1, routed)           0.000     0.538    spi_module_i/clk_wiz/inst/clkin1_ibuf/OUT
    C3                   IBUFCTRL (Prop_IBUFCTRL_HPIOB_M_I_O)
                                                      0.000     0.538 r  spi_module_i/clk_wiz/inst/clkin1_ibuf/IBUFCTRL_INST/O
                         net (fo=1, routed)           0.551     1.089    spi_module_i/clk_wiz/inst/clk_in1_spi_module_clk_wiz_0
    MMCM_X0Y3            MMCME4_ADV (Prop_MMCM_CLKIN1_CLKOUT0)
                                                     -0.103     0.986 r  spi_module_i/clk_wiz/inst/mmcme4_adv_inst/CLKOUT0
                         net (fo=1, routed)           0.348     1.334    spi_module_i/clk_wiz/inst/clk_out1_spi_module_clk_wiz_0
    BUFGCE_X0Y76         BUFGCE (Prop_BUFCE_BUFGCE_I_O)
                                                      0.044     1.378 r  spi_module_i/clk_wiz/inst/clkout1_buf/O
    X0Y2 (CLOCK_ROOT)    net (fo=324, routed)         2.392     3.769    spi_module_i/axi_quad_spi_0/U0/NO_DUAL_QUAD_MODE.QSPI_NORMAL/QSPI_LEGACY_MD_GEN.QSPI_CORE_INTERFACE_I/FIFO_EXISTS.RX_FIFO_II/gnuram_async_fifo.xpm_fifo_base_inst/xpm_fifo_rst_inst/wr_clk
    SLICE_X15Y156        FDRE                                         r  spi_module_i/axi_quad_spi_0/U0/NO_DUAL_QUAD_MODE.QSPI_NORMAL/QSPI_LEGACY_MD_GEN.QSPI_CORE_INTERFACE_I/FIFO_EXISTS.RX_FIFO_II/gnuram_async_fifo.xpm_fifo_base_inst/xpm_fifo_rst_inst/gen_rst_ic.fifo_wr_rst_ic_reg/C
  -------------------------------------------------------------------    -------------------
    SLICE_X15Y156        FDRE (Prop_DFF_SLICEL_C_Q)
                                                      0.114     3.883 r  spi_module_i/axi_quad_spi_0/U0/NO_DUAL_QUAD_MODE.QSPI_NORMAL/QSPI_LEGACY_MD_GEN.QSPI_CORE_INTERFACE_I/FIFO_EXISTS.RX_FIFO_II/gnuram_async_fifo.xpm_fifo_base_inst/xpm_fifo_rst_inst/gen_rst_ic.fifo_wr_rst_ic_reg/Q
                         net (fo=3, routed)           0.278     4.162    spi_module_i/axi_quad_spi_0/U0/NO_DUAL_QUAD_MODE.QSPI_NORMAL/QSPI_LEGACY_MD_GEN.QSPI_CORE_INTERFACE_I/FIFO_EXISTS.RX_FIFO_II/gnuram_async_fifo.xpm_fifo_base_inst/xpm_fifo_rst_inst/gen_rst_ic.wrst_rd_inst/src_rst
    SLICE_X14Y155        FDRE                                         r  spi_module_i/axi_quad_spi_0/U0/NO_DUAL_QUAD_MODE.QSPI_NORMAL/QSPI_LEGACY_MD_GEN.QSPI_CORE_INTERFACE_I/FIFO_EXISTS.RX_FIFO_II/gnuram_async_fifo.xpm_fifo_base_inst/xpm_fifo_rst_inst/gen_rst_ic.wrst_rd_inst/syncstages_ff_reg[0]/D
  -------------------------------------------------------------------    -------------------

                         (clock clk_pl_0 rise edge)
                                                      0.000     0.000 r  
    PS8_X0Y0             PS8                          0.000     0.000 r  spi_module_i/zynq_ultra_ps_e_0/inst/PS8_i/PLCLK[0]
                         net (fo=1, routed)           0.181     0.181    spi_module_i/zynq_ultra_ps_e_0/inst/pl_clk_unbuffered[0]
    BUFG_PS_X0Y91        BUFG_PS (Prop_BUFG_PS_I_O)
                                                      0.035     0.216 r  spi_module_i/zynq_ultra_ps_e_0/inst/buffer_pl_clk_0.PL_CLK_0_BUFG/O
    X0Y1 (CLOCK_ROOT)    net (fo=10582, routed)       2.106     2.322    spi_module_i/axi_quad_spi_0/U0/NO_DUAL_QUAD_MODE.QSPI_NORMAL/QSPI_LEGACY_MD_GEN.QSPI_CORE_INTERFACE_I/FIFO_EXISTS.RX_FIFO_II/gnuram_async_fifo.xpm_fifo_base_inst/xpm_fifo_rst_inst/gen_rst_ic.wrst_rd_inst/dest_clk
    SLICE_X14Y155        FDRE                                         r  spi_module_i/axi_quad_spi_0/U0/NO_DUAL_QUAD_MODE.QSPI_NORMAL/QSPI_LEGACY_MD_GEN.QSPI_CORE_INTERFACE_I/FIFO_EXISTS.RX_FIFO_II/gnuram_async_fifo.xpm_fifo_base_inst/xpm_fifo_rst_inst/gen_rst_ic.wrst_rd_inst/syncstages_ff_reg[0]/C

Slack:                    inf
  Source:                 spi_module_i/axi_quad_spi_0/U0/NO_DUAL_QUAD_MODE.QSPI_NORMAL/QSPI_LEGACY_MD_GEN.QSPI_CORE_INTERFACE_I/LOGIC_FOR_MD_0_GEN.SPI_MODULE_I/DTR_UNDERRUN_FIFO_EXIST_GEN.DTR_underrun_reg/C
                            (rising edge-triggered cell FDRE clocked by clk_out1_spi_module_clk_wiz_0  {rise@0.000ns fall@5.000ns period=10.000ns})
  Destination:            spi_module_i/axi_quad_spi_0/U0/NO_DUAL_QUAD_MODE.QSPI_NORMAL/QSPI_LEGACY_MD_GEN.QSPI_CORE_INTERFACE_I/FIFO_EXISTS.CLK_CROSS_I/LOGIC_GENERATION_CDC.DTR_UNDERRUN_S2AX_1/syncstages_ff_reg[0]/D
                            (rising edge-triggered cell FDRE clocked by clk_pl_0  {rise@0.000ns fall@5.000ns period=10.000ns})
  Path Group:             (none)
  Path Type:              Setup (Max at Slow Process Corner)
  Data Path Delay:        0.384ns  (logic 0.113ns (29.392%)  route 0.271ns (70.608%))
  Logic Levels:           0  
  Clock Path Skew:        -1.445ns (DCD - SCD + CPR)
    Destination Clock Delay (DCD):    2.326ns
    Source Clock Delay      (SCD):    3.771ns
    Clock Pessimism Removal (CPR):    0.000ns
  Clock Uncertainty:      0.476ns  ((TSJ^2 + DJ^2)^1/2) / 2 + PE
    Total System Jitter     (TSJ):    0.071ns
    Discrete Jitter          (DJ):    0.503ns
    Phase Error              (PE):    0.222ns
  Clock Net Delay (Source):      2.394ns (routing 1.302ns, distribution 1.092ns)
  Clock Net Delay (Destination): 2.110ns (routing 1.122ns, distribution 0.988ns)
  Timing Exception:       False Path

    Location             Delay type                Incr(ns)  Path(ns)    Netlist Resource(s)
  -------------------------------------------------------------------    -------------------
                         (clock clk_out1_spi_module_clk_wiz_0 rise edge)
                                                      0.000     0.000 r  
    C3                                                0.000     0.000 r  som240_1_connector_hpa_clk0p_clk (IN)
                         net (fo=0)                   0.000     0.000    spi_module_i/clk_wiz/inst/clkin1_ibuf/I
    C3                   INBUF (Prop_INBUF_HPIOB_M_PAD_O)
                                                      0.538     0.538 r  spi_module_i/clk_wiz/inst/clkin1_ibuf/INBUF_INST/O
                         net (fo=1, routed)           0.000     0.538    spi_module_i/clk_wiz/inst/clkin1_ibuf/OUT
    C3                   IBUFCTRL (Prop_IBUFCTRL_HPIOB_M_I_O)
                                                      0.000     0.538 r  spi_module_i/clk_wiz/inst/clkin1_ibuf/IBUFCTRL_INST/O
                         net (fo=1, routed)           0.551     1.089    spi_module_i/clk_wiz/inst/clk_in1_spi_module_clk_wiz_0
    MMCM_X0Y3            MMCME4_ADV (Prop_MMCM_CLKIN1_CLKOUT0)
                                                     -0.103     0.986 r  spi_module_i/clk_wiz/inst/mmcme4_adv_inst/CLKOUT0
                         net (fo=1, routed)           0.348     1.334    spi_module_i/clk_wiz/inst/clk_out1_spi_module_clk_wiz_0
    BUFGCE_X0Y76         BUFGCE (Prop_BUFCE_BUFGCE_I_O)
                                                      0.044     1.378 r  spi_module_i/clk_wiz/inst/clkout1_buf/O
    X0Y2 (CLOCK_ROOT)    net (fo=324, routed)         2.394     3.771    spi_module_i/axi_quad_spi_0/U0/NO_DUAL_QUAD_MODE.QSPI_NORMAL/QSPI_LEGACY_MD_GEN.QSPI_CORE_INTERFACE_I/LOGIC_FOR_MD_0_GEN.SPI_MODULE_I/ext_spi_clk
    SLICE_X15Y146        FDRE                                         r  spi_module_i/axi_quad_spi_0/U0/NO_DUAL_QUAD_MODE.QSPI_NORMAL/QSPI_LEGACY_MD_GEN.QSPI_CORE_INTERFACE_I/LOGIC_FOR_MD_0_GEN.SPI_MODULE_I/DTR_UNDERRUN_FIFO_EXIST_GEN.DTR_underrun_reg/C
  -------------------------------------------------------------------    -------------------
    SLICE_X15Y146        FDRE (Prop_BFF_SLICEL_C_Q)
                                                      0.113     3.884 r  spi_module_i/axi_quad_spi_0/U0/NO_DUAL_QUAD_MODE.QSPI_NORMAL/QSPI_LEGACY_MD_GEN.QSPI_CORE_INTERFACE_I/LOGIC_FOR_MD_0_GEN.SPI_MODULE_I/DTR_UNDERRUN_FIFO_EXIST_GEN.DTR_underrun_reg/Q
                         net (fo=2, routed)           0.271     4.156    spi_module_i/axi_quad_spi_0/U0/NO_DUAL_QUAD_MODE.QSPI_NORMAL/QSPI_LEGACY_MD_GEN.QSPI_CORE_INTERFACE_I/FIFO_EXISTS.CLK_CROSS_I/LOGIC_GENERATION_CDC.DTR_UNDERRUN_S2AX_1/src_in
    SLICE_X15Y143        FDRE                                         r  spi_module_i/axi_quad_spi_0/U0/NO_DUAL_QUAD_MODE.QSPI_NORMAL/QSPI_LEGACY_MD_GEN.QSPI_CORE_INTERFACE_I/FIFO_EXISTS.CLK_CROSS_I/LOGIC_GENERATION_CDC.DTR_UNDERRUN_S2AX_1/syncstages_ff_reg[0]/D
  -------------------------------------------------------------------    -------------------

                         (clock clk_pl_0 rise edge)
                                                      0.000     0.000 r  
    PS8_X0Y0             PS8                          0.000     0.000 r  spi_module_i/zynq_ultra_ps_e_0/inst/PS8_i/PLCLK[0]
                         net (fo=1, routed)           0.181     0.181    spi_module_i/zynq_ultra_ps_e_0/inst/pl_clk_unbuffered[0]
    BUFG_PS_X0Y91        BUFG_PS (Prop_BUFG_PS_I_O)
                                                      0.035     0.216 r  spi_module_i/zynq_ultra_ps_e_0/inst/buffer_pl_clk_0.PL_CLK_0_BUFG/O
    X0Y1 (CLOCK_ROOT)    net (fo=10582, routed)       2.110     2.326    spi_module_i/axi_quad_spi_0/U0/NO_DUAL_QUAD_MODE.QSPI_NORMAL/QSPI_LEGACY_MD_GEN.QSPI_CORE_INTERFACE_I/FIFO_EXISTS.CLK_CROSS_I/LOGIC_GENERATION_CDC.DTR_UNDERRUN_S2AX_1/dest_clk
    SLICE_X15Y143        FDRE                                         r  spi_module_i/axi_quad_spi_0/U0/NO_DUAL_QUAD_MODE.QSPI_NORMAL/QSPI_LEGACY_MD_GEN.QSPI_CORE_INTERFACE_I/FIFO_EXISTS.CLK_CROSS_I/LOGIC_GENERATION_CDC.DTR_UNDERRUN_S2AX_1/syncstages_ff_reg[0]/C

Slack:                    inf
  Source:                 spi_module_i/axi_quad_spi_0/U0/NO_DUAL_QUAD_MODE.QSPI_NORMAL/QSPI_LEGACY_MD_GEN.QSPI_CORE_INTERFACE_I/FIFO_EXISTS.CLK_CROSS_I/LOGIC_GENERATION_CDC.Slave_MODF_strobe_cdc_from_spi_int_2_reg/C
                            (rising edge-triggered cell FDRE clocked by clk_out1_spi_module_clk_wiz_0  {rise@0.000ns fall@5.000ns period=10.000ns})
  Destination:            spi_module_i/axi_quad_spi_0/U0/NO_DUAL_QUAD_MODE.QSPI_NORMAL/QSPI_LEGACY_MD_GEN.QSPI_CORE_INTERFACE_I/FIFO_EXISTS.CLK_CROSS_I/LOGIC_GENERATION_CDC.SLV_MODF_STRB_S2AX_1/syncstages_ff_reg[0]/D
                            (rising edge-triggered cell FDRE clocked by clk_pl_0  {rise@0.000ns fall@5.000ns period=10.000ns})
  Path Group:             (none)
  Path Type:              Setup (Max at Slow Process Corner)
  Data Path Delay:        0.357ns  (logic 0.114ns (31.933%)  route 0.243ns (68.067%))
  Logic Levels:           0  
  Clock Path Skew:        -1.461ns (DCD - SCD + CPR)
    Destination Clock Delay (DCD):    2.320ns
    Source Clock Delay      (SCD):    3.781ns
    Clock Pessimism Removal (CPR):    0.000ns
  Clock Uncertainty:      0.476ns  ((TSJ^2 + DJ^2)^1/2) / 2 + PE
    Total System Jitter     (TSJ):    0.071ns
    Discrete Jitter          (DJ):    0.503ns
    Phase Error              (PE):    0.222ns
  Clock Net Delay (Source):      2.404ns (routing 1.302ns, distribution 1.102ns)
  Clock Net Delay (Destination): 2.104ns (routing 1.122ns, distribution 0.982ns)
  Timing Exception:       False Path

    Location             Delay type                Incr(ns)  Path(ns)    Netlist Resource(s)
  -------------------------------------------------------------------    -------------------
                         (clock clk_out1_spi_module_clk_wiz_0 rise edge)
                                                      0.000     0.000 r  
    C3                                                0.000     0.000 r  som240_1_connector_hpa_clk0p_clk (IN)
                         net (fo=0)                   0.000     0.000    spi_module_i/clk_wiz/inst/clkin1_ibuf/I
    C3                   INBUF (Prop_INBUF_HPIOB_M_PAD_O)
                                                      0.538     0.538 r  spi_module_i/clk_wiz/inst/clkin1_ibuf/INBUF_INST/O
                         net (fo=1, routed)           0.000     0.538    spi_module_i/clk_wiz/inst/clkin1_ibuf/OUT
    C3                   IBUFCTRL (Prop_IBUFCTRL_HPIOB_M_I_O)
                                                      0.000     0.538 r  spi_module_i/clk_wiz/inst/clkin1_ibuf/IBUFCTRL_INST/O
                         net (fo=1, routed)           0.551     1.089    spi_module_i/clk_wiz/inst/clk_in1_spi_module_clk_wiz_0
    MMCM_X0Y3            MMCME4_ADV (Prop_MMCM_CLKIN1_CLKOUT0)
                                                     -0.103     0.986 r  spi_module_i/clk_wiz/inst/mmcme4_adv_inst/CLKOUT0
                         net (fo=1, routed)           0.348     1.334    spi_module_i/clk_wiz/inst/clk_out1_spi_module_clk_wiz_0
    BUFGCE_X0Y76         BUFGCE (Prop_BUFCE_BUFGCE_I_O)
                                                      0.044     1.378 r  spi_module_i/clk_wiz/inst/clkout1_buf/O
    X0Y2 (CLOCK_ROOT)    net (fo=324, routed)         2.404     3.781    spi_module_i/axi_quad_spi_0/U0/NO_DUAL_QUAD_MODE.QSPI_NORMAL/QSPI_LEGACY_MD_GEN.QSPI_CORE_INTERFACE_I/FIFO_EXISTS.CLK_CROSS_I/ext_spi_clk
    SLICE_X17Y145        FDRE                                         r  spi_module_i/axi_quad_spi_0/U0/NO_DUAL_QUAD_MODE.QSPI_NORMAL/QSPI_LEGACY_MD_GEN.QSPI_CORE_INTERFACE_I/FIFO_EXISTS.CLK_CROSS_I/LOGIC_GENERATION_CDC.Slave_MODF_strobe_cdc_from_spi_int_2_reg/C
  -------------------------------------------------------------------    -------------------
    SLICE_X17Y145        FDRE (Prop_HFF2_SLICEM_C_Q)
                                                      0.114     3.895 r  spi_module_i/axi_quad_spi_0/U0/NO_DUAL_QUAD_MODE.QSPI_NORMAL/QSPI_LEGACY_MD_GEN.QSPI_CORE_INTERFACE_I/FIFO_EXISTS.CLK_CROSS_I/LOGIC_GENERATION_CDC.Slave_MODF_strobe_cdc_from_spi_int_2_reg/Q
                         net (fo=2, routed)           0.243     4.138    spi_module_i/axi_quad_spi_0/U0/NO_DUAL_QUAD_MODE.QSPI_NORMAL/QSPI_LEGACY_MD_GEN.QSPI_CORE_INTERFACE_I/FIFO_EXISTS.CLK_CROSS_I/LOGIC_GENERATION_CDC.SLV_MODF_STRB_S2AX_1/src_in
    SLICE_X17Y144        FDRE                                         r  spi_module_i/axi_quad_spi_0/U0/NO_DUAL_QUAD_MODE.QSPI_NORMAL/QSPI_LEGACY_MD_GEN.QSPI_CORE_INTERFACE_I/FIFO_EXISTS.CLK_CROSS_I/LOGIC_GENERATION_CDC.SLV_MODF_STRB_S2AX_1/syncstages_ff_reg[0]/D
  -------------------------------------------------------------------    -------------------

                         (clock clk_pl_0 rise edge)
                                                      0.000     0.000 r  
    PS8_X0Y0             PS8                          0.000     0.000 r  spi_module_i/zynq_ultra_ps_e_0/inst/PS8_i/PLCLK[0]
                         net (fo=1, routed)           0.181     0.181    spi_module_i/zynq_ultra_ps_e_0/inst/pl_clk_unbuffered[0]
    BUFG_PS_X0Y91        BUFG_PS (Prop_BUFG_PS_I_O)
                                                      0.035     0.216 r  spi_module_i/zynq_ultra_ps_e_0/inst/buffer_pl_clk_0.PL_CLK_0_BUFG/O
    X0Y1 (CLOCK_ROOT)    net (fo=10582, routed)       2.104     2.320    spi_module_i/axi_quad_spi_0/U0/NO_DUAL_QUAD_MODE.QSPI_NORMAL/QSPI_LEGACY_MD_GEN.QSPI_CORE_INTERFACE_I/FIFO_EXISTS.CLK_CROSS_I/LOGIC_GENERATION_CDC.SLV_MODF_STRB_S2AX_1/dest_clk
    SLICE_X17Y144        FDRE                                         r  spi_module_i/axi_quad_spi_0/U0/NO_DUAL_QUAD_MODE.QSPI_NORMAL/QSPI_LEGACY_MD_GEN.QSPI_CORE_INTERFACE_I/FIFO_EXISTS.CLK_CROSS_I/LOGIC_GENERATION_CDC.SLV_MODF_STRB_S2AX_1/syncstages_ff_reg[0]/C

Slack:                    inf
  Source:                 spi_module_i/axi_quad_spi_0/U0/NO_DUAL_QUAD_MODE.QSPI_NORMAL/QSPI_LEGACY_MD_GEN.QSPI_CORE_INTERFACE_I/FIFO_EXISTS.CLK_CROSS_I/LOGIC_GENERATION_CDC.modf_strobe_cdc_from_spi_int_2_reg/C
                            (rising edge-triggered cell FDRE clocked by clk_out1_spi_module_clk_wiz_0  {rise@0.000ns fall@5.000ns period=10.000ns})
  Destination:            spi_module_i/axi_quad_spi_0/U0/NO_DUAL_QUAD_MODE.QSPI_NORMAL/QSPI_LEGACY_MD_GEN.QSPI_CORE_INTERFACE_I/FIFO_EXISTS.CLK_CROSS_I/LOGIC_GENERATION_CDC.MODF_STROBE_S2AX_1/syncstages_ff_reg[0]/D
                            (rising edge-triggered cell FDRE clocked by clk_pl_0  {rise@0.000ns fall@5.000ns period=10.000ns})
  Path Group:             (none)
  Path Type:              Setup (Max at Slow Process Corner)
  Data Path Delay:        0.348ns  (logic 0.114ns (32.716%)  route 0.234ns (67.284%))
  Logic Levels:           0  
  Clock Path Skew:        -1.460ns (DCD - SCD + CPR)
    Destination Clock Delay (DCD):    2.321ns
    Source Clock Delay      (SCD):    3.781ns
    Clock Pessimism Removal (CPR):    0.000ns
  Clock Uncertainty:      0.476ns  ((TSJ^2 + DJ^2)^1/2) / 2 + PE
    Total System Jitter     (TSJ):    0.071ns
    Discrete Jitter          (DJ):    0.503ns
    Phase Error              (PE):    0.222ns
  Clock Net Delay (Source):      2.404ns (routing 1.302ns, distribution 1.102ns)
  Clock Net Delay (Destination): 2.105ns (routing 1.122ns, distribution 0.983ns)
  Timing Exception:       False Path

    Location             Delay type                Incr(ns)  Path(ns)    Netlist Resource(s)
  -------------------------------------------------------------------    -------------------
                         (clock clk_out1_spi_module_clk_wiz_0 rise edge)
                                                      0.000     0.000 r  
    C3                                                0.000     0.000 r  som240_1_connector_hpa_clk0p_clk (IN)
                         net (fo=0)                   0.000     0.000    spi_module_i/clk_wiz/inst/clkin1_ibuf/I
    C3                   INBUF (Prop_INBUF_HPIOB_M_PAD_O)
                                                      0.538     0.538 r  spi_module_i/clk_wiz/inst/clkin1_ibuf/INBUF_INST/O
                         net (fo=1, routed)           0.000     0.538    spi_module_i/clk_wiz/inst/clkin1_ibuf/OUT
    C3                   IBUFCTRL (Prop_IBUFCTRL_HPIOB_M_I_O)
                                                      0.000     0.538 r  spi_module_i/clk_wiz/inst/clkin1_ibuf/IBUFCTRL_INST/O
                         net (fo=1, routed)           0.551     1.089    spi_module_i/clk_wiz/inst/clk_in1_spi_module_clk_wiz_0
    MMCM_X0Y3            MMCME4_ADV (Prop_MMCM_CLKIN1_CLKOUT0)
                                                     -0.103     0.986 r  spi_module_i/clk_wiz/inst/mmcme4_adv_inst/CLKOUT0
                         net (fo=1, routed)           0.348     1.334    spi_module_i/clk_wiz/inst/clk_out1_spi_module_clk_wiz_0
    BUFGCE_X0Y76         BUFGCE (Prop_BUFCE_BUFGCE_I_O)
                                                      0.044     1.378 r  spi_module_i/clk_wiz/inst/clkout1_buf/O
    X0Y2 (CLOCK_ROOT)    net (fo=324, routed)         2.404     3.781    spi_module_i/axi_quad_spi_0/U0/NO_DUAL_QUAD_MODE.QSPI_NORMAL/QSPI_LEGACY_MD_GEN.QSPI_CORE_INTERFACE_I/FIFO_EXISTS.CLK_CROSS_I/ext_spi_clk
    SLICE_X17Y145        FDRE                                         r  spi_module_i/axi_quad_spi_0/U0/NO_DUAL_QUAD_MODE.QSPI_NORMAL/QSPI_LEGACY_MD_GEN.QSPI_CORE_INTERFACE_I/FIFO_EXISTS.CLK_CROSS_I/LOGIC_GENERATION_CDC.modf_strobe_cdc_from_spi_int_2_reg/C
  -------------------------------------------------------------------    -------------------
    SLICE_X17Y145        FDRE (Prop_HFF_SLICEM_C_Q)
                                                      0.114     3.895 r  spi_module_i/axi_quad_spi_0/U0/NO_DUAL_QUAD_MODE.QSPI_NORMAL/QSPI_LEGACY_MD_GEN.QSPI_CORE_INTERFACE_I/FIFO_EXISTS.CLK_CROSS_I/LOGIC_GENERATION_CDC.modf_strobe_cdc_from_spi_int_2_reg/Q
                         net (fo=2, routed)           0.234     4.130    spi_module_i/axi_quad_spi_0/U0/NO_DUAL_QUAD_MODE.QSPI_NORMAL/QSPI_LEGACY_MD_GEN.QSPI_CORE_INTERFACE_I/FIFO_EXISTS.CLK_CROSS_I/LOGIC_GENERATION_CDC.MODF_STROBE_S2AX_1/src_in
    SLICE_X17Y143        FDRE                                         r  spi_module_i/axi_quad_spi_0/U0/NO_DUAL_QUAD_MODE.QSPI_NORMAL/QSPI_LEGACY_MD_GEN.QSPI_CORE_INTERFACE_I/FIFO_EXISTS.CLK_CROSS_I/LOGIC_GENERATION_CDC.MODF_STROBE_S2AX_1/syncstages_ff_reg[0]/D
  -------------------------------------------------------------------    -------------------

                         (clock clk_pl_0 rise edge)
                                                      0.000     0.000 r  
    PS8_X0Y0             PS8                          0.000     0.000 r  spi_module_i/zynq_ultra_ps_e_0/inst/PS8_i/PLCLK[0]
                         net (fo=1, routed)           0.181     0.181    spi_module_i/zynq_ultra_ps_e_0/inst/pl_clk_unbuffered[0]
    BUFG_PS_X0Y91        BUFG_PS (Prop_BUFG_PS_I_O)
                                                      0.035     0.216 r  spi_module_i/zynq_ultra_ps_e_0/inst/buffer_pl_clk_0.PL_CLK_0_BUFG/O
    X0Y1 (CLOCK_ROOT)    net (fo=10582, routed)       2.105     2.321    spi_module_i/axi_quad_spi_0/U0/NO_DUAL_QUAD_MODE.QSPI_NORMAL/QSPI_LEGACY_MD_GEN.QSPI_CORE_INTERFACE_I/FIFO_EXISTS.CLK_CROSS_I/LOGIC_GENERATION_CDC.MODF_STROBE_S2AX_1/dest_clk
    SLICE_X17Y143        FDRE                                         r  spi_module_i/axi_quad_spi_0/U0/NO_DUAL_QUAD_MODE.QSPI_NORMAL/QSPI_LEGACY_MD_GEN.QSPI_CORE_INTERFACE_I/FIFO_EXISTS.CLK_CROSS_I/LOGIC_GENERATION_CDC.MODF_STROBE_S2AX_1/syncstages_ff_reg[0]/C





Min Delay Paths
--------------------------------------------------------------------------------------
Slack:                    inf
  Source:                 spi_module_i/axi_quad_spi_0/U0/NO_DUAL_QUAD_MODE.QSPI_NORMAL/QSPI_LEGACY_MD_GEN.QSPI_CORE_INTERFACE_I/FIFO_EXISTS.CLK_CROSS_I/LOGIC_GENERATION_CDC.spiXfer_done_cdc_from_spi_int_2_reg/C
                            (rising edge-triggered cell FDRE clocked by clk_out1_spi_module_clk_wiz_0  {rise@0.000ns fall@5.000ns period=10.000ns})
  Destination:            spi_module_i/axi_quad_spi_0/U0/NO_DUAL_QUAD_MODE.QSPI_NORMAL/QSPI_LEGACY_MD_GEN.QSPI_CORE_INTERFACE_I/FIFO_EXISTS.CLK_CROSS_I/LOGIC_GENERATION_CDC.SYNC_SPIXFER_DONE_S2AX_1/syncstages_ff_reg[0]/D
                            (rising edge-triggered cell FDRE clocked by clk_pl_0  {rise@0.000ns fall@5.000ns period=10.000ns})
  Path Group:             (none)
  Path Type:              Hold (Min at Fast Process Corner)
  Data Path Delay:        0.141ns  (logic 0.084ns (59.575%)  route 0.057ns (40.426%))
  Logic Levels:           0  
  Clock Path Skew:        -0.886ns (DCD - SCD - CPR)
    Destination Clock Delay (DCD):    1.585ns
    Source Clock Delay      (SCD):    2.471ns
    Clock Pessimism Removal (CPR):    -0.000ns
  Clock Uncertainty:      0.476ns  ((TSJ^2 + DJ^2)^1/2) / 2 + PE
    Total System Jitter     (TSJ):    0.071ns
    Discrete Jitter          (DJ):    0.503ns
    Phase Error              (PE):    0.222ns
  Clock Net Delay (Source):      1.319ns (routing 0.727ns, distribution 0.592ns)
  Clock Net Delay (Destination): 1.398ns (routing 0.739ns, distribution 0.659ns)
  Timing Exception:       False Path

    Location             Delay type                Incr(ns)  Path(ns)    Netlist Resource(s)
  -------------------------------------------------------------------    -------------------
                         (clock clk_out1_spi_module_clk_wiz_0 rise edge)
                                                      0.000     0.000 r  
    C3                                                0.000     0.000 r  som240_1_connector_hpa_clk0p_clk (IN)
                         net (fo=0)                   0.000     0.000    spi_module_i/clk_wiz/inst/clkin1_ibuf/I
    C3                   INBUF (Prop_INBUF_HPIOB_M_PAD_O)
                                                      0.172     0.172 r  spi_module_i/clk_wiz/inst/clkin1_ibuf/INBUF_INST/O
                         net (fo=1, routed)           0.000     0.172    spi_module_i/clk_wiz/inst/clkin1_ibuf/OUT
    C3                   IBUFCTRL (Prop_IBUFCTRL_HPIOB_M_I_O)
                                                      0.000     0.172 r  spi_module_i/clk_wiz/inst/clkin1_ibuf/IBUFCTRL_INST/O
                         net (fo=1, routed)           0.212     0.384    spi_module_i/clk_wiz/inst/clk_in1_spi_module_clk_wiz_0
    MMCM_X0Y3            MMCME4_ADV (Prop_MMCM_CLKIN1_CLKOUT0)
                                                      0.566     0.950 r  spi_module_i/clk_wiz/inst/mmcme4_adv_inst/CLKOUT0
                         net (fo=1, routed)           0.179     1.129    spi_module_i/clk_wiz/inst/clk_out1_spi_module_clk_wiz_0
    BUFGCE_X0Y76         BUFGCE (Prop_BUFCE_BUFGCE_I_O)
                                                      0.023     1.152 r  spi_module_i/clk_wiz/inst/clkout1_buf/O
    X0Y2 (CLOCK_ROOT)    net (fo=324, routed)         1.319     2.471    spi_module_i/axi_quad_spi_0/U0/NO_DUAL_QUAD_MODE.QSPI_NORMAL/QSPI_LEGACY_MD_GEN.QSPI_CORE_INTERFACE_I/FIFO_EXISTS.CLK_CROSS_I/ext_spi_clk
    SLICE_X16Y146        FDRE                                         r  spi_module_i/axi_quad_spi_0/U0/NO_DUAL_QUAD_MODE.QSPI_NORMAL/QSPI_LEGACY_MD_GEN.QSPI_CORE_INTERFACE_I/FIFO_EXISTS.CLK_CROSS_I/LOGIC_GENERATION_CDC.spiXfer_done_cdc_from_spi_int_2_reg/C
  -------------------------------------------------------------------    -------------------
    SLICE_X16Y146        FDRE (Prop_GFF_SLICEL_C_Q)
                                                      0.084     2.555 r  spi_module_i/axi_quad_spi_0/U0/NO_DUAL_QUAD_MODE.QSPI_NORMAL/QSPI_LEGACY_MD_GEN.QSPI_CORE_INTERFACE_I/FIFO_EXISTS.CLK_CROSS_I/LOGIC_GENERATION_CDC.spiXfer_done_cdc_from_spi_int_2_reg/Q
                         net (fo=2, routed)           0.057     2.612    spi_module_i/axi_quad_spi_0/U0/NO_DUAL_QUAD_MODE.QSPI_NORMAL/QSPI_LEGACY_MD_GEN.QSPI_CORE_INTERFACE_I/FIFO_EXISTS.CLK_CROSS_I/LOGIC_GENERATION_CDC.SYNC_SPIXFER_DONE_S2AX_1/src_in
    SLICE_X16Y146        FDRE                                         r  spi_module_i/axi_quad_spi_0/U0/NO_DUAL_QUAD_MODE.QSPI_NORMAL/QSPI_LEGACY_MD_GEN.QSPI_CORE_INTERFACE_I/FIFO_EXISTS.CLK_CROSS_I/LOGIC_GENERATION_CDC.SYNC_SPIXFER_DONE_S2AX_1/syncstages_ff_reg[0]/D
  -------------------------------------------------------------------    -------------------

                         (clock clk_pl_0 rise edge)
                                                      0.000     0.000 r  
    PS8_X0Y0             PS8                          0.000     0.000 r  spi_module_i/zynq_ultra_ps_e_0/inst/PS8_i/PLCLK[0]
                         net (fo=1, routed)           0.164     0.164    spi_module_i/zynq_ultra_ps_e_0/inst/pl_clk_unbuffered[0]
    BUFG_PS_X0Y91        BUFG_PS (Prop_BUFG_PS_I_O)
                                                      0.023     0.187 r  spi_module_i/zynq_ultra_ps_e_0/inst/buffer_pl_clk_0.PL_CLK_0_BUFG/O
    X0Y1 (CLOCK_ROOT)    net (fo=10582, routed)       1.398     1.585    spi_module_i/axi_quad_spi_0/U0/NO_DUAL_QUAD_MODE.QSPI_NORMAL/QSPI_LEGACY_MD_GEN.QSPI_CORE_INTERFACE_I/FIFO_EXISTS.CLK_CROSS_I/LOGIC_GENERATION_CDC.SYNC_SPIXFER_DONE_S2AX_1/dest_clk
    SLICE_X16Y146        FDRE                                         r  spi_module_i/axi_quad_spi_0/U0/NO_DUAL_QUAD_MODE.QSPI_NORMAL/QSPI_LEGACY_MD_GEN.QSPI_CORE_INTERFACE_I/FIFO_EXISTS.CLK_CROSS_I/LOGIC_GENERATION_CDC.SYNC_SPIXFER_DONE_S2AX_1/syncstages_ff_reg[0]/C

Slack:                    inf
  Source:                 spi_module_i/axi_quad_spi_0/U0/NO_DUAL_QUAD_MODE.QSPI_NORMAL/QSPI_LEGACY_MD_GEN.QSPI_CORE_INTERFACE_I/FIFO_EXISTS.TX_FIFO_II/gnuram_async_fifo.xpm_fifo_base_inst/gen_cdc_pntr.rd_pntr_cdc_dc_inst/src_gray_ff_reg[3]/C
                            (rising edge-triggered cell FDRE clocked by clk_out1_spi_module_clk_wiz_0  {rise@0.000ns fall@5.000ns period=10.000ns})
  Destination:            spi_module_i/axi_quad_spi_0/U0/NO_DUAL_QUAD_MODE.QSPI_NORMAL/QSPI_LEGACY_MD_GEN.QSPI_CORE_INTERFACE_I/FIFO_EXISTS.TX_FIFO_II/gnuram_async_fifo.xpm_fifo_base_inst/gen_cdc_pntr.rd_pntr_cdc_dc_inst/dest_graysync_ff_reg[0][3]/D
                            (rising edge-triggered cell FDRE clocked by clk_pl_0  {rise@0.000ns fall@5.000ns period=10.000ns})
  Path Group:             (none)
  Path Type:              Hold (Min at Fast Process Corner)
  Data Path Delay:        0.155ns  (logic 0.084ns (54.194%)  route 0.071ns (45.806%))
  Logic Levels:           0  
  Clock Path Skew:        -0.882ns (DCD - SCD - CPR)
    Destination Clock Delay (DCD):    1.586ns
    Source Clock Delay      (SCD):    2.468ns
    Clock Pessimism Removal (CPR):    -0.000ns
  Clock Uncertainty:      0.476ns  ((TSJ^2 + DJ^2)^1/2) / 2 + PE
    Total System Jitter     (TSJ):    0.071ns
    Discrete Jitter          (DJ):    0.503ns
    Phase Error              (PE):    0.222ns
  Clock Net Delay (Source):      1.316ns (routing 0.727ns, distribution 0.589ns)
  Clock Net Delay (Destination): 1.399ns (routing 0.739ns, distribution 0.660ns)
  Timing Exception:       False Path

    Location             Delay type                Incr(ns)  Path(ns)    Netlist Resource(s)
  -------------------------------------------------------------------    -------------------
                         (clock clk_out1_spi_module_clk_wiz_0 rise edge)
                                                      0.000     0.000 r  
    C3                                                0.000     0.000 r  som240_1_connector_hpa_clk0p_clk (IN)
                         net (fo=0)                   0.000     0.000    spi_module_i/clk_wiz/inst/clkin1_ibuf/I
    C3                   INBUF (Prop_INBUF_HPIOB_M_PAD_O)
                                                      0.172     0.172 r  spi_module_i/clk_wiz/inst/clkin1_ibuf/INBUF_INST/O
                         net (fo=1, routed)           0.000     0.172    spi_module_i/clk_wiz/inst/clkin1_ibuf/OUT
    C3                   IBUFCTRL (Prop_IBUFCTRL_HPIOB_M_I_O)
                                                      0.000     0.172 r  spi_module_i/clk_wiz/inst/clkin1_ibuf/IBUFCTRL_INST/O
                         net (fo=1, routed)           0.212     0.384    spi_module_i/clk_wiz/inst/clk_in1_spi_module_clk_wiz_0
    MMCM_X0Y3            MMCME4_ADV (Prop_MMCM_CLKIN1_CLKOUT0)
                                                      0.566     0.950 r  spi_module_i/clk_wiz/inst/mmcme4_adv_inst/CLKOUT0
                         net (fo=1, routed)           0.179     1.129    spi_module_i/clk_wiz/inst/clk_out1_spi_module_clk_wiz_0
    BUFGCE_X0Y76         BUFGCE (Prop_BUFCE_BUFGCE_I_O)
                                                      0.023     1.152 r  spi_module_i/clk_wiz/inst/clkout1_buf/O
    X0Y2 (CLOCK_ROOT)    net (fo=324, routed)         1.316     2.468    spi_module_i/axi_quad_spi_0/U0/NO_DUAL_QUAD_MODE.QSPI_NORMAL/QSPI_LEGACY_MD_GEN.QSPI_CORE_INTERFACE_I/FIFO_EXISTS.TX_FIFO_II/gnuram_async_fifo.xpm_fifo_base_inst/gen_cdc_pntr.rd_pntr_cdc_dc_inst/src_clk
    SLICE_X14Y147        FDRE                                         r  spi_module_i/axi_quad_spi_0/U0/NO_DUAL_QUAD_MODE.QSPI_NORMAL/QSPI_LEGACY_MD_GEN.QSPI_CORE_INTERFACE_I/FIFO_EXISTS.TX_FIFO_II/gnuram_async_fifo.xpm_fifo_base_inst/gen_cdc_pntr.rd_pntr_cdc_dc_inst/src_gray_ff_reg[3]/C
  -------------------------------------------------------------------    -------------------
    SLICE_X14Y147        FDRE (Prop_HFF2_SLICEL_C_Q)
                                                      0.084     2.552 r  spi_module_i/axi_quad_spi_0/U0/NO_DUAL_QUAD_MODE.QSPI_NORMAL/QSPI_LEGACY_MD_GEN.QSPI_CORE_INTERFACE_I/FIFO_EXISTS.TX_FIFO_II/gnuram_async_fifo.xpm_fifo_base_inst/gen_cdc_pntr.rd_pntr_cdc_dc_inst/src_gray_ff_reg[3]/Q
                         net (fo=1, routed)           0.071     2.623    spi_module_i/axi_quad_spi_0/U0/NO_DUAL_QUAD_MODE.QSPI_NORMAL/QSPI_LEGACY_MD_GEN.QSPI_CORE_INTERFACE_I/FIFO_EXISTS.TX_FIFO_II/gnuram_async_fifo.xpm_fifo_base_inst/gen_cdc_pntr.rd_pntr_cdc_dc_inst/async_path[3]
    SLICE_X14Y147        FDRE                                         r  spi_module_i/axi_quad_spi_0/U0/NO_DUAL_QUAD_MODE.QSPI_NORMAL/QSPI_LEGACY_MD_GEN.QSPI_CORE_INTERFACE_I/FIFO_EXISTS.TX_FIFO_II/gnuram_async_fifo.xpm_fifo_base_inst/gen_cdc_pntr.rd_pntr_cdc_dc_inst/dest_graysync_ff_reg[0][3]/D
  -------------------------------------------------------------------    -------------------

                         (clock clk_pl_0 rise edge)
                                                      0.000     0.000 r  
    PS8_X0Y0             PS8                          0.000     0.000 r  spi_module_i/zynq_ultra_ps_e_0/inst/PS8_i/PLCLK[0]
                         net (fo=1, routed)           0.164     0.164    spi_module_i/zynq_ultra_ps_e_0/inst/pl_clk_unbuffered[0]
    BUFG_PS_X0Y91        BUFG_PS (Prop_BUFG_PS_I_O)
                                                      0.023     0.187 r  spi_module_i/zynq_ultra_ps_e_0/inst/buffer_pl_clk_0.PL_CLK_0_BUFG/O
    X0Y1 (CLOCK_ROOT)    net (fo=10582, routed)       1.399     1.586    spi_module_i/axi_quad_spi_0/U0/NO_DUAL_QUAD_MODE.QSPI_NORMAL/QSPI_LEGACY_MD_GEN.QSPI_CORE_INTERFACE_I/FIFO_EXISTS.TX_FIFO_II/gnuram_async_fifo.xpm_fifo_base_inst/gen_cdc_pntr.rd_pntr_cdc_dc_inst/dest_clk
    SLICE_X14Y147        FDRE                                         r  spi_module_i/axi_quad_spi_0/U0/NO_DUAL_QUAD_MODE.QSPI_NORMAL/QSPI_LEGACY_MD_GEN.QSPI_CORE_INTERFACE_I/FIFO_EXISTS.TX_FIFO_II/gnuram_async_fifo.xpm_fifo_base_inst/gen_cdc_pntr.rd_pntr_cdc_dc_inst/dest_graysync_ff_reg[0][3]/C

Slack:                    inf
  Source:                 spi_module_i/axi_quad_spi_0/U0/NO_DUAL_QUAD_MODE.QSPI_NORMAL/QSPI_LEGACY_MD_GEN.QSPI_CORE_INTERFACE_I/FIFO_EXISTS.CLK_CROSS_I/LOGIC_GENERATION_CDC.modf_strobe_cdc_from_spi_int_2_reg/C
                            (rising edge-triggered cell FDRE clocked by clk_out1_spi_module_clk_wiz_0  {rise@0.000ns fall@5.000ns period=10.000ns})
  Destination:            spi_module_i/axi_quad_spi_0/U0/NO_DUAL_QUAD_MODE.QSPI_NORMAL/QSPI_LEGACY_MD_GEN.QSPI_CORE_INTERFACE_I/FIFO_EXISTS.CLK_CROSS_I/LOGIC_GENERATION_CDC.MODF_STROBE_S2AX_1/syncstages_ff_reg[0]/D
                            (rising edge-triggered cell FDRE clocked by clk_pl_0  {rise@0.000ns fall@5.000ns period=10.000ns})
  Path Group:             (none)
  Path Type:              Hold (Min at Fast Process Corner)
  Data Path Delay:        0.151ns  (logic 0.083ns (54.916%)  route 0.068ns (45.084%))
  Logic Levels:           0  
  Clock Path Skew:        -0.883ns (DCD - SCD - CPR)
    Destination Clock Delay (DCD):    1.589ns
    Source Clock Delay      (SCD):    2.472ns
    Clock Pessimism Removal (CPR):    -0.000ns
  Clock Uncertainty:      0.476ns  ((TSJ^2 + DJ^2)^1/2) / 2 + PE
    Total System Jitter     (TSJ):    0.071ns
    Discrete Jitter          (DJ):    0.503ns
    Phase Error              (PE):    0.222ns
  Clock Net Delay (Source):      1.320ns (routing 0.727ns, distribution 0.593ns)
  Clock Net Delay (Destination): 1.402ns (routing 0.739ns, distribution 0.663ns)
  Timing Exception:       False Path

    Location             Delay type                Incr(ns)  Path(ns)    Netlist Resource(s)
  -------------------------------------------------------------------    -------------------
                         (clock clk_out1_spi_module_clk_wiz_0 rise edge)
                                                      0.000     0.000 r  
    C3                                                0.000     0.000 r  som240_1_connector_hpa_clk0p_clk (IN)
                         net (fo=0)                   0.000     0.000    spi_module_i/clk_wiz/inst/clkin1_ibuf/I
    C3                   INBUF (Prop_INBUF_HPIOB_M_PAD_O)
                                                      0.172     0.172 r  spi_module_i/clk_wiz/inst/clkin1_ibuf/INBUF_INST/O
                         net (fo=1, routed)           0.000     0.172    spi_module_i/clk_wiz/inst/clkin1_ibuf/OUT
    C3                   IBUFCTRL (Prop_IBUFCTRL_HPIOB_M_I_O)
                                                      0.000     0.172 r  spi_module_i/clk_wiz/inst/clkin1_ibuf/IBUFCTRL_INST/O
                         net (fo=1, routed)           0.212     0.384    spi_module_i/clk_wiz/inst/clk_in1_spi_module_clk_wiz_0
    MMCM_X0Y3            MMCME4_ADV (Prop_MMCM_CLKIN1_CLKOUT0)
                                                      0.566     0.950 r  spi_module_i/clk_wiz/inst/mmcme4_adv_inst/CLKOUT0
                         net (fo=1, routed)           0.179     1.129    spi_module_i/clk_wiz/inst/clk_out1_spi_module_clk_wiz_0
    BUFGCE_X0Y76         BUFGCE (Prop_BUFCE_BUFGCE_I_O)
                                                      0.023     1.152 r  spi_module_i/clk_wiz/inst/clkout1_buf/O
    X0Y2 (CLOCK_ROOT)    net (fo=324, routed)         1.320     2.472    spi_module_i/axi_quad_spi_0/U0/NO_DUAL_QUAD_MODE.QSPI_NORMAL/QSPI_LEGACY_MD_GEN.QSPI_CORE_INTERFACE_I/FIFO_EXISTS.CLK_CROSS_I/ext_spi_clk
    SLICE_X17Y145        FDRE                                         r  spi_module_i/axi_quad_spi_0/U0/NO_DUAL_QUAD_MODE.QSPI_NORMAL/QSPI_LEGACY_MD_GEN.QSPI_CORE_INTERFACE_I/FIFO_EXISTS.CLK_CROSS_I/LOGIC_GENERATION_CDC.modf_strobe_cdc_from_spi_int_2_reg/C
  -------------------------------------------------------------------    -------------------
    SLICE_X17Y145        FDRE (Prop_HFF_SLICEM_C_Q)
                                                      0.083     2.555 r  spi_module_i/axi_quad_spi_0/U0/NO_DUAL_QUAD_MODE.QSPI_NORMAL/QSPI_LEGACY_MD_GEN.QSPI_CORE_INTERFACE_I/FIFO_EXISTS.CLK_CROSS_I/LOGIC_GENERATION_CDC.modf_strobe_cdc_from_spi_int_2_reg/Q
                         net (fo=2, routed)           0.068     2.623    spi_module_i/axi_quad_spi_0/U0/NO_DUAL_QUAD_MODE.QSPI_NORMAL/QSPI_LEGACY_MD_GEN.QSPI_CORE_INTERFACE_I/FIFO_EXISTS.CLK_CROSS_I/LOGIC_GENERATION_CDC.MODF_STROBE_S2AX_1/src_in
    SLICE_X17Y143        FDRE                                         r  spi_module_i/axi_quad_spi_0/U0/NO_DUAL_QUAD_MODE.QSPI_NORMAL/QSPI_LEGACY_MD_GEN.QSPI_CORE_INTERFACE_I/FIFO_EXISTS.CLK_CROSS_I/LOGIC_GENERATION_CDC.MODF_STROBE_S2AX_1/syncstages_ff_reg[0]/D
  -------------------------------------------------------------------    -------------------

                         (clock clk_pl_0 rise edge)
                                                      0.000     0.000 r  
    PS8_X0Y0             PS8                          0.000     0.000 r  spi_module_i/zynq_ultra_ps_e_0/inst/PS8_i/PLCLK[0]
                         net (fo=1, routed)           0.164     0.164    spi_module_i/zynq_ultra_ps_e_0/inst/pl_clk_unbuffered[0]
    BUFG_PS_X0Y91        BUFG_PS (Prop_BUFG_PS_I_O)
                                                      0.023     0.187 r  spi_module_i/zynq_ultra_ps_e_0/inst/buffer_pl_clk_0.PL_CLK_0_BUFG/O
    X0Y1 (CLOCK_ROOT)    net (fo=10582, routed)       1.402     1.589    spi_module_i/axi_quad_spi_0/U0/NO_DUAL_QUAD_MODE.QSPI_NORMAL/QSPI_LEGACY_MD_GEN.QSPI_CORE_INTERFACE_I/FIFO_EXISTS.CLK_CROSS_I/LOGIC_GENERATION_CDC.MODF_STROBE_S2AX_1/dest_clk
    SLICE_X17Y143        FDRE                                         r  spi_module_i/axi_quad_spi_0/U0/NO_DUAL_QUAD_MODE.QSPI_NORMAL/QSPI_LEGACY_MD_GEN.QSPI_CORE_INTERFACE_I/FIFO_EXISTS.CLK_CROSS_I/LOGIC_GENERATION_CDC.MODF_STROBE_S2AX_1/syncstages_ff_reg[0]/C

Slack:                    inf
  Source:                 spi_module_i/axi_quad_spi_0/U0/NO_DUAL_QUAD_MODE.QSPI_NORMAL/QSPI_LEGACY_MD_GEN.QSPI_CORE_INTERFACE_I/FIFO_EXISTS.TX_FIFO_II/gnuram_async_fifo.xpm_fifo_base_inst/gen_cdc_pntr.rd_pntr_cdc_dc_inst/src_gray_ff_reg[1]/C
                            (rising edge-triggered cell FDRE clocked by clk_out1_spi_module_clk_wiz_0  {rise@0.000ns fall@5.000ns period=10.000ns})
  Destination:            spi_module_i/axi_quad_spi_0/U0/NO_DUAL_QUAD_MODE.QSPI_NORMAL/QSPI_LEGACY_MD_GEN.QSPI_CORE_INTERFACE_I/FIFO_EXISTS.TX_FIFO_II/gnuram_async_fifo.xpm_fifo_base_inst/gen_cdc_pntr.rd_pntr_cdc_dc_inst/dest_graysync_ff_reg[0][1]/D
                            (rising edge-triggered cell FDRE clocked by clk_pl_0  {rise@0.000ns fall@5.000ns period=10.000ns})
  Path Group:             (none)
  Path Type:              Hold (Min at Fast Process Corner)
  Data Path Delay:        0.156ns  (logic 0.086ns (55.128%)  route 0.070ns (44.872%))
  Logic Levels:           0  
  Clock Path Skew:        -0.880ns (DCD - SCD - CPR)
    Destination Clock Delay (DCD):    1.589ns
    Source Clock Delay      (SCD):    2.469ns
    Clock Pessimism Removal (CPR):    -0.000ns
  Clock Uncertainty:      0.476ns  ((TSJ^2 + DJ^2)^1/2) / 2 + PE
    Total System Jitter     (TSJ):    0.071ns
    Discrete Jitter          (DJ):    0.503ns
    Phase Error              (PE):    0.222ns
  Clock Net Delay (Source):      1.317ns (routing 0.727ns, distribution 0.590ns)
  Clock Net Delay (Destination): 1.402ns (routing 0.739ns, distribution 0.663ns)
  Timing Exception:       False Path

    Location             Delay type                Incr(ns)  Path(ns)    Netlist Resource(s)
  -------------------------------------------------------------------    -------------------
                         (clock clk_out1_spi_module_clk_wiz_0 rise edge)
                                                      0.000     0.000 r  
    C3                                                0.000     0.000 r  som240_1_connector_hpa_clk0p_clk (IN)
                         net (fo=0)                   0.000     0.000    spi_module_i/clk_wiz/inst/clkin1_ibuf/I
    C3                   INBUF (Prop_INBUF_HPIOB_M_PAD_O)
                                                      0.172     0.172 r  spi_module_i/clk_wiz/inst/clkin1_ibuf/INBUF_INST/O
                         net (fo=1, routed)           0.000     0.172    spi_module_i/clk_wiz/inst/clkin1_ibuf/OUT
    C3                   IBUFCTRL (Prop_IBUFCTRL_HPIOB_M_I_O)
                                                      0.000     0.172 r  spi_module_i/clk_wiz/inst/clkin1_ibuf/IBUFCTRL_INST/O
                         net (fo=1, routed)           0.212     0.384    spi_module_i/clk_wiz/inst/clk_in1_spi_module_clk_wiz_0
    MMCM_X0Y3            MMCME4_ADV (Prop_MMCM_CLKIN1_CLKOUT0)
                                                      0.566     0.950 r  spi_module_i/clk_wiz/inst/mmcme4_adv_inst/CLKOUT0
                         net (fo=1, routed)           0.179     1.129    spi_module_i/clk_wiz/inst/clk_out1_spi_module_clk_wiz_0
    BUFGCE_X0Y76         BUFGCE (Prop_BUFCE_BUFGCE_I_O)
                                                      0.023     1.152 r  spi_module_i/clk_wiz/inst/clkout1_buf/O
    X0Y2 (CLOCK_ROOT)    net (fo=324, routed)         1.317     2.469    spi_module_i/axi_quad_spi_0/U0/NO_DUAL_QUAD_MODE.QSPI_NORMAL/QSPI_LEGACY_MD_GEN.QSPI_CORE_INTERFACE_I/FIFO_EXISTS.TX_FIFO_II/gnuram_async_fifo.xpm_fifo_base_inst/gen_cdc_pntr.rd_pntr_cdc_dc_inst/src_clk
    SLICE_X15Y146        FDRE                                         r  spi_module_i/axi_quad_spi_0/U0/NO_DUAL_QUAD_MODE.QSPI_NORMAL/QSPI_LEGACY_MD_GEN.QSPI_CORE_INTERFACE_I/FIFO_EXISTS.TX_FIFO_II/gnuram_async_fifo.xpm_fifo_base_inst/gen_cdc_pntr.rd_pntr_cdc_dc_inst/src_gray_ff_reg[1]/C
  -------------------------------------------------------------------    -------------------
    SLICE_X15Y146        FDRE (Prop_DFF2_SLICEL_C_Q)
                                                      0.086     2.555 r  spi_module_i/axi_quad_spi_0/U0/NO_DUAL_QUAD_MODE.QSPI_NORMAL/QSPI_LEGACY_MD_GEN.QSPI_CORE_INTERFACE_I/FIFO_EXISTS.TX_FIFO_II/gnuram_async_fifo.xpm_fifo_base_inst/gen_cdc_pntr.rd_pntr_cdc_dc_inst/src_gray_ff_reg[1]/Q
                         net (fo=1, routed)           0.070     2.625    spi_module_i/axi_quad_spi_0/U0/NO_DUAL_QUAD_MODE.QSPI_NORMAL/QSPI_LEGACY_MD_GEN.QSPI_CORE_INTERFACE_I/FIFO_EXISTS.TX_FIFO_II/gnuram_async_fifo.xpm_fifo_base_inst/gen_cdc_pntr.rd_pntr_cdc_dc_inst/async_path[1]
    SLICE_X15Y146        FDRE                                         r  spi_module_i/axi_quad_spi_0/U0/NO_DUAL_QUAD_MODE.QSPI_NORMAL/QSPI_LEGACY_MD_GEN.QSPI_CORE_INTERFACE_I/FIFO_EXISTS.TX_FIFO_II/gnuram_async_fifo.xpm_fifo_base_inst/gen_cdc_pntr.rd_pntr_cdc_dc_inst/dest_graysync_ff_reg[0][1]/D
  -------------------------------------------------------------------    -------------------

                         (clock clk_pl_0 rise edge)
                                                      0.000     0.000 r  
    PS8_X0Y0             PS8                          0.000     0.000 r  spi_module_i/zynq_ultra_ps_e_0/inst/PS8_i/PLCLK[0]
                         net (fo=1, routed)           0.164     0.164    spi_module_i/zynq_ultra_ps_e_0/inst/pl_clk_unbuffered[0]
    BUFG_PS_X0Y91        BUFG_PS (Prop_BUFG_PS_I_O)
                                                      0.023     0.187 r  spi_module_i/zynq_ultra_ps_e_0/inst/buffer_pl_clk_0.PL_CLK_0_BUFG/O
    X0Y1 (CLOCK_ROOT)    net (fo=10582, routed)       1.402     1.589    spi_module_i/axi_quad_spi_0/U0/NO_DUAL_QUAD_MODE.QSPI_NORMAL/QSPI_LEGACY_MD_GEN.QSPI_CORE_INTERFACE_I/FIFO_EXISTS.TX_FIFO_II/gnuram_async_fifo.xpm_fifo_base_inst/gen_cdc_pntr.rd_pntr_cdc_dc_inst/dest_clk
    SLICE_X15Y146        FDRE                                         r  spi_module_i/axi_quad_spi_0/U0/NO_DUAL_QUAD_MODE.QSPI_NORMAL/QSPI_LEGACY_MD_GEN.QSPI_CORE_INTERFACE_I/FIFO_EXISTS.TX_FIFO_II/gnuram_async_fifo.xpm_fifo_base_inst/gen_cdc_pntr.rd_pntr_cdc_dc_inst/dest_graysync_ff_reg[0][1]/C

Slack:                    inf
  Source:                 spi_module_i/axi_quad_spi_0/U0/NO_DUAL_QUAD_MODE.QSPI_NORMAL/QSPI_LEGACY_MD_GEN.QSPI_CORE_INTERFACE_I/FIFO_EXISTS.CLK_CROSS_I/LOGIC_GENERATION_CDC.Slave_MODF_strobe_cdc_from_spi_int_2_reg/C
                            (rising edge-triggered cell FDRE clocked by clk_out1_spi_module_clk_wiz_0  {rise@0.000ns fall@5.000ns period=10.000ns})
  Destination:            spi_module_i/axi_quad_spi_0/U0/NO_DUAL_QUAD_MODE.QSPI_NORMAL/QSPI_LEGACY_MD_GEN.QSPI_CORE_INTERFACE_I/FIFO_EXISTS.CLK_CROSS_I/LOGIC_GENERATION_CDC.SLV_MODF_STRB_S2AX_1/syncstages_ff_reg[0]/D
                            (rising edge-triggered cell FDRE clocked by clk_pl_0  {rise@0.000ns fall@5.000ns period=10.000ns})
  Path Group:             (none)
  Path Type:              Hold (Min at Fast Process Corner)
  Data Path Delay:        0.153ns  (logic 0.083ns (54.248%)  route 0.070ns (45.752%))
  Logic Levels:           0  
  Clock Path Skew:        -0.882ns (DCD - SCD - CPR)
    Destination Clock Delay (DCD):    1.590ns
    Source Clock Delay      (SCD):    2.472ns
    Clock Pessimism Removal (CPR):    -0.000ns
  Clock Uncertainty:      0.476ns  ((TSJ^2 + DJ^2)^1/2) / 2 + PE
    Total System Jitter     (TSJ):    0.071ns
    Discrete Jitter          (DJ):    0.503ns
    Phase Error              (PE):    0.222ns
  Clock Net Delay (Source):      1.320ns (routing 0.727ns, distribution 0.593ns)
  Clock Net Delay (Destination): 1.403ns (routing 0.739ns, distribution 0.664ns)
  Timing Exception:       False Path

    Location             Delay type                Incr(ns)  Path(ns)    Netlist Resource(s)
  -------------------------------------------------------------------    -------------------
                         (clock clk_out1_spi_module_clk_wiz_0 rise edge)
                                                      0.000     0.000 r  
    C3                                                0.000     0.000 r  som240_1_connector_hpa_clk0p_clk (IN)
                         net (fo=0)                   0.000     0.000    spi_module_i/clk_wiz/inst/clkin1_ibuf/I
    C3                   INBUF (Prop_INBUF_HPIOB_M_PAD_O)
                                                      0.172     0.172 r  spi_module_i/clk_wiz/inst/clkin1_ibuf/INBUF_INST/O
                         net (fo=1, routed)           0.000     0.172    spi_module_i/clk_wiz/inst/clkin1_ibuf/OUT
    C3                   IBUFCTRL (Prop_IBUFCTRL_HPIOB_M_I_O)
                                                      0.000     0.172 r  spi_module_i/clk_wiz/inst/clkin1_ibuf/IBUFCTRL_INST/O
                         net (fo=1, routed)           0.212     0.384    spi_module_i/clk_wiz/inst/clk_in1_spi_module_clk_wiz_0
    MMCM_X0Y3            MMCME4_ADV (Prop_MMCM_CLKIN1_CLKOUT0)
                                                      0.566     0.950 r  spi_module_i/clk_wiz/inst/mmcme4_adv_inst/CLKOUT0
                         net (fo=1, routed)           0.179     1.129    spi_module_i/clk_wiz/inst/clk_out1_spi_module_clk_wiz_0
    BUFGCE_X0Y76         BUFGCE (Prop_BUFCE_BUFGCE_I_O)
                                                      0.023     1.152 r  spi_module_i/clk_wiz/inst/clkout1_buf/O
    X0Y2 (CLOCK_ROOT)    net (fo=324, routed)         1.320     2.472    spi_module_i/axi_quad_spi_0/U0/NO_DUAL_QUAD_MODE.QSPI_NORMAL/QSPI_LEGACY_MD_GEN.QSPI_CORE_INTERFACE_I/FIFO_EXISTS.CLK_CROSS_I/ext_spi_clk
    SLICE_X17Y145        FDRE                                         r  spi_module_i/axi_quad_spi_0/U0/NO_DUAL_QUAD_MODE.QSPI_NORMAL/QSPI_LEGACY_MD_GEN.QSPI_CORE_INTERFACE_I/FIFO_EXISTS.CLK_CROSS_I/LOGIC_GENERATION_CDC.Slave_MODF_strobe_cdc_from_spi_int_2_reg/C
  -------------------------------------------------------------------    -------------------
    SLICE_X17Y145        FDRE (Prop_HFF2_SLICEM_C_Q)
                                                      0.083     2.555 r  spi_module_i/axi_quad_spi_0/U0/NO_DUAL_QUAD_MODE.QSPI_NORMAL/QSPI_LEGACY_MD_GEN.QSPI_CORE_INTERFACE_I/FIFO_EXISTS.CLK_CROSS_I/LOGIC_GENERATION_CDC.Slave_MODF_strobe_cdc_from_spi_int_2_reg/Q
                         net (fo=2, routed)           0.070     2.625    spi_module_i/axi_quad_spi_0/U0/NO_DUAL_QUAD_MODE.QSPI_NORMAL/QSPI_LEGACY_MD_GEN.QSPI_CORE_INTERFACE_I/FIFO_EXISTS.CLK_CROSS_I/LOGIC_GENERATION_CDC.SLV_MODF_STRB_S2AX_1/src_in
    SLICE_X17Y144        FDRE                                         r  spi_module_i/axi_quad_spi_0/U0/NO_DUAL_QUAD_MODE.QSPI_NORMAL/QSPI_LEGACY_MD_GEN.QSPI_CORE_INTERFACE_I/FIFO_EXISTS.CLK_CROSS_I/LOGIC_GENERATION_CDC.SLV_MODF_STRB_S2AX_1/syncstages_ff_reg[0]/D
  -------------------------------------------------------------------    -------------------

                         (clock clk_pl_0 rise edge)
                                                      0.000     0.000 r  
    PS8_X0Y0             PS8                          0.000     0.000 r  spi_module_i/zynq_ultra_ps_e_0/inst/PS8_i/PLCLK[0]
                         net (fo=1, routed)           0.164     0.164    spi_module_i/zynq_ultra_ps_e_0/inst/pl_clk_unbuffered[0]
    BUFG_PS_X0Y91        BUFG_PS (Prop_BUFG_PS_I_O)
                                                      0.023     0.187 r  spi_module_i/zynq_ultra_ps_e_0/inst/buffer_pl_clk_0.PL_CLK_0_BUFG/O
    X0Y1 (CLOCK_ROOT)    net (fo=10582, routed)       1.403     1.590    spi_module_i/axi_quad_spi_0/U0/NO_DUAL_QUAD_MODE.QSPI_NORMAL/QSPI_LEGACY_MD_GEN.QSPI_CORE_INTERFACE_I/FIFO_EXISTS.CLK_CROSS_I/LOGIC_GENERATION_CDC.SLV_MODF_STRB_S2AX_1/dest_clk
    SLICE_X17Y144        FDRE                                         r  spi_module_i/axi_quad_spi_0/U0/NO_DUAL_QUAD_MODE.QSPI_NORMAL/QSPI_LEGACY_MD_GEN.QSPI_CORE_INTERFACE_I/FIFO_EXISTS.CLK_CROSS_I/LOGIC_GENERATION_CDC.SLV_MODF_STRB_S2AX_1/syncstages_ff_reg[0]/C

Slack:                    inf
  Source:                 spi_module_i/axi_quad_spi_0/U0/NO_DUAL_QUAD_MODE.QSPI_NORMAL/QSPI_LEGACY_MD_GEN.QSPI_CORE_INTERFACE_I/FIFO_EXISTS.RX_FIFO_II/gnuram_async_fifo.xpm_fifo_base_inst/gen_cdc_pntr.wr_pntr_cdc_dc_inst/src_gray_ff_reg[3]/C
                            (rising edge-triggered cell FDRE clocked by clk_out1_spi_module_clk_wiz_0  {rise@0.000ns fall@5.000ns period=10.000ns})
  Destination:            spi_module_i/axi_quad_spi_0/U0/NO_DUAL_QUAD_MODE.QSPI_NORMAL/QSPI_LEGACY_MD_GEN.QSPI_CORE_INTERFACE_I/FIFO_EXISTS.RX_FIFO_II/gnuram_async_fifo.xpm_fifo_base_inst/gen_cdc_pntr.wr_pntr_cdc_dc_inst/dest_graysync_ff_reg[0][3]/D
                            (rising edge-triggered cell FDRE clocked by clk_pl_0  {rise@0.000ns fall@5.000ns period=10.000ns})
  Path Group:             (none)
  Path Type:              Hold (Min at Fast Process Corner)
  Data Path Delay:        0.152ns  (logic 0.084ns (55.263%)  route 0.068ns (44.737%))
  Logic Levels:           0  
  Clock Path Skew:        -0.877ns (DCD - SCD - CPR)
    Destination Clock Delay (DCD):    1.596ns
    Source Clock Delay      (SCD):    2.473ns
    Clock Pessimism Removal (CPR):    -0.000ns
  Clock Uncertainty:      0.476ns  ((TSJ^2 + DJ^2)^1/2) / 2 + PE
    Total System Jitter     (TSJ):    0.071ns
    Discrete Jitter          (DJ):    0.503ns
    Phase Error              (PE):    0.222ns
  Clock Net Delay (Source):      1.321ns (routing 0.727ns, distribution 0.594ns)
  Clock Net Delay (Destination): 1.409ns (routing 0.739ns, distribution 0.670ns)
  Timing Exception:       False Path

    Location             Delay type                Incr(ns)  Path(ns)    Netlist Resource(s)
  -------------------------------------------------------------------    -------------------
                         (clock clk_out1_spi_module_clk_wiz_0 rise edge)
                                                      0.000     0.000 r  
    C3                                                0.000     0.000 r  som240_1_connector_hpa_clk0p_clk (IN)
                         net (fo=0)                   0.000     0.000    spi_module_i/clk_wiz/inst/clkin1_ibuf/I
    C3                   INBUF (Prop_INBUF_HPIOB_M_PAD_O)
                                                      0.172     0.172 r  spi_module_i/clk_wiz/inst/clkin1_ibuf/INBUF_INST/O
                         net (fo=1, routed)           0.000     0.172    spi_module_i/clk_wiz/inst/clkin1_ibuf/OUT
    C3                   IBUFCTRL (Prop_IBUFCTRL_HPIOB_M_I_O)
                                                      0.000     0.172 r  spi_module_i/clk_wiz/inst/clkin1_ibuf/IBUFCTRL_INST/O
                         net (fo=1, routed)           0.212     0.384    spi_module_i/clk_wiz/inst/clk_in1_spi_module_clk_wiz_0
    MMCM_X0Y3            MMCME4_ADV (Prop_MMCM_CLKIN1_CLKOUT0)
                                                      0.566     0.950 r  spi_module_i/clk_wiz/inst/mmcme4_adv_inst/CLKOUT0
                         net (fo=1, routed)           0.179     1.129    spi_module_i/clk_wiz/inst/clk_out1_spi_module_clk_wiz_0
    BUFGCE_X0Y76         BUFGCE (Prop_BUFCE_BUFGCE_I_O)
                                                      0.023     1.152 r  spi_module_i/clk_wiz/inst/clkout1_buf/O
    X0Y2 (CLOCK_ROOT)    net (fo=324, routed)         1.321     2.473    spi_module_i/axi_quad_spi_0/U0/NO_DUAL_QUAD_MODE.QSPI_NORMAL/QSPI_LEGACY_MD_GEN.QSPI_CORE_INTERFACE_I/FIFO_EXISTS.RX_FIFO_II/gnuram_async_fifo.xpm_fifo_base_inst/gen_cdc_pntr.wr_pntr_cdc_dc_inst/src_clk
    SLICE_X15Y155        FDRE                                         r  spi_module_i/axi_quad_spi_0/U0/NO_DUAL_QUAD_MODE.QSPI_NORMAL/QSPI_LEGACY_MD_GEN.QSPI_CORE_INTERFACE_I/FIFO_EXISTS.RX_FIFO_II/gnuram_async_fifo.xpm_fifo_base_inst/gen_cdc_pntr.wr_pntr_cdc_dc_inst/src_gray_ff_reg[3]/C
  -------------------------------------------------------------------    -------------------
    SLICE_X15Y155        FDRE (Prop_HFF2_SLICEL_C_Q)
                                                      0.084     2.557 r  spi_module_i/axi_quad_spi_0/U0/NO_DUAL_QUAD_MODE.QSPI_NORMAL/QSPI_LEGACY_MD_GEN.QSPI_CORE_INTERFACE_I/FIFO_EXISTS.RX_FIFO_II/gnuram_async_fifo.xpm_fifo_base_inst/gen_cdc_pntr.wr_pntr_cdc_dc_inst/src_gray_ff_reg[3]/Q
                         net (fo=1, routed)           0.068     2.625    spi_module_i/axi_quad_spi_0/U0/NO_DUAL_QUAD_MODE.QSPI_NORMAL/QSPI_LEGACY_MD_GEN.QSPI_CORE_INTERFACE_I/FIFO_EXISTS.RX_FIFO_II/gnuram_async_fifo.xpm_fifo_base_inst/gen_cdc_pntr.wr_pntr_cdc_dc_inst/async_path[3]
    SLICE_X13Y155        FDRE                                         r  spi_module_i/axi_quad_spi_0/U0/NO_DUAL_QUAD_MODE.QSPI_NORMAL/QSPI_LEGACY_MD_GEN.QSPI_CORE_INTERFACE_I/FIFO_EXISTS.RX_FIFO_II/gnuram_async_fifo.xpm_fifo_base_inst/gen_cdc_pntr.wr_pntr_cdc_dc_inst/dest_graysync_ff_reg[0][3]/D
  -------------------------------------------------------------------    -------------------

                         (clock clk_pl_0 rise edge)
                                                      0.000     0.000 r  
    PS8_X0Y0             PS8                          0.000     0.000 r  spi_module_i/zynq_ultra_ps_e_0/inst/PS8_i/PLCLK[0]
                         net (fo=1, routed)           0.164     0.164    spi_module_i/zynq_ultra_ps_e_0/inst/pl_clk_unbuffered[0]
    BUFG_PS_X0Y91        BUFG_PS (Prop_BUFG_PS_I_O)
                                                      0.023     0.187 r  spi_module_i/zynq_ultra_ps_e_0/inst/buffer_pl_clk_0.PL_CLK_0_BUFG/O
    X0Y1 (CLOCK_ROOT)    net (fo=10582, routed)       1.409     1.596    spi_module_i/axi_quad_spi_0/U0/NO_DUAL_QUAD_MODE.QSPI_NORMAL/QSPI_LEGACY_MD_GEN.QSPI_CORE_INTERFACE_I/FIFO_EXISTS.RX_FIFO_II/gnuram_async_fifo.xpm_fifo_base_inst/gen_cdc_pntr.wr_pntr_cdc_dc_inst/dest_clk
    SLICE_X13Y155        FDRE                                         r  spi_module_i/axi_quad_spi_0/U0/NO_DUAL_QUAD_MODE.QSPI_NORMAL/QSPI_LEGACY_MD_GEN.QSPI_CORE_INTERFACE_I/FIFO_EXISTS.RX_FIFO_II/gnuram_async_fifo.xpm_fifo_base_inst/gen_cdc_pntr.wr_pntr_cdc_dc_inst/dest_graysync_ff_reg[0][3]/C

Slack:                    inf
  Source:                 spi_module_i/axi_quad_spi_0/U0/NO_DUAL_QUAD_MODE.QSPI_NORMAL/QSPI_LEGACY_MD_GEN.QSPI_CORE_INTERFACE_I/LOGIC_FOR_MD_0_GEN.SPI_MODULE_I/DTR_UNDERRUN_FIFO_EXIST_GEN.DTR_underrun_reg/C
                            (rising edge-triggered cell FDRE clocked by clk_out1_spi_module_clk_wiz_0  {rise@0.000ns fall@5.000ns period=10.000ns})
  Destination:            spi_module_i/axi_quad_spi_0/U0/NO_DUAL_QUAD_MODE.QSPI_NORMAL/QSPI_LEGACY_MD_GEN.QSPI_CORE_INTERFACE_I/FIFO_EXISTS.CLK_CROSS_I/LOGIC_GENERATION_CDC.DTR_UNDERRUN_S2AX_1/syncstages_ff_reg[0]/D
                            (rising edge-triggered cell FDRE clocked by clk_pl_0  {rise@0.000ns fall@5.000ns period=10.000ns})
  Path Group:             (none)
  Path Type:              Hold (Min at Fast Process Corner)
  Data Path Delay:        0.159ns  (logic 0.084ns (52.784%)  route 0.075ns (47.216%))
  Logic Levels:           0  
  Clock Path Skew:        -0.875ns (DCD - SCD - CPR)
    Destination Clock Delay (DCD):    1.593ns
    Source Clock Delay      (SCD):    2.469ns
    Clock Pessimism Removal (CPR):    -0.000ns
  Clock Uncertainty:      0.476ns  ((TSJ^2 + DJ^2)^1/2) / 2 + PE
    Total System Jitter     (TSJ):    0.071ns
    Discrete Jitter          (DJ):    0.503ns
    Phase Error              (PE):    0.222ns
  Clock Net Delay (Source):      1.317ns (routing 0.727ns, distribution 0.590ns)
  Clock Net Delay (Destination): 1.406ns (routing 0.739ns, distribution 0.667ns)
  Timing Exception:       False Path

    Location             Delay type                Incr(ns)  Path(ns)    Netlist Resource(s)
  -------------------------------------------------------------------    -------------------
                         (clock clk_out1_spi_module_clk_wiz_0 rise edge)
                                                      0.000     0.000 r  
    C3                                                0.000     0.000 r  som240_1_connector_hpa_clk0p_clk (IN)
                         net (fo=0)                   0.000     0.000    spi_module_i/clk_wiz/inst/clkin1_ibuf/I
    C3                   INBUF (Prop_INBUF_HPIOB_M_PAD_O)
                                                      0.172     0.172 r  spi_module_i/clk_wiz/inst/clkin1_ibuf/INBUF_INST/O
                         net (fo=1, routed)           0.000     0.172    spi_module_i/clk_wiz/inst/clkin1_ibuf/OUT
    C3                   IBUFCTRL (Prop_IBUFCTRL_HPIOB_M_I_O)
                                                      0.000     0.172 r  spi_module_i/clk_wiz/inst/clkin1_ibuf/IBUFCTRL_INST/O
                         net (fo=1, routed)           0.212     0.384    spi_module_i/clk_wiz/inst/clk_in1_spi_module_clk_wiz_0
    MMCM_X0Y3            MMCME4_ADV (Prop_MMCM_CLKIN1_CLKOUT0)
                                                      0.566     0.950 r  spi_module_i/clk_wiz/inst/mmcme4_adv_inst/CLKOUT0
                         net (fo=1, routed)           0.179     1.129    spi_module_i/clk_wiz/inst/clk_out1_spi_module_clk_wiz_0
    BUFGCE_X0Y76         BUFGCE (Prop_BUFCE_BUFGCE_I_O)
                                                      0.023     1.152 r  spi_module_i/clk_wiz/inst/clkout1_buf/O
    X0Y2 (CLOCK_ROOT)    net (fo=324, routed)         1.317     2.469    spi_module_i/axi_quad_spi_0/U0/NO_DUAL_QUAD_MODE.QSPI_NORMAL/QSPI_LEGACY_MD_GEN.QSPI_CORE_INTERFACE_I/LOGIC_FOR_MD_0_GEN.SPI_MODULE_I/ext_spi_clk
    SLICE_X15Y146        FDRE                                         r  spi_module_i/axi_quad_spi_0/U0/NO_DUAL_QUAD_MODE.QSPI_NORMAL/QSPI_LEGACY_MD_GEN.QSPI_CORE_INTERFACE_I/LOGIC_FOR_MD_0_GEN.SPI_MODULE_I/DTR_UNDERRUN_FIFO_EXIST_GEN.DTR_underrun_reg/C
  -------------------------------------------------------------------    -------------------
    SLICE_X15Y146        FDRE (Prop_BFF_SLICEL_C_Q)
                                                      0.084     2.553 r  spi_module_i/axi_quad_spi_0/U0/NO_DUAL_QUAD_MODE.QSPI_NORMAL/QSPI_LEGACY_MD_GEN.QSPI_CORE_INTERFACE_I/LOGIC_FOR_MD_0_GEN.SPI_MODULE_I/DTR_UNDERRUN_FIFO_EXIST_GEN.DTR_underrun_reg/Q
                         net (fo=2, routed)           0.075     2.628    spi_module_i/axi_quad_spi_0/U0/NO_DUAL_QUAD_MODE.QSPI_NORMAL/QSPI_LEGACY_MD_GEN.QSPI_CORE_INTERFACE_I/FIFO_EXISTS.CLK_CROSS_I/LOGIC_GENERATION_CDC.DTR_UNDERRUN_S2AX_1/src_in
    SLICE_X15Y143        FDRE                                         r  spi_module_i/axi_quad_spi_0/U0/NO_DUAL_QUAD_MODE.QSPI_NORMAL/QSPI_LEGACY_MD_GEN.QSPI_CORE_INTERFACE_I/FIFO_EXISTS.CLK_CROSS_I/LOGIC_GENERATION_CDC.DTR_UNDERRUN_S2AX_1/syncstages_ff_reg[0]/D
  -------------------------------------------------------------------    -------------------

                         (clock clk_pl_0 rise edge)
                                                      0.000     0.000 r  
    PS8_X0Y0             PS8                          0.000     0.000 r  spi_module_i/zynq_ultra_ps_e_0/inst/PS8_i/PLCLK[0]
                         net (fo=1, routed)           0.164     0.164    spi_module_i/zynq_ultra_ps_e_0/inst/pl_clk_unbuffered[0]
    BUFG_PS_X0Y91        BUFG_PS (Prop_BUFG_PS_I_O)
                                                      0.023     0.187 r  spi_module_i/zynq_ultra_ps_e_0/inst/buffer_pl_clk_0.PL_CLK_0_BUFG/O
    X0Y1 (CLOCK_ROOT)    net (fo=10582, routed)       1.406     1.593    spi_module_i/axi_quad_spi_0/U0/NO_DUAL_QUAD_MODE.QSPI_NORMAL/QSPI_LEGACY_MD_GEN.QSPI_CORE_INTERFACE_I/FIFO_EXISTS.CLK_CROSS_I/LOGIC_GENERATION_CDC.DTR_UNDERRUN_S2AX_1/dest_clk
    SLICE_X15Y143        FDRE                                         r  spi_module_i/axi_quad_spi_0/U0/NO_DUAL_QUAD_MODE.QSPI_NORMAL/QSPI_LEGACY_MD_GEN.QSPI_CORE_INTERFACE_I/FIFO_EXISTS.CLK_CROSS_I/LOGIC_GENERATION_CDC.DTR_UNDERRUN_S2AX_1/syncstages_ff_reg[0]/C

Slack:                    inf
  Source:                 spi_module_i/axi_quad_spi_0/U0/NO_DUAL_QUAD_MODE.QSPI_NORMAL/QSPI_LEGACY_MD_GEN.QSPI_CORE_INTERFACE_I/FIFO_EXISTS.RX_FIFO_II/gnuram_async_fifo.xpm_fifo_base_inst/gen_cdc_pntr.wr_pntr_cdc_dc_inst/src_gray_ff_reg[0]/C
                            (rising edge-triggered cell FDRE clocked by clk_out1_spi_module_clk_wiz_0  {rise@0.000ns fall@5.000ns period=10.000ns})
  Destination:            spi_module_i/axi_quad_spi_0/U0/NO_DUAL_QUAD_MODE.QSPI_NORMAL/QSPI_LEGACY_MD_GEN.QSPI_CORE_INTERFACE_I/FIFO_EXISTS.RX_FIFO_II/gnuram_async_fifo.xpm_fifo_base_inst/gen_cdc_pntr.wr_pntr_cdc_dc_inst/dest_graysync_ff_reg[0][0]/D
                            (rising edge-triggered cell FDRE clocked by clk_pl_0  {rise@0.000ns fall@5.000ns period=10.000ns})
  Path Group:             (none)
  Path Type:              Hold (Min at Fast Process Corner)
  Data Path Delay:        0.172ns  (logic 0.083ns (48.256%)  route 0.089ns (51.744%))
  Logic Levels:           0  
  Clock Path Skew:        -0.873ns (DCD - SCD - CPR)
    Destination Clock Delay (DCD):    1.585ns
    Source Clock Delay      (SCD):    2.458ns
    Clock Pessimism Removal (CPR):    -0.000ns
  Clock Uncertainty:      0.476ns  ((TSJ^2 + DJ^2)^1/2) / 2 + PE
    Total System Jitter     (TSJ):    0.071ns
    Discrete Jitter          (DJ):    0.503ns
    Phase Error              (PE):    0.222ns
  Clock Net Delay (Source):      1.306ns (routing 0.727ns, distribution 0.579ns)
  Clock Net Delay (Destination): 1.398ns (routing 0.739ns, distribution 0.659ns)
  Timing Exception:       False Path

    Location             Delay type                Incr(ns)  Path(ns)    Netlist Resource(s)
  -------------------------------------------------------------------    -------------------
                         (clock clk_out1_spi_module_clk_wiz_0 rise edge)
                                                      0.000     0.000 r  
    C3                                                0.000     0.000 r  som240_1_connector_hpa_clk0p_clk (IN)
                         net (fo=0)                   0.000     0.000    spi_module_i/clk_wiz/inst/clkin1_ibuf/I
    C3                   INBUF (Prop_INBUF_HPIOB_M_PAD_O)
                                                      0.172     0.172 r  spi_module_i/clk_wiz/inst/clkin1_ibuf/INBUF_INST/O
                         net (fo=1, routed)           0.000     0.172    spi_module_i/clk_wiz/inst/clkin1_ibuf/OUT
    C3                   IBUFCTRL (Prop_IBUFCTRL_HPIOB_M_I_O)
                                                      0.000     0.172 r  spi_module_i/clk_wiz/inst/clkin1_ibuf/IBUFCTRL_INST/O
                         net (fo=1, routed)           0.212     0.384    spi_module_i/clk_wiz/inst/clk_in1_spi_module_clk_wiz_0
    MMCM_X0Y3            MMCME4_ADV (Prop_MMCM_CLKIN1_CLKOUT0)
                                                      0.566     0.950 r  spi_module_i/clk_wiz/inst/mmcme4_adv_inst/CLKOUT0
                         net (fo=1, routed)           0.179     1.129    spi_module_i/clk_wiz/inst/clk_out1_spi_module_clk_wiz_0
    BUFGCE_X0Y76         BUFGCE (Prop_BUFCE_BUFGCE_I_O)
                                                      0.023     1.152 r  spi_module_i/clk_wiz/inst/clkout1_buf/O
    X0Y2 (CLOCK_ROOT)    net (fo=324, routed)         1.306     2.458    spi_module_i/axi_quad_spi_0/U0/NO_DUAL_QUAD_MODE.QSPI_NORMAL/QSPI_LEGACY_MD_GEN.QSPI_CORE_INTERFACE_I/FIFO_EXISTS.RX_FIFO_II/gnuram_async_fifo.xpm_fifo_base_inst/gen_cdc_pntr.wr_pntr_cdc_dc_inst/src_clk
    SLICE_X12Y153        FDRE                                         r  spi_module_i/axi_quad_spi_0/U0/NO_DUAL_QUAD_MODE.QSPI_NORMAL/QSPI_LEGACY_MD_GEN.QSPI_CORE_INTERFACE_I/FIFO_EXISTS.RX_FIFO_II/gnuram_async_fifo.xpm_fifo_base_inst/gen_cdc_pntr.wr_pntr_cdc_dc_inst/src_gray_ff_reg[0]/C
  -------------------------------------------------------------------    -------------------
    SLICE_X12Y153        FDRE (Prop_DFF_SLICEM_C_Q)
                                                      0.083     2.541 r  spi_module_i/axi_quad_spi_0/U0/NO_DUAL_QUAD_MODE.QSPI_NORMAL/QSPI_LEGACY_MD_GEN.QSPI_CORE_INTERFACE_I/FIFO_EXISTS.RX_FIFO_II/gnuram_async_fifo.xpm_fifo_base_inst/gen_cdc_pntr.wr_pntr_cdc_dc_inst/src_gray_ff_reg[0]/Q
                         net (fo=1, routed)           0.089     2.630    spi_module_i/axi_quad_spi_0/U0/NO_DUAL_QUAD_MODE.QSPI_NORMAL/QSPI_LEGACY_MD_GEN.QSPI_CORE_INTERFACE_I/FIFO_EXISTS.RX_FIFO_II/gnuram_async_fifo.xpm_fifo_base_inst/gen_cdc_pntr.wr_pntr_cdc_dc_inst/async_path[0]
    SLICE_X12Y153        FDRE                                         r  spi_module_i/axi_quad_spi_0/U0/NO_DUAL_QUAD_MODE.QSPI_NORMAL/QSPI_LEGACY_MD_GEN.QSPI_CORE_INTERFACE_I/FIFO_EXISTS.RX_FIFO_II/gnuram_async_fifo.xpm_fifo_base_inst/gen_cdc_pntr.wr_pntr_cdc_dc_inst/dest_graysync_ff_reg[0][0]/D
  -------------------------------------------------------------------    -------------------

                         (clock clk_pl_0 rise edge)
                                                      0.000     0.000 r  
    PS8_X0Y0             PS8                          0.000     0.000 r  spi_module_i/zynq_ultra_ps_e_0/inst/PS8_i/PLCLK[0]
                         net (fo=1, routed)           0.164     0.164    spi_module_i/zynq_ultra_ps_e_0/inst/pl_clk_unbuffered[0]
    BUFG_PS_X0Y91        BUFG_PS (Prop_BUFG_PS_I_O)
                                                      0.023     0.187 r  spi_module_i/zynq_ultra_ps_e_0/inst/buffer_pl_clk_0.PL_CLK_0_BUFG/O
    X0Y1 (CLOCK_ROOT)    net (fo=10582, routed)       1.398     1.585    spi_module_i/axi_quad_spi_0/U0/NO_DUAL_QUAD_MODE.QSPI_NORMAL/QSPI_LEGACY_MD_GEN.QSPI_CORE_INTERFACE_I/FIFO_EXISTS.RX_FIFO_II/gnuram_async_fifo.xpm_fifo_base_inst/gen_cdc_pntr.wr_pntr_cdc_dc_inst/dest_clk
    SLICE_X12Y153        FDRE                                         r  spi_module_i/axi_quad_spi_0/U0/NO_DUAL_QUAD_MODE.QSPI_NORMAL/QSPI_LEGACY_MD_GEN.QSPI_CORE_INTERFACE_I/FIFO_EXISTS.RX_FIFO_II/gnuram_async_fifo.xpm_fifo_base_inst/gen_cdc_pntr.wr_pntr_cdc_dc_inst/dest_graysync_ff_reg[0][0]/C

Slack:                    inf
  Source:                 spi_module_i/axi_quad_spi_0/U0/NO_DUAL_QUAD_MODE.QSPI_NORMAL/QSPI_LEGACY_MD_GEN.QSPI_CORE_INTERFACE_I/FIFO_EXISTS.RX_FIFO_II/gnuram_async_fifo.xpm_fifo_base_inst/gen_cdc_pntr.wr_pntr_cdc_dc_inst/src_gray_ff_reg[4]/C
                            (rising edge-triggered cell FDRE clocked by clk_out1_spi_module_clk_wiz_0  {rise@0.000ns fall@5.000ns period=10.000ns})
  Destination:            spi_module_i/axi_quad_spi_0/U0/NO_DUAL_QUAD_MODE.QSPI_NORMAL/QSPI_LEGACY_MD_GEN.QSPI_CORE_INTERFACE_I/FIFO_EXISTS.RX_FIFO_II/gnuram_async_fifo.xpm_fifo_base_inst/gen_cdc_pntr.wr_pntr_cdc_dc_inst/dest_graysync_ff_reg[0][4]/D
                            (rising edge-triggered cell FDRE clocked by clk_pl_0  {rise@0.000ns fall@5.000ns period=10.000ns})
  Path Group:             (none)
  Path Type:              Hold (Min at Fast Process Corner)
  Data Path Delay:        0.168ns  (logic 0.084ns (50.000%)  route 0.084ns (50.000%))
  Logic Levels:           0  
  Clock Path Skew:        -0.868ns (DCD - SCD - CPR)
    Destination Clock Delay (DCD):    1.594ns
    Source Clock Delay      (SCD):    2.462ns
    Clock Pessimism Removal (CPR):    -0.000ns
  Clock Uncertainty:      0.476ns  ((TSJ^2 + DJ^2)^1/2) / 2 + PE
    Total System Jitter     (TSJ):    0.071ns
    Discrete Jitter          (DJ):    0.503ns
    Phase Error              (PE):    0.222ns
  Clock Net Delay (Source):      1.310ns (routing 0.727ns, distribution 0.583ns)
  Clock Net Delay (Destination): 1.407ns (routing 0.739ns, distribution 0.668ns)
  Timing Exception:       False Path

    Location             Delay type                Incr(ns)  Path(ns)    Netlist Resource(s)
  -------------------------------------------------------------------    -------------------
                         (clock clk_out1_spi_module_clk_wiz_0 rise edge)
                                                      0.000     0.000 r  
    C3                                                0.000     0.000 r  som240_1_connector_hpa_clk0p_clk (IN)
                         net (fo=0)                   0.000     0.000    spi_module_i/clk_wiz/inst/clkin1_ibuf/I
    C3                   INBUF (Prop_INBUF_HPIOB_M_PAD_O)
                                                      0.172     0.172 r  spi_module_i/clk_wiz/inst/clkin1_ibuf/INBUF_INST/O
                         net (fo=1, routed)           0.000     0.172    spi_module_i/clk_wiz/inst/clkin1_ibuf/OUT
    C3                   IBUFCTRL (Prop_IBUFCTRL_HPIOB_M_I_O)
                                                      0.000     0.172 r  spi_module_i/clk_wiz/inst/clkin1_ibuf/IBUFCTRL_INST/O
                         net (fo=1, routed)           0.212     0.384    spi_module_i/clk_wiz/inst/clk_in1_spi_module_clk_wiz_0
    MMCM_X0Y3            MMCME4_ADV (Prop_MMCM_CLKIN1_CLKOUT0)
                                                      0.566     0.950 r  spi_module_i/clk_wiz/inst/mmcme4_adv_inst/CLKOUT0
                         net (fo=1, routed)           0.179     1.129    spi_module_i/clk_wiz/inst/clk_out1_spi_module_clk_wiz_0
    BUFGCE_X0Y76         BUFGCE (Prop_BUFCE_BUFGCE_I_O)
                                                      0.023     1.152 r  spi_module_i/clk_wiz/inst/clkout1_buf/O
    X0Y2 (CLOCK_ROOT)    net (fo=324, routed)         1.310     2.462    spi_module_i/axi_quad_spi_0/U0/NO_DUAL_QUAD_MODE.QSPI_NORMAL/QSPI_LEGACY_MD_GEN.QSPI_CORE_INTERFACE_I/FIFO_EXISTS.RX_FIFO_II/gnuram_async_fifo.xpm_fifo_base_inst/gen_cdc_pntr.wr_pntr_cdc_dc_inst/src_clk
    SLICE_X14Y155        FDRE                                         r  spi_module_i/axi_quad_spi_0/U0/NO_DUAL_QUAD_MODE.QSPI_NORMAL/QSPI_LEGACY_MD_GEN.QSPI_CORE_INTERFACE_I/FIFO_EXISTS.RX_FIFO_II/gnuram_async_fifo.xpm_fifo_base_inst/gen_cdc_pntr.wr_pntr_cdc_dc_inst/src_gray_ff_reg[4]/C
  -------------------------------------------------------------------    -------------------
    SLICE_X14Y155        FDRE (Prop_GFF_SLICEL_C_Q)
                                                      0.084     2.546 r  spi_module_i/axi_quad_spi_0/U0/NO_DUAL_QUAD_MODE.QSPI_NORMAL/QSPI_LEGACY_MD_GEN.QSPI_CORE_INTERFACE_I/FIFO_EXISTS.RX_FIFO_II/gnuram_async_fifo.xpm_fifo_base_inst/gen_cdc_pntr.wr_pntr_cdc_dc_inst/src_gray_ff_reg[4]/Q
                         net (fo=1, routed)           0.084     2.630    spi_module_i/axi_quad_spi_0/U0/NO_DUAL_QUAD_MODE.QSPI_NORMAL/QSPI_LEGACY_MD_GEN.QSPI_CORE_INTERFACE_I/FIFO_EXISTS.RX_FIFO_II/gnuram_async_fifo.xpm_fifo_base_inst/gen_cdc_pntr.wr_pntr_cdc_dc_inst/async_path[4]
    SLICE_X13Y155        FDRE                                         r  spi_module_i/axi_quad_spi_0/U0/NO_DUAL_QUAD_MODE.QSPI_NORMAL/QSPI_LEGACY_MD_GEN.QSPI_CORE_INTERFACE_I/FIFO_EXISTS.RX_FIFO_II/gnuram_async_fifo.xpm_fifo_base_inst/gen_cdc_pntr.wr_pntr_cdc_dc_inst/dest_graysync_ff_reg[0][4]/D
  -------------------------------------------------------------------    -------------------

                         (clock clk_pl_0 rise edge)
                                                      0.000     0.000 r  
    PS8_X0Y0             PS8                          0.000     0.000 r  spi_module_i/zynq_ultra_ps_e_0/inst/PS8_i/PLCLK[0]
                         net (fo=1, routed)           0.164     0.164    spi_module_i/zynq_ultra_ps_e_0/inst/pl_clk_unbuffered[0]
    BUFG_PS_X0Y91        BUFG_PS (Prop_BUFG_PS_I_O)
                                                      0.023     0.187 r  spi_module_i/zynq_ultra_ps_e_0/inst/buffer_pl_clk_0.PL_CLK_0_BUFG/O
    X0Y1 (CLOCK_ROOT)    net (fo=10582, routed)       1.407     1.594    spi_module_i/axi_quad_spi_0/U0/NO_DUAL_QUAD_MODE.QSPI_NORMAL/QSPI_LEGACY_MD_GEN.QSPI_CORE_INTERFACE_I/FIFO_EXISTS.RX_FIFO_II/gnuram_async_fifo.xpm_fifo_base_inst/gen_cdc_pntr.wr_pntr_cdc_dc_inst/dest_clk
    SLICE_X13Y155        FDRE                                         r  spi_module_i/axi_quad_spi_0/U0/NO_DUAL_QUAD_MODE.QSPI_NORMAL/QSPI_LEGACY_MD_GEN.QSPI_CORE_INTERFACE_I/FIFO_EXISTS.RX_FIFO_II/gnuram_async_fifo.xpm_fifo_base_inst/gen_cdc_pntr.wr_pntr_cdc_dc_inst/dest_graysync_ff_reg[0][4]/C

Slack:                    inf
  Source:                 spi_module_i/axi_quad_spi_0/U0/NO_DUAL_QUAD_MODE.QSPI_NORMAL/QSPI_LEGACY_MD_GEN.QSPI_CORE_INTERFACE_I/FIFO_EXISTS.TX_FIFO_II/gnuram_async_fifo.xpm_fifo_base_inst/gen_cdc_pntr.rd_pntr_cdc_dc_inst/src_gray_ff_reg[0]/C
                            (rising edge-triggered cell FDRE clocked by clk_out1_spi_module_clk_wiz_0  {rise@0.000ns fall@5.000ns period=10.000ns})
  Destination:            spi_module_i/axi_quad_spi_0/U0/NO_DUAL_QUAD_MODE.QSPI_NORMAL/QSPI_LEGACY_MD_GEN.QSPI_CORE_INTERFACE_I/FIFO_EXISTS.TX_FIFO_II/gnuram_async_fifo.xpm_fifo_base_inst/gen_cdc_pntr.rd_pntr_cdc_dc_inst/dest_graysync_ff_reg[0][0]/D
                            (rising edge-triggered cell FDRE clocked by clk_pl_0  {rise@0.000ns fall@5.000ns period=10.000ns})
  Path Group:             (none)
  Path Type:              Hold (Min at Fast Process Corner)
  Data Path Delay:        0.164ns  (logic 0.084ns (51.220%)  route 0.080ns (48.781%))
  Logic Levels:           0  
  Clock Path Skew:        -0.872ns (DCD - SCD - CPR)
    Destination Clock Delay (DCD):    1.596ns
    Source Clock Delay      (SCD):    2.469ns
    Clock Pessimism Removal (CPR):    -0.000ns
  Clock Uncertainty:      0.476ns  ((TSJ^2 + DJ^2)^1/2) / 2 + PE
    Total System Jitter     (TSJ):    0.071ns
    Discrete Jitter          (DJ):    0.503ns
    Phase Error              (PE):    0.222ns
  Clock Net Delay (Source):      1.317ns (routing 0.727ns, distribution 0.590ns)
  Clock Net Delay (Destination): 1.409ns (routing 0.739ns, distribution 0.670ns)
  Timing Exception:       False Path

    Location             Delay type                Incr(ns)  Path(ns)    Netlist Resource(s)
  -------------------------------------------------------------------    -------------------
                         (clock clk_out1_spi_module_clk_wiz_0 rise edge)
                                                      0.000     0.000 r  
    C3                                                0.000     0.000 r  som240_1_connector_hpa_clk0p_clk (IN)
                         net (fo=0)                   0.000     0.000    spi_module_i/clk_wiz/inst/clkin1_ibuf/I
    C3                   INBUF (Prop_INBUF_HPIOB_M_PAD_O)
                                                      0.172     0.172 r  spi_module_i/clk_wiz/inst/clkin1_ibuf/INBUF_INST/O
                         net (fo=1, routed)           0.000     0.172    spi_module_i/clk_wiz/inst/clkin1_ibuf/OUT
    C3                   IBUFCTRL (Prop_IBUFCTRL_HPIOB_M_I_O)
                                                      0.000     0.172 r  spi_module_i/clk_wiz/inst/clkin1_ibuf/IBUFCTRL_INST/O
                         net (fo=1, routed)           0.212     0.384    spi_module_i/clk_wiz/inst/clk_in1_spi_module_clk_wiz_0
    MMCM_X0Y3            MMCME4_ADV (Prop_MMCM_CLKIN1_CLKOUT0)
                                                      0.566     0.950 r  spi_module_i/clk_wiz/inst/mmcme4_adv_inst/CLKOUT0
                         net (fo=1, routed)           0.179     1.129    spi_module_i/clk_wiz/inst/clk_out1_spi_module_clk_wiz_0
    BUFGCE_X0Y76         BUFGCE (Prop_BUFCE_BUFGCE_I_O)
                                                      0.023     1.152 r  spi_module_i/clk_wiz/inst/clkout1_buf/O
    X0Y2 (CLOCK_ROOT)    net (fo=324, routed)         1.317     2.469    spi_module_i/axi_quad_spi_0/U0/NO_DUAL_QUAD_MODE.QSPI_NORMAL/QSPI_LEGACY_MD_GEN.QSPI_CORE_INTERFACE_I/FIFO_EXISTS.TX_FIFO_II/gnuram_async_fifo.xpm_fifo_base_inst/gen_cdc_pntr.rd_pntr_cdc_dc_inst/src_clk
    SLICE_X15Y146        FDRE                                         r  spi_module_i/axi_quad_spi_0/U0/NO_DUAL_QUAD_MODE.QSPI_NORMAL/QSPI_LEGACY_MD_GEN.QSPI_CORE_INTERFACE_I/FIFO_EXISTS.TX_FIFO_II/gnuram_async_fifo.xpm_fifo_base_inst/gen_cdc_pntr.rd_pntr_cdc_dc_inst/src_gray_ff_reg[0]/C
  -------------------------------------------------------------------    -------------------
    SLICE_X15Y146        FDRE (Prop_DFF_SLICEL_C_Q)
                                                      0.084     2.553 r  spi_module_i/axi_quad_spi_0/U0/NO_DUAL_QUAD_MODE.QSPI_NORMAL/QSPI_LEGACY_MD_GEN.QSPI_CORE_INTERFACE_I/FIFO_EXISTS.TX_FIFO_II/gnuram_async_fifo.xpm_fifo_base_inst/gen_cdc_pntr.rd_pntr_cdc_dc_inst/src_gray_ff_reg[0]/Q
                         net (fo=1, routed)           0.080     2.633    spi_module_i/axi_quad_spi_0/U0/NO_DUAL_QUAD_MODE.QSPI_NORMAL/QSPI_LEGACY_MD_GEN.QSPI_CORE_INTERFACE_I/FIFO_EXISTS.TX_FIFO_II/gnuram_async_fifo.xpm_fifo_base_inst/gen_cdc_pntr.rd_pntr_cdc_dc_inst/async_path[0]
    SLICE_X14Y145        FDRE                                         r  spi_module_i/axi_quad_spi_0/U0/NO_DUAL_QUAD_MODE.QSPI_NORMAL/QSPI_LEGACY_MD_GEN.QSPI_CORE_INTERFACE_I/FIFO_EXISTS.TX_FIFO_II/gnuram_async_fifo.xpm_fifo_base_inst/gen_cdc_pntr.rd_pntr_cdc_dc_inst/dest_graysync_ff_reg[0][0]/D
  -------------------------------------------------------------------    -------------------

                         (clock clk_pl_0 rise edge)
                                                      0.000     0.000 r  
    PS8_X0Y0             PS8                          0.000     0.000 r  spi_module_i/zynq_ultra_ps_e_0/inst/PS8_i/PLCLK[0]
                         net (fo=1, routed)           0.164     0.164    spi_module_i/zynq_ultra_ps_e_0/inst/pl_clk_unbuffered[0]
    BUFG_PS_X0Y91        BUFG_PS (Prop_BUFG_PS_I_O)
                                                      0.023     0.187 r  spi_module_i/zynq_ultra_ps_e_0/inst/buffer_pl_clk_0.PL_CLK_0_BUFG/O
    X0Y1 (CLOCK_ROOT)    net (fo=10582, routed)       1.409     1.596    spi_module_i/axi_quad_spi_0/U0/NO_DUAL_QUAD_MODE.QSPI_NORMAL/QSPI_LEGACY_MD_GEN.QSPI_CORE_INTERFACE_I/FIFO_EXISTS.TX_FIFO_II/gnuram_async_fifo.xpm_fifo_base_inst/gen_cdc_pntr.rd_pntr_cdc_dc_inst/dest_clk
    SLICE_X14Y145        FDRE                                         r  spi_module_i/axi_quad_spi_0/U0/NO_DUAL_QUAD_MODE.QSPI_NORMAL/QSPI_LEGACY_MD_GEN.QSPI_CORE_INTERFACE_I/FIFO_EXISTS.TX_FIFO_II/gnuram_async_fifo.xpm_fifo_base_inst/gen_cdc_pntr.rd_pntr_cdc_dc_inst/dest_graysync_ff_reg[0][0]/C





--------------------------------------------------------------------------------------
Path Group:  (none)
From Clock:  clk_pl_0
  To Clock:  clk_pl_0

Max Delay           137 Endpoints
Min Delay           137 Endpoints
--------------------------------------------------------------------------------------


Max Delay Paths
--------------------------------------------------------------------------------------
Slack:                    inf
  Source:                 spi_module_i/axi_smc/inst/clk_map/psr_aclk/U0/ACTIVE_LOW_BSR_OUT_DFF[0].FDRE_BSR_N/C
                            (rising edge-triggered cell FDRE clocked by clk_pl_0  {rise@0.000ns fall@5.000ns period=10.000ns})
  Destination:            spi_module_i/axi_smc/inst/s00_entry_pipeline/s00_mmu/inst/xpm_cdc_async_rst_inst/arststages_ff_reg[0]/CLR
                            (recovery check against rising-edge clock clk_pl_0  {rise@0.000ns fall@5.000ns period=10.000ns})
  Path Group:             (none)
  Path Type:              Recovery (Max at Slow Process Corner)
  Data Path Delay:        1.481ns  (logic 0.114ns (7.695%)  route 1.367ns (92.305%))
  Logic Levels:           0  
  Clock Path Skew:        -0.290ns (DCD - SCD + CPR)
    Destination Clock Delay (DCD):    2.372ns
    Source Clock Delay      (SCD):    2.662ns
    Clock Pessimism Removal (CPR):    0.000ns
  Clock Uncertainty:      0.160ns  ((TSJ^2 + DJ^2)^1/2) / 2 + PE
    Total System Jitter     (TSJ):    0.071ns
    Discrete Jitter          (DJ):    0.312ns
    Phase Error              (PE):    0.000ns
  Clock Net Delay (Source):      2.395ns (routing 1.229ns, distribution 1.166ns)
  Clock Net Delay (Destination): 2.156ns (routing 1.122ns, distribution 1.034ns)
  Timing Exception:       False Path

    Location             Delay type                Incr(ns)  Path(ns)    Netlist Resource(s)
  -------------------------------------------------------------------    -------------------
                         (clock clk_pl_0 rise edge)
                                                      0.000     0.000 r  
    PS8_X0Y0             PS8                          0.000     0.000 r  spi_module_i/zynq_ultra_ps_e_0/inst/PS8_i/PLCLK[0]
                         net (fo=1, routed)           0.229     0.229    spi_module_i/zynq_ultra_ps_e_0/inst/pl_clk_unbuffered[0]
    BUFG_PS_X0Y91        BUFG_PS (Prop_BUFG_PS_I_O)
                                                      0.038     0.267 r  spi_module_i/zynq_ultra_ps_e_0/inst/buffer_pl_clk_0.PL_CLK_0_BUFG/O
    X0Y1 (CLOCK_ROOT)    net (fo=10582, routed)       2.395     2.662    spi_module_i/axi_smc/inst/clk_map/psr_aclk/U0/aclk
    SLICE_X9Y137         FDRE                                         r  spi_module_i/axi_smc/inst/clk_map/psr_aclk/U0/ACTIVE_LOW_BSR_OUT_DFF[0].FDRE_BSR_N/C
  -------------------------------------------------------------------    -------------------
    SLICE_X9Y137         FDRE (Prop_DFF_SLICEL_C_Q)
                                                      0.114     2.776 r  spi_module_i/axi_smc/inst/clk_map/psr_aclk/U0/ACTIVE_LOW_BSR_OUT_DFF[0].FDRE_BSR_N/Q
                         net (fo=93, routed)          1.367     4.143    spi_module_i/axi_smc/inst/s00_entry_pipeline/s00_mmu/inst/xpm_cdc_async_rst_inst/src_arst
    SLICE_X5Y133         FDCE                                         f  spi_module_i/axi_smc/inst/s00_entry_pipeline/s00_mmu/inst/xpm_cdc_async_rst_inst/arststages_ff_reg[0]/CLR  (IS_INVERTED)
  -------------------------------------------------------------------    -------------------

                         (clock clk_pl_0 rise edge)
                                                      0.000     0.000 r  
    PS8_X0Y0             PS8                          0.000     0.000 r  spi_module_i/zynq_ultra_ps_e_0/inst/PS8_i/PLCLK[0]
                         net (fo=1, routed)           0.181     0.181    spi_module_i/zynq_ultra_ps_e_0/inst/pl_clk_unbuffered[0]
    BUFG_PS_X0Y91        BUFG_PS (Prop_BUFG_PS_I_O)
                                                      0.035     0.216 r  spi_module_i/zynq_ultra_ps_e_0/inst/buffer_pl_clk_0.PL_CLK_0_BUFG/O
    X0Y1 (CLOCK_ROOT)    net (fo=10582, routed)       2.156     2.372    spi_module_i/axi_smc/inst/s00_entry_pipeline/s00_mmu/inst/xpm_cdc_async_rst_inst/dest_clk
    SLICE_X5Y133         FDCE                                         r  spi_module_i/axi_smc/inst/s00_entry_pipeline/s00_mmu/inst/xpm_cdc_async_rst_inst/arststages_ff_reg[0]/C

Slack:                    inf
  Source:                 spi_module_i/axi_smc/inst/clk_map/psr_aclk/U0/ACTIVE_LOW_BSR_OUT_DFF[0].FDRE_BSR_N/C
                            (rising edge-triggered cell FDRE clocked by clk_pl_0  {rise@0.000ns fall@5.000ns period=10.000ns})
  Destination:            spi_module_i/axi_smc/inst/s00_entry_pipeline/s00_mmu/inst/xpm_cdc_async_rst_inst/arststages_ff_reg[1]/CLR
                            (recovery check against rising-edge clock clk_pl_0  {rise@0.000ns fall@5.000ns period=10.000ns})
  Path Group:             (none)
  Path Type:              Recovery (Max at Slow Process Corner)
  Data Path Delay:        1.481ns  (logic 0.114ns (7.695%)  route 1.367ns (92.305%))
  Logic Levels:           0  
  Clock Path Skew:        -0.290ns (DCD - SCD + CPR)
    Destination Clock Delay (DCD):    2.372ns
    Source Clock Delay      (SCD):    2.662ns
    Clock Pessimism Removal (CPR):    0.000ns
  Clock Uncertainty:      0.160ns  ((TSJ^2 + DJ^2)^1/2) / 2 + PE
    Total System Jitter     (TSJ):    0.071ns
    Discrete Jitter          (DJ):    0.312ns
    Phase Error              (PE):    0.000ns
  Clock Net Delay (Source):      2.395ns (routing 1.229ns, distribution 1.166ns)
  Clock Net Delay (Destination): 2.156ns (routing 1.122ns, distribution 1.034ns)
  Timing Exception:       False Path

    Location             Delay type                Incr(ns)  Path(ns)    Netlist Resource(s)
  -------------------------------------------------------------------    -------------------
                         (clock clk_pl_0 rise edge)
                                                      0.000     0.000 r  
    PS8_X0Y0             PS8                          0.000     0.000 r  spi_module_i/zynq_ultra_ps_e_0/inst/PS8_i/PLCLK[0]
                         net (fo=1, routed)           0.229     0.229    spi_module_i/zynq_ultra_ps_e_0/inst/pl_clk_unbuffered[0]
    BUFG_PS_X0Y91        BUFG_PS (Prop_BUFG_PS_I_O)
                                                      0.038     0.267 r  spi_module_i/zynq_ultra_ps_e_0/inst/buffer_pl_clk_0.PL_CLK_0_BUFG/O
    X0Y1 (CLOCK_ROOT)    net (fo=10582, routed)       2.395     2.662    spi_module_i/axi_smc/inst/clk_map/psr_aclk/U0/aclk
    SLICE_X9Y137         FDRE                                         r  spi_module_i/axi_smc/inst/clk_map/psr_aclk/U0/ACTIVE_LOW_BSR_OUT_DFF[0].FDRE_BSR_N/C
  -------------------------------------------------------------------    -------------------
    SLICE_X9Y137         FDRE (Prop_DFF_SLICEL_C_Q)
                                                      0.114     2.776 r  spi_module_i/axi_smc/inst/clk_map/psr_aclk/U0/ACTIVE_LOW_BSR_OUT_DFF[0].FDRE_BSR_N/Q
                         net (fo=93, routed)          1.367     4.143    spi_module_i/axi_smc/inst/s00_entry_pipeline/s00_mmu/inst/xpm_cdc_async_rst_inst/src_arst
    SLICE_X5Y133         FDCE                                         f  spi_module_i/axi_smc/inst/s00_entry_pipeline/s00_mmu/inst/xpm_cdc_async_rst_inst/arststages_ff_reg[1]/CLR  (IS_INVERTED)
  -------------------------------------------------------------------    -------------------

                         (clock clk_pl_0 rise edge)
                                                      0.000     0.000 r  
    PS8_X0Y0             PS8                          0.000     0.000 r  spi_module_i/zynq_ultra_ps_e_0/inst/PS8_i/PLCLK[0]
                         net (fo=1, routed)           0.181     0.181    spi_module_i/zynq_ultra_ps_e_0/inst/pl_clk_unbuffered[0]
    BUFG_PS_X0Y91        BUFG_PS (Prop_BUFG_PS_I_O)
                                                      0.035     0.216 r  spi_module_i/zynq_ultra_ps_e_0/inst/buffer_pl_clk_0.PL_CLK_0_BUFG/O
    X0Y1 (CLOCK_ROOT)    net (fo=10582, routed)       2.156     2.372    spi_module_i/axi_smc/inst/s00_entry_pipeline/s00_mmu/inst/xpm_cdc_async_rst_inst/dest_clk
    SLICE_X5Y133         FDCE                                         r  spi_module_i/axi_smc/inst/s00_entry_pipeline/s00_mmu/inst/xpm_cdc_async_rst_inst/arststages_ff_reg[1]/C

Slack:                    inf
  Source:                 spi_module_i/axi_smc/inst/clk_map/psr_aclk/U0/ACTIVE_LOW_BSR_OUT_DFF[0].FDRE_BSR_N/C
                            (rising edge-triggered cell FDRE clocked by clk_pl_0  {rise@0.000ns fall@5.000ns period=10.000ns})
  Destination:            spi_module_i/axi_smc/inst/s00_entry_pipeline/s00_mmu/inst/xpm_cdc_async_rst_inst/arststages_ff_reg[2]/CLR
                            (recovery check against rising-edge clock clk_pl_0  {rise@0.000ns fall@5.000ns period=10.000ns})
  Path Group:             (none)
  Path Type:              Recovery (Max at Slow Process Corner)
  Data Path Delay:        1.481ns  (logic 0.114ns (7.695%)  route 1.367ns (92.305%))
  Logic Levels:           0  
  Clock Path Skew:        -0.290ns (DCD - SCD + CPR)
    Destination Clock Delay (DCD):    2.372ns
    Source Clock Delay      (SCD):    2.662ns
    Clock Pessimism Removal (CPR):    0.000ns
  Clock Uncertainty:      0.160ns  ((TSJ^2 + DJ^2)^1/2) / 2 + PE
    Total System Jitter     (TSJ):    0.071ns
    Discrete Jitter          (DJ):    0.312ns
    Phase Error              (PE):    0.000ns
  Clock Net Delay (Source):      2.395ns (routing 1.229ns, distribution 1.166ns)
  Clock Net Delay (Destination): 2.156ns (routing 1.122ns, distribution 1.034ns)
  Timing Exception:       False Path

    Location             Delay type                Incr(ns)  Path(ns)    Netlist Resource(s)
  -------------------------------------------------------------------    -------------------
                         (clock clk_pl_0 rise edge)
                                                      0.000     0.000 r  
    PS8_X0Y0             PS8                          0.000     0.000 r  spi_module_i/zynq_ultra_ps_e_0/inst/PS8_i/PLCLK[0]
                         net (fo=1, routed)           0.229     0.229    spi_module_i/zynq_ultra_ps_e_0/inst/pl_clk_unbuffered[0]
    BUFG_PS_X0Y91        BUFG_PS (Prop_BUFG_PS_I_O)
                                                      0.038     0.267 r  spi_module_i/zynq_ultra_ps_e_0/inst/buffer_pl_clk_0.PL_CLK_0_BUFG/O
    X0Y1 (CLOCK_ROOT)    net (fo=10582, routed)       2.395     2.662    spi_module_i/axi_smc/inst/clk_map/psr_aclk/U0/aclk
    SLICE_X9Y137         FDRE                                         r  spi_module_i/axi_smc/inst/clk_map/psr_aclk/U0/ACTIVE_LOW_BSR_OUT_DFF[0].FDRE_BSR_N/C
  -------------------------------------------------------------------    -------------------
    SLICE_X9Y137         FDRE (Prop_DFF_SLICEL_C_Q)
                                                      0.114     2.776 r  spi_module_i/axi_smc/inst/clk_map/psr_aclk/U0/ACTIVE_LOW_BSR_OUT_DFF[0].FDRE_BSR_N/Q
                         net (fo=93, routed)          1.367     4.143    spi_module_i/axi_smc/inst/s00_entry_pipeline/s00_mmu/inst/xpm_cdc_async_rst_inst/src_arst
    SLICE_X5Y133         FDCE                                         f  spi_module_i/axi_smc/inst/s00_entry_pipeline/s00_mmu/inst/xpm_cdc_async_rst_inst/arststages_ff_reg[2]/CLR  (IS_INVERTED)
  -------------------------------------------------------------------    -------------------

                         (clock clk_pl_0 rise edge)
                                                      0.000     0.000 r  
    PS8_X0Y0             PS8                          0.000     0.000 r  spi_module_i/zynq_ultra_ps_e_0/inst/PS8_i/PLCLK[0]
                         net (fo=1, routed)           0.181     0.181    spi_module_i/zynq_ultra_ps_e_0/inst/pl_clk_unbuffered[0]
    BUFG_PS_X0Y91        BUFG_PS (Prop_BUFG_PS_I_O)
                                                      0.035     0.216 r  spi_module_i/zynq_ultra_ps_e_0/inst/buffer_pl_clk_0.PL_CLK_0_BUFG/O
    X0Y1 (CLOCK_ROOT)    net (fo=10582, routed)       2.156     2.372    spi_module_i/axi_smc/inst/s00_entry_pipeline/s00_mmu/inst/xpm_cdc_async_rst_inst/dest_clk
    SLICE_X5Y133         FDCE                                         r  spi_module_i/axi_smc/inst/s00_entry_pipeline/s00_mmu/inst/xpm_cdc_async_rst_inst/arststages_ff_reg[2]/C

Slack:                    inf
  Source:                 spi_module_i/axi_smc/inst/clk_map/psr_aclk/U0/ACTIVE_LOW_BSR_OUT_DFF[0].FDRE_BSR_N/C
                            (rising edge-triggered cell FDRE clocked by clk_pl_0  {rise@0.000ns fall@5.000ns period=10.000ns})
  Destination:            spi_module_i/axi_smc/inst/m02_nodes/m02_ar_node/inst/s_sc_xpm_cdc_async_rst_inst/arststages_ff_reg[0]/CLR
                            (recovery check against rising-edge clock clk_pl_0  {rise@0.000ns fall@5.000ns period=10.000ns})
  Path Group:             (none)
  Path Type:              Recovery (Max at Slow Process Corner)
  Data Path Delay:        1.466ns  (logic 0.114ns (7.774%)  route 1.352ns (92.226%))
  Logic Levels:           0  
  Clock Path Skew:        -0.296ns (DCD - SCD + CPR)
    Destination Clock Delay (DCD):    2.366ns
    Source Clock Delay      (SCD):    2.662ns
    Clock Pessimism Removal (CPR):    0.000ns
  Clock Uncertainty:      0.160ns  ((TSJ^2 + DJ^2)^1/2) / 2 + PE
    Total System Jitter     (TSJ):    0.071ns
    Discrete Jitter          (DJ):    0.312ns
    Phase Error              (PE):    0.000ns
  Clock Net Delay (Source):      2.395ns (routing 1.229ns, distribution 1.166ns)
  Clock Net Delay (Destination): 2.150ns (routing 1.122ns, distribution 1.028ns)
  Timing Exception:       False Path

    Location             Delay type                Incr(ns)  Path(ns)    Netlist Resource(s)
  -------------------------------------------------------------------    -------------------
                         (clock clk_pl_0 rise edge)
                                                      0.000     0.000 r  
    PS8_X0Y0             PS8                          0.000     0.000 r  spi_module_i/zynq_ultra_ps_e_0/inst/PS8_i/PLCLK[0]
                         net (fo=1, routed)           0.229     0.229    spi_module_i/zynq_ultra_ps_e_0/inst/pl_clk_unbuffered[0]
    BUFG_PS_X0Y91        BUFG_PS (Prop_BUFG_PS_I_O)
                                                      0.038     0.267 r  spi_module_i/zynq_ultra_ps_e_0/inst/buffer_pl_clk_0.PL_CLK_0_BUFG/O
    X0Y1 (CLOCK_ROOT)    net (fo=10582, routed)       2.395     2.662    spi_module_i/axi_smc/inst/clk_map/psr_aclk/U0/aclk
    SLICE_X9Y137         FDRE                                         r  spi_module_i/axi_smc/inst/clk_map/psr_aclk/U0/ACTIVE_LOW_BSR_OUT_DFF[0].FDRE_BSR_N/C
  -------------------------------------------------------------------    -------------------
    SLICE_X9Y137         FDRE (Prop_DFF_SLICEL_C_Q)
                                                      0.114     2.776 r  spi_module_i/axi_smc/inst/clk_map/psr_aclk/U0/ACTIVE_LOW_BSR_OUT_DFF[0].FDRE_BSR_N/Q
                         net (fo=93, routed)          1.352     4.128    spi_module_i/axi_smc/inst/m02_nodes/m02_ar_node/inst/s_sc_xpm_cdc_async_rst_inst/src_arst
    SLICE_X6Y133         FDCE                                         f  spi_module_i/axi_smc/inst/m02_nodes/m02_ar_node/inst/s_sc_xpm_cdc_async_rst_inst/arststages_ff_reg[0]/CLR  (IS_INVERTED)
  -------------------------------------------------------------------    -------------------

                         (clock clk_pl_0 rise edge)
                                                      0.000     0.000 r  
    PS8_X0Y0             PS8                          0.000     0.000 r  spi_module_i/zynq_ultra_ps_e_0/inst/PS8_i/PLCLK[0]
                         net (fo=1, routed)           0.181     0.181    spi_module_i/zynq_ultra_ps_e_0/inst/pl_clk_unbuffered[0]
    BUFG_PS_X0Y91        BUFG_PS (Prop_BUFG_PS_I_O)
                                                      0.035     0.216 r  spi_module_i/zynq_ultra_ps_e_0/inst/buffer_pl_clk_0.PL_CLK_0_BUFG/O
    X0Y1 (CLOCK_ROOT)    net (fo=10582, routed)       2.150     2.366    spi_module_i/axi_smc/inst/m02_nodes/m02_ar_node/inst/s_sc_xpm_cdc_async_rst_inst/dest_clk
    SLICE_X6Y133         FDCE                                         r  spi_module_i/axi_smc/inst/m02_nodes/m02_ar_node/inst/s_sc_xpm_cdc_async_rst_inst/arststages_ff_reg[0]/C

Slack:                    inf
  Source:                 spi_module_i/axi_smc/inst/clk_map/psr_aclk/U0/ACTIVE_LOW_BSR_OUT_DFF[0].FDRE_BSR_N/C
                            (rising edge-triggered cell FDRE clocked by clk_pl_0  {rise@0.000ns fall@5.000ns period=10.000ns})
  Destination:            spi_module_i/axi_smc/inst/m02_nodes/m02_ar_node/inst/s_sc_xpm_cdc_async_rst_inst/arststages_ff_reg[1]/CLR
                            (recovery check against rising-edge clock clk_pl_0  {rise@0.000ns fall@5.000ns period=10.000ns})
  Path Group:             (none)
  Path Type:              Recovery (Max at Slow Process Corner)
  Data Path Delay:        1.466ns  (logic 0.114ns (7.774%)  route 1.352ns (92.226%))
  Logic Levels:           0  
  Clock Path Skew:        -0.296ns (DCD - SCD + CPR)
    Destination Clock Delay (DCD):    2.366ns
    Source Clock Delay      (SCD):    2.662ns
    Clock Pessimism Removal (CPR):    0.000ns
  Clock Uncertainty:      0.160ns  ((TSJ^2 + DJ^2)^1/2) / 2 + PE
    Total System Jitter     (TSJ):    0.071ns
    Discrete Jitter          (DJ):    0.312ns
    Phase Error              (PE):    0.000ns
  Clock Net Delay (Source):      2.395ns (routing 1.229ns, distribution 1.166ns)
  Clock Net Delay (Destination): 2.150ns (routing 1.122ns, distribution 1.028ns)
  Timing Exception:       False Path

    Location             Delay type                Incr(ns)  Path(ns)    Netlist Resource(s)
  -------------------------------------------------------------------    -------------------
                         (clock clk_pl_0 rise edge)
                                                      0.000     0.000 r  
    PS8_X0Y0             PS8                          0.000     0.000 r  spi_module_i/zynq_ultra_ps_e_0/inst/PS8_i/PLCLK[0]
                         net (fo=1, routed)           0.229     0.229    spi_module_i/zynq_ultra_ps_e_0/inst/pl_clk_unbuffered[0]
    BUFG_PS_X0Y91        BUFG_PS (Prop_BUFG_PS_I_O)
                                                      0.038     0.267 r  spi_module_i/zynq_ultra_ps_e_0/inst/buffer_pl_clk_0.PL_CLK_0_BUFG/O
    X0Y1 (CLOCK_ROOT)    net (fo=10582, routed)       2.395     2.662    spi_module_i/axi_smc/inst/clk_map/psr_aclk/U0/aclk
    SLICE_X9Y137         FDRE                                         r  spi_module_i/axi_smc/inst/clk_map/psr_aclk/U0/ACTIVE_LOW_BSR_OUT_DFF[0].FDRE_BSR_N/C
  -------------------------------------------------------------------    -------------------
    SLICE_X9Y137         FDRE (Prop_DFF_SLICEL_C_Q)
                                                      0.114     2.776 r  spi_module_i/axi_smc/inst/clk_map/psr_aclk/U0/ACTIVE_LOW_BSR_OUT_DFF[0].FDRE_BSR_N/Q
                         net (fo=93, routed)          1.352     4.128    spi_module_i/axi_smc/inst/m02_nodes/m02_ar_node/inst/s_sc_xpm_cdc_async_rst_inst/src_arst
    SLICE_X6Y133         FDCE                                         f  spi_module_i/axi_smc/inst/m02_nodes/m02_ar_node/inst/s_sc_xpm_cdc_async_rst_inst/arststages_ff_reg[1]/CLR  (IS_INVERTED)
  -------------------------------------------------------------------    -------------------

                         (clock clk_pl_0 rise edge)
                                                      0.000     0.000 r  
    PS8_X0Y0             PS8                          0.000     0.000 r  spi_module_i/zynq_ultra_ps_e_0/inst/PS8_i/PLCLK[0]
                         net (fo=1, routed)           0.181     0.181    spi_module_i/zynq_ultra_ps_e_0/inst/pl_clk_unbuffered[0]
    BUFG_PS_X0Y91        BUFG_PS (Prop_BUFG_PS_I_O)
                                                      0.035     0.216 r  spi_module_i/zynq_ultra_ps_e_0/inst/buffer_pl_clk_0.PL_CLK_0_BUFG/O
    X0Y1 (CLOCK_ROOT)    net (fo=10582, routed)       2.150     2.366    spi_module_i/axi_smc/inst/m02_nodes/m02_ar_node/inst/s_sc_xpm_cdc_async_rst_inst/dest_clk
    SLICE_X6Y133         FDCE                                         r  spi_module_i/axi_smc/inst/m02_nodes/m02_ar_node/inst/s_sc_xpm_cdc_async_rst_inst/arststages_ff_reg[1]/C

Slack:                    inf
  Source:                 spi_module_i/axi_smc/inst/clk_map/psr_aclk/U0/ACTIVE_LOW_BSR_OUT_DFF[0].FDRE_BSR_N/C
                            (rising edge-triggered cell FDRE clocked by clk_pl_0  {rise@0.000ns fall@5.000ns period=10.000ns})
  Destination:            spi_module_i/axi_smc/inst/m02_nodes/m02_ar_node/inst/s_sc_xpm_cdc_async_rst_inst/arststages_ff_reg[2]/CLR
                            (recovery check against rising-edge clock clk_pl_0  {rise@0.000ns fall@5.000ns period=10.000ns})
  Path Group:             (none)
  Path Type:              Recovery (Max at Slow Process Corner)
  Data Path Delay:        1.466ns  (logic 0.114ns (7.774%)  route 1.352ns (92.226%))
  Logic Levels:           0  
  Clock Path Skew:        -0.296ns (DCD - SCD + CPR)
    Destination Clock Delay (DCD):    2.366ns
    Source Clock Delay      (SCD):    2.662ns
    Clock Pessimism Removal (CPR):    0.000ns
  Clock Uncertainty:      0.160ns  ((TSJ^2 + DJ^2)^1/2) / 2 + PE
    Total System Jitter     (TSJ):    0.071ns
    Discrete Jitter          (DJ):    0.312ns
    Phase Error              (PE):    0.000ns
  Clock Net Delay (Source):      2.395ns (routing 1.229ns, distribution 1.166ns)
  Clock Net Delay (Destination): 2.150ns (routing 1.122ns, distribution 1.028ns)
  Timing Exception:       False Path

    Location             Delay type                Incr(ns)  Path(ns)    Netlist Resource(s)
  -------------------------------------------------------------------    -------------------
                         (clock clk_pl_0 rise edge)
                                                      0.000     0.000 r  
    PS8_X0Y0             PS8                          0.000     0.000 r  spi_module_i/zynq_ultra_ps_e_0/inst/PS8_i/PLCLK[0]
                         net (fo=1, routed)           0.229     0.229    spi_module_i/zynq_ultra_ps_e_0/inst/pl_clk_unbuffered[0]
    BUFG_PS_X0Y91        BUFG_PS (Prop_BUFG_PS_I_O)
                                                      0.038     0.267 r  spi_module_i/zynq_ultra_ps_e_0/inst/buffer_pl_clk_0.PL_CLK_0_BUFG/O
    X0Y1 (CLOCK_ROOT)    net (fo=10582, routed)       2.395     2.662    spi_module_i/axi_smc/inst/clk_map/psr_aclk/U0/aclk
    SLICE_X9Y137         FDRE                                         r  spi_module_i/axi_smc/inst/clk_map/psr_aclk/U0/ACTIVE_LOW_BSR_OUT_DFF[0].FDRE_BSR_N/C
  -------------------------------------------------------------------    -------------------
    SLICE_X9Y137         FDRE (Prop_DFF_SLICEL_C_Q)
                                                      0.114     2.776 r  spi_module_i/axi_smc/inst/clk_map/psr_aclk/U0/ACTIVE_LOW_BSR_OUT_DFF[0].FDRE_BSR_N/Q
                         net (fo=93, routed)          1.352     4.128    spi_module_i/axi_smc/inst/m02_nodes/m02_ar_node/inst/s_sc_xpm_cdc_async_rst_inst/src_arst
    SLICE_X6Y133         FDCE                                         f  spi_module_i/axi_smc/inst/m02_nodes/m02_ar_node/inst/s_sc_xpm_cdc_async_rst_inst/arststages_ff_reg[2]/CLR  (IS_INVERTED)
  -------------------------------------------------------------------    -------------------

                         (clock clk_pl_0 rise edge)
                                                      0.000     0.000 r  
    PS8_X0Y0             PS8                          0.000     0.000 r  spi_module_i/zynq_ultra_ps_e_0/inst/PS8_i/PLCLK[0]
                         net (fo=1, routed)           0.181     0.181    spi_module_i/zynq_ultra_ps_e_0/inst/pl_clk_unbuffered[0]
    BUFG_PS_X0Y91        BUFG_PS (Prop_BUFG_PS_I_O)
                                                      0.035     0.216 r  spi_module_i/zynq_ultra_ps_e_0/inst/buffer_pl_clk_0.PL_CLK_0_BUFG/O
    X0Y1 (CLOCK_ROOT)    net (fo=10582, routed)       2.150     2.366    spi_module_i/axi_smc/inst/m02_nodes/m02_ar_node/inst/s_sc_xpm_cdc_async_rst_inst/dest_clk
    SLICE_X6Y133         FDCE                                         r  spi_module_i/axi_smc/inst/m02_nodes/m02_ar_node/inst/s_sc_xpm_cdc_async_rst_inst/arststages_ff_reg[2]/C

Slack:                    inf
  Source:                 spi_module_i/rst_ps8_0_99M/U0/ACTIVE_LOW_PR_OUT_DFF[0].FDRE_PER_N/C
                            (rising edge-triggered cell FDRE clocked by clk_pl_0  {rise@0.000ns fall@5.000ns period=10.000ns})
  Destination:            spi_module_i/axi_smc_1/inst/clk_map/psr_aclk/U0/EXT_LPF/ACTIVE_LOW_AUX.ACT_LO_AUX/syncstages_ff_reg[0]/D
                            (rising edge-triggered cell FDRE clocked by clk_pl_0  {rise@0.000ns fall@5.000ns period=10.000ns})
  Path Group:             (none)
  Path Type:              Setup (Max at Slow Process Corner)
  Data Path Delay:        1.373ns  (logic 0.340ns (24.759%)  route 1.033ns (75.241%))
  Logic Levels:           1  (LUT1=1)
  Clock Path Skew:        -0.247ns (DCD - SCD + CPR)
    Destination Clock Delay (DCD):    2.363ns
    Source Clock Delay      (SCD):    2.610ns
    Clock Pessimism Removal (CPR):    0.000ns
  Clock Uncertainty:      0.160ns  ((TSJ^2 + DJ^2)^1/2) / 2 + PE
    Total System Jitter     (TSJ):    0.071ns
    Discrete Jitter          (DJ):    0.312ns
    Phase Error              (PE):    0.000ns
  Clock Net Delay (Source):      2.343ns (routing 1.229ns, distribution 1.114ns)
  Clock Net Delay (Destination): 2.147ns (routing 1.122ns, distribution 1.025ns)
  Timing Exception:       False Path

    Location             Delay type                Incr(ns)  Path(ns)    Netlist Resource(s)
  -------------------------------------------------------------------    -------------------
                         (clock clk_pl_0 rise edge)
                                                      0.000     0.000 r  
    PS8_X0Y0             PS8                          0.000     0.000 r  spi_module_i/zynq_ultra_ps_e_0/inst/PS8_i/PLCLK[0]
                         net (fo=1, routed)           0.229     0.229    spi_module_i/zynq_ultra_ps_e_0/inst/pl_clk_unbuffered[0]
    BUFG_PS_X0Y91        BUFG_PS (Prop_BUFG_PS_I_O)
                                                      0.038     0.267 r  spi_module_i/zynq_ultra_ps_e_0/inst/buffer_pl_clk_0.PL_CLK_0_BUFG/O
    X0Y1 (CLOCK_ROOT)    net (fo=10582, routed)       2.343     2.610    spi_module_i/rst_ps8_0_99M/U0/slowest_sync_clk
    SLICE_X17Y142        FDRE                                         r  spi_module_i/rst_ps8_0_99M/U0/ACTIVE_LOW_PR_OUT_DFF[0].FDRE_PER_N/C
  -------------------------------------------------------------------    -------------------
    SLICE_X17Y142        FDRE (Prop_HFF_SLICEM_C_Q)
                                                      0.114     2.724 f  spi_module_i/rst_ps8_0_99M/U0/ACTIVE_LOW_PR_OUT_DFF[0].FDRE_PER_N/Q
                         net (fo=10, routed)          0.530     3.254    spi_module_i/axi_smc_1/inst/clk_map/psr_aclk/U0/EXT_LPF/aresetn
    SLICE_X10Y135        LUT1 (Prop_A6LUT_SLICEM_I0_O)
                                                      0.226     3.480 r  spi_module_i/axi_smc_1/inst/clk_map/psr_aclk/U0/EXT_LPF/ACTIVE_LOW_AUX.ACT_LO_AUX_i_1/O
                         net (fo=1, routed)           0.503     3.983    spi_module_i/axi_smc_1/inst/clk_map/psr_aclk/U0/EXT_LPF/ACTIVE_LOW_AUX.ACT_LO_AUX/src_in
    SLICE_X9Y123         FDRE                                         r  spi_module_i/axi_smc_1/inst/clk_map/psr_aclk/U0/EXT_LPF/ACTIVE_LOW_AUX.ACT_LO_AUX/syncstages_ff_reg[0]/D
  -------------------------------------------------------------------    -------------------

                         (clock clk_pl_0 rise edge)
                                                      0.000     0.000 r  
    PS8_X0Y0             PS8                          0.000     0.000 r  spi_module_i/zynq_ultra_ps_e_0/inst/PS8_i/PLCLK[0]
                         net (fo=1, routed)           0.181     0.181    spi_module_i/zynq_ultra_ps_e_0/inst/pl_clk_unbuffered[0]
    BUFG_PS_X0Y91        BUFG_PS (Prop_BUFG_PS_I_O)
                                                      0.035     0.216 r  spi_module_i/zynq_ultra_ps_e_0/inst/buffer_pl_clk_0.PL_CLK_0_BUFG/O
    X0Y1 (CLOCK_ROOT)    net (fo=10582, routed)       2.147     2.363    spi_module_i/axi_smc_1/inst/clk_map/psr_aclk/U0/EXT_LPF/ACTIVE_LOW_AUX.ACT_LO_AUX/dest_clk
    SLICE_X9Y123         FDRE                                         r  spi_module_i/axi_smc_1/inst/clk_map/psr_aclk/U0/EXT_LPF/ACTIVE_LOW_AUX.ACT_LO_AUX/syncstages_ff_reg[0]/C

Slack:                    inf
  Source:                 spi_module_i/axi_smc/inst/clk_map/psr_aclk/U0/ACTIVE_LOW_BSR_OUT_DFF[0].FDRE_BSR_N/C
                            (rising edge-triggered cell FDRE clocked by clk_pl_0  {rise@0.000ns fall@5.000ns period=10.000ns})
  Destination:            spi_module_i/axi_smc/inst/s00_entry_pipeline/s00_transaction_regulator/inst/xpm_cdc_async_rst_inst/arststages_ff_reg[0]/CLR
                            (recovery check against rising-edge clock clk_pl_0  {rise@0.000ns fall@5.000ns period=10.000ns})
  Path Group:             (none)
  Path Type:              Recovery (Max at Slow Process Corner)
  Data Path Delay:        1.318ns  (logic 0.114ns (8.650%)  route 1.204ns (91.350%))
  Logic Levels:           0  
  Clock Path Skew:        -0.286ns (DCD - SCD + CPR)
    Destination Clock Delay (DCD):    2.376ns
    Source Clock Delay      (SCD):    2.662ns
    Clock Pessimism Removal (CPR):    0.000ns
  Clock Uncertainty:      0.160ns  ((TSJ^2 + DJ^2)^1/2) / 2 + PE
    Total System Jitter     (TSJ):    0.071ns
    Discrete Jitter          (DJ):    0.312ns
    Phase Error              (PE):    0.000ns
  Clock Net Delay (Source):      2.395ns (routing 1.229ns, distribution 1.166ns)
  Clock Net Delay (Destination): 2.160ns (routing 1.122ns, distribution 1.038ns)
  Timing Exception:       False Path

    Location             Delay type                Incr(ns)  Path(ns)    Netlist Resource(s)
  -------------------------------------------------------------------    -------------------
                         (clock clk_pl_0 rise edge)
                                                      0.000     0.000 r  
    PS8_X0Y0             PS8                          0.000     0.000 r  spi_module_i/zynq_ultra_ps_e_0/inst/PS8_i/PLCLK[0]
                         net (fo=1, routed)           0.229     0.229    spi_module_i/zynq_ultra_ps_e_0/inst/pl_clk_unbuffered[0]
    BUFG_PS_X0Y91        BUFG_PS (Prop_BUFG_PS_I_O)
                                                      0.038     0.267 r  spi_module_i/zynq_ultra_ps_e_0/inst/buffer_pl_clk_0.PL_CLK_0_BUFG/O
    X0Y1 (CLOCK_ROOT)    net (fo=10582, routed)       2.395     2.662    spi_module_i/axi_smc/inst/clk_map/psr_aclk/U0/aclk
    SLICE_X9Y137         FDRE                                         r  spi_module_i/axi_smc/inst/clk_map/psr_aclk/U0/ACTIVE_LOW_BSR_OUT_DFF[0].FDRE_BSR_N/C
  -------------------------------------------------------------------    -------------------
    SLICE_X9Y137         FDRE (Prop_DFF_SLICEL_C_Q)
                                                      0.114     2.776 r  spi_module_i/axi_smc/inst/clk_map/psr_aclk/U0/ACTIVE_LOW_BSR_OUT_DFF[0].FDRE_BSR_N/Q
                         net (fo=93, routed)          1.204     3.979    spi_module_i/axi_smc/inst/s00_entry_pipeline/s00_transaction_regulator/inst/xpm_cdc_async_rst_inst/src_arst
    SLICE_X2Y129         FDCE                                         f  spi_module_i/axi_smc/inst/s00_entry_pipeline/s00_transaction_regulator/inst/xpm_cdc_async_rst_inst/arststages_ff_reg[0]/CLR  (IS_INVERTED)
  -------------------------------------------------------------------    -------------------

                         (clock clk_pl_0 rise edge)
                                                      0.000     0.000 r  
    PS8_X0Y0             PS8                          0.000     0.000 r  spi_module_i/zynq_ultra_ps_e_0/inst/PS8_i/PLCLK[0]
                         net (fo=1, routed)           0.181     0.181    spi_module_i/zynq_ultra_ps_e_0/inst/pl_clk_unbuffered[0]
    BUFG_PS_X0Y91        BUFG_PS (Prop_BUFG_PS_I_O)
                                                      0.035     0.216 r  spi_module_i/zynq_ultra_ps_e_0/inst/buffer_pl_clk_0.PL_CLK_0_BUFG/O
    X0Y1 (CLOCK_ROOT)    net (fo=10582, routed)       2.160     2.376    spi_module_i/axi_smc/inst/s00_entry_pipeline/s00_transaction_regulator/inst/xpm_cdc_async_rst_inst/dest_clk
    SLICE_X2Y129         FDCE                                         r  spi_module_i/axi_smc/inst/s00_entry_pipeline/s00_transaction_regulator/inst/xpm_cdc_async_rst_inst/arststages_ff_reg[0]/C

Slack:                    inf
  Source:                 spi_module_i/axi_smc/inst/clk_map/psr_aclk/U0/ACTIVE_LOW_BSR_OUT_DFF[0].FDRE_BSR_N/C
                            (rising edge-triggered cell FDRE clocked by clk_pl_0  {rise@0.000ns fall@5.000ns period=10.000ns})
  Destination:            spi_module_i/axi_smc/inst/s00_entry_pipeline/s00_transaction_regulator/inst/xpm_cdc_async_rst_inst/arststages_ff_reg[1]/CLR
                            (recovery check against rising-edge clock clk_pl_0  {rise@0.000ns fall@5.000ns period=10.000ns})
  Path Group:             (none)
  Path Type:              Recovery (Max at Slow Process Corner)
  Data Path Delay:        1.318ns  (logic 0.114ns (8.650%)  route 1.204ns (91.350%))
  Logic Levels:           0  
  Clock Path Skew:        -0.286ns (DCD - SCD + CPR)
    Destination Clock Delay (DCD):    2.376ns
    Source Clock Delay      (SCD):    2.662ns
    Clock Pessimism Removal (CPR):    0.000ns
  Clock Uncertainty:      0.160ns  ((TSJ^2 + DJ^2)^1/2) / 2 + PE
    Total System Jitter     (TSJ):    0.071ns
    Discrete Jitter          (DJ):    0.312ns
    Phase Error              (PE):    0.000ns
  Clock Net Delay (Source):      2.395ns (routing 1.229ns, distribution 1.166ns)
  Clock Net Delay (Destination): 2.160ns (routing 1.122ns, distribution 1.038ns)
  Timing Exception:       False Path

    Location             Delay type                Incr(ns)  Path(ns)    Netlist Resource(s)
  -------------------------------------------------------------------    -------------------
                         (clock clk_pl_0 rise edge)
                                                      0.000     0.000 r  
    PS8_X0Y0             PS8                          0.000     0.000 r  spi_module_i/zynq_ultra_ps_e_0/inst/PS8_i/PLCLK[0]
                         net (fo=1, routed)           0.229     0.229    spi_module_i/zynq_ultra_ps_e_0/inst/pl_clk_unbuffered[0]
    BUFG_PS_X0Y91        BUFG_PS (Prop_BUFG_PS_I_O)
                                                      0.038     0.267 r  spi_module_i/zynq_ultra_ps_e_0/inst/buffer_pl_clk_0.PL_CLK_0_BUFG/O
    X0Y1 (CLOCK_ROOT)    net (fo=10582, routed)       2.395     2.662    spi_module_i/axi_smc/inst/clk_map/psr_aclk/U0/aclk
    SLICE_X9Y137         FDRE                                         r  spi_module_i/axi_smc/inst/clk_map/psr_aclk/U0/ACTIVE_LOW_BSR_OUT_DFF[0].FDRE_BSR_N/C
  -------------------------------------------------------------------    -------------------
    SLICE_X9Y137         FDRE (Prop_DFF_SLICEL_C_Q)
                                                      0.114     2.776 r  spi_module_i/axi_smc/inst/clk_map/psr_aclk/U0/ACTIVE_LOW_BSR_OUT_DFF[0].FDRE_BSR_N/Q
                         net (fo=93, routed)          1.204     3.979    spi_module_i/axi_smc/inst/s00_entry_pipeline/s00_transaction_regulator/inst/xpm_cdc_async_rst_inst/src_arst
    SLICE_X2Y129         FDCE                                         f  spi_module_i/axi_smc/inst/s00_entry_pipeline/s00_transaction_regulator/inst/xpm_cdc_async_rst_inst/arststages_ff_reg[1]/CLR  (IS_INVERTED)
  -------------------------------------------------------------------    -------------------

                         (clock clk_pl_0 rise edge)
                                                      0.000     0.000 r  
    PS8_X0Y0             PS8                          0.000     0.000 r  spi_module_i/zynq_ultra_ps_e_0/inst/PS8_i/PLCLK[0]
                         net (fo=1, routed)           0.181     0.181    spi_module_i/zynq_ultra_ps_e_0/inst/pl_clk_unbuffered[0]
    BUFG_PS_X0Y91        BUFG_PS (Prop_BUFG_PS_I_O)
                                                      0.035     0.216 r  spi_module_i/zynq_ultra_ps_e_0/inst/buffer_pl_clk_0.PL_CLK_0_BUFG/O
    X0Y1 (CLOCK_ROOT)    net (fo=10582, routed)       2.160     2.376    spi_module_i/axi_smc/inst/s00_entry_pipeline/s00_transaction_regulator/inst/xpm_cdc_async_rst_inst/dest_clk
    SLICE_X2Y129         FDCE                                         r  spi_module_i/axi_smc/inst/s00_entry_pipeline/s00_transaction_regulator/inst/xpm_cdc_async_rst_inst/arststages_ff_reg[1]/C

Slack:                    inf
  Source:                 spi_module_i/axi_smc/inst/clk_map/psr_aclk/U0/ACTIVE_LOW_BSR_OUT_DFF[0].FDRE_BSR_N/C
                            (rising edge-triggered cell FDRE clocked by clk_pl_0  {rise@0.000ns fall@5.000ns period=10.000ns})
  Destination:            spi_module_i/axi_smc/inst/s00_entry_pipeline/s00_transaction_regulator/inst/xpm_cdc_async_rst_inst/arststages_ff_reg[2]/CLR
                            (recovery check against rising-edge clock clk_pl_0  {rise@0.000ns fall@5.000ns period=10.000ns})
  Path Group:             (none)
  Path Type:              Recovery (Max at Slow Process Corner)
  Data Path Delay:        1.318ns  (logic 0.114ns (8.650%)  route 1.204ns (91.350%))
  Logic Levels:           0  
  Clock Path Skew:        -0.286ns (DCD - SCD + CPR)
    Destination Clock Delay (DCD):    2.376ns
    Source Clock Delay      (SCD):    2.662ns
    Clock Pessimism Removal (CPR):    0.000ns
  Clock Uncertainty:      0.160ns  ((TSJ^2 + DJ^2)^1/2) / 2 + PE
    Total System Jitter     (TSJ):    0.071ns
    Discrete Jitter          (DJ):    0.312ns
    Phase Error              (PE):    0.000ns
  Clock Net Delay (Source):      2.395ns (routing 1.229ns, distribution 1.166ns)
  Clock Net Delay (Destination): 2.160ns (routing 1.122ns, distribution 1.038ns)
  Timing Exception:       False Path

    Location             Delay type                Incr(ns)  Path(ns)    Netlist Resource(s)
  -------------------------------------------------------------------    -------------------
                         (clock clk_pl_0 rise edge)
                                                      0.000     0.000 r  
    PS8_X0Y0             PS8                          0.000     0.000 r  spi_module_i/zynq_ultra_ps_e_0/inst/PS8_i/PLCLK[0]
                         net (fo=1, routed)           0.229     0.229    spi_module_i/zynq_ultra_ps_e_0/inst/pl_clk_unbuffered[0]
    BUFG_PS_X0Y91        BUFG_PS (Prop_BUFG_PS_I_O)
                                                      0.038     0.267 r  spi_module_i/zynq_ultra_ps_e_0/inst/buffer_pl_clk_0.PL_CLK_0_BUFG/O
    X0Y1 (CLOCK_ROOT)    net (fo=10582, routed)       2.395     2.662    spi_module_i/axi_smc/inst/clk_map/psr_aclk/U0/aclk
    SLICE_X9Y137         FDRE                                         r  spi_module_i/axi_smc/inst/clk_map/psr_aclk/U0/ACTIVE_LOW_BSR_OUT_DFF[0].FDRE_BSR_N/C
  -------------------------------------------------------------------    -------------------
    SLICE_X9Y137         FDRE (Prop_DFF_SLICEL_C_Q)
                                                      0.114     2.776 r  spi_module_i/axi_smc/inst/clk_map/psr_aclk/U0/ACTIVE_LOW_BSR_OUT_DFF[0].FDRE_BSR_N/Q
                         net (fo=93, routed)          1.204     3.979    spi_module_i/axi_smc/inst/s00_entry_pipeline/s00_transaction_regulator/inst/xpm_cdc_async_rst_inst/src_arst
    SLICE_X2Y129         FDCE                                         f  spi_module_i/axi_smc/inst/s00_entry_pipeline/s00_transaction_regulator/inst/xpm_cdc_async_rst_inst/arststages_ff_reg[2]/CLR  (IS_INVERTED)
  -------------------------------------------------------------------    -------------------

                         (clock clk_pl_0 rise edge)
                                                      0.000     0.000 r  
    PS8_X0Y0             PS8                          0.000     0.000 r  spi_module_i/zynq_ultra_ps_e_0/inst/PS8_i/PLCLK[0]
                         net (fo=1, routed)           0.181     0.181    spi_module_i/zynq_ultra_ps_e_0/inst/pl_clk_unbuffered[0]
    BUFG_PS_X0Y91        BUFG_PS (Prop_BUFG_PS_I_O)
                                                      0.035     0.216 r  spi_module_i/zynq_ultra_ps_e_0/inst/buffer_pl_clk_0.PL_CLK_0_BUFG/O
    X0Y1 (CLOCK_ROOT)    net (fo=10582, routed)       2.160     2.376    spi_module_i/axi_smc/inst/s00_entry_pipeline/s00_transaction_regulator/inst/xpm_cdc_async_rst_inst/dest_clk
    SLICE_X2Y129         FDCE                                         r  spi_module_i/axi_smc/inst/s00_entry_pipeline/s00_transaction_regulator/inst/xpm_cdc_async_rst_inst/arststages_ff_reg[2]/C





Min Delay Paths
--------------------------------------------------------------------------------------
Slack:                    inf
  Source:                 spi_module_i/axi_smc_1/inst/clk_map/psr_aclk/U0/ACTIVE_LOW_BSR_OUT_DFF[0].FDRE_BSR_N/C
                            (rising edge-triggered cell FDRE clocked by clk_pl_0  {rise@0.000ns fall@5.000ns period=10.000ns})
  Destination:            spi_module_i/axi_smc_1/inst/m00_exit_pipeline/m00_exit/inst/xpm_cdc_async_rst_inst/arststages_ff_reg[0]/CLR
                            (removal check against rising-edge clock clk_pl_0  {rise@0.000ns fall@5.000ns period=10.000ns})
  Path Group:             (none)
  Path Type:              Removal (Min at Fast Process Corner)
  Data Path Delay:        0.182ns  (logic 0.083ns (45.569%)  route 0.099ns (54.431%))
  Logic Levels:           0  
  Clock Path Skew:        0.156ns (DCD - SCD - CPR)
    Destination Clock Delay (DCD):    1.566ns
    Source Clock Delay      (SCD):    1.410ns
    Clock Pessimism Removal (CPR):    -0.000ns
  Clock Uncertainty:      0.160ns  ((TSJ^2 + DJ^2)^1/2) / 2 + PE
    Total System Jitter     (TSJ):    0.071ns
    Discrete Jitter          (DJ):    0.312ns
    Phase Error              (PE):    0.000ns
  Clock Net Delay (Source):      1.259ns (routing 0.676ns, distribution 0.583ns)
  Clock Net Delay (Destination): 1.379ns (routing 0.739ns, distribution 0.640ns)
  Timing Exception:       False Path

    Location             Delay type                Incr(ns)  Path(ns)    Netlist Resource(s)
  -------------------------------------------------------------------    -------------------
                         (clock clk_pl_0 rise edge)
                                                      0.000     0.000 r  
    PS8_X0Y0             PS8                          0.000     0.000 r  spi_module_i/zynq_ultra_ps_e_0/inst/PS8_i/PLCLK[0]
                         net (fo=1, routed)           0.129     0.129    spi_module_i/zynq_ultra_ps_e_0/inst/pl_clk_unbuffered[0]
    BUFG_PS_X0Y91        BUFG_PS (Prop_BUFG_PS_I_O)
                                                      0.022     0.151 r  spi_module_i/zynq_ultra_ps_e_0/inst/buffer_pl_clk_0.PL_CLK_0_BUFG/O
    X0Y1 (CLOCK_ROOT)    net (fo=10582, routed)       1.259     1.410    spi_module_i/axi_smc_1/inst/clk_map/psr_aclk/U0/aclk
    SLICE_X4Y97          FDRE                                         r  spi_module_i/axi_smc_1/inst/clk_map/psr_aclk/U0/ACTIVE_LOW_BSR_OUT_DFF[0].FDRE_BSR_N/C
  -------------------------------------------------------------------    -------------------
    SLICE_X4Y97          FDRE (Prop_DFF_SLICEM_C_Q)
                                                      0.083     1.493 r  spi_module_i/axi_smc_1/inst/clk_map/psr_aclk/U0/ACTIVE_LOW_BSR_OUT_DFF[0].FDRE_BSR_N/Q
                         net (fo=18, routed)          0.099     1.592    spi_module_i/axi_smc_1/inst/m00_exit_pipeline/m00_exit/inst/xpm_cdc_async_rst_inst/src_arst
    SLICE_X4Y96          FDCE                                         f  spi_module_i/axi_smc_1/inst/m00_exit_pipeline/m00_exit/inst/xpm_cdc_async_rst_inst/arststages_ff_reg[0]/CLR  (IS_INVERTED)
  -------------------------------------------------------------------    -------------------

                         (clock clk_pl_0 rise edge)
                                                      0.000     0.000 r  
    PS8_X0Y0             PS8                          0.000     0.000 r  spi_module_i/zynq_ultra_ps_e_0/inst/PS8_i/PLCLK[0]
                         net (fo=1, routed)           0.164     0.164    spi_module_i/zynq_ultra_ps_e_0/inst/pl_clk_unbuffered[0]
    BUFG_PS_X0Y91        BUFG_PS (Prop_BUFG_PS_I_O)
                                                      0.023     0.187 r  spi_module_i/zynq_ultra_ps_e_0/inst/buffer_pl_clk_0.PL_CLK_0_BUFG/O
    X0Y1 (CLOCK_ROOT)    net (fo=10582, routed)       1.379     1.566    spi_module_i/axi_smc_1/inst/m00_exit_pipeline/m00_exit/inst/xpm_cdc_async_rst_inst/dest_clk
    SLICE_X4Y96          FDCE                                         r  spi_module_i/axi_smc_1/inst/m00_exit_pipeline/m00_exit/inst/xpm_cdc_async_rst_inst/arststages_ff_reg[0]/C

Slack:                    inf
  Source:                 spi_module_i/axi_smc_1/inst/clk_map/psr_aclk/U0/ACTIVE_LOW_BSR_OUT_DFF[0].FDRE_BSR_N/C
                            (rising edge-triggered cell FDRE clocked by clk_pl_0  {rise@0.000ns fall@5.000ns period=10.000ns})
  Destination:            spi_module_i/axi_smc_1/inst/m00_exit_pipeline/m00_exit/inst/xpm_cdc_async_rst_inst/arststages_ff_reg[1]/CLR
                            (removal check against rising-edge clock clk_pl_0  {rise@0.000ns fall@5.000ns period=10.000ns})
  Path Group:             (none)
  Path Type:              Removal (Min at Fast Process Corner)
  Data Path Delay:        0.182ns  (logic 0.083ns (45.569%)  route 0.099ns (54.431%))
  Logic Levels:           0  
  Clock Path Skew:        0.156ns (DCD - SCD - CPR)
    Destination Clock Delay (DCD):    1.566ns
    Source Clock Delay      (SCD):    1.410ns
    Clock Pessimism Removal (CPR):    -0.000ns
  Clock Uncertainty:      0.160ns  ((TSJ^2 + DJ^2)^1/2) / 2 + PE
    Total System Jitter     (TSJ):    0.071ns
    Discrete Jitter          (DJ):    0.312ns
    Phase Error              (PE):    0.000ns
  Clock Net Delay (Source):      1.259ns (routing 0.676ns, distribution 0.583ns)
  Clock Net Delay (Destination): 1.379ns (routing 0.739ns, distribution 0.640ns)
  Timing Exception:       False Path

    Location             Delay type                Incr(ns)  Path(ns)    Netlist Resource(s)
  -------------------------------------------------------------------    -------------------
                         (clock clk_pl_0 rise edge)
                                                      0.000     0.000 r  
    PS8_X0Y0             PS8                          0.000     0.000 r  spi_module_i/zynq_ultra_ps_e_0/inst/PS8_i/PLCLK[0]
                         net (fo=1, routed)           0.129     0.129    spi_module_i/zynq_ultra_ps_e_0/inst/pl_clk_unbuffered[0]
    BUFG_PS_X0Y91        BUFG_PS (Prop_BUFG_PS_I_O)
                                                      0.022     0.151 r  spi_module_i/zynq_ultra_ps_e_0/inst/buffer_pl_clk_0.PL_CLK_0_BUFG/O
    X0Y1 (CLOCK_ROOT)    net (fo=10582, routed)       1.259     1.410    spi_module_i/axi_smc_1/inst/clk_map/psr_aclk/U0/aclk
    SLICE_X4Y97          FDRE                                         r  spi_module_i/axi_smc_1/inst/clk_map/psr_aclk/U0/ACTIVE_LOW_BSR_OUT_DFF[0].FDRE_BSR_N/C
  -------------------------------------------------------------------    -------------------
    SLICE_X4Y97          FDRE (Prop_DFF_SLICEM_C_Q)
                                                      0.083     1.493 r  spi_module_i/axi_smc_1/inst/clk_map/psr_aclk/U0/ACTIVE_LOW_BSR_OUT_DFF[0].FDRE_BSR_N/Q
                         net (fo=18, routed)          0.099     1.592    spi_module_i/axi_smc_1/inst/m00_exit_pipeline/m00_exit/inst/xpm_cdc_async_rst_inst/src_arst
    SLICE_X4Y96          FDCE                                         f  spi_module_i/axi_smc_1/inst/m00_exit_pipeline/m00_exit/inst/xpm_cdc_async_rst_inst/arststages_ff_reg[1]/CLR  (IS_INVERTED)
  -------------------------------------------------------------------    -------------------

                         (clock clk_pl_0 rise edge)
                                                      0.000     0.000 r  
    PS8_X0Y0             PS8                          0.000     0.000 r  spi_module_i/zynq_ultra_ps_e_0/inst/PS8_i/PLCLK[0]
                         net (fo=1, routed)           0.164     0.164    spi_module_i/zynq_ultra_ps_e_0/inst/pl_clk_unbuffered[0]
    BUFG_PS_X0Y91        BUFG_PS (Prop_BUFG_PS_I_O)
                                                      0.023     0.187 r  spi_module_i/zynq_ultra_ps_e_0/inst/buffer_pl_clk_0.PL_CLK_0_BUFG/O
    X0Y1 (CLOCK_ROOT)    net (fo=10582, routed)       1.379     1.566    spi_module_i/axi_smc_1/inst/m00_exit_pipeline/m00_exit/inst/xpm_cdc_async_rst_inst/dest_clk
    SLICE_X4Y96          FDCE                                         r  spi_module_i/axi_smc_1/inst/m00_exit_pipeline/m00_exit/inst/xpm_cdc_async_rst_inst/arststages_ff_reg[1]/C

Slack:                    inf
  Source:                 spi_module_i/axi_smc_1/inst/clk_map/psr_aclk/U0/ACTIVE_LOW_BSR_OUT_DFF[0].FDRE_BSR_N/C
                            (rising edge-triggered cell FDRE clocked by clk_pl_0  {rise@0.000ns fall@5.000ns period=10.000ns})
  Destination:            spi_module_i/axi_smc_1/inst/m00_exit_pipeline/m00_exit/inst/xpm_cdc_async_rst_inst/arststages_ff_reg[2]/CLR
                            (removal check against rising-edge clock clk_pl_0  {rise@0.000ns fall@5.000ns period=10.000ns})
  Path Group:             (none)
  Path Type:              Removal (Min at Fast Process Corner)
  Data Path Delay:        0.182ns  (logic 0.083ns (45.569%)  route 0.099ns (54.431%))
  Logic Levels:           0  
  Clock Path Skew:        0.156ns (DCD - SCD - CPR)
    Destination Clock Delay (DCD):    1.566ns
    Source Clock Delay      (SCD):    1.410ns
    Clock Pessimism Removal (CPR):    -0.000ns
  Clock Uncertainty:      0.160ns  ((TSJ^2 + DJ^2)^1/2) / 2 + PE
    Total System Jitter     (TSJ):    0.071ns
    Discrete Jitter          (DJ):    0.312ns
    Phase Error              (PE):    0.000ns
  Clock Net Delay (Source):      1.259ns (routing 0.676ns, distribution 0.583ns)
  Clock Net Delay (Destination): 1.379ns (routing 0.739ns, distribution 0.640ns)
  Timing Exception:       False Path

    Location             Delay type                Incr(ns)  Path(ns)    Netlist Resource(s)
  -------------------------------------------------------------------    -------------------
                         (clock clk_pl_0 rise edge)
                                                      0.000     0.000 r  
    PS8_X0Y0             PS8                          0.000     0.000 r  spi_module_i/zynq_ultra_ps_e_0/inst/PS8_i/PLCLK[0]
                         net (fo=1, routed)           0.129     0.129    spi_module_i/zynq_ultra_ps_e_0/inst/pl_clk_unbuffered[0]
    BUFG_PS_X0Y91        BUFG_PS (Prop_BUFG_PS_I_O)
                                                      0.022     0.151 r  spi_module_i/zynq_ultra_ps_e_0/inst/buffer_pl_clk_0.PL_CLK_0_BUFG/O
    X0Y1 (CLOCK_ROOT)    net (fo=10582, routed)       1.259     1.410    spi_module_i/axi_smc_1/inst/clk_map/psr_aclk/U0/aclk
    SLICE_X4Y97          FDRE                                         r  spi_module_i/axi_smc_1/inst/clk_map/psr_aclk/U0/ACTIVE_LOW_BSR_OUT_DFF[0].FDRE_BSR_N/C
  -------------------------------------------------------------------    -------------------
    SLICE_X4Y97          FDRE (Prop_DFF_SLICEM_C_Q)
                                                      0.083     1.493 r  spi_module_i/axi_smc_1/inst/clk_map/psr_aclk/U0/ACTIVE_LOW_BSR_OUT_DFF[0].FDRE_BSR_N/Q
                         net (fo=18, routed)          0.099     1.592    spi_module_i/axi_smc_1/inst/m00_exit_pipeline/m00_exit/inst/xpm_cdc_async_rst_inst/src_arst
    SLICE_X4Y96          FDCE                                         f  spi_module_i/axi_smc_1/inst/m00_exit_pipeline/m00_exit/inst/xpm_cdc_async_rst_inst/arststages_ff_reg[2]/CLR  (IS_INVERTED)
  -------------------------------------------------------------------    -------------------

                         (clock clk_pl_0 rise edge)
                                                      0.000     0.000 r  
    PS8_X0Y0             PS8                          0.000     0.000 r  spi_module_i/zynq_ultra_ps_e_0/inst/PS8_i/PLCLK[0]
                         net (fo=1, routed)           0.164     0.164    spi_module_i/zynq_ultra_ps_e_0/inst/pl_clk_unbuffered[0]
    BUFG_PS_X0Y91        BUFG_PS (Prop_BUFG_PS_I_O)
                                                      0.023     0.187 r  spi_module_i/zynq_ultra_ps_e_0/inst/buffer_pl_clk_0.PL_CLK_0_BUFG/O
    X0Y1 (CLOCK_ROOT)    net (fo=10582, routed)       1.379     1.566    spi_module_i/axi_smc_1/inst/m00_exit_pipeline/m00_exit/inst/xpm_cdc_async_rst_inst/dest_clk
    SLICE_X4Y96          FDCE                                         r  spi_module_i/axi_smc_1/inst/m00_exit_pipeline/m00_exit/inst/xpm_cdc_async_rst_inst/arststages_ff_reg[2]/C

Slack:                    inf
  Source:                 spi_module_i/axi_smc_1/inst/clk_map/psr_aclk/U0/ACTIVE_LOW_BSR_OUT_DFF[0].FDRE_BSR_N/C
                            (rising edge-triggered cell FDRE clocked by clk_pl_0  {rise@0.000ns fall@5.000ns period=10.000ns})
  Destination:            spi_module_i/axi_smc_1/inst/s00_nodes/s00_ar_node/inst/s_sc_xpm_cdc_async_rst_inst/arststages_ff_reg[0]/CLR
                            (removal check against rising-edge clock clk_pl_0  {rise@0.000ns fall@5.000ns period=10.000ns})
  Path Group:             (none)
  Path Type:              Removal (Min at Fast Process Corner)
  Data Path Delay:        0.206ns  (logic 0.083ns (40.363%)  route 0.123ns (59.637%))
  Logic Levels:           0  
  Clock Path Skew:        0.156ns (DCD - SCD - CPR)
    Destination Clock Delay (DCD):    1.566ns
    Source Clock Delay      (SCD):    1.410ns
    Clock Pessimism Removal (CPR):    -0.000ns
  Clock Uncertainty:      0.160ns  ((TSJ^2 + DJ^2)^1/2) / 2 + PE
    Total System Jitter     (TSJ):    0.071ns
    Discrete Jitter          (DJ):    0.312ns
    Phase Error              (PE):    0.000ns
  Clock Net Delay (Source):      1.259ns (routing 0.676ns, distribution 0.583ns)
  Clock Net Delay (Destination): 1.379ns (routing 0.739ns, distribution 0.640ns)
  Timing Exception:       False Path

    Location             Delay type                Incr(ns)  Path(ns)    Netlist Resource(s)
  -------------------------------------------------------------------    -------------------
                         (clock clk_pl_0 rise edge)
                                                      0.000     0.000 r  
    PS8_X0Y0             PS8                          0.000     0.000 r  spi_module_i/zynq_ultra_ps_e_0/inst/PS8_i/PLCLK[0]
                         net (fo=1, routed)           0.129     0.129    spi_module_i/zynq_ultra_ps_e_0/inst/pl_clk_unbuffered[0]
    BUFG_PS_X0Y91        BUFG_PS (Prop_BUFG_PS_I_O)
                                                      0.022     0.151 r  spi_module_i/zynq_ultra_ps_e_0/inst/buffer_pl_clk_0.PL_CLK_0_BUFG/O
    X0Y1 (CLOCK_ROOT)    net (fo=10582, routed)       1.259     1.410    spi_module_i/axi_smc_1/inst/clk_map/psr_aclk/U0/aclk
    SLICE_X4Y97          FDRE                                         r  spi_module_i/axi_smc_1/inst/clk_map/psr_aclk/U0/ACTIVE_LOW_BSR_OUT_DFF[0].FDRE_BSR_N/C
  -------------------------------------------------------------------    -------------------
    SLICE_X4Y97          FDRE (Prop_DFF_SLICEM_C_Q)
                                                      0.083     1.493 r  spi_module_i/axi_smc_1/inst/clk_map/psr_aclk/U0/ACTIVE_LOW_BSR_OUT_DFF[0].FDRE_BSR_N/Q
                         net (fo=18, routed)          0.123     1.616    spi_module_i/axi_smc_1/inst/s00_nodes/s00_ar_node/inst/s_sc_xpm_cdc_async_rst_inst/src_arst
    SLICE_X5Y95          FDCE                                         f  spi_module_i/axi_smc_1/inst/s00_nodes/s00_ar_node/inst/s_sc_xpm_cdc_async_rst_inst/arststages_ff_reg[0]/CLR  (IS_INVERTED)
  -------------------------------------------------------------------    -------------------

                         (clock clk_pl_0 rise edge)
                                                      0.000     0.000 r  
    PS8_X0Y0             PS8                          0.000     0.000 r  spi_module_i/zynq_ultra_ps_e_0/inst/PS8_i/PLCLK[0]
                         net (fo=1, routed)           0.164     0.164    spi_module_i/zynq_ultra_ps_e_0/inst/pl_clk_unbuffered[0]
    BUFG_PS_X0Y91        BUFG_PS (Prop_BUFG_PS_I_O)
                                                      0.023     0.187 r  spi_module_i/zynq_ultra_ps_e_0/inst/buffer_pl_clk_0.PL_CLK_0_BUFG/O
    X0Y1 (CLOCK_ROOT)    net (fo=10582, routed)       1.379     1.566    spi_module_i/axi_smc_1/inst/s00_nodes/s00_ar_node/inst/s_sc_xpm_cdc_async_rst_inst/dest_clk
    SLICE_X5Y95          FDCE                                         r  spi_module_i/axi_smc_1/inst/s00_nodes/s00_ar_node/inst/s_sc_xpm_cdc_async_rst_inst/arststages_ff_reg[0]/C

Slack:                    inf
  Source:                 spi_module_i/axi_smc_1/inst/clk_map/psr_aclk/U0/ACTIVE_LOW_BSR_OUT_DFF[0].FDRE_BSR_N/C
                            (rising edge-triggered cell FDRE clocked by clk_pl_0  {rise@0.000ns fall@5.000ns period=10.000ns})
  Destination:            spi_module_i/axi_smc_1/inst/s00_nodes/s00_ar_node/inst/s_sc_xpm_cdc_async_rst_inst/arststages_ff_reg[1]/CLR
                            (removal check against rising-edge clock clk_pl_0  {rise@0.000ns fall@5.000ns period=10.000ns})
  Path Group:             (none)
  Path Type:              Removal (Min at Fast Process Corner)
  Data Path Delay:        0.206ns  (logic 0.083ns (40.363%)  route 0.123ns (59.637%))
  Logic Levels:           0  
  Clock Path Skew:        0.156ns (DCD - SCD - CPR)
    Destination Clock Delay (DCD):    1.566ns
    Source Clock Delay      (SCD):    1.410ns
    Clock Pessimism Removal (CPR):    -0.000ns
  Clock Uncertainty:      0.160ns  ((TSJ^2 + DJ^2)^1/2) / 2 + PE
    Total System Jitter     (TSJ):    0.071ns
    Discrete Jitter          (DJ):    0.312ns
    Phase Error              (PE):    0.000ns
  Clock Net Delay (Source):      1.259ns (routing 0.676ns, distribution 0.583ns)
  Clock Net Delay (Destination): 1.379ns (routing 0.739ns, distribution 0.640ns)
  Timing Exception:       False Path

    Location             Delay type                Incr(ns)  Path(ns)    Netlist Resource(s)
  -------------------------------------------------------------------    -------------------
                         (clock clk_pl_0 rise edge)
                                                      0.000     0.000 r  
    PS8_X0Y0             PS8                          0.000     0.000 r  spi_module_i/zynq_ultra_ps_e_0/inst/PS8_i/PLCLK[0]
                         net (fo=1, routed)           0.129     0.129    spi_module_i/zynq_ultra_ps_e_0/inst/pl_clk_unbuffered[0]
    BUFG_PS_X0Y91        BUFG_PS (Prop_BUFG_PS_I_O)
                                                      0.022     0.151 r  spi_module_i/zynq_ultra_ps_e_0/inst/buffer_pl_clk_0.PL_CLK_0_BUFG/O
    X0Y1 (CLOCK_ROOT)    net (fo=10582, routed)       1.259     1.410    spi_module_i/axi_smc_1/inst/clk_map/psr_aclk/U0/aclk
    SLICE_X4Y97          FDRE                                         r  spi_module_i/axi_smc_1/inst/clk_map/psr_aclk/U0/ACTIVE_LOW_BSR_OUT_DFF[0].FDRE_BSR_N/C
  -------------------------------------------------------------------    -------------------
    SLICE_X4Y97          FDRE (Prop_DFF_SLICEM_C_Q)
                                                      0.083     1.493 r  spi_module_i/axi_smc_1/inst/clk_map/psr_aclk/U0/ACTIVE_LOW_BSR_OUT_DFF[0].FDRE_BSR_N/Q
                         net (fo=18, routed)          0.123     1.616    spi_module_i/axi_smc_1/inst/s00_nodes/s00_ar_node/inst/s_sc_xpm_cdc_async_rst_inst/src_arst
    SLICE_X5Y95          FDCE                                         f  spi_module_i/axi_smc_1/inst/s00_nodes/s00_ar_node/inst/s_sc_xpm_cdc_async_rst_inst/arststages_ff_reg[1]/CLR  (IS_INVERTED)
  -------------------------------------------------------------------    -------------------

                         (clock clk_pl_0 rise edge)
                                                      0.000     0.000 r  
    PS8_X0Y0             PS8                          0.000     0.000 r  spi_module_i/zynq_ultra_ps_e_0/inst/PS8_i/PLCLK[0]
                         net (fo=1, routed)           0.164     0.164    spi_module_i/zynq_ultra_ps_e_0/inst/pl_clk_unbuffered[0]
    BUFG_PS_X0Y91        BUFG_PS (Prop_BUFG_PS_I_O)
                                                      0.023     0.187 r  spi_module_i/zynq_ultra_ps_e_0/inst/buffer_pl_clk_0.PL_CLK_0_BUFG/O
    X0Y1 (CLOCK_ROOT)    net (fo=10582, routed)       1.379     1.566    spi_module_i/axi_smc_1/inst/s00_nodes/s00_ar_node/inst/s_sc_xpm_cdc_async_rst_inst/dest_clk
    SLICE_X5Y95          FDCE                                         r  spi_module_i/axi_smc_1/inst/s00_nodes/s00_ar_node/inst/s_sc_xpm_cdc_async_rst_inst/arststages_ff_reg[1]/C

Slack:                    inf
  Source:                 spi_module_i/axi_smc_1/inst/clk_map/psr_aclk/U0/ACTIVE_LOW_BSR_OUT_DFF[0].FDRE_BSR_N/C
                            (rising edge-triggered cell FDRE clocked by clk_pl_0  {rise@0.000ns fall@5.000ns period=10.000ns})
  Destination:            spi_module_i/axi_smc_1/inst/s00_nodes/s00_ar_node/inst/s_sc_xpm_cdc_async_rst_inst/arststages_ff_reg[2]/CLR
                            (removal check against rising-edge clock clk_pl_0  {rise@0.000ns fall@5.000ns period=10.000ns})
  Path Group:             (none)
  Path Type:              Removal (Min at Fast Process Corner)
  Data Path Delay:        0.206ns  (logic 0.083ns (40.363%)  route 0.123ns (59.637%))
  Logic Levels:           0  
  Clock Path Skew:        0.156ns (DCD - SCD - CPR)
    Destination Clock Delay (DCD):    1.566ns
    Source Clock Delay      (SCD):    1.410ns
    Clock Pessimism Removal (CPR):    -0.000ns
  Clock Uncertainty:      0.160ns  ((TSJ^2 + DJ^2)^1/2) / 2 + PE
    Total System Jitter     (TSJ):    0.071ns
    Discrete Jitter          (DJ):    0.312ns
    Phase Error              (PE):    0.000ns
  Clock Net Delay (Source):      1.259ns (routing 0.676ns, distribution 0.583ns)
  Clock Net Delay (Destination): 1.379ns (routing 0.739ns, distribution 0.640ns)
  Timing Exception:       False Path

    Location             Delay type                Incr(ns)  Path(ns)    Netlist Resource(s)
  -------------------------------------------------------------------    -------------------
                         (clock clk_pl_0 rise edge)
                                                      0.000     0.000 r  
    PS8_X0Y0             PS8                          0.000     0.000 r  spi_module_i/zynq_ultra_ps_e_0/inst/PS8_i/PLCLK[0]
                         net (fo=1, routed)           0.129     0.129    spi_module_i/zynq_ultra_ps_e_0/inst/pl_clk_unbuffered[0]
    BUFG_PS_X0Y91        BUFG_PS (Prop_BUFG_PS_I_O)
                                                      0.022     0.151 r  spi_module_i/zynq_ultra_ps_e_0/inst/buffer_pl_clk_0.PL_CLK_0_BUFG/O
    X0Y1 (CLOCK_ROOT)    net (fo=10582, routed)       1.259     1.410    spi_module_i/axi_smc_1/inst/clk_map/psr_aclk/U0/aclk
    SLICE_X4Y97          FDRE                                         r  spi_module_i/axi_smc_1/inst/clk_map/psr_aclk/U0/ACTIVE_LOW_BSR_OUT_DFF[0].FDRE_BSR_N/C
  -------------------------------------------------------------------    -------------------
    SLICE_X4Y97          FDRE (Prop_DFF_SLICEM_C_Q)
                                                      0.083     1.493 r  spi_module_i/axi_smc_1/inst/clk_map/psr_aclk/U0/ACTIVE_LOW_BSR_OUT_DFF[0].FDRE_BSR_N/Q
                         net (fo=18, routed)          0.123     1.616    spi_module_i/axi_smc_1/inst/s00_nodes/s00_ar_node/inst/s_sc_xpm_cdc_async_rst_inst/src_arst
    SLICE_X5Y95          FDCE                                         f  spi_module_i/axi_smc_1/inst/s00_nodes/s00_ar_node/inst/s_sc_xpm_cdc_async_rst_inst/arststages_ff_reg[2]/CLR  (IS_INVERTED)
  -------------------------------------------------------------------    -------------------

                         (clock clk_pl_0 rise edge)
                                                      0.000     0.000 r  
    PS8_X0Y0             PS8                          0.000     0.000 r  spi_module_i/zynq_ultra_ps_e_0/inst/PS8_i/PLCLK[0]
                         net (fo=1, routed)           0.164     0.164    spi_module_i/zynq_ultra_ps_e_0/inst/pl_clk_unbuffered[0]
    BUFG_PS_X0Y91        BUFG_PS (Prop_BUFG_PS_I_O)
                                                      0.023     0.187 r  spi_module_i/zynq_ultra_ps_e_0/inst/buffer_pl_clk_0.PL_CLK_0_BUFG/O
    X0Y1 (CLOCK_ROOT)    net (fo=10582, routed)       1.379     1.566    spi_module_i/axi_smc_1/inst/s00_nodes/s00_ar_node/inst/s_sc_xpm_cdc_async_rst_inst/dest_clk
    SLICE_X5Y95          FDCE                                         r  spi_module_i/axi_smc_1/inst/s00_nodes/s00_ar_node/inst/s_sc_xpm_cdc_async_rst_inst/arststages_ff_reg[2]/C

Slack:                    inf
  Source:                 spi_module_i/axi_smc_1/inst/clk_map/psr_aclk/U0/ACTIVE_LOW_BSR_OUT_DFF[0].FDRE_BSR_N/C
                            (rising edge-triggered cell FDRE clocked by clk_pl_0  {rise@0.000ns fall@5.000ns period=10.000ns})
  Destination:            spi_module_i/axi_smc_1/inst/s00_entry_pipeline/s00_transaction_regulator/inst/xpm_cdc_async_rst_inst/arststages_ff_reg[0]/CLR
                            (removal check against rising-edge clock clk_pl_0  {rise@0.000ns fall@5.000ns period=10.000ns})
  Path Group:             (none)
  Path Type:              Removal (Min at Fast Process Corner)
  Data Path Delay:        0.210ns  (logic 0.083ns (39.497%)  route 0.127ns (60.503%))
  Logic Levels:           0  
  Clock Path Skew:        0.162ns (DCD - SCD - CPR)
    Destination Clock Delay (DCD):    1.572ns
    Source Clock Delay      (SCD):    1.410ns
    Clock Pessimism Removal (CPR):    -0.000ns
  Clock Uncertainty:      0.160ns  ((TSJ^2 + DJ^2)^1/2) / 2 + PE
    Total System Jitter     (TSJ):    0.071ns
    Discrete Jitter          (DJ):    0.312ns
    Phase Error              (PE):    0.000ns
  Clock Net Delay (Source):      1.259ns (routing 0.676ns, distribution 0.583ns)
  Clock Net Delay (Destination): 1.385ns (routing 0.739ns, distribution 0.646ns)
  Timing Exception:       False Path

    Location             Delay type                Incr(ns)  Path(ns)    Netlist Resource(s)
  -------------------------------------------------------------------    -------------------
                         (clock clk_pl_0 rise edge)
                                                      0.000     0.000 r  
    PS8_X0Y0             PS8                          0.000     0.000 r  spi_module_i/zynq_ultra_ps_e_0/inst/PS8_i/PLCLK[0]
                         net (fo=1, routed)           0.129     0.129    spi_module_i/zynq_ultra_ps_e_0/inst/pl_clk_unbuffered[0]
    BUFG_PS_X0Y91        BUFG_PS (Prop_BUFG_PS_I_O)
                                                      0.022     0.151 r  spi_module_i/zynq_ultra_ps_e_0/inst/buffer_pl_clk_0.PL_CLK_0_BUFG/O
    X0Y1 (CLOCK_ROOT)    net (fo=10582, routed)       1.259     1.410    spi_module_i/axi_smc_1/inst/clk_map/psr_aclk/U0/aclk
    SLICE_X4Y97          FDRE                                         r  spi_module_i/axi_smc_1/inst/clk_map/psr_aclk/U0/ACTIVE_LOW_BSR_OUT_DFF[0].FDRE_BSR_N/C
  -------------------------------------------------------------------    -------------------
    SLICE_X4Y97          FDRE (Prop_DFF_SLICEM_C_Q)
                                                      0.083     1.493 r  spi_module_i/axi_smc_1/inst/clk_map/psr_aclk/U0/ACTIVE_LOW_BSR_OUT_DFF[0].FDRE_BSR_N/Q
                         net (fo=18, routed)          0.127     1.620    spi_module_i/axi_smc_1/inst/s00_entry_pipeline/s00_transaction_regulator/inst/xpm_cdc_async_rst_inst/src_arst
    SLICE_X5Y96          FDCE                                         f  spi_module_i/axi_smc_1/inst/s00_entry_pipeline/s00_transaction_regulator/inst/xpm_cdc_async_rst_inst/arststages_ff_reg[0]/CLR  (IS_INVERTED)
  -------------------------------------------------------------------    -------------------

                         (clock clk_pl_0 rise edge)
                                                      0.000     0.000 r  
    PS8_X0Y0             PS8                          0.000     0.000 r  spi_module_i/zynq_ultra_ps_e_0/inst/PS8_i/PLCLK[0]
                         net (fo=1, routed)           0.164     0.164    spi_module_i/zynq_ultra_ps_e_0/inst/pl_clk_unbuffered[0]
    BUFG_PS_X0Y91        BUFG_PS (Prop_BUFG_PS_I_O)
                                                      0.023     0.187 r  spi_module_i/zynq_ultra_ps_e_0/inst/buffer_pl_clk_0.PL_CLK_0_BUFG/O
    X0Y1 (CLOCK_ROOT)    net (fo=10582, routed)       1.385     1.572    spi_module_i/axi_smc_1/inst/s00_entry_pipeline/s00_transaction_regulator/inst/xpm_cdc_async_rst_inst/dest_clk
    SLICE_X5Y96          FDCE                                         r  spi_module_i/axi_smc_1/inst/s00_entry_pipeline/s00_transaction_regulator/inst/xpm_cdc_async_rst_inst/arststages_ff_reg[0]/C

Slack:                    inf
  Source:                 spi_module_i/axi_smc_1/inst/clk_map/psr_aclk/U0/ACTIVE_LOW_BSR_OUT_DFF[0].FDRE_BSR_N/C
                            (rising edge-triggered cell FDRE clocked by clk_pl_0  {rise@0.000ns fall@5.000ns period=10.000ns})
  Destination:            spi_module_i/axi_smc_1/inst/s00_entry_pipeline/s00_transaction_regulator/inst/xpm_cdc_async_rst_inst/arststages_ff_reg[1]/CLR
                            (removal check against rising-edge clock clk_pl_0  {rise@0.000ns fall@5.000ns period=10.000ns})
  Path Group:             (none)
  Path Type:              Removal (Min at Fast Process Corner)
  Data Path Delay:        0.210ns  (logic 0.083ns (39.497%)  route 0.127ns (60.503%))
  Logic Levels:           0  
  Clock Path Skew:        0.162ns (DCD - SCD - CPR)
    Destination Clock Delay (DCD):    1.572ns
    Source Clock Delay      (SCD):    1.410ns
    Clock Pessimism Removal (CPR):    -0.000ns
  Clock Uncertainty:      0.160ns  ((TSJ^2 + DJ^2)^1/2) / 2 + PE
    Total System Jitter     (TSJ):    0.071ns
    Discrete Jitter          (DJ):    0.312ns
    Phase Error              (PE):    0.000ns
  Clock Net Delay (Source):      1.259ns (routing 0.676ns, distribution 0.583ns)
  Clock Net Delay (Destination): 1.385ns (routing 0.739ns, distribution 0.646ns)
  Timing Exception:       False Path

    Location             Delay type                Incr(ns)  Path(ns)    Netlist Resource(s)
  -------------------------------------------------------------------    -------------------
                         (clock clk_pl_0 rise edge)
                                                      0.000     0.000 r  
    PS8_X0Y0             PS8                          0.000     0.000 r  spi_module_i/zynq_ultra_ps_e_0/inst/PS8_i/PLCLK[0]
                         net (fo=1, routed)           0.129     0.129    spi_module_i/zynq_ultra_ps_e_0/inst/pl_clk_unbuffered[0]
    BUFG_PS_X0Y91        BUFG_PS (Prop_BUFG_PS_I_O)
                                                      0.022     0.151 r  spi_module_i/zynq_ultra_ps_e_0/inst/buffer_pl_clk_0.PL_CLK_0_BUFG/O
    X0Y1 (CLOCK_ROOT)    net (fo=10582, routed)       1.259     1.410    spi_module_i/axi_smc_1/inst/clk_map/psr_aclk/U0/aclk
    SLICE_X4Y97          FDRE                                         r  spi_module_i/axi_smc_1/inst/clk_map/psr_aclk/U0/ACTIVE_LOW_BSR_OUT_DFF[0].FDRE_BSR_N/C
  -------------------------------------------------------------------    -------------------
    SLICE_X4Y97          FDRE (Prop_DFF_SLICEM_C_Q)
                                                      0.083     1.493 r  spi_module_i/axi_smc_1/inst/clk_map/psr_aclk/U0/ACTIVE_LOW_BSR_OUT_DFF[0].FDRE_BSR_N/Q
                         net (fo=18, routed)          0.127     1.620    spi_module_i/axi_smc_1/inst/s00_entry_pipeline/s00_transaction_regulator/inst/xpm_cdc_async_rst_inst/src_arst
    SLICE_X5Y96          FDCE                                         f  spi_module_i/axi_smc_1/inst/s00_entry_pipeline/s00_transaction_regulator/inst/xpm_cdc_async_rst_inst/arststages_ff_reg[1]/CLR  (IS_INVERTED)
  -------------------------------------------------------------------    -------------------

                         (clock clk_pl_0 rise edge)
                                                      0.000     0.000 r  
    PS8_X0Y0             PS8                          0.000     0.000 r  spi_module_i/zynq_ultra_ps_e_0/inst/PS8_i/PLCLK[0]
                         net (fo=1, routed)           0.164     0.164    spi_module_i/zynq_ultra_ps_e_0/inst/pl_clk_unbuffered[0]
    BUFG_PS_X0Y91        BUFG_PS (Prop_BUFG_PS_I_O)
                                                      0.023     0.187 r  spi_module_i/zynq_ultra_ps_e_0/inst/buffer_pl_clk_0.PL_CLK_0_BUFG/O
    X0Y1 (CLOCK_ROOT)    net (fo=10582, routed)       1.385     1.572    spi_module_i/axi_smc_1/inst/s00_entry_pipeline/s00_transaction_regulator/inst/xpm_cdc_async_rst_inst/dest_clk
    SLICE_X5Y96          FDCE                                         r  spi_module_i/axi_smc_1/inst/s00_entry_pipeline/s00_transaction_regulator/inst/xpm_cdc_async_rst_inst/arststages_ff_reg[1]/C

Slack:                    inf
  Source:                 spi_module_i/axi_smc_1/inst/clk_map/psr_aclk/U0/ACTIVE_LOW_BSR_OUT_DFF[0].FDRE_BSR_N/C
                            (rising edge-triggered cell FDRE clocked by clk_pl_0  {rise@0.000ns fall@5.000ns period=10.000ns})
  Destination:            spi_module_i/axi_smc_1/inst/s00_entry_pipeline/s00_transaction_regulator/inst/xpm_cdc_async_rst_inst/arststages_ff_reg[2]/CLR
                            (removal check against rising-edge clock clk_pl_0  {rise@0.000ns fall@5.000ns period=10.000ns})
  Path Group:             (none)
  Path Type:              Removal (Min at Fast Process Corner)
  Data Path Delay:        0.210ns  (logic 0.083ns (39.497%)  route 0.127ns (60.503%))
  Logic Levels:           0  
  Clock Path Skew:        0.162ns (DCD - SCD - CPR)
    Destination Clock Delay (DCD):    1.572ns
    Source Clock Delay      (SCD):    1.410ns
    Clock Pessimism Removal (CPR):    -0.000ns
  Clock Uncertainty:      0.160ns  ((TSJ^2 + DJ^2)^1/2) / 2 + PE
    Total System Jitter     (TSJ):    0.071ns
    Discrete Jitter          (DJ):    0.312ns
    Phase Error              (PE):    0.000ns
  Clock Net Delay (Source):      1.259ns (routing 0.676ns, distribution 0.583ns)
  Clock Net Delay (Destination): 1.385ns (routing 0.739ns, distribution 0.646ns)
  Timing Exception:       False Path

    Location             Delay type                Incr(ns)  Path(ns)    Netlist Resource(s)
  -------------------------------------------------------------------    -------------------
                         (clock clk_pl_0 rise edge)
                                                      0.000     0.000 r  
    PS8_X0Y0             PS8                          0.000     0.000 r  spi_module_i/zynq_ultra_ps_e_0/inst/PS8_i/PLCLK[0]
                         net (fo=1, routed)           0.129     0.129    spi_module_i/zynq_ultra_ps_e_0/inst/pl_clk_unbuffered[0]
    BUFG_PS_X0Y91        BUFG_PS (Prop_BUFG_PS_I_O)
                                                      0.022     0.151 r  spi_module_i/zynq_ultra_ps_e_0/inst/buffer_pl_clk_0.PL_CLK_0_BUFG/O
    X0Y1 (CLOCK_ROOT)    net (fo=10582, routed)       1.259     1.410    spi_module_i/axi_smc_1/inst/clk_map/psr_aclk/U0/aclk
    SLICE_X4Y97          FDRE                                         r  spi_module_i/axi_smc_1/inst/clk_map/psr_aclk/U0/ACTIVE_LOW_BSR_OUT_DFF[0].FDRE_BSR_N/C
  -------------------------------------------------------------------    -------------------
    SLICE_X4Y97          FDRE (Prop_DFF_SLICEM_C_Q)
                                                      0.083     1.493 r  spi_module_i/axi_smc_1/inst/clk_map/psr_aclk/U0/ACTIVE_LOW_BSR_OUT_DFF[0].FDRE_BSR_N/Q
                         net (fo=18, routed)          0.127     1.620    spi_module_i/axi_smc_1/inst/s00_entry_pipeline/s00_transaction_regulator/inst/xpm_cdc_async_rst_inst/src_arst
    SLICE_X5Y96          FDCE                                         f  spi_module_i/axi_smc_1/inst/s00_entry_pipeline/s00_transaction_regulator/inst/xpm_cdc_async_rst_inst/arststages_ff_reg[2]/CLR  (IS_INVERTED)
  -------------------------------------------------------------------    -------------------

                         (clock clk_pl_0 rise edge)
                                                      0.000     0.000 r  
    PS8_X0Y0             PS8                          0.000     0.000 r  spi_module_i/zynq_ultra_ps_e_0/inst/PS8_i/PLCLK[0]
                         net (fo=1, routed)           0.164     0.164    spi_module_i/zynq_ultra_ps_e_0/inst/pl_clk_unbuffered[0]
    BUFG_PS_X0Y91        BUFG_PS (Prop_BUFG_PS_I_O)
                                                      0.023     0.187 r  spi_module_i/zynq_ultra_ps_e_0/inst/buffer_pl_clk_0.PL_CLK_0_BUFG/O
    X0Y1 (CLOCK_ROOT)    net (fo=10582, routed)       1.385     1.572    spi_module_i/axi_smc_1/inst/s00_entry_pipeline/s00_transaction_regulator/inst/xpm_cdc_async_rst_inst/dest_clk
    SLICE_X5Y96          FDCE                                         r  spi_module_i/axi_smc_1/inst/s00_entry_pipeline/s00_transaction_regulator/inst/xpm_cdc_async_rst_inst/arststages_ff_reg[2]/C

Slack:                    inf
  Source:                 spi_module_i/axi_smc_1/inst/clk_map/psr_aclk/U0/ACTIVE_LOW_BSR_OUT_DFF[0].FDRE_BSR_N/C
                            (rising edge-triggered cell FDRE clocked by clk_pl_0  {rise@0.000ns fall@5.000ns period=10.000ns})
  Destination:            spi_module_i/axi_smc_1/inst/s00_entry_pipeline/s00_si_converter/inst/xpm_cdc_async_rst_inst/arststages_ff_reg[0]/CLR
                            (removal check against rising-edge clock clk_pl_0  {rise@0.000ns fall@5.000ns period=10.000ns})
  Path Group:             (none)
  Path Type:              Removal (Min at Fast Process Corner)
  Data Path Delay:        0.221ns  (logic 0.083ns (37.529%)  route 0.138ns (62.471%))
  Logic Levels:           0  
  Clock Path Skew:        0.167ns (DCD - SCD - CPR)
    Destination Clock Delay (DCD):    1.577ns
    Source Clock Delay      (SCD):    1.410ns
    Clock Pessimism Removal (CPR):    -0.000ns
  Clock Uncertainty:      0.160ns  ((TSJ^2 + DJ^2)^1/2) / 2 + PE
    Total System Jitter     (TSJ):    0.071ns
    Discrete Jitter          (DJ):    0.312ns
    Phase Error              (PE):    0.000ns
  Clock Net Delay (Source):      1.259ns (routing 0.676ns, distribution 0.583ns)
  Clock Net Delay (Destination): 1.390ns (routing 0.739ns, distribution 0.651ns)
  Timing Exception:       False Path

    Location             Delay type                Incr(ns)  Path(ns)    Netlist Resource(s)
  -------------------------------------------------------------------    -------------------
                         (clock clk_pl_0 rise edge)
                                                      0.000     0.000 r  
    PS8_X0Y0             PS8                          0.000     0.000 r  spi_module_i/zynq_ultra_ps_e_0/inst/PS8_i/PLCLK[0]
                         net (fo=1, routed)           0.129     0.129    spi_module_i/zynq_ultra_ps_e_0/inst/pl_clk_unbuffered[0]
    BUFG_PS_X0Y91        BUFG_PS (Prop_BUFG_PS_I_O)
                                                      0.022     0.151 r  spi_module_i/zynq_ultra_ps_e_0/inst/buffer_pl_clk_0.PL_CLK_0_BUFG/O
    X0Y1 (CLOCK_ROOT)    net (fo=10582, routed)       1.259     1.410    spi_module_i/axi_smc_1/inst/clk_map/psr_aclk/U0/aclk
    SLICE_X4Y97          FDRE                                         r  spi_module_i/axi_smc_1/inst/clk_map/psr_aclk/U0/ACTIVE_LOW_BSR_OUT_DFF[0].FDRE_BSR_N/C
  -------------------------------------------------------------------    -------------------
    SLICE_X4Y97          FDRE (Prop_DFF_SLICEM_C_Q)
                                                      0.083     1.493 r  spi_module_i/axi_smc_1/inst/clk_map/psr_aclk/U0/ACTIVE_LOW_BSR_OUT_DFF[0].FDRE_BSR_N/Q
                         net (fo=18, routed)          0.138     1.631    spi_module_i/axi_smc_1/inst/s00_entry_pipeline/s00_si_converter/inst/xpm_cdc_async_rst_inst/src_arst
    SLICE_X2Y95          FDCE                                         f  spi_module_i/axi_smc_1/inst/s00_entry_pipeline/s00_si_converter/inst/xpm_cdc_async_rst_inst/arststages_ff_reg[0]/CLR  (IS_INVERTED)
  -------------------------------------------------------------------    -------------------

                         (clock clk_pl_0 rise edge)
                                                      0.000     0.000 r  
    PS8_X0Y0             PS8                          0.000     0.000 r  spi_module_i/zynq_ultra_ps_e_0/inst/PS8_i/PLCLK[0]
                         net (fo=1, routed)           0.164     0.164    spi_module_i/zynq_ultra_ps_e_0/inst/pl_clk_unbuffered[0]
    BUFG_PS_X0Y91        BUFG_PS (Prop_BUFG_PS_I_O)
                                                      0.023     0.187 r  spi_module_i/zynq_ultra_ps_e_0/inst/buffer_pl_clk_0.PL_CLK_0_BUFG/O
    X0Y1 (CLOCK_ROOT)    net (fo=10582, routed)       1.390     1.577    spi_module_i/axi_smc_1/inst/s00_entry_pipeline/s00_si_converter/inst/xpm_cdc_async_rst_inst/dest_clk
    SLICE_X2Y95          FDCE                                         r  spi_module_i/axi_smc_1/inst/s00_entry_pipeline/s00_si_converter/inst/xpm_cdc_async_rst_inst/arststages_ff_reg[0]/C





--------------------------------------------------------------------------------------
Path Group:  (none)
From Clock:  clk_out1_spi_module_clk_wiz_0
  To Clock:  

Max Delay             3 Endpoints
Min Delay             3 Endpoints
--------------------------------------------------------------------------------------


Max Delay Paths
--------------------------------------------------------------------------------------
Slack:                    inf
  Source:                 spi_module_i/axi_quad_spi_0/U0/NO_DUAL_QUAD_MODE.QSPI_NORMAL/QSPI_LEGACY_MD_GEN.QSPI_CORE_INTERFACE_I/LOGIC_FOR_MD_0_GEN.SPI_MODULE_I/SPI_TRISTATE_CONTROL_V/C
                            (rising edge-triggered cell FDRE clocked by clk_out1_spi_module_clk_wiz_0  {rise@0.000ns fall@5.000ns period=10.000ns})
  Destination:            som240_1_connector_pmod1_spi_io1_io
                            (output port)
  Path Group:             (none)
  Path Type:              Max at Slow Process Corner
  Data Path Delay:        7.189ns  (logic 6.048ns (84.128%)  route 1.141ns (15.872%))
  Logic Levels:           1  (OBUFT=1)
  Clock Uncertainty:      0.321ns  ((TSJ^2 + DJ^2)^1/2) / 2 + PE
    Total System Jitter     (TSJ):    0.050ns
    Discrete Jitter          (DJ):    0.191ns
    Phase Error              (PE):    0.222ns
  Clock Net Delay (Source):      2.423ns (routing 1.302ns, distribution 1.121ns)

    Location             Delay type                Incr(ns)  Path(ns)    Netlist Resource(s)
  -------------------------------------------------------------------    -------------------
                         (clock clk_out1_spi_module_clk_wiz_0 rise edge)
                                                      0.000     0.000 r  
    C3                                                0.000     0.000 r  som240_1_connector_hpa_clk0p_clk (IN)
                         net (fo=0)                   0.000     0.000    spi_module_i/clk_wiz/inst/clkin1_ibuf/I
    C3                   INBUF (Prop_INBUF_HPIOB_M_PAD_O)
                                                      0.538     0.538 r  spi_module_i/clk_wiz/inst/clkin1_ibuf/INBUF_INST/O
                         net (fo=1, routed)           0.000     0.538    spi_module_i/clk_wiz/inst/clkin1_ibuf/OUT
    C3                   IBUFCTRL (Prop_IBUFCTRL_HPIOB_M_I_O)
                                                      0.000     0.538 r  spi_module_i/clk_wiz/inst/clkin1_ibuf/IBUFCTRL_INST/O
                         net (fo=1, routed)           0.551     1.089    spi_module_i/clk_wiz/inst/clk_in1_spi_module_clk_wiz_0
    MMCM_X0Y3            MMCME4_ADV (Prop_MMCM_CLKIN1_CLKOUT0)
                                                     -0.103     0.986 r  spi_module_i/clk_wiz/inst/mmcme4_adv_inst/CLKOUT0
                         net (fo=1, routed)           0.348     1.334    spi_module_i/clk_wiz/inst/clk_out1_spi_module_clk_wiz_0
    BUFGCE_X0Y76         BUFGCE (Prop_BUFCE_BUFGCE_I_O)
                                                      0.044     1.378 r  spi_module_i/clk_wiz/inst/clkout1_buf/O
    X0Y2 (CLOCK_ROOT)    net (fo=324, routed)         2.423     3.800    spi_module_i/axi_quad_spi_0/U0/NO_DUAL_QUAD_MODE.QSPI_NORMAL/QSPI_LEGACY_MD_GEN.QSPI_CORE_INTERFACE_I/LOGIC_FOR_MD_0_GEN.SPI_MODULE_I/ext_spi_clk
    SLICE_X16Y147        FDRE                                         r  spi_module_i/axi_quad_spi_0/U0/NO_DUAL_QUAD_MODE.QSPI_NORMAL/QSPI_LEGACY_MD_GEN.QSPI_CORE_INTERFACE_I/LOGIC_FOR_MD_0_GEN.SPI_MODULE_I/SPI_TRISTATE_CONTROL_V/C
  -------------------------------------------------------------------    -------------------
    SLICE_X16Y147        FDRE (Prop_DFF_SLICEL_C_Q)
                                                      0.114     3.914 r  spi_module_i/axi_quad_spi_0/U0/NO_DUAL_QUAD_MODE.QSPI_NORMAL/QSPI_LEGACY_MD_GEN.QSPI_CORE_INTERFACE_I/LOGIC_FOR_MD_0_GEN.SPI_MODULE_I/SPI_TRISTATE_CONTROL_V/Q
                         net (fo=2, routed)           1.141     5.055    som240_1_connector_pmod1_spi_io1_iobuf/T
    E10                  OBUFT (TriStatD_OUTBUF_HDIOB_M_T_O)
                                                      5.934    10.989 r  som240_1_connector_pmod1_spi_io1_iobuf/OBUFT/O
                         net (fo=1, unset)            0.000    10.989    som240_1_connector_pmod1_spi_io1_io
    E10                                                               r  som240_1_connector_pmod1_spi_io1_io (INOUT)
  -------------------------------------------------------------------    -------------------

Slack:                    inf
  Source:                 spi_module_i/axi_quad_spi_0/U0/NO_DUAL_QUAD_MODE.QSPI_NORMAL/QSPI_LEGACY_MD_GEN.QSPI_CORE_INTERFACE_I/LOGIC_FOR_MD_0_GEN.SPI_MODULE_I/SPI_TRISTATE_CONTROL_IV/C
                            (rising edge-triggered cell FDRE clocked by clk_out1_spi_module_clk_wiz_0  {rise@0.000ns fall@5.000ns period=10.000ns})
  Destination:            som240_1_connector_pmod1_spi_ss_io
                            (output port)
  Path Group:             (none)
  Path Type:              Max at Slow Process Corner
  Data Path Delay:        7.199ns  (logic 6.040ns (83.901%)  route 1.159ns (16.099%))
  Logic Levels:           1  (OBUFT=1)
  Clock Uncertainty:      0.321ns  ((TSJ^2 + DJ^2)^1/2) / 2 + PE
    Total System Jitter     (TSJ):    0.050ns
    Discrete Jitter          (DJ):    0.191ns
    Phase Error              (PE):    0.222ns
  Clock Net Delay (Source):      2.411ns (routing 1.302ns, distribution 1.109ns)

    Location             Delay type                Incr(ns)  Path(ns)    Netlist Resource(s)
  -------------------------------------------------------------------    -------------------
                         (clock clk_out1_spi_module_clk_wiz_0 rise edge)
                                                      0.000     0.000 r  
    C3                                                0.000     0.000 r  som240_1_connector_hpa_clk0p_clk (IN)
                         net (fo=0)                   0.000     0.000    spi_module_i/clk_wiz/inst/clkin1_ibuf/I
    C3                   INBUF (Prop_INBUF_HPIOB_M_PAD_O)
                                                      0.538     0.538 r  spi_module_i/clk_wiz/inst/clkin1_ibuf/INBUF_INST/O
                         net (fo=1, routed)           0.000     0.538    spi_module_i/clk_wiz/inst/clkin1_ibuf/OUT
    C3                   IBUFCTRL (Prop_IBUFCTRL_HPIOB_M_I_O)
                                                      0.000     0.538 r  spi_module_i/clk_wiz/inst/clkin1_ibuf/IBUFCTRL_INST/O
                         net (fo=1, routed)           0.551     1.089    spi_module_i/clk_wiz/inst/clk_in1_spi_module_clk_wiz_0
    MMCM_X0Y3            MMCME4_ADV (Prop_MMCM_CLKIN1_CLKOUT0)
                                                     -0.103     0.986 r  spi_module_i/clk_wiz/inst/mmcme4_adv_inst/CLKOUT0
                         net (fo=1, routed)           0.348     1.334    spi_module_i/clk_wiz/inst/clk_out1_spi_module_clk_wiz_0
    BUFGCE_X0Y76         BUFGCE (Prop_BUFCE_BUFGCE_I_O)
                                                      0.044     1.378 r  spi_module_i/clk_wiz/inst/clkout1_buf/O
    X0Y2 (CLOCK_ROOT)    net (fo=324, routed)         2.411     3.788    spi_module_i/axi_quad_spi_0/U0/NO_DUAL_QUAD_MODE.QSPI_NORMAL/QSPI_LEGACY_MD_GEN.QSPI_CORE_INTERFACE_I/LOGIC_FOR_MD_0_GEN.SPI_MODULE_I/ext_spi_clk
    SLICE_X13Y148        FDRE                                         r  spi_module_i/axi_quad_spi_0/U0/NO_DUAL_QUAD_MODE.QSPI_NORMAL/QSPI_LEGACY_MD_GEN.QSPI_CORE_INTERFACE_I/LOGIC_FOR_MD_0_GEN.SPI_MODULE_I/SPI_TRISTATE_CONTROL_IV/C
  -------------------------------------------------------------------    -------------------
    SLICE_X13Y148        FDRE (Prop_AFF_SLICEM_C_Q)
                                                      0.113     3.901 r  spi_module_i/axi_quad_spi_0/U0/NO_DUAL_QUAD_MODE.QSPI_NORMAL/QSPI_LEGACY_MD_GEN.QSPI_CORE_INTERFACE_I/LOGIC_FOR_MD_0_GEN.SPI_MODULE_I/SPI_TRISTATE_CONTROL_IV/Q
                         net (fo=2, routed)           1.159     5.060    som240_1_connector_pmod1_spi_ss_iobuf/T
    B10                  OBUFT (TriStatD_OUTBUF_HDIOB_S_T_O)
                                                      5.927    10.987 r  som240_1_connector_pmod1_spi_ss_iobuf/OBUFT/O
                         net (fo=1, unset)            0.000    10.987    som240_1_connector_pmod1_spi_ss_io
    B10                                                               r  som240_1_connector_pmod1_spi_ss_io (INOUT)
  -------------------------------------------------------------------    -------------------

Slack:                    inf
  Source:                 spi_module_i/axi_quad_spi_0/U0/NO_DUAL_QUAD_MODE.QSPI_NORMAL/QSPI_LEGACY_MD_GEN.QSPI_CORE_INTERFACE_I/LOGIC_FOR_MD_0_GEN.SPI_MODULE_I/SPI_TRISTATE_CONTROL_III/C
                            (rising edge-triggered cell FDRE clocked by clk_out1_spi_module_clk_wiz_0  {rise@0.000ns fall@5.000ns period=10.000ns})
  Destination:            som240_1_connector_pmod1_spi_io0_io
                            (output port)
  Path Group:             (none)
  Path Type:              Max at Slow Process Corner
  Data Path Delay:        7.135ns  (logic 6.025ns (84.443%)  route 1.110ns (15.557%))
  Logic Levels:           1  (OBUFT=1)
  Clock Uncertainty:      0.321ns  ((TSJ^2 + DJ^2)^1/2) / 2 + PE
    Total System Jitter     (TSJ):    0.050ns
    Discrete Jitter          (DJ):    0.191ns
    Phase Error              (PE):    0.222ns
  Clock Net Delay (Source):      2.382ns (routing 1.302ns, distribution 1.080ns)

    Location             Delay type                Incr(ns)  Path(ns)    Netlist Resource(s)
  -------------------------------------------------------------------    -------------------
                         (clock clk_out1_spi_module_clk_wiz_0 rise edge)
                                                      0.000     0.000 r  
    C3                                                0.000     0.000 r  som240_1_connector_hpa_clk0p_clk (IN)
                         net (fo=0)                   0.000     0.000    spi_module_i/clk_wiz/inst/clkin1_ibuf/I
    C3                   INBUF (Prop_INBUF_HPIOB_M_PAD_O)
                                                      0.538     0.538 r  spi_module_i/clk_wiz/inst/clkin1_ibuf/INBUF_INST/O
                         net (fo=1, routed)           0.000     0.538    spi_module_i/clk_wiz/inst/clkin1_ibuf/OUT
    C3                   IBUFCTRL (Prop_IBUFCTRL_HPIOB_M_I_O)
                                                      0.000     0.538 r  spi_module_i/clk_wiz/inst/clkin1_ibuf/IBUFCTRL_INST/O
                         net (fo=1, routed)           0.551     1.089    spi_module_i/clk_wiz/inst/clk_in1_spi_module_clk_wiz_0
    MMCM_X0Y3            MMCME4_ADV (Prop_MMCM_CLKIN1_CLKOUT0)
                                                     -0.103     0.986 r  spi_module_i/clk_wiz/inst/mmcme4_adv_inst/CLKOUT0
                         net (fo=1, routed)           0.348     1.334    spi_module_i/clk_wiz/inst/clk_out1_spi_module_clk_wiz_0
    BUFGCE_X0Y76         BUFGCE (Prop_BUFCE_BUFGCE_I_O)
                                                      0.044     1.378 r  spi_module_i/clk_wiz/inst/clkout1_buf/O
    X0Y2 (CLOCK_ROOT)    net (fo=324, routed)         2.382     3.760    spi_module_i/axi_quad_spi_0/U0/NO_DUAL_QUAD_MODE.QSPI_NORMAL/QSPI_LEGACY_MD_GEN.QSPI_CORE_INTERFACE_I/LOGIC_FOR_MD_0_GEN.SPI_MODULE_I/ext_spi_clk
    SLICE_X13Y146        FDRE                                         r  spi_module_i/axi_quad_spi_0/U0/NO_DUAL_QUAD_MODE.QSPI_NORMAL/QSPI_LEGACY_MD_GEN.QSPI_CORE_INTERFACE_I/LOGIC_FOR_MD_0_GEN.SPI_MODULE_I/SPI_TRISTATE_CONTROL_III/C
  -------------------------------------------------------------------    -------------------
    SLICE_X13Y146        FDRE (Prop_GFF_SLICEM_C_Q)
                                                      0.116     3.876 r  spi_module_i/axi_quad_spi_0/U0/NO_DUAL_QUAD_MODE.QSPI_NORMAL/QSPI_LEGACY_MD_GEN.QSPI_CORE_INTERFACE_I/LOGIC_FOR_MD_0_GEN.SPI_MODULE_I/SPI_TRISTATE_CONTROL_III/Q
                         net (fo=2, routed)           1.110     4.986    som240_1_connector_pmod1_spi_io0_iobuf/T
    H12                  OBUFT (TriStatD_OUTBUF_HDIOB_S_T_O)
                                                      5.909    10.895 r  som240_1_connector_pmod1_spi_io0_iobuf/OBUFT/O
                         net (fo=1, unset)            0.000    10.895    som240_1_connector_pmod1_spi_io0_io
    H12                                                               r  som240_1_connector_pmod1_spi_io0_io (INOUT)
  -------------------------------------------------------------------    -------------------





Min Delay Paths
--------------------------------------------------------------------------------------
Slack:                    inf
  Source:                 spi_module_i/axi_quad_spi_0/U0/NO_DUAL_QUAD_MODE.QSPI_NORMAL/QSPI_LEGACY_MD_GEN.QSPI_CORE_INTERFACE_I/LOGIC_FOR_MD_0_GEN.SPI_MODULE_I/SPI_TRISTATE_CONTROL_III/C
                            (rising edge-triggered cell FDRE clocked by clk_out1_spi_module_clk_wiz_0  {rise@0.000ns fall@5.000ns period=10.000ns})
  Destination:            som240_1_connector_pmod1_spi_io0_io
                            (output port)
  Path Group:             (none)
  Path Type:              Min at Fast Process Corner
  Data Path Delay:        1.910ns  (logic 1.476ns (77.281%)  route 0.434ns (22.719%))
  Logic Levels:           1  (OBUFT=1)
  Clock Uncertainty:      0.321ns  ((TSJ^2 + DJ^2)^1/2) / 2 + PE
    Total System Jitter     (TSJ):    0.050ns
    Discrete Jitter          (DJ):    0.191ns
    Phase Error              (PE):    0.222ns
  Clock Net Delay (Source):      1.311ns (routing 0.727ns, distribution 0.584ns)

    Location             Delay type                Incr(ns)  Path(ns)    Netlist Resource(s)
  -------------------------------------------------------------------    -------------------
                         (clock clk_out1_spi_module_clk_wiz_0 rise edge)
                                                      0.000     0.000 r  
    C3                                                0.000     0.000 r  som240_1_connector_hpa_clk0p_clk (IN)
                         net (fo=0)                   0.000     0.000    spi_module_i/clk_wiz/inst/clkin1_ibuf/I
    C3                   INBUF (Prop_INBUF_HPIOB_M_PAD_O)
                                                      0.172     0.172 r  spi_module_i/clk_wiz/inst/clkin1_ibuf/INBUF_INST/O
                         net (fo=1, routed)           0.000     0.172    spi_module_i/clk_wiz/inst/clkin1_ibuf/OUT
    C3                   IBUFCTRL (Prop_IBUFCTRL_HPIOB_M_I_O)
                                                      0.000     0.172 r  spi_module_i/clk_wiz/inst/clkin1_ibuf/IBUFCTRL_INST/O
                         net (fo=1, routed)           0.212     0.384    spi_module_i/clk_wiz/inst/clk_in1_spi_module_clk_wiz_0
    MMCM_X0Y3            MMCME4_ADV (Prop_MMCM_CLKIN1_CLKOUT0)
                                                      0.566     0.950 r  spi_module_i/clk_wiz/inst/mmcme4_adv_inst/CLKOUT0
                         net (fo=1, routed)           0.179     1.129    spi_module_i/clk_wiz/inst/clk_out1_spi_module_clk_wiz_0
    BUFGCE_X0Y76         BUFGCE (Prop_BUFCE_BUFGCE_I_O)
                                                      0.023     1.152 r  spi_module_i/clk_wiz/inst/clkout1_buf/O
    X0Y2 (CLOCK_ROOT)    net (fo=324, routed)         1.311     2.463    spi_module_i/axi_quad_spi_0/U0/NO_DUAL_QUAD_MODE.QSPI_NORMAL/QSPI_LEGACY_MD_GEN.QSPI_CORE_INTERFACE_I/LOGIC_FOR_MD_0_GEN.SPI_MODULE_I/ext_spi_clk
    SLICE_X13Y146        FDRE                                         r  spi_module_i/axi_quad_spi_0/U0/NO_DUAL_QUAD_MODE.QSPI_NORMAL/QSPI_LEGACY_MD_GEN.QSPI_CORE_INTERFACE_I/LOGIC_FOR_MD_0_GEN.SPI_MODULE_I/SPI_TRISTATE_CONTROL_III/C
  -------------------------------------------------------------------    -------------------
    SLICE_X13Y146        FDRE (Prop_GFF_SLICEM_C_Q)
                                                      0.083     2.546 f  spi_module_i/axi_quad_spi_0/U0/NO_DUAL_QUAD_MODE.QSPI_NORMAL/QSPI_LEGACY_MD_GEN.QSPI_CORE_INTERFACE_I/LOGIC_FOR_MD_0_GEN.SPI_MODULE_I/SPI_TRISTATE_CONTROL_III/Q
                         net (fo=2, routed)           0.434     2.980    som240_1_connector_pmod1_spi_io0_iobuf/T
    H12                  OBUFT (TriStatE_OUTBUF_HDIOB_S_T_O)
                                                      1.393     4.374 r  som240_1_connector_pmod1_spi_io0_iobuf/OBUFT/O
                         net (fo=1, unset)            0.000     4.374    som240_1_connector_pmod1_spi_io0_io
    H12                                                               r  som240_1_connector_pmod1_spi_io0_io (INOUT)
  -------------------------------------------------------------------    -------------------

Slack:                    inf
  Source:                 spi_module_i/axi_quad_spi_0/U0/NO_DUAL_QUAD_MODE.QSPI_NORMAL/QSPI_LEGACY_MD_GEN.QSPI_CORE_INTERFACE_I/LOGIC_FOR_MD_0_GEN.SPI_MODULE_I/SPI_TRISTATE_CONTROL_IV/C
                            (rising edge-triggered cell FDRE clocked by clk_out1_spi_module_clk_wiz_0  {rise@0.000ns fall@5.000ns period=10.000ns})
  Destination:            som240_1_connector_pmod1_spi_ss_io
                            (output port)
  Path Group:             (none)
  Path Type:              Min at Fast Process Corner
  Data Path Delay:        1.962ns  (logic 1.493ns (76.095%)  route 0.469ns (23.905%))
  Logic Levels:           1  (OBUFT=1)
  Clock Uncertainty:      0.321ns  ((TSJ^2 + DJ^2)^1/2) / 2 + PE
    Total System Jitter     (TSJ):    0.050ns
    Discrete Jitter          (DJ):    0.191ns
    Phase Error              (PE):    0.222ns
  Clock Net Delay (Source):      1.319ns (routing 0.727ns, distribution 0.592ns)

    Location             Delay type                Incr(ns)  Path(ns)    Netlist Resource(s)
  -------------------------------------------------------------------    -------------------
                         (clock clk_out1_spi_module_clk_wiz_0 rise edge)
                                                      0.000     0.000 r  
    C3                                                0.000     0.000 r  som240_1_connector_hpa_clk0p_clk (IN)
                         net (fo=0)                   0.000     0.000    spi_module_i/clk_wiz/inst/clkin1_ibuf/I
    C3                   INBUF (Prop_INBUF_HPIOB_M_PAD_O)
                                                      0.172     0.172 r  spi_module_i/clk_wiz/inst/clkin1_ibuf/INBUF_INST/O
                         net (fo=1, routed)           0.000     0.172    spi_module_i/clk_wiz/inst/clkin1_ibuf/OUT
    C3                   IBUFCTRL (Prop_IBUFCTRL_HPIOB_M_I_O)
                                                      0.000     0.172 r  spi_module_i/clk_wiz/inst/clkin1_ibuf/IBUFCTRL_INST/O
                         net (fo=1, routed)           0.212     0.384    spi_module_i/clk_wiz/inst/clk_in1_spi_module_clk_wiz_0
    MMCM_X0Y3            MMCME4_ADV (Prop_MMCM_CLKIN1_CLKOUT0)
                                                      0.566     0.950 r  spi_module_i/clk_wiz/inst/mmcme4_adv_inst/CLKOUT0
                         net (fo=1, routed)           0.179     1.129    spi_module_i/clk_wiz/inst/clk_out1_spi_module_clk_wiz_0
    BUFGCE_X0Y76         BUFGCE (Prop_BUFCE_BUFGCE_I_O)
                                                      0.023     1.152 r  spi_module_i/clk_wiz/inst/clkout1_buf/O
    X0Y2 (CLOCK_ROOT)    net (fo=324, routed)         1.319     2.471    spi_module_i/axi_quad_spi_0/U0/NO_DUAL_QUAD_MODE.QSPI_NORMAL/QSPI_LEGACY_MD_GEN.QSPI_CORE_INTERFACE_I/LOGIC_FOR_MD_0_GEN.SPI_MODULE_I/ext_spi_clk
    SLICE_X13Y148        FDRE                                         r  spi_module_i/axi_quad_spi_0/U0/NO_DUAL_QUAD_MODE.QSPI_NORMAL/QSPI_LEGACY_MD_GEN.QSPI_CORE_INTERFACE_I/LOGIC_FOR_MD_0_GEN.SPI_MODULE_I/SPI_TRISTATE_CONTROL_IV/C
  -------------------------------------------------------------------    -------------------
    SLICE_X13Y148        FDRE (Prop_AFF_SLICEM_C_Q)
                                                      0.082     2.553 f  spi_module_i/axi_quad_spi_0/U0/NO_DUAL_QUAD_MODE.QSPI_NORMAL/QSPI_LEGACY_MD_GEN.QSPI_CORE_INTERFACE_I/LOGIC_FOR_MD_0_GEN.SPI_MODULE_I/SPI_TRISTATE_CONTROL_IV/Q
                         net (fo=2, routed)           0.469     3.022    som240_1_connector_pmod1_spi_ss_iobuf/T
    B10                  OBUFT (TriStatE_OUTBUF_HDIOB_S_T_O)
                                                      1.411     4.433 r  som240_1_connector_pmod1_spi_ss_iobuf/OBUFT/O
                         net (fo=1, unset)            0.000     4.433    som240_1_connector_pmod1_spi_ss_io
    B10                                                               r  som240_1_connector_pmod1_spi_ss_io (INOUT)
  -------------------------------------------------------------------    -------------------

Slack:                    inf
  Source:                 spi_module_i/axi_quad_spi_0/U0/NO_DUAL_QUAD_MODE.QSPI_NORMAL/QSPI_LEGACY_MD_GEN.QSPI_CORE_INTERFACE_I/LOGIC_FOR_MD_0_GEN.SPI_MODULE_I/SPI_TRISTATE_CONTROL_V/C
                            (rising edge-triggered cell FDRE clocked by clk_out1_spi_module_clk_wiz_0  {rise@0.000ns fall@5.000ns period=10.000ns})
  Destination:            som240_1_connector_pmod1_spi_io1_io
                            (output port)
  Path Group:             (none)
  Path Type:              Min at Fast Process Corner
  Data Path Delay:        1.961ns  (logic 1.502ns (76.589%)  route 0.459ns (23.411%))
  Logic Levels:           1  (OBUFT=1)
  Clock Uncertainty:      0.321ns  ((TSJ^2 + DJ^2)^1/2) / 2 + PE
    Total System Jitter     (TSJ):    0.050ns
    Discrete Jitter          (DJ):    0.191ns
    Phase Error              (PE):    0.222ns
  Clock Net Delay (Source):      1.325ns (routing 0.727ns, distribution 0.598ns)

    Location             Delay type                Incr(ns)  Path(ns)    Netlist Resource(s)
  -------------------------------------------------------------------    -------------------
                         (clock clk_out1_spi_module_clk_wiz_0 rise edge)
                                                      0.000     0.000 r  
    C3                                                0.000     0.000 r  som240_1_connector_hpa_clk0p_clk (IN)
                         net (fo=0)                   0.000     0.000    spi_module_i/clk_wiz/inst/clkin1_ibuf/I
    C3                   INBUF (Prop_INBUF_HPIOB_M_PAD_O)
                                                      0.172     0.172 r  spi_module_i/clk_wiz/inst/clkin1_ibuf/INBUF_INST/O
                         net (fo=1, routed)           0.000     0.172    spi_module_i/clk_wiz/inst/clkin1_ibuf/OUT
    C3                   IBUFCTRL (Prop_IBUFCTRL_HPIOB_M_I_O)
                                                      0.000     0.172 r  spi_module_i/clk_wiz/inst/clkin1_ibuf/IBUFCTRL_INST/O
                         net (fo=1, routed)           0.212     0.384    spi_module_i/clk_wiz/inst/clk_in1_spi_module_clk_wiz_0
    MMCM_X0Y3            MMCME4_ADV (Prop_MMCM_CLKIN1_CLKOUT0)
                                                      0.566     0.950 r  spi_module_i/clk_wiz/inst/mmcme4_adv_inst/CLKOUT0
                         net (fo=1, routed)           0.179     1.129    spi_module_i/clk_wiz/inst/clk_out1_spi_module_clk_wiz_0
    BUFGCE_X0Y76         BUFGCE (Prop_BUFCE_BUFGCE_I_O)
                                                      0.023     1.152 r  spi_module_i/clk_wiz/inst/clkout1_buf/O
    X0Y2 (CLOCK_ROOT)    net (fo=324, routed)         1.325     2.477    spi_module_i/axi_quad_spi_0/U0/NO_DUAL_QUAD_MODE.QSPI_NORMAL/QSPI_LEGACY_MD_GEN.QSPI_CORE_INTERFACE_I/LOGIC_FOR_MD_0_GEN.SPI_MODULE_I/ext_spi_clk
    SLICE_X16Y147        FDRE                                         r  spi_module_i/axi_quad_spi_0/U0/NO_DUAL_QUAD_MODE.QSPI_NORMAL/QSPI_LEGACY_MD_GEN.QSPI_CORE_INTERFACE_I/LOGIC_FOR_MD_0_GEN.SPI_MODULE_I/SPI_TRISTATE_CONTROL_V/C
  -------------------------------------------------------------------    -------------------
    SLICE_X16Y147        FDRE (Prop_DFF_SLICEL_C_Q)
                                                      0.084     2.561 f  spi_module_i/axi_quad_spi_0/U0/NO_DUAL_QUAD_MODE.QSPI_NORMAL/QSPI_LEGACY_MD_GEN.QSPI_CORE_INTERFACE_I/LOGIC_FOR_MD_0_GEN.SPI_MODULE_I/SPI_TRISTATE_CONTROL_V/Q
                         net (fo=2, routed)           0.459     3.020    som240_1_connector_pmod1_spi_io1_iobuf/T
    E10                  OBUFT (TriStatE_OUTBUF_HDIOB_M_T_O)
                                                      1.418     4.438 r  som240_1_connector_pmod1_spi_io1_iobuf/OBUFT/O
                         net (fo=1, unset)            0.000     4.438    som240_1_connector_pmod1_spi_io1_io
    E10                                                               r  som240_1_connector_pmod1_spi_io1_io (INOUT)
  -------------------------------------------------------------------    -------------------





--------------------------------------------------------------------------------------
Path Group:  (none)
From Clock:  clk_pl_0
  To Clock:  

Max Delay             3 Endpoints
Min Delay             3 Endpoints
--------------------------------------------------------------------------------------


Max Delay Paths
--------------------------------------------------------------------------------------
Slack:                    inf
  Source:                 spi_module_i/axi_gpio_0/U0/gpio_core_1/Not_Dual.gpio_Data_Out_reg[0]_lopt_replica/C
                            (rising edge-triggered cell FDRE clocked by clk_pl_0  {rise@0.000ns fall@5.000ns period=10.000ns})
  Destination:            som240_1_connector_gem2_led_tri_o[2]
                            (output port)
  Path Group:             (none)
  Path Type:              Max at Slow Process Corner
  Data Path Delay:        3.372ns  (logic 1.038ns (30.785%)  route 2.334ns (69.215%))
  Logic Levels:           1  (OBUF=1)
  Clock Uncertainty:      0.158ns  ((TSJ^2 + DJ^2)^1/2) / 2 + PE
    Total System Jitter     (TSJ):    0.050ns
    Discrete Jitter          (DJ):    0.312ns
    Phase Error              (PE):    0.000ns
  Clock Net Delay (Source):      2.369ns (routing 1.229ns, distribution 1.140ns)

    Location             Delay type                Incr(ns)  Path(ns)    Netlist Resource(s)
  -------------------------------------------------------------------    -------------------
                         (clock clk_pl_0 rise edge)
                                                      0.000     0.000 r  
    PS8_X0Y0             PS8                          0.000     0.000 r  spi_module_i/zynq_ultra_ps_e_0/inst/PS8_i/PLCLK[0]
                         net (fo=1, routed)           0.229     0.229    spi_module_i/zynq_ultra_ps_e_0/inst/pl_clk_unbuffered[0]
    BUFG_PS_X0Y91        BUFG_PS (Prop_BUFG_PS_I_O)
                                                      0.038     0.267 r  spi_module_i/zynq_ultra_ps_e_0/inst/buffer_pl_clk_0.PL_CLK_0_BUFG/O
    X0Y1 (CLOCK_ROOT)    net (fo=10582, routed)       2.369     2.636    spi_module_i/axi_gpio_0/U0/gpio_core_1/s_axi_aclk
    SLICE_X10Y140        FDRE                                         r  spi_module_i/axi_gpio_0/U0/gpio_core_1/Not_Dual.gpio_Data_Out_reg[0]_lopt_replica/C
  -------------------------------------------------------------------    -------------------
    SLICE_X10Y140        FDRE (Prop_AFF2_SLICEM_C_Q)
                                                      0.118     2.754 r  spi_module_i/axi_gpio_0/U0/gpio_core_1/Not_Dual.gpio_Data_Out_reg[0]_lopt_replica/Q
                         net (fo=1, routed)           2.334     5.088    lopt_2
    C1                   OBUF (Prop_OUTBUF_HPIOB_M_I_O)
                                                      0.920     6.008 r  som240_1_connector_gem2_led_tri_o_OBUF[2]_inst/O
                         net (fo=0)                   0.000     6.008    som240_1_connector_gem2_led_tri_o[2]
    C1                                                                r  som240_1_connector_gem2_led_tri_o[2] (OUT)
  -------------------------------------------------------------------    -------------------

Slack:                    inf
  Source:                 spi_module_i/axi_gpio_0/U0/gpio_core_1/Not_Dual.gpio_Data_Out_reg[2]_lopt_replica/C
                            (rising edge-triggered cell FDRE clocked by clk_pl_0  {rise@0.000ns fall@5.000ns period=10.000ns})
  Destination:            som240_1_connector_gem2_led_tri_o[0]
                            (output port)
  Path Group:             (none)
  Path Type:              Max at Slow Process Corner
  Data Path Delay:        3.132ns  (logic 1.017ns (32.481%)  route 2.115ns (67.519%))
  Logic Levels:           1  (OBUF=1)
  Clock Uncertainty:      0.158ns  ((TSJ^2 + DJ^2)^1/2) / 2 + PE
    Total System Jitter     (TSJ):    0.050ns
    Discrete Jitter          (DJ):    0.312ns
    Phase Error              (PE):    0.000ns
  Clock Net Delay (Source):      2.369ns (routing 1.229ns, distribution 1.140ns)

    Location             Delay type                Incr(ns)  Path(ns)    Netlist Resource(s)
  -------------------------------------------------------------------    -------------------
                         (clock clk_pl_0 rise edge)
                                                      0.000     0.000 r  
    PS8_X0Y0             PS8                          0.000     0.000 r  spi_module_i/zynq_ultra_ps_e_0/inst/PS8_i/PLCLK[0]
                         net (fo=1, routed)           0.229     0.229    spi_module_i/zynq_ultra_ps_e_0/inst/pl_clk_unbuffered[0]
    BUFG_PS_X0Y91        BUFG_PS (Prop_BUFG_PS_I_O)
                                                      0.038     0.267 r  spi_module_i/zynq_ultra_ps_e_0/inst/buffer_pl_clk_0.PL_CLK_0_BUFG/O
    X0Y1 (CLOCK_ROOT)    net (fo=10582, routed)       2.369     2.636    spi_module_i/axi_gpio_0/U0/gpio_core_1/s_axi_aclk
    SLICE_X10Y140        FDRE                                         r  spi_module_i/axi_gpio_0/U0/gpio_core_1/Not_Dual.gpio_Data_Out_reg[2]_lopt_replica/C
  -------------------------------------------------------------------    -------------------
    SLICE_X10Y140        FDRE (Prop_CFF2_SLICEM_C_Q)
                                                      0.114     2.750 r  spi_module_i/axi_gpio_0/U0/gpio_core_1/Not_Dual.gpio_Data_Out_reg[2]_lopt_replica/Q
                         net (fo=1, routed)           2.115     4.865    lopt
    E4                   OBUF (Prop_OUTBUF_HPIOB_M_I_O)
                                                      0.903     5.768 r  som240_1_connector_gem2_led_tri_o_OBUF[0]_inst/O
                         net (fo=0)                   0.000     5.768    som240_1_connector_gem2_led_tri_o[0]
    E4                                                                r  som240_1_connector_gem2_led_tri_o[0] (OUT)
  -------------------------------------------------------------------    -------------------

Slack:                    inf
  Source:                 spi_module_i/axi_gpio_0/U0/gpio_core_1/Not_Dual.gpio_Data_Out_reg[1]_lopt_replica/C
                            (rising edge-triggered cell FDRE clocked by clk_pl_0  {rise@0.000ns fall@5.000ns period=10.000ns})
  Destination:            som240_1_connector_gem2_led_tri_o[1]
                            (output port)
  Path Group:             (none)
  Path Type:              Max at Slow Process Corner
  Data Path Delay:        3.102ns  (logic 1.019ns (32.847%)  route 2.083ns (67.153%))
  Logic Levels:           1  (OBUF=1)
  Clock Uncertainty:      0.158ns  ((TSJ^2 + DJ^2)^1/2) / 2 + PE
    Total System Jitter     (TSJ):    0.050ns
    Discrete Jitter          (DJ):    0.312ns
    Phase Error              (PE):    0.000ns
  Clock Net Delay (Source):      2.369ns (routing 1.229ns, distribution 1.140ns)

    Location             Delay type                Incr(ns)  Path(ns)    Netlist Resource(s)
  -------------------------------------------------------------------    -------------------
                         (clock clk_pl_0 rise edge)
                                                      0.000     0.000 r  
    PS8_X0Y0             PS8                          0.000     0.000 r  spi_module_i/zynq_ultra_ps_e_0/inst/PS8_i/PLCLK[0]
                         net (fo=1, routed)           0.229     0.229    spi_module_i/zynq_ultra_ps_e_0/inst/pl_clk_unbuffered[0]
    BUFG_PS_X0Y91        BUFG_PS (Prop_BUFG_PS_I_O)
                                                      0.038     0.267 r  spi_module_i/zynq_ultra_ps_e_0/inst/buffer_pl_clk_0.PL_CLK_0_BUFG/O
    X0Y1 (CLOCK_ROOT)    net (fo=10582, routed)       2.369     2.636    spi_module_i/axi_gpio_0/U0/gpio_core_1/s_axi_aclk
    SLICE_X10Y140        FDRE                                         r  spi_module_i/axi_gpio_0/U0/gpio_core_1/Not_Dual.gpio_Data_Out_reg[1]_lopt_replica/C
  -------------------------------------------------------------------    -------------------
    SLICE_X10Y140        FDRE (Prop_BFF2_SLICEM_C_Q)
                                                      0.115     2.751 r  spi_module_i/axi_gpio_0/U0/gpio_core_1/Not_Dual.gpio_Data_Out_reg[1]_lopt_replica/Q
                         net (fo=1, routed)           2.083     4.834    lopt_1
    E3                   OBUF (Prop_OUTBUF_HPIOB_S_I_O)
                                                      0.904     5.738 r  som240_1_connector_gem2_led_tri_o_OBUF[1]_inst/O
                         net (fo=0)                   0.000     5.738    som240_1_connector_gem2_led_tri_o[1]
    E3                                                                r  som240_1_connector_gem2_led_tri_o[1] (OUT)
  -------------------------------------------------------------------    -------------------





Min Delay Paths
--------------------------------------------------------------------------------------
Slack:                    inf
  Source:                 spi_module_i/axi_gpio_0/U0/gpio_core_1/Not_Dual.gpio_Data_Out_reg[2]_lopt_replica/C
                            (rising edge-triggered cell FDRE clocked by clk_pl_0  {rise@0.000ns fall@5.000ns period=10.000ns})
  Destination:            som240_1_connector_gem2_led_tri_o[0]
                            (output port)
  Path Group:             (none)
  Path Type:              Min at Fast Process Corner
  Data Path Delay:        1.387ns  (logic 0.478ns (34.480%)  route 0.909ns (65.520%))
  Logic Levels:           1  (OBUF=1)
  Clock Uncertainty:      0.158ns  ((TSJ^2 + DJ^2)^1/2) / 2 + PE
    Total System Jitter     (TSJ):    0.050ns
    Discrete Jitter          (DJ):    0.312ns
    Phase Error              (PE):    0.000ns
  Clock Net Delay (Source):      1.296ns (routing 0.676ns, distribution 0.620ns)

    Location             Delay type                Incr(ns)  Path(ns)    Netlist Resource(s)
  -------------------------------------------------------------------    -------------------
                         (clock clk_pl_0 rise edge)
                                                      0.000     0.000 r  
    PS8_X0Y0             PS8                          0.000     0.000 r  spi_module_i/zynq_ultra_ps_e_0/inst/PS8_i/PLCLK[0]
                         net (fo=1, routed)           0.129     0.129    spi_module_i/zynq_ultra_ps_e_0/inst/pl_clk_unbuffered[0]
    BUFG_PS_X0Y91        BUFG_PS (Prop_BUFG_PS_I_O)
                                                      0.022     0.151 r  spi_module_i/zynq_ultra_ps_e_0/inst/buffer_pl_clk_0.PL_CLK_0_BUFG/O
    X0Y1 (CLOCK_ROOT)    net (fo=10582, routed)       1.296     1.447    spi_module_i/axi_gpio_0/U0/gpio_core_1/s_axi_aclk
    SLICE_X10Y140        FDRE                                         r  spi_module_i/axi_gpio_0/U0/gpio_core_1/Not_Dual.gpio_Data_Out_reg[2]_lopt_replica/C
  -------------------------------------------------------------------    -------------------
    SLICE_X10Y140        FDRE (Prop_CFF2_SLICEM_C_Q)
                                                      0.083     1.530 r  spi_module_i/axi_gpio_0/U0/gpio_core_1/Not_Dual.gpio_Data_Out_reg[2]_lopt_replica/Q
                         net (fo=1, routed)           0.909     2.439    lopt
    E4                   OBUF (Prop_OUTBUF_HPIOB_M_I_O)
                                                      0.395     2.834 r  som240_1_connector_gem2_led_tri_o_OBUF[0]_inst/O
                         net (fo=0)                   0.000     2.834    som240_1_connector_gem2_led_tri_o[0]
    E4                                                                r  som240_1_connector_gem2_led_tri_o[0] (OUT)
  -------------------------------------------------------------------    -------------------

Slack:                    inf
  Source:                 spi_module_i/axi_gpio_0/U0/gpio_core_1/Not_Dual.gpio_Data_Out_reg[1]_lopt_replica/C
                            (rising edge-triggered cell FDRE clocked by clk_pl_0  {rise@0.000ns fall@5.000ns period=10.000ns})
  Destination:            som240_1_connector_gem2_led_tri_o[1]
                            (output port)
  Path Group:             (none)
  Path Type:              Min at Fast Process Corner
  Data Path Delay:        1.393ns  (logic 0.481ns (34.520%)  route 0.912ns (65.480%))
  Logic Levels:           1  (OBUF=1)
  Clock Uncertainty:      0.158ns  ((TSJ^2 + DJ^2)^1/2) / 2 + PE
    Total System Jitter     (TSJ):    0.050ns
    Discrete Jitter          (DJ):    0.312ns
    Phase Error              (PE):    0.000ns
  Clock Net Delay (Source):      1.296ns (routing 0.676ns, distribution 0.620ns)

    Location             Delay type                Incr(ns)  Path(ns)    Netlist Resource(s)
  -------------------------------------------------------------------    -------------------
                         (clock clk_pl_0 rise edge)
                                                      0.000     0.000 r  
    PS8_X0Y0             PS8                          0.000     0.000 r  spi_module_i/zynq_ultra_ps_e_0/inst/PS8_i/PLCLK[0]
                         net (fo=1, routed)           0.129     0.129    spi_module_i/zynq_ultra_ps_e_0/inst/pl_clk_unbuffered[0]
    BUFG_PS_X0Y91        BUFG_PS (Prop_BUFG_PS_I_O)
                                                      0.022     0.151 r  spi_module_i/zynq_ultra_ps_e_0/inst/buffer_pl_clk_0.PL_CLK_0_BUFG/O
    X0Y1 (CLOCK_ROOT)    net (fo=10582, routed)       1.296     1.447    spi_module_i/axi_gpio_0/U0/gpio_core_1/s_axi_aclk
    SLICE_X10Y140        FDRE                                         r  spi_module_i/axi_gpio_0/U0/gpio_core_1/Not_Dual.gpio_Data_Out_reg[1]_lopt_replica/C
  -------------------------------------------------------------------    -------------------
    SLICE_X10Y140        FDRE (Prop_BFF2_SLICEM_C_Q)
                                                      0.085     1.532 r  spi_module_i/axi_gpio_0/U0/gpio_core_1/Not_Dual.gpio_Data_Out_reg[1]_lopt_replica/Q
                         net (fo=1, routed)           0.912     2.444    lopt_1
    E3                   OBUF (Prop_OUTBUF_HPIOB_S_I_O)
                                                      0.396     2.839 r  som240_1_connector_gem2_led_tri_o_OBUF[1]_inst/O
                         net (fo=0)                   0.000     2.839    som240_1_connector_gem2_led_tri_o[1]
    E3                                                                r  som240_1_connector_gem2_led_tri_o[1] (OUT)
  -------------------------------------------------------------------    -------------------

Slack:                    inf
  Source:                 spi_module_i/axi_gpio_0/U0/gpio_core_1/Not_Dual.gpio_Data_Out_reg[0]_lopt_replica/C
                            (rising edge-triggered cell FDRE clocked by clk_pl_0  {rise@0.000ns fall@5.000ns period=10.000ns})
  Destination:            som240_1_connector_gem2_led_tri_o[2]
                            (output port)
  Path Group:             (none)
  Path Type:              Min at Fast Process Corner
  Data Path Delay:        1.518ns  (logic 0.496ns (32.668%)  route 1.022ns (67.332%))
  Logic Levels:           1  (OBUF=1)
  Clock Uncertainty:      0.158ns  ((TSJ^2 + DJ^2)^1/2) / 2 + PE
    Total System Jitter     (TSJ):    0.050ns
    Discrete Jitter          (DJ):    0.312ns
    Phase Error              (PE):    0.000ns
  Clock Net Delay (Source):      1.296ns (routing 0.676ns, distribution 0.620ns)

    Location             Delay type                Incr(ns)  Path(ns)    Netlist Resource(s)
  -------------------------------------------------------------------    -------------------
                         (clock clk_pl_0 rise edge)
                                                      0.000     0.000 r  
    PS8_X0Y0             PS8                          0.000     0.000 r  spi_module_i/zynq_ultra_ps_e_0/inst/PS8_i/PLCLK[0]
                         net (fo=1, routed)           0.129     0.129    spi_module_i/zynq_ultra_ps_e_0/inst/pl_clk_unbuffered[0]
    BUFG_PS_X0Y91        BUFG_PS (Prop_BUFG_PS_I_O)
                                                      0.022     0.151 r  spi_module_i/zynq_ultra_ps_e_0/inst/buffer_pl_clk_0.PL_CLK_0_BUFG/O
    X0Y1 (CLOCK_ROOT)    net (fo=10582, routed)       1.296     1.447    spi_module_i/axi_gpio_0/U0/gpio_core_1/s_axi_aclk
    SLICE_X10Y140        FDRE                                         r  spi_module_i/axi_gpio_0/U0/gpio_core_1/Not_Dual.gpio_Data_Out_reg[0]_lopt_replica/C
  -------------------------------------------------------------------    -------------------
    SLICE_X10Y140        FDRE (Prop_AFF2_SLICEM_C_Q)
                                                      0.084     1.531 r  spi_module_i/axi_gpio_0/U0/gpio_core_1/Not_Dual.gpio_Data_Out_reg[0]_lopt_replica/Q
                         net (fo=1, routed)           1.022     2.553    lopt_2
    C1                   OBUF (Prop_OUTBUF_HPIOB_M_I_O)
                                                      0.412     2.964 r  som240_1_connector_gem2_led_tri_o_OBUF[2]_inst/O
                         net (fo=0)                   0.000     2.964    som240_1_connector_gem2_led_tri_o[2]
    C1                                                                r  som240_1_connector_gem2_led_tri_o[2] (OUT)
  -------------------------------------------------------------------    -------------------





--------------------------------------------------------------------------------------
Path Group:  (none)
From Clock:  
  To Clock:  clk_out1_spi_module_clk_wiz_0

Max Delay             2 Endpoints
Min Delay             2 Endpoints
--------------------------------------------------------------------------------------


Max Delay Paths
--------------------------------------------------------------------------------------
Slack:                    inf
  Source:                 som240_1_connector_pmod1_spi_io1_io
                            (input port)
  Destination:            spi_module_i/axi_quad_spi_0/U0/NO_DUAL_QUAD_MODE.QSPI_NORMAL/IO1_I_REG/D
                            (rising edge-triggered cell FDRE clocked by clk_out1_spi_module_clk_wiz_0  {rise@0.000ns fall@5.000ns period=10.000ns})
  Path Group:             (none)
  Path Type:              Setup (Max at Slow Process Corner)
  Data Path Delay:        1.373ns  (logic 1.272ns (92.643%)  route 0.101ns (7.357%))
  Logic Levels:           2  (IBUFCTRL=1 INBUF=1)
  Clock Path Skew:        3.923ns (DCD - SCD + CPR)
    Destination Clock Delay (DCD):    3.923ns
    Source Clock Delay      (SCD):    0.000ns
    Clock Pessimism Removal (CPR):    0.000ns
  Clock Uncertainty:      0.321ns  ((TSJ^2 + DJ^2)^1/2) / 2 + PE
    Total System Jitter     (TSJ):    0.050ns
    Discrete Jitter          (DJ):    0.191ns
    Phase Error              (PE):    0.222ns
  Clock Net Delay (Destination): 2.115ns (routing 1.197ns, distribution 0.918ns)

    Location             Delay type                Incr(ns)  Path(ns)    Netlist Resource(s)
  -------------------------------------------------------------------    -------------------
    E10                                               0.000     0.000 r  som240_1_connector_pmod1_spi_io1_io (INOUT)
                         net (fo=1, unset)            0.000     0.000    som240_1_connector_pmod1_spi_io1_iobuf/IO
    E10                  INBUF (Prop_INBUF_HDIOB_M_PAD_O)
                                                      1.272     1.272 r  som240_1_connector_pmod1_spi_io1_iobuf/INBUF_INST/O
                         net (fo=1, routed)           0.000     1.272    som240_1_connector_pmod1_spi_io1_iobuf/OUT
    E10                  IBUFCTRL (Prop_IBUFCTRL_HDIOB_M_I_O)
                                                      0.000     1.272 r  som240_1_connector_pmod1_spi_io1_iobuf/IBUFCTRL_INST/O
                         net (fo=1, routed)           0.101     1.373    spi_module_i/axi_quad_spi_0/U0/NO_DUAL_QUAD_MODE.QSPI_NORMAL/io1_i
    HDIOLOGIC_M_X0Y30    FDRE                                         r  spi_module_i/axi_quad_spi_0/U0/NO_DUAL_QUAD_MODE.QSPI_NORMAL/IO1_I_REG/D
  -------------------------------------------------------------------    -------------------

                         (clock clk_out1_spi_module_clk_wiz_0 rise edge)
                                                      0.000     0.000 r  
    C3                                                0.000     0.000 r  som240_1_connector_hpa_clk0p_clk (IN)
                         net (fo=0)                   0.000     0.000    spi_module_i/clk_wiz/inst/clkin1_ibuf/I
    C3                   INBUF (Prop_INBUF_HPIOB_M_PAD_O)
                                                      0.287     0.287 r  spi_module_i/clk_wiz/inst/clkin1_ibuf/INBUF_INST/O
                         net (fo=1, routed)           0.000     0.287    spi_module_i/clk_wiz/inst/clkin1_ibuf/OUT
    C3                   IBUFCTRL (Prop_IBUFCTRL_HPIOB_M_I_O)
                                                      0.000     0.287 r  spi_module_i/clk_wiz/inst/clkin1_ibuf/IBUFCTRL_INST/O
                         net (fo=1, routed)           0.436     0.723    spi_module_i/clk_wiz/inst/clk_in1_spi_module_clk_wiz_0
    MMCM_X0Y3            MMCME4_ADV (Prop_MMCM_CLKIN1_CLKOUT0)
                                                      0.739     1.462 r  spi_module_i/clk_wiz/inst/mmcme4_adv_inst/CLKOUT0
                         net (fo=1, routed)           0.307     1.769    spi_module_i/clk_wiz/inst/clk_out1_spi_module_clk_wiz_0
    BUFGCE_X0Y76         BUFGCE (Prop_BUFCE_BUFGCE_I_O)
                                                      0.039     1.808 r  spi_module_i/clk_wiz/inst/clkout1_buf/O
    X0Y2 (CLOCK_ROOT)    net (fo=324, routed)         2.115     3.923    spi_module_i/axi_quad_spi_0/U0/NO_DUAL_QUAD_MODE.QSPI_NORMAL/ext_spi_clk
    HDIOLOGIC_M_X0Y30    FDRE                                         r  spi_module_i/axi_quad_spi_0/U0/NO_DUAL_QUAD_MODE.QSPI_NORMAL/IO1_I_REG/C

Slack:                    inf
  Source:                 som240_1_connector_pmod1_spi_io0_io
                            (input port)
  Destination:            spi_module_i/axi_quad_spi_0/U0/NO_DUAL_QUAD_MODE.QSPI_NORMAL/IO0_I_REG/D
                            (rising edge-triggered cell FDRE clocked by clk_out1_spi_module_clk_wiz_0  {rise@0.000ns fall@5.000ns period=10.000ns})
  Path Group:             (none)
  Path Type:              Setup (Max at Slow Process Corner)
  Data Path Delay:        1.348ns  (logic 1.247ns (92.509%)  route 0.101ns (7.491%))
  Logic Levels:           2  (IBUFCTRL=1 INBUF=1)
  Clock Path Skew:        3.940ns (DCD - SCD + CPR)
    Destination Clock Delay (DCD):    3.940ns
    Source Clock Delay      (SCD):    0.000ns
    Clock Pessimism Removal (CPR):    0.000ns
  Clock Uncertainty:      0.321ns  ((TSJ^2 + DJ^2)^1/2) / 2 + PE
    Total System Jitter     (TSJ):    0.050ns
    Discrete Jitter          (DJ):    0.191ns
    Phase Error              (PE):    0.222ns
  Clock Net Delay (Destination): 2.132ns (routing 1.197ns, distribution 0.935ns)

    Location             Delay type                Incr(ns)  Path(ns)    Netlist Resource(s)
  -------------------------------------------------------------------    -------------------
    H12                                               0.000     0.000 r  som240_1_connector_pmod1_spi_io0_io (INOUT)
                         net (fo=1, unset)            0.000     0.000    som240_1_connector_pmod1_spi_io0_iobuf/IO
    H12                  INBUF (Prop_INBUF_HDIOB_S_PAD_O)
                                                      1.247     1.247 r  som240_1_connector_pmod1_spi_io0_iobuf/INBUF_INST/O
                         net (fo=1, routed)           0.000     1.247    som240_1_connector_pmod1_spi_io0_iobuf/OUT
    H12                  IBUFCTRL (Prop_IBUFCTRL_HDIOB_S_I_O)
                                                      0.000     1.247 r  som240_1_connector_pmod1_spi_io0_iobuf/IBUFCTRL_INST/O
                         net (fo=1, routed)           0.101     1.348    spi_module_i/axi_quad_spi_0/U0/NO_DUAL_QUAD_MODE.QSPI_NORMAL/io0_i
    HDIOLOGIC_S_X0Y27    FDRE                                         r  spi_module_i/axi_quad_spi_0/U0/NO_DUAL_QUAD_MODE.QSPI_NORMAL/IO0_I_REG/D
  -------------------------------------------------------------------    -------------------

                         (clock clk_out1_spi_module_clk_wiz_0 rise edge)
                                                      0.000     0.000 r  
    C3                                                0.000     0.000 r  som240_1_connector_hpa_clk0p_clk (IN)
                         net (fo=0)                   0.000     0.000    spi_module_i/clk_wiz/inst/clkin1_ibuf/I
    C3                   INBUF (Prop_INBUF_HPIOB_M_PAD_O)
                                                      0.287     0.287 r  spi_module_i/clk_wiz/inst/clkin1_ibuf/INBUF_INST/O
                         net (fo=1, routed)           0.000     0.287    spi_module_i/clk_wiz/inst/clkin1_ibuf/OUT
    C3                   IBUFCTRL (Prop_IBUFCTRL_HPIOB_M_I_O)
                                                      0.000     0.287 r  spi_module_i/clk_wiz/inst/clkin1_ibuf/IBUFCTRL_INST/O
                         net (fo=1, routed)           0.436     0.723    spi_module_i/clk_wiz/inst/clk_in1_spi_module_clk_wiz_0
    MMCM_X0Y3            MMCME4_ADV (Prop_MMCM_CLKIN1_CLKOUT0)
                                                      0.739     1.462 r  spi_module_i/clk_wiz/inst/mmcme4_adv_inst/CLKOUT0
                         net (fo=1, routed)           0.307     1.769    spi_module_i/clk_wiz/inst/clk_out1_spi_module_clk_wiz_0
    BUFGCE_X0Y76         BUFGCE (Prop_BUFCE_BUFGCE_I_O)
                                                      0.039     1.808 r  spi_module_i/clk_wiz/inst/clkout1_buf/O
    X0Y2 (CLOCK_ROOT)    net (fo=324, routed)         2.132     3.940    spi_module_i/axi_quad_spi_0/U0/NO_DUAL_QUAD_MODE.QSPI_NORMAL/ext_spi_clk
    HDIOLOGIC_S_X0Y27    FDRE                                         r  spi_module_i/axi_quad_spi_0/U0/NO_DUAL_QUAD_MODE.QSPI_NORMAL/IO0_I_REG/C





Min Delay Paths
--------------------------------------------------------------------------------------
Slack:                    inf
  Source:                 som240_1_connector_pmod1_spi_io0_io
                            (input port)
  Destination:            spi_module_i/axi_quad_spi_0/U0/NO_DUAL_QUAD_MODE.QSPI_NORMAL/IO0_I_REG/D
                            (rising edge-triggered cell FDRE clocked by clk_out1_spi_module_clk_wiz_0  {rise@0.000ns fall@5.000ns period=10.000ns})
  Path Group:             (none)
  Path Type:              Hold (Min at Fast Process Corner)
  Data Path Delay:        1.104ns  (logic 1.054ns (95.472%)  route 0.050ns (4.528%))
  Logic Levels:           2  (IBUFCTRL=1 INBUF=1)
  Clock Path Skew:        2.284ns (DCD - SCD - CPR)
    Destination Clock Delay (DCD):    2.284ns
    Source Clock Delay      (SCD):    0.000ns
    Clock Pessimism Removal (CPR):    -0.000ns
  Clock Net Delay (Destination): 1.453ns (routing 0.790ns, distribution 0.663ns)

    Location             Delay type                Incr(ns)  Path(ns)    Netlist Resource(s)
  -------------------------------------------------------------------    -------------------
    H12                                               0.000     0.000 r  som240_1_connector_pmod1_spi_io0_io (INOUT)
                         net (fo=1, unset)            0.000     0.000    som240_1_connector_pmod1_spi_io0_iobuf/IO
    H12                  INBUF (Prop_INBUF_HDIOB_S_PAD_O)
                                                      1.054     1.054 r  som240_1_connector_pmod1_spi_io0_iobuf/INBUF_INST/O
                         net (fo=1, routed)           0.000     1.054    som240_1_connector_pmod1_spi_io0_iobuf/OUT
    H12                  IBUFCTRL (Prop_IBUFCTRL_HDIOB_S_I_O)
                                                      0.000     1.054 r  som240_1_connector_pmod1_spi_io0_iobuf/IBUFCTRL_INST/O
                         net (fo=1, routed)           0.050     1.104    spi_module_i/axi_quad_spi_0/U0/NO_DUAL_QUAD_MODE.QSPI_NORMAL/io0_i
    HDIOLOGIC_S_X0Y27    FDRE                                         r  spi_module_i/axi_quad_spi_0/U0/NO_DUAL_QUAD_MODE.QSPI_NORMAL/IO0_I_REG/D
  -------------------------------------------------------------------    -------------------

                         (clock clk_out1_spi_module_clk_wiz_0 rise edge)
                                                      0.000     0.000 r  
    C3                                                0.000     0.000 r  som240_1_connector_hpa_clk0p_clk (IN)
                         net (fo=0)                   0.000     0.000    spi_module_i/clk_wiz/inst/clkin1_ibuf/I
    C3                   INBUF (Prop_INBUF_HPIOB_M_PAD_O)
                                                      0.358     0.358 r  spi_module_i/clk_wiz/inst/clkin1_ibuf/INBUF_INST/O
                         net (fo=1, routed)           0.000     0.358    spi_module_i/clk_wiz/inst/clkin1_ibuf/OUT
    C3                   IBUFCTRL (Prop_IBUFCTRL_HPIOB_M_I_O)
                                                      0.000     0.358 r  spi_module_i/clk_wiz/inst/clkin1_ibuf/IBUFCTRL_INST/O
                         net (fo=1, routed)           0.322     0.680    spi_module_i/clk_wiz/inst/clk_in1_spi_module_clk_wiz_0
    MMCM_X0Y3            MMCME4_ADV (Prop_MMCM_CLKIN1_CLKOUT0)
                                                     -0.079     0.601 r  spi_module_i/clk_wiz/inst/mmcme4_adv_inst/CLKOUT0
                         net (fo=1, routed)           0.204     0.805    spi_module_i/clk_wiz/inst/clk_out1_spi_module_clk_wiz_0
    BUFGCE_X0Y76         BUFGCE (Prop_BUFCE_BUFGCE_I_O)
                                                      0.026     0.831 r  spi_module_i/clk_wiz/inst/clkout1_buf/O
    X0Y2 (CLOCK_ROOT)    net (fo=324, routed)         1.453     2.284    spi_module_i/axi_quad_spi_0/U0/NO_DUAL_QUAD_MODE.QSPI_NORMAL/ext_spi_clk
    HDIOLOGIC_S_X0Y27    FDRE                                         r  spi_module_i/axi_quad_spi_0/U0/NO_DUAL_QUAD_MODE.QSPI_NORMAL/IO0_I_REG/C

Slack:                    inf
  Source:                 som240_1_connector_pmod1_spi_io1_io
                            (input port)
  Destination:            spi_module_i/axi_quad_spi_0/U0/NO_DUAL_QUAD_MODE.QSPI_NORMAL/IO1_I_REG/D
                            (rising edge-triggered cell FDRE clocked by clk_out1_spi_module_clk_wiz_0  {rise@0.000ns fall@5.000ns period=10.000ns})
  Path Group:             (none)
  Path Type:              Hold (Min at Fast Process Corner)
  Data Path Delay:        1.130ns  (logic 1.079ns (95.485%)  route 0.051ns (4.515%))
  Logic Levels:           2  (IBUFCTRL=1 INBUF=1)
  Clock Path Skew:        2.272ns (DCD - SCD - CPR)
    Destination Clock Delay (DCD):    2.272ns
    Source Clock Delay      (SCD):    0.000ns
    Clock Pessimism Removal (CPR):    -0.000ns
  Clock Net Delay (Destination): 1.441ns (routing 0.790ns, distribution 0.651ns)

    Location             Delay type                Incr(ns)  Path(ns)    Netlist Resource(s)
  -------------------------------------------------------------------    -------------------
    E10                                               0.000     0.000 r  som240_1_connector_pmod1_spi_io1_io (INOUT)
                         net (fo=1, unset)            0.000     0.000    som240_1_connector_pmod1_spi_io1_iobuf/IO
    E10                  INBUF (Prop_INBUF_HDIOB_M_PAD_O)
                                                      1.079     1.079 r  som240_1_connector_pmod1_spi_io1_iobuf/INBUF_INST/O
                         net (fo=1, routed)           0.000     1.079    som240_1_connector_pmod1_spi_io1_iobuf/OUT
    E10                  IBUFCTRL (Prop_IBUFCTRL_HDIOB_M_I_O)
                                                      0.000     1.079 r  som240_1_connector_pmod1_spi_io1_iobuf/IBUFCTRL_INST/O
                         net (fo=1, routed)           0.051     1.130    spi_module_i/axi_quad_spi_0/U0/NO_DUAL_QUAD_MODE.QSPI_NORMAL/io1_i
    HDIOLOGIC_M_X0Y30    FDRE                                         r  spi_module_i/axi_quad_spi_0/U0/NO_DUAL_QUAD_MODE.QSPI_NORMAL/IO1_I_REG/D
  -------------------------------------------------------------------    -------------------

                         (clock clk_out1_spi_module_clk_wiz_0 rise edge)
                                                      0.000     0.000 r  
    C3                                                0.000     0.000 r  som240_1_connector_hpa_clk0p_clk (IN)
                         net (fo=0)                   0.000     0.000    spi_module_i/clk_wiz/inst/clkin1_ibuf/I
    C3                   INBUF (Prop_INBUF_HPIOB_M_PAD_O)
                                                      0.358     0.358 r  spi_module_i/clk_wiz/inst/clkin1_ibuf/INBUF_INST/O
                         net (fo=1, routed)           0.000     0.358    spi_module_i/clk_wiz/inst/clkin1_ibuf/OUT
    C3                   IBUFCTRL (Prop_IBUFCTRL_HPIOB_M_I_O)
                                                      0.000     0.358 r  spi_module_i/clk_wiz/inst/clkin1_ibuf/IBUFCTRL_INST/O
                         net (fo=1, routed)           0.322     0.680    spi_module_i/clk_wiz/inst/clk_in1_spi_module_clk_wiz_0
    MMCM_X0Y3            MMCME4_ADV (Prop_MMCM_CLKIN1_CLKOUT0)
                                                     -0.079     0.601 r  spi_module_i/clk_wiz/inst/mmcme4_adv_inst/CLKOUT0
                         net (fo=1, routed)           0.204     0.805    spi_module_i/clk_wiz/inst/clk_out1_spi_module_clk_wiz_0
    BUFGCE_X0Y76         BUFGCE (Prop_BUFCE_BUFGCE_I_O)
                                                      0.026     0.831 r  spi_module_i/clk_wiz/inst/clkout1_buf/O
    X0Y2 (CLOCK_ROOT)    net (fo=324, routed)         1.441     2.272    spi_module_i/axi_quad_spi_0/U0/NO_DUAL_QUAD_MODE.QSPI_NORMAL/ext_spi_clk
    HDIOLOGIC_M_X0Y30    FDRE                                         r  spi_module_i/axi_quad_spi_0/U0/NO_DUAL_QUAD_MODE.QSPI_NORMAL/IO1_I_REG/C





