The target system is: Generic -  - cortexa53
The host system is: Linux - 7.0.0-28-generic - x86_64
Compiling the C compiler identification source file "CMakeCCompilerId.c" succeeded.
Compiler: /home/kuszman/Xilinx/2025.2/Vitis/gnu/aarch64/lin/aarch64-none/bin/aarch64-none-elf-gcc 
Build flags: ;-DSDT;;-MMD;-MP;-specs=/home/kuszman/Magisterka/Intelligent-Vibroacoustic-Machine-Diagnostic-System-on-FPGA/ethernet/vitis/eth_platform/zynqmp_fsbl/zynqmp_fsbl_bsp/Xilinx.spec;-Os;-flto;-ffat-lto-objects;-DARMA53_64;-I/home/kuszman/Magisterka/Intelligent-Vibroacoustic-Machine-Diagnostic-System-on-FPGA/ethernet/vitis/eth_platform/zynqmp_fsbl/zynqmp_fsbl_bsp/include
Id flags:  

The output was:
0
/home/kuszman/Xilinx/2025.2/gnu/aarch64/lin/aarch64-none/x86_64-oesdk-linux/usr/bin/aarch64-xilinx-elf/aarch64-xilinx-elf-ld.real: warning: cannot find entry symbol _start; defaulting to 0000000000400060


Compilation of the C compiler identification source "CMakeCCompilerId.c" produced "a-CMakeCCompilerId.d"

Compilation of the C compiler identification source "CMakeCCompilerId.c" produced "a.out"

Compiling the C compiler identification source file "CMakeCCompilerId.c" succeeded.
Compiler: /home/kuszman/Xilinx/2025.2/Vitis/gnu/aarch64/lin/aarch64-none/bin/aarch64-none-elf-gcc 
Build flags: ;-DSDT;;-MMD;-MP;-specs=/home/kuszman/Magisterka/Intelligent-Vibroacoustic-Machine-Diagnostic-System-on-FPGA/ethernet/vitis/eth_platform/zynqmp_fsbl/zynqmp_fsbl_bsp/Xilinx.spec;-Os;-flto;-ffat-lto-objects;-DARMA53_64;-I/home/kuszman/Magisterka/Intelligent-Vibroacoustic-Machine-Diagnostic-System-on-FPGA/ethernet/vitis/eth_platform/zynqmp_fsbl/zynqmp_fsbl_bsp/include
Id flags: -c 

The output was:
0


Compilation of the C compiler identification source "CMakeCCompilerId.c" produced "CMakeCCompilerId.d"

Compilation of the C compiler identification source "CMakeCCompilerId.c" produced "CMakeCCompilerId.o"

The C compiler identification is GNU, found in "/home/kuszman/Magisterka/Intelligent-Vibroacoustic-Machine-Diagnostic-System-on-FPGA/ethernet/vitis/eth_platform/zynqmp_fsbl/zynqmp_fsbl_bsp/libsrc/build_configs/gen_bsp/CMakeFiles/3.24.2/CompilerIdC/CMakeCCompilerId.o"

Compiling the CXX compiler identification source file "CMakeCXXCompilerId.cpp" succeeded.
Compiler: /home/kuszman/Xilinx/2025.2/Vitis/gnu/aarch64/lin/aarch64-none/bin/aarch64-none-elf-g++ 
Build flags: ;-DSDT;;-MMD;-MP;-specs=/home/kuszman/Magisterka/Intelligent-Vibroacoustic-Machine-Diagnostic-System-on-FPGA/ethernet/vitis/eth_platform/zynqmp_fsbl/zynqmp_fsbl_bsp/Xilinx.spec;-Os;-flto;-ffat-lto-objects;-DARMA53_64;-I/home/kuszman/Magisterka/Intelligent-Vibroacoustic-Machine-Diagnostic-System-on-FPGA/ethernet/vitis/eth_platform/zynqmp_fsbl/zynqmp_fsbl_bsp/include
Id flags:  

The output was:
0
/home/kuszman/Xilinx/2025.2/gnu/aarch64/lin/aarch64-none/x86_64-oesdk-linux/usr/bin/aarch64-xilinx-elf/aarch64-xilinx-elf-ld.real: warning: cannot find entry symbol _start; defaulting to 0000000000400060


Compilation of the CXX compiler identification source "CMakeCXXCompilerId.cpp" produced "a-CMakeCXXCompilerId.d"

Compilation of the CXX compiler identification source "CMakeCXXCompilerId.cpp" produced "a.out"

Compiling the CXX compiler identification source file "CMakeCXXCompilerId.cpp" succeeded.
Compiler: /home/kuszman/Xilinx/2025.2/Vitis/gnu/aarch64/lin/aarch64-none/bin/aarch64-none-elf-g++ 
Build flags: ;-DSDT;;-MMD;-MP;-specs=/home/kuszman/Magisterka/Intelligent-Vibroacoustic-Machine-Diagnostic-System-on-FPGA/ethernet/vitis/eth_platform/zynqmp_fsbl/zynqmp_fsbl_bsp/Xilinx.spec;-Os;-flto;-ffat-lto-objects;-DARMA53_64;-I/home/kuszman/Magisterka/Intelligent-Vibroacoustic-Machine-Diagnostic-System-on-FPGA/ethernet/vitis/eth_platform/zynqmp_fsbl/zynqmp_fsbl_bsp/include
Id flags: -c 

The output was:
0


Compilation of the CXX compiler identification source "CMakeCXXCompilerId.cpp" produced "CMakeCXXCompilerId.d"

Compilation of the CXX compiler identification source "CMakeCXXCompilerId.cpp" produced "CMakeCXXCompilerId.o"

The CXX compiler identification is GNU, found in "/home/kuszman/Magisterka/Intelligent-Vibroacoustic-Machine-Diagnostic-System-on-FPGA/ethernet/vitis/eth_platform/zynqmp_fsbl/zynqmp_fsbl_bsp/libsrc/build_configs/gen_bsp/CMakeFiles/3.24.2/CompilerIdCXX/CMakeCXXCompilerId.o"

Detecting C compiler ABI info compiled with the following output:
Change Dir: /home/kuszman/Magisterka/Intelligent-Vibroacoustic-Machine-Diagnostic-System-on-FPGA/ethernet/vitis/eth_platform/zynqmp_fsbl/zynqmp_fsbl_bsp/libsrc/build_configs/gen_bsp/CMakeFiles/CMakeTmp

Run Build Command(s):/home/kuszman/Xilinx/2025.2/Vitis/bin/ninja cmTC_fe19f && [1/2] Building C object CMakeFiles/cmTC_fe19f.dir/CMakeCCompilerABI.c.obj
Using built-in specs.
Reading specs from /home/kuszman/Magisterka/Intelligent-Vibroacoustic-Machine-Diagnostic-System-on-FPGA/ethernet/vitis/eth_platform/zynqmp_fsbl/zynqmp_fsbl_bsp/Xilinx.spec
COLLECT_GCC=/home/kuszman/Xilinx/2025.2/Vitis/gnu/aarch64/lin/aarch64-none/bin/../x86_64-oesdk-linux/usr/bin/aarch64-xilinx-elf/aarch64-xilinx-elf-gcc.real
Target: aarch64-xilinx-elf
Configured with: ../../../../../../work-shared/gcc-13.3.0-r0/gcc-13.3.0/configure --build=x86_64-linux --host=x86_64-oesdk-linux --target=aarch64-xilinx-elf --prefix=/usr/local/oe-sdk-hardcoded-buildpath/sysroots/x86_64-oesdk-linux/usr --exec_prefix=/usr/local/oe-sdk-hardcoded-buildpath/sysroots/x86_64-oesdk-linux/usr --bindir=/usr/local/oe-sdk-hardcoded-buildpath/sysroots/x86_64-oesdk-linux/usr/bin/aarch64-xilinx-elf --sbindir=/usr/local/oe-sdk-hardcoded-buildpath/sysroots/x86_64-oesdk-linux/usr/bin/aarch64-xilinx-elf --libexecdir=/usr/local/oe-sdk-hardcoded-buildpath/sysroots/x86_64-oesdk-linux/usr/libexec/aarch64-xilinx-elf --datadir=/usr/local/oe-sdk-hardcoded-buildpath/sysroots/x86_64-oesdk-linux/usr/share --sysconfdir=/usr/local/oe-sdk-hardcoded-buildpath/sysroots/x86_64-oesdk-linux/etc --sharedstatedir=/usr/local/oe-sdk-hardcoded-buildpath/sysroots/x86_64-oesdk-linux/com --localstatedir=/usr/local/oe-sdk-hardcoded-buildpath/sysroots/x86_64-oesdk-linux/var --libdir=/usr/local/oe-sdk-hardcoded-buildpath/sysroots/x86_64-oesdk-linux/usr/lib/aarch64-xilinx-elf --includedir=/usr/local/oe-sdk-hardcoded-buildpath/sysroots/x86_64-oesdk-linux/usr/include --oldincludedir=/usr/local/oe-sdk-hardcoded-buildpath/sysroots/x86_64-oesdk-linux/usr/include --infodir=/usr/local/oe-sdk-hardcoded-buildpath/sysroots/x86_64-oesdk-linux/usr/share/info --mandir=/usr/local/oe-sdk-hardcoded-buildpath/sysroots/x86_64-oesdk-linux/usr/share/man --disable-silent-rules --disable-dependency-tracking --with-libtool-sysroot=/host --with-gnu-ld --enable-shared --enable-languages=c,c++,fortran --enable-threads=posix --enable-multilib --enable-c99 --enable-long-long --enable-libstdcxx-pch --program-prefix=aarch64-xilinx-elf- --without-local-prefix --disable-install-libiberty --disable-libssp --enable-libitm --enable-lto --disable-bootstrap --with-system-zlib --enable-linker-build-id --with-ppl=no --with-cloog=no --enable-checking=release --enable-cheaders=c_global --without-isl --with-gxx-include-dir=/not/exist/usr/include/c++/13.3.0 --with-build-time-tools=/host-native/usr/aarch64-xilinx-elf/bin --with-sysroot=/not/exist --with-build-sysroot=/host --with-plugin-ld=ld --enable-poison-system-directories --disable-static --enable-nls --with-glibc-version=2.28 --enable-initfini-array --enable-multilib --disable-libstdcxx-pch --with-newlib --disable-threads --enable-plugins --with-gnu-as --disable-libitm --disable-tm-clone-registry --disable-multiarch --with-arch=armv8-a --with-sysroot=/not/exist
Thread model: single
Supported LTO compression algorithms: zlib zstd
gcc version 13.3.0 (GCC) 
COLLECT_GCC_OPTIONS='--sysroot=/home/kuszman/Xilinx/2025.2/Vitis/gnu/aarch64/lin/aarch64-none/bin/../aarch64-xilinx-elf' '-mbranch-protection=none' '-D' 'SDT' '-MMD' '-MP' '-specs=/home/kuszman/Magisterka/Intelligent-Vibroacoustic-Machine-Diagnostic-System-on-FPGA/ethernet/vitis/eth_platform/zynqmp_fsbl/zynqmp_fsbl_bsp/Xilinx.spec' '-Os' '-flto' '-ffat-lto-objects' '-D' 'ARMA53_64' '-I' '/home/kuszman/Magisterka/Intelligent-Vibroacoustic-Machine-Diagnostic-System-on-FPGA/ethernet/vitis/eth_platform/zynqmp_fsbl/zynqmp_fsbl_bsp/include' '-v' '-o' 'CMakeFiles/cmTC_fe19f.dir/CMakeCCompilerABI.c.obj' '-c' '-march=armv8-a' '-mlittle-endian' '-mabi=lp64' '-dumpdir' 'CMakeFiles/cmTC_fe19f.dir/'
 /home/kuszman/Xilinx/2025.2/gnu/aarch64/lin/aarch64-none/x86_64-oesdk-linux/usr/bin/aarch64-xilinx-elf/../../libexec/aarch64-xilinx-elf/gcc/aarch64-xilinx-elf/13.3.0/cc1 -quiet -v -I /home/kuszman/Magisterka/Intelligent-Vibroacoustic-Machine-Diagnostic-System-on-FPGA/ethernet/vitis/eth_platform/zynqmp_fsbl/zynqmp_fsbl_bsp/include -iprefix /home/kuszman/Xilinx/2025.2/gnu/aarch64/lin/aarch64-none/x86_64-oesdk-linux/usr/bin/aarch64-xilinx-elf/../../lib/aarch64-xilinx-elf/gcc/aarch64-xilinx-elf/13.3.0/ -isysroot /home/kuszman/Xilinx/2025.2/Vitis/gnu/aarch64/lin/aarch64-none/bin/../aarch64-xilinx-elf -MMD CMakeFiles/cmTC_fe19f.dir/CMakeCCompilerABI.c.d -MP -MQ CMakeFiles/cmTC_fe19f.dir/CMakeCCompilerABI.c.obj -D SDT -D ARMA53_64 /home/kuszman/Xilinx/2025.2/tps/lnx64/cmake-3.24.2/share/cmake-3.24/Modules/CMakeCCompilerABI.c -quiet -dumpdir CMakeFiles/cmTC_fe19f.dir/ -dumpbase CMakeCCompilerABI.c.c -dumpbase-ext .c -mbranch-protection=none -march=armv8-a -mlittle-endian -mabi=lp64 -Os -version -flto -ffat-lto-objects -o /tmp/ccrM6XBD.s
GNU C17 (GCC) version 13.3.0 (aarch64-xilinx-elf)
	compiled by GNU C version 13.3.0, GMP version 6.3.0, MPFR version 4.2.1, MPC version 1.3.1, isl version none
GGC heuristics: --param ggc-min-expand=100 --param ggc-min-heapsize=131072
ignoring nonexistent directory "/home/kuszman/Xilinx/2025.2/gnu/aarch64/lin/aarch64-none/x86_64-oesdk-linux/usr/bin/aarch64-xilinx-elf/../../lib/aarch64-xilinx-elf/gcc/aarch64-xilinx-elf/13.3.0/../../../../../aarch64-xilinx-elf/include"
ignoring duplicate directory "/home/kuszman/Xilinx/2025.2/gnu/aarch64/lin/aarch64-none/x86_64-oesdk-linux/usr/bin/aarch64-xilinx-elf/../../lib/aarch64-xilinx-elf/gcc/../../../lib/aarch64-xilinx-elf/gcc/aarch64-xilinx-elf/13.3.0/include"
ignoring nonexistent directory "/home/kuszman/Xilinx/2025.2/Vitis/gnu/aarch64/lin/aarch64-none/bin/../aarch64-xilinx-elf/usr/lib64/aarch64-xilinx-elf/13.3.0/include"
ignoring nonexistent directory "/home/kuszman/Xilinx/2025.2/Vitis/gnu/aarch64/lin/aarch64-none/bin/../aarch64-xilinx-elf/usr/local/include"
ignoring duplicate directory "/home/kuszman/Xilinx/2025.2/gnu/aarch64/lin/aarch64-none/x86_64-oesdk-linux/usr/bin/aarch64-xilinx-elf/../../lib/aarch64-xilinx-elf/gcc/../../../lib/aarch64-xilinx-elf/gcc/aarch64-xilinx-elf/13.3.0/include-fixed"
ignoring nonexistent directory "/home/kuszman/Xilinx/2025.2/gnu/aarch64/lin/aarch64-none/x86_64-oesdk-linux/usr/bin/aarch64-xilinx-elf/../../lib/aarch64-xilinx-elf/gcc/../../../lib/aarch64-xilinx-elf/gcc/aarch64-xilinx-elf/13.3.0/../../../../../aarch64-xilinx-elf/include"
#include "..." search starts here:
#include <...> search starts here:
 /home/kuszman/Magisterka/Intelligent-Vibroacoustic-Machine-Diagnostic-System-on-FPGA/ethernet/vitis/eth_platform/zynqmp_fsbl/zynqmp_fsbl_bsp/include
 /home/kuszman/Xilinx/2025.2/gnu/aarch64/lin/aarch64-none/x86_64-oesdk-linux/usr/bin/aarch64-xilinx-elf/../../lib/aarch64-xilinx-elf/gcc/aarch64-xilinx-elf/13.3.0/include
 /home/kuszman/Xilinx/2025.2/gnu/aarch64/lin/aarch64-none/x86_64-oesdk-linux/usr/bin/aarch64-xilinx-elf/../../lib/aarch64-xilinx-elf/gcc/aarch64-xilinx-elf/13.3.0/include-fixed
 /home/kuszman/Xilinx/2025.2/Vitis/gnu/aarch64/lin/aarch64-none/bin/../aarch64-xilinx-elf/usr/include/
End of search list.
Compiler executable checksum: bf4f7e99d9c79ea23b0a478fa2e8108a
COLLECT_GCC_OPTIONS='--sysroot=/home/kuszman/Xilinx/2025.2/Vitis/gnu/aarch64/lin/aarch64-none/bin/../aarch64-xilinx-elf' '-mbranch-protection=none' '-D' 'SDT' '-MMD' '-MP' '-specs=/home/kuszman/Magisterka/Intelligent-Vibroacoustic-Machine-Diagnostic-System-on-FPGA/ethernet/vitis/eth_platform/zynqmp_fsbl/zynqmp_fsbl_bsp/Xilinx.spec' '-Os' '-flto' '-ffat-lto-objects' '-D' 'ARMA53_64' '-I' '/home/kuszman/Magisterka/Intelligent-Vibroacoustic-Machine-Diagnostic-System-on-FPGA/ethernet/vitis/eth_platform/zynqmp_fsbl/zynqmp_fsbl_bsp/include' '-v' '-o' 'CMakeFiles/cmTC_fe19f.dir/CMakeCCompilerABI.c.obj' '-c' '-march=armv8-a' '-mlittle-endian' '-mabi=lp64' '-dumpdir' 'CMakeFiles/cmTC_fe19f.dir/'
 /home/kuszman/Xilinx/2025.2/gnu/aarch64/lin/aarch64-none/x86_64-oesdk-linux/usr/bin/aarch64-xilinx-elf/../../libexec/aarch64-xilinx-elf/gcc/aarch64-xilinx-elf/13.3.0/as -v -I /home/kuszman/Magisterka/Intelligent-Vibroacoustic-Machine-Diagnostic-System-on-FPGA/ethernet/vitis/eth_platform/zynqmp_fsbl/zynqmp_fsbl_bsp/include -EL -march=armv8-a -mabi=lp64 -o CMakeFiles/cmTC_fe19f.dir/CMakeCCompilerABI.c.obj /tmp/ccrM6XBD.s
GNU assembler version 2.42.0 (aarch64-xilinx-elf) using BFD version (GNU Binutils) 2.42.0.20240723
COMPILER_PATH=/home/kuszman/Xilinx/2025.2/gnu/aarch64/lin/aarch64-none/x86_64-oesdk-linux/usr/bin/aarch64-xilinx-elf/../../libexec/aarch64-xilinx-elf/gcc/aarch64-xilinx-elf/13.3.0/:/home/kuszman/Xilinx/2025.2/gnu/aarch64/lin/aarch64-none/x86_64-oesdk-linux/usr/bin/aarch64-xilinx-elf/../../libexec/aarch64-xilinx-elf/gcc/
LIBRARY_PATH=/home/kuszman/Xilinx/2025.2/gnu/aarch64/lin/aarch64-none/x86_64-oesdk-linux/usr/bin/aarch64-xilinx-elf/../../lib/aarch64-xilinx-elf/gcc/aarch64-xilinx-elf/13.3.0/:/home/kuszman/Xilinx/2025.2/gnu/aarch64/lin/aarch64-none/x86_64-oesdk-linux/usr/bin/aarch64-xilinx-elf/../../lib/aarch64-xilinx-elf/gcc/:/home/kuszman/Xilinx/2025.2/Vitis/gnu/aarch64/lin/aarch64-none/bin/../aarch64-xilinx-elf/usr/lib64/aarch64-xilinx-elf/13.3.0/:/home/kuszman/Xilinx/2025.2/Vitis/gnu/aarch64/lin/aarch64-none/bin/../aarch64-xilinx-elf/usr/lib64/
COLLECT_GCC_OPTIONS='--sysroot=/home/kuszman/Xilinx/2025.2/Vitis/gnu/aarch64/lin/aarch64-none/bin/../aarch64-xilinx-elf' '-mbranch-protection=none' '-D' 'SDT' '-MMD' '-MP' '-specs=/home/kuszman/Magisterka/Intelligent-Vibroacoustic-Machine-Diagnostic-System-on-FPGA/ethernet/vitis/eth_platform/zynqmp_fsbl/zynqmp_fsbl_bsp/Xilinx.spec' '-Os' '-flto' '-ffat-lto-objects' '-D' 'ARMA53_64' '-I' '/home/kuszman/Magisterka/Intelligent-Vibroacoustic-Machine-Diagnostic-System-on-FPGA/ethernet/vitis/eth_platform/zynqmp_fsbl/zynqmp_fsbl_bsp/include' '-v' '-o' 'CMakeFiles/cmTC_fe19f.dir/CMakeCCompilerABI.c.obj' '-c' '-march=armv8-a' '-mlittle-endian' '-mabi=lp64' '-dumpdir' 'CMakeFiles/cmTC_fe19f.dir/CMakeCCompilerABI.c.'
[2/2] Linking C executable cmTC_fe19f
Using built-in specs.
Reading specs from /home/kuszman/Magisterka/Intelligent-Vibroacoustic-Machine-Diagnostic-System-on-FPGA/ethernet/vitis/eth_platform/zynqmp_fsbl/zynqmp_fsbl_bsp/Xilinx.spec
COLLECT_GCC=/home/kuszman/Xilinx/2025.2/Vitis/gnu/aarch64/lin/aarch64-none/bin/../x86_64-oesdk-linux/usr/bin/aarch64-xilinx-elf/aarch64-xilinx-elf-gcc.real
COLLECT_LTO_WRAPPER=/home/kuszman/Xilinx/2025.2/gnu/aarch64/lin/aarch64-none/x86_64-oesdk-linux/usr/bin/aarch64-xilinx-elf/../../libexec/aarch64-xilinx-elf/gcc/aarch64-xilinx-elf/13.3.0/lto-wrapper
Target: aarch64-xilinx-elf
Configured with: ../../../../../../work-shared/gcc-13.3.0-r0/gcc-13.3.0/configure --build=x86_64-linux --host=x86_64-oesdk-linux --target=aarch64-xilinx-elf --prefix=/usr/local/oe-sdk-hardcoded-buildpath/sysroots/x86_64-oesdk-linux/usr --exec_prefix=/usr/local/oe-sdk-hardcoded-buildpath/sysroots/x86_64-oesdk-linux/usr --bindir=/usr/local/oe-sdk-hardcoded-buildpath/sysroots/x86_64-oesdk-linux/usr/bin/aarch64-xilinx-elf --sbindir=/usr/local/oe-sdk-hardcoded-buildpath/sysroots/x86_64-oesdk-linux/usr/bin/aarch64-xilinx-elf --libexecdir=/usr/local/oe-sdk-hardcoded-buildpath/sysroots/x86_64-oesdk-linux/usr/libexec/aarch64-xilinx-elf --datadir=/usr/local/oe-sdk-hardcoded-buildpath/sysroots/x86_64-oesdk-linux/usr/share --sysconfdir=/usr/local/oe-sdk-hardcoded-buildpath/sysroots/x86_64-oesdk-linux/etc --sharedstatedir=/usr/local/oe-sdk-hardcoded-buildpath/sysroots/x86_64-oesdk-linux/com --localstatedir=/usr/local/oe-sdk-hardcoded-buildpath/sysroots/x86_64-oesdk-linux/var --libdir=/usr/local/oe-sdk-hardcoded-buildpath/sysroots/x86_64-oesdk-linux/usr/lib/aarch64-xilinx-elf --includedir=/usr/local/oe-sdk-hardcoded-buildpath/sysroots/x86_64-oesdk-linux/usr/include --oldincludedir=/usr/local/oe-sdk-hardcoded-buildpath/sysroots/x86_64-oesdk-linux/usr/include --infodir=/usr/local/oe-sdk-hardcoded-buildpath/sysroots/x86_64-oesdk-linux/usr/share/info --mandir=/usr/local/oe-sdk-hardcoded-buildpath/sysroots/x86_64-oesdk-linux/usr/share/man --disable-silent-rules --disable-dependency-tracking --with-libtool-sysroot=/host --with-gnu-ld --enable-shared --enable-languages=c,c++,fortran --enable-threads=posix --enable-multilib --enable-c99 --enable-long-long --enable-libstdcxx-pch --program-prefix=aarch64-xilinx-elf- --without-local-prefix --disable-install-libiberty --disable-libssp --enable-libitm --enable-lto --disable-bootstrap --with-system-zlib --enable-linker-build-id --with-ppl=no --with-cloog=no --enable-checking=release --enable-cheaders=c_global --without-isl --with-gxx-include-dir=/not/exist/usr/include/c++/13.3.0 --with-build-time-tools=/host-native/usr/aarch64-xilinx-elf/bin --with-sysroot=/not/exist --with-build-sysroot=/host --with-plugin-ld=ld --enable-poison-system-directories --disable-static --enable-nls --with-glibc-version=2.28 --enable-initfini-array --enable-multilib --disable-libstdcxx-pch --with-newlib --disable-threads --enable-plugins --with-gnu-as --disable-libitm --disable-tm-clone-registry --disable-multiarch --with-arch=armv8-a --with-sysroot=/not/exist
Thread model: single
Supported LTO compression algorithms: zlib zstd
gcc version 13.3.0 (GCC) 
COMPILER_PATH=/home/kuszman/Xilinx/2025.2/gnu/aarch64/lin/aarch64-none/x86_64-oesdk-linux/usr/bin/aarch64-xilinx-elf/../../libexec/aarch64-xilinx-elf/gcc/aarch64-xilinx-elf/13.3.0/:/home/kuszman/Xilinx/2025.2/gnu/aarch64/lin/aarch64-none/x86_64-oesdk-linux/usr/bin/aarch64-xilinx-elf/../../libexec/aarch64-xilinx-elf/gcc/
LIBRARY_PATH=/home/kuszman/Xilinx/2025.2/gnu/aarch64/lin/aarch64-none/x86_64-oesdk-linux/usr/bin/aarch64-xilinx-elf/../../lib/aarch64-xilinx-elf/gcc/aarch64-xilinx-elf/13.3.0/:/home/kuszman/Xilinx/2025.2/gnu/aarch64/lin/aarch64-none/x86_64-oesdk-linux/usr/bin/aarch64-xilinx-elf/../../lib/aarch64-xilinx-elf/gcc/:/home/kuszman/Xilinx/2025.2/Vitis/gnu/aarch64/lin/aarch64-none/bin/../aarch64-xilinx-elf/usr/lib64/aarch64-xilinx-elf/13.3.0/:/home/kuszman/Xilinx/2025.2/Vitis/gnu/aarch64/lin/aarch64-none/bin/../aarch64-xilinx-elf/usr/lib64/
COLLECT_GCC_OPTIONS='--sysroot=/home/kuszman/Xilinx/2025.2/Vitis/gnu/aarch64/lin/aarch64-none/bin/../aarch64-xilinx-elf' '-mbranch-protection=none' '-D' 'SDT' '-MMD' '-MP' '-specs=/home/kuszman/Magisterka/Intelligent-Vibroacoustic-Machine-Diagnostic-System-on-FPGA/ethernet/vitis/eth_platform/zynqmp_fsbl/zynqmp_fsbl_bsp/Xilinx.spec' '-Os' '-flto' '-ffat-lto-objects' '-D' 'ARMA53_64' '-I' '/home/kuszman/Magisterka/Intelligent-Vibroacoustic-Machine-Diagnostic-System-on-FPGA/ethernet/vitis/eth_platform/zynqmp_fsbl/zynqmp_fsbl_bsp/include' '-v' '-o' 'cmTC_fe19f' '-march=armv8-a' '-mlittle-endian' '-mabi=lp64' '-dumpdir' 'cmTC_fe19f.'
 /home/kuszman/Xilinx/2025.2/gnu/aarch64/lin/aarch64-none/x86_64-oesdk-linux/usr/bin/aarch64-xilinx-elf/../../libexec/aarch64-xilinx-elf/gcc/aarch64-xilinx-elf/13.3.0/collect2 -plugin /home/kuszman/Xilinx/2025.2/gnu/aarch64/lin/aarch64-none/x86_64-oesdk-linux/usr/bin/aarch64-xilinx-elf/../../libexec/aarch64-xilinx-elf/gcc/aarch64-xilinx-elf/13.3.0/liblto_plugin.so -plugin-opt=/home/kuszman/Xilinx/2025.2/gnu/aarch64/lin/aarch64-none/x86_64-oesdk-linux/usr/bin/aarch64-xilinx-elf/../../libexec/aarch64-xilinx-elf/gcc/aarch64-xilinx-elf/13.3.0/lto-wrapper -plugin-opt=-fresolution=/tmp/ccHysNmD.res -plugin-opt=-pass-through=-lgcc -plugin-opt=-pass-through=-lc -plugin-opt=-pass-through=-lgcc -flto --sysroot=/home/kuszman/Xilinx/2025.2/Vitis/gnu/aarch64/lin/aarch64-none/bin/../aarch64-xilinx-elf --build-id -EL -X -maarch64elf -o cmTC_fe19f /home/kuszman/Xilinx/2025.2/Vitis/gnu/aarch64/lin/aarch64-none/bin/../aarch64-xilinx-elf/usr/lib64/aarch64-xilinx-elf/13.3.0/crti.o /home/kuszman/Xilinx/2025.2/Vitis/gnu/aarch64/lin/aarch64-none/bin/../aarch64-xilinx-elf/usr/lib64/aarch64-xilinx-elf/13.3.0/crtbegin.o -L/home/kuszman/Xilinx/2025.2/gnu/aarch64/lin/aarch64-none/x86_64-oesdk-linux/usr/bin/aarch64-xilinx-elf/../../lib/aarch64-xilinx-elf/gcc/aarch64-xilinx-elf/13.3.0 -L/home/kuszman/Xilinx/2025.2/gnu/aarch64/lin/aarch64-none/x86_64-oesdk-linux/usr/bin/aarch64-xilinx-elf/../../lib/aarch64-xilinx-elf/gcc -L/home/kuszman/Xilinx/2025.2/Vitis/gnu/aarch64/lin/aarch64-none/bin/../aarch64-xilinx-elf/usr/lib64/aarch64-xilinx-elf/13.3.0 -L/home/kuszman/Xilinx/2025.2/Vitis/gnu/aarch64/lin/aarch64-none/bin/../aarch64-xilinx-elf/usr/lib64 --no-warn-rwx-segment CMakeFiles/cmTC_fe19f.dir/CMakeCCompilerABI.c.obj -lgcc -lc -lgcc /home/kuszman/Xilinx/2025.2/Vitis/gnu/aarch64/lin/aarch64-none/bin/../aarch64-xilinx-elf/usr/lib64/aarch64-xilinx-elf/13.3.0/crtend.o /home/kuszman/Xilinx/2025.2/Vitis/gnu/aarch64/lin/aarch64-none/bin/../aarch64-xilinx-elf/usr/lib64/aarch64-xilinx-elf/13.3.0/crtn.o
/home/kuszman/Xilinx/2025.2/gnu/aarch64/lin/aarch64-none/x86_64-oesdk-linux/usr/bin/aarch64-xilinx-elf/../../libexec/aarch64-xilinx-elf/gcc/aarch64-xilinx-elf/13.3.0/lto-wrapper -fresolution=/tmp/ccHysNmD.res -flinker-output=exec CMakeFiles/cmTC_fe19f.dir/CMakeCCompilerABI.c.obj 
/home/kuszman/Xilinx/2025.2/gnu/aarch64/lin/aarch64-none/x86_64-oesdk-linux/usr/bin/aarch64-xilinx-elf/../../libexec/aarch64-xilinx-elf/gcc/aarch64-xilinx-elf/13.3.0/lto-wrapper.real -fresolution=/tmp/ccHysNmD.res -flinker-output=exec CMakeFiles/cmTC_fe19f.dir/CMakeCCompilerABI.c.obj 
/home/kuszman/Xilinx/2025.2/Vitis/gnu/aarch64/lin/aarch64-none/bin/../x86_64-oesdk-linux/usr/bin/aarch64-xilinx-elf/aarch64-xilinx-elf-gcc @/tmp/ccE1rpWv
Using built-in specs.
Reading specs from /home/kuszman/Magisterka/Intelligent-Vibroacoustic-Machine-Diagnostic-System-on-FPGA/ethernet/vitis/eth_platform/zynqmp_fsbl/zynqmp_fsbl_bsp/Xilinx.spec
COLLECT_GCC=/home/kuszman/Xilinx/2025.2/Vitis/gnu/aarch64/lin/aarch64-none/bin/../x86_64-oesdk-linux/usr/bin/aarch64-xilinx-elf/aarch64-xilinx-elf-gcc.real
Target: aarch64-xilinx-elf
Configured with: ../../../../../../work-shared/gcc-13.3.0-r0/gcc-13.3.0/configure --build=x86_64-linux --host=x86_64-oesdk-linux --target=aarch64-xilinx-elf --prefix=/usr/local/oe-sdk-hardcoded-buildpath/sysroots/x86_64-oesdk-linux/usr --exec_prefix=/usr/local/oe-sdk-hardcoded-buildpath/sysroots/x86_64-oesdk-linux/usr --bindir=/usr/local/oe-sdk-hardcoded-buildpath/sysroots/x86_64-oesdk-linux/usr/bin/aarch64-xilinx-elf --sbindir=/usr/local/oe-sdk-hardcoded-buildpath/sysroots/x86_64-oesdk-linux/usr/bin/aarch64-xilinx-elf --libexecdir=/usr/local/oe-sdk-hardcoded-buildpath/sysroots/x86_64-oesdk-linux/usr/libexec/aarch64-xilinx-elf --datadir=/usr/local/oe-sdk-hardcoded-buildpath/sysroots/x86_64-oesdk-linux/usr/share --sysconfdir=/usr/local/oe-sdk-hardcoded-buildpath/sysroots/x86_64-oesdk-linux/etc --sharedstatedir=/usr/local/oe-sdk-hardcoded-buildpath/sysroots/x86_64-oesdk-linux/com --localstatedir=/usr/local/oe-sdk-hardcoded-buildpath/sysroots/x86_64-oesdk-linux/var --libdir=/usr/local/oe-sdk-hardcoded-buildpath/sysroots/x86_64-oesdk-linux/usr/lib/aarch64-xilinx-elf --includedir=/usr/local/oe-sdk-hardcoded-buildpath/sysroots/x86_64-oesdk-linux/usr/include --oldincludedir=/usr/local/oe-sdk-hardcoded-buildpath/sysroots/x86_64-oesdk-linux/usr/include --infodir=/usr/local/oe-sdk-hardcoded-buildpath/sysroots/x86_64-oesdk-linux/usr/share/info --mandir=/usr/local/oe-sdk-hardcoded-buildpath/sysroots/x86_64-oesdk-linux/usr/share/man --disable-silent-rules --disable-dependency-tracking --with-libtool-sysroot=/host --with-gnu-ld --enable-shared --enable-languages=c,c++,fortran --enable-threads=posix --enable-multilib --enable-c99 --enable-long-long --enable-libstdcxx-pch --program-prefix=aarch64-xilinx-elf- --without-local-prefix --disable-install-libiberty --disable-libssp --enable-libitm --enable-lto --disable-bootstrap --with-system-zlib --enable-linker-build-id --with-ppl=no --with-cloog=no --enable-checking=release --enable-cheaders=c_global --without-isl --with-gxx-include-dir=/not/exist/usr/include/c++/13.3.0 --with-build-time-tools=/host-native/usr/aarch64-xilinx-elf/bin --with-sysroot=/not/exist --with-build-sysroot=/host --with-plugin-ld=ld --enable-poison-system-directories --disable-static --enable-nls --with-glibc-version=2.28 --enable-initfini-array --enable-multilib --disable-libstdcxx-pch --with-newlib --disable-threads --enable-plugins --with-gnu-as --disable-libitm --disable-tm-clone-registry --disable-multiarch --with-arch=armv8-a --with-sysroot=/not/exist
Thread model: single
Supported LTO compression algorithms: zlib zstd
gcc version 13.3.0 (GCC) 
COLLECT_GCC_OPTIONS='-c' '-fno-openmp' '-fno-openacc' '-fno-pie' '-fcf-protection=none' '-mbranch-protection=none' '-mlittle-endian' '-mabi=lp64' '-Os' '--sysroot=/home/kuszman/Xilinx/2025.2/Vitis/gnu/aarch64/lin/aarch64-none/bin/../aarch64-xilinx-elf' '-mbranch-protection=none' '-specs=/home/kuszman/Magisterka/Intelligent-Vibroacoustic-Machine-Diagnostic-System-on-FPGA/ethernet/vitis/eth_platform/zynqmp_fsbl/zynqmp_fsbl_bsp/Xilinx.spec' '-Os' '-ffat-lto-objects' '-v' '-march=armv8-a' '-mlittle-endian' '-mabi=lp64'   '-fltrans-output-list=/tmp/cc29Tbli.ltrans.out' '-fwpa' '-fresolution=/tmp/ccHysNmD.res' '-flinker-output=exec'
 /home/kuszman/Xilinx/2025.2/gnu/aarch64/lin/aarch64-none/x86_64-oesdk-linux/usr/bin/aarch64-xilinx-elf/../../lib/aarch64-xilinx-elf/gcc/../../../libexec/aarch64-xilinx-elf/gcc/aarch64-xilinx-elf/13.3.0/lto1 -quiet -dumpbase ./cmTC_fe19f.wpa -mbranch-protection=none -mlittle-endian -mabi=lp64 -mbranch-protection=none -march=armv8-a -mlittle-endian -mabi=lp64 -Os -Os -version -fno-openmp -fno-openacc -fno-pie -fcf-protection=none -ffat-lto-objects -fltrans-output-list=/tmp/cc29Tbli.ltrans.out -fwpa -fresolution=/tmp/ccHysNmD.res -flinker-output=exec @/tmp/cccEU9So
GNU GIMPLE (GCC) version 13.3.0 (aarch64-xilinx-elf)
	compiled by GNU C version 13.3.0, GMP version 6.3.0, MPFR version 4.2.1, MPC version 1.3.1, isl version none
GGC heuristics: --param ggc-min-expand=100 --param ggc-min-heapsize=131072
COMPILER_PATH=/home/kuszman/Xilinx/2025.2/gnu/aarch64/lin/aarch64-none/x86_64-oesdk-linux/usr/bin/aarch64-xilinx-elf/../../lib/aarch64-xilinx-elf/gcc/../../../libexec/aarch64-xilinx-elf/gcc/aarch64-xilinx-elf/13.3.0/:/home/kuszman/Xilinx/2025.2/gnu/aarch64/lin/aarch64-none/x86_64-oesdk-linux/usr/bin/aarch64-xilinx-elf/../../lib/aarch64-xilinx-elf/gcc/../../../libexec/aarch64-xilinx-elf/gcc/:/home/kuszman/Xilinx/2025.2/gnu/aarch64/lin/aarch64-none/x86_64-oesdk-linux/usr/bin/aarch64-xilinx-elf/../../libexec/aarch64-xilinx-elf/gcc/aarch64-xilinx-elf/13.3.0/:/home/kuszman/Xilinx/2025.2/gnu/aarch64/lin/aarch64-none/x86_64-oesdk-linux/usr/bin/aarch64-xilinx-elf/../../libexec/aarch64-xilinx-elf/gcc/aarch64-xilinx-elf/13.3.0/:/home/kuszman/Xilinx/2025.2/gnu/aarch64/lin/aarch64-none/x86_64-oesdk-linux/usr/bin/aarch64-xilinx-elf/../../libexec/aarch64-xilinx-elf/gcc/
LIBRARY_PATH=/home/kuszman/Xilinx/2025.2/gnu/aarch64/lin/aarch64-none/x86_64-oesdk-linux/usr/bin/aarch64-xilinx-elf/../../lib/aarch64-xilinx-elf/gcc/aarch64-xilinx-elf/13.3.0/:/home/kuszman/Xilinx/2025.2/gnu/aarch64/lin/aarch64-none/x86_64-oesdk-linux/usr/bin/aarch64-xilinx-elf/../../lib/aarch64-xilinx-elf/gcc/:/home/kuszman/Xilinx/2025.2/Vitis/gnu/aarch64/lin/aarch64-none/bin/../aarch64-xilinx-elf/usr/lib64/aarch64-xilinx-elf/13.3.0/:/home/kuszman/Xilinx/2025.2/Vitis/gnu/aarch64/lin/aarch64-none/bin/../aarch64-xilinx-elf/usr/lib64/
COLLECT_GCC_OPTIONS='-c' '-fno-openmp' '-fno-openacc' '-fno-pie' '-fcf-protection=none' '-mbranch-protection=none' '-mlittle-endian' '-mabi=lp64' '-Os' '--sysroot=/home/kuszman/Xilinx/2025.2/Vitis/gnu/aarch64/lin/aarch64-none/bin/../aarch64-xilinx-elf' '-mbranch-protection=none' '-specs=/home/kuszman/Magisterka/Intelligent-Vibroacoustic-Machine-Diagnostic-System-on-FPGA/ethernet/vitis/eth_platform/zynqmp_fsbl/zynqmp_fsbl_bsp/Xilinx.spec' '-Os' '-ffat-lto-objects' '-v' '-march=armv8-a' '-mlittle-endian' '-mabi=lp64'   '-fltrans-output-list=/tmp/cc29Tbli.ltrans.out' '-fwpa' '-fresolution=/tmp/ccHysNmD.res' '-flinker-output=exec' '-dumpdir' './cmTC_fe19f.wpa.'
/home/kuszman/Xilinx/2025.2/Vitis/gnu/aarch64/lin/aarch64-none/bin/../x86_64-oesdk-linux/usr/bin/aarch64-xilinx-elf/aarch64-xilinx-elf-gcc @/tmp/ccZkJ0c9
Using built-in specs.
Reading specs from /home/kuszman/Magisterka/Intelligent-Vibroacoustic-Machine-Diagnostic-System-on-FPGA/ethernet/vitis/eth_platform/zynqmp_fsbl/zynqmp_fsbl_bsp/Xilinx.spec
COLLECT_GCC=/home/kuszman/Xilinx/2025.2/Vitis/gnu/aarch64/lin/aarch64-none/bin/../x86_64-oesdk-linux/usr/bin/aarch64-xilinx-elf/aarch64-xilinx-elf-gcc.real
Target: aarch64-xilinx-elf
Configured with: ../../../../../../work-shared/gcc-13.3.0-r0/gcc-13.3.0/configure --build=x86_64-linux --host=x86_64-oesdk-linux --target=aarch64-xilinx-elf --prefix=/usr/local/oe-sdk-hardcoded-buildpath/sysroots/x86_64-oesdk-linux/usr --exec_prefix=/usr/local/oe-sdk-hardcoded-buildpath/sysroots/x86_64-oesdk-linux/usr --bindir=/usr/local/oe-sdk-hardcoded-buildpath/sysroots/x86_64-oesdk-linux/usr/bin/aarch64-xilinx-elf --sbindir=/usr/local/oe-sdk-hardcoded-buildpath/sysroots/x86_64-oesdk-linux/usr/bin/aarch64-xilinx-elf --libexecdir=/usr/local/oe-sdk-hardcoded-buildpath/sysroots/x86_64-oesdk-linux/usr/libexec/aarch64-xilinx-elf --datadir=/usr/local/oe-sdk-hardcoded-buildpath/sysroots/x86_64-oesdk-linux/usr/share --sysconfdir=/usr/local/oe-sdk-hardcoded-buildpath/sysroots/x86_64-oesdk-linux/etc --sharedstatedir=/usr/local/oe-sdk-hardcoded-buildpath/sysroots/x86_64-oesdk-linux/com --localstatedir=/usr/local/oe-sdk-hardcoded-buildpath/sysroots/x86_64-oesdk-linux/var --libdir=/usr/local/oe-sdk-hardcoded-buildpath/sysroots/x86_64-oesdk-linux/usr/lib/aarch64-xilinx-elf --includedir=/usr/local/oe-sdk-hardcoded-buildpath/sysroots/x86_64-oesdk-linux/usr/include --oldincludedir=/usr/local/oe-sdk-hardcoded-buildpath/sysroots/x86_64-oesdk-linux/usr/include --infodir=/usr/local/oe-sdk-hardcoded-buildpath/sysroots/x86_64-oesdk-linux/usr/share/info --mandir=/usr/local/oe-sdk-hardcoded-buildpath/sysroots/x86_64-oesdk-linux/usr/share/man --disable-silent-rules --disable-dependency-tracking --with-libtool-sysroot=/host --with-gnu-ld --enable-shared --enable-languages=c,c++,fortran --enable-threads=posix --enable-multilib --enable-c99 --enable-long-long --enable-libstdcxx-pch --program-prefix=aarch64-xilinx-elf- --without-local-prefix --disable-install-libiberty --disable-libssp --enable-libitm --enable-lto --disable-bootstrap --with-system-zlib --enable-linker-build-id --with-ppl=no --with-cloog=no --enable-checking=release --enable-cheaders=c_global --without-isl --with-gxx-include-dir=/not/exist/usr/include/c++/13.3.0 --with-build-time-tools=/host-native/usr/aarch64-xilinx-elf/bin --with-sysroot=/not/exist --with-build-sysroot=/host --with-plugin-ld=ld --enable-poison-system-directories --disable-static --enable-nls --with-glibc-version=2.28 --enable-initfini-array --enable-multilib --disable-libstdcxx-pch --with-newlib --disable-threads --enable-plugins --with-gnu-as --disable-libitm --disable-tm-clone-registry --disable-multiarch --with-arch=armv8-a --with-sysroot=/not/exist
Thread model: single
Supported LTO compression algorithms: zlib zstd
gcc version 13.3.0 (GCC) 
COLLECT_GCC_OPTIONS='-c' '-fno-openmp' '-fno-openacc' '-fno-pie' '-fcf-protection=none' '-mbranch-protection=none' '-mlittle-endian' '-mabi=lp64' '-Os' '--sysroot=/home/kuszman/Xilinx/2025.2/Vitis/gnu/aarch64/lin/aarch64-none/bin/../aarch64-xilinx-elf' '-mbranch-protection=none' '-specs=/home/kuszman/Magisterka/Intelligent-Vibroacoustic-Machine-Diagnostic-System-on-FPGA/ethernet/vitis/eth_platform/zynqmp_fsbl/zynqmp_fsbl_bsp/Xilinx.spec' '-Os' '-ffat-lto-objects' '-v' '-march=armv8-a' '-mlittle-endian' '-mabi=lp64'   '-fltrans' '-o' '/tmp/cc29Tbli.ltrans0.ltrans.o'
 /home/kuszman/Xilinx/2025.2/gnu/aarch64/lin/aarch64-none/x86_64-oesdk-linux/usr/bin/aarch64-xilinx-elf/../../lib/aarch64-xilinx-elf/gcc/../../../libexec/aarch64-xilinx-elf/gcc/aarch64-xilinx-elf/13.3.0/lto1 -quiet -dumpbase ./cmTC_fe19f.ltrans0.ltrans -mbranch-protection=none -mlittle-endian -mabi=lp64 -mbranch-protection=none -march=armv8-a -mlittle-endian -mabi=lp64 -Os -Os -version -fno-openmp -fno-openacc -fno-pie -fcf-protection=none -ffat-lto-objects -fltrans @/tmp/cctvHySF -o /tmp/ccFVRqqp.s
GNU GIMPLE (GCC) version 13.3.0 (aarch64-xilinx-elf)
	compiled by GNU C version 13.3.0, GMP version 6.3.0, MPFR version 4.2.1, MPC version 1.3.1, isl version none
GGC heuristics: --param ggc-min-expand=100 --param ggc-min-heapsize=131072
COLLECT_GCC_OPTIONS='-c' '-fno-openmp' '-fno-openacc' '-fno-pie' '-fcf-protection=none' '-mbranch-protection=none' '-mlittle-endian' '-mabi=lp64' '-Os' '--sysroot=/home/kuszman/Xilinx/2025.2/Vitis/gnu/aarch64/lin/aarch64-none/bin/../aarch64-xilinx-elf' '-mbranch-protection=none' '-specs=/home/kuszman/Magisterka/Intelligent-Vibroacoustic-Machine-Diagnostic-System-on-FPGA/ethernet/vitis/eth_platform/zynqmp_fsbl/zynqmp_fsbl_bsp/Xilinx.spec' '-Os' '-ffat-lto-objects' '-v' '-march=armv8-a' '-mlittle-endian' '-mabi=lp64'   '-fltrans' '-o' '/tmp/cc29Tbli.ltrans0.ltrans.o'
 /home/kuszman/Xilinx/2025.2/gnu/aarch64/lin/aarch64-none/x86_64-oesdk-linux/usr/bin/aarch64-xilinx-elf/../../lib/aarch64-xilinx-elf/gcc/../../../libexec/aarch64-xilinx-elf/gcc/aarch64-xilinx-elf/13.3.0/as -v -EL -march=armv8-a -mabi=lp64 -mabi=lp64 -o /tmp/cc29Tbli.ltrans0.ltrans.o /tmp/ccFVRqqp.s
GNU assembler version 2.42.0 (aarch64-xilinx-elf) using BFD version (GNU Binutils) 2.42.0.20240723
COMPILER_PATH=/home/kuszman/Xilinx/2025.2/gnu/aarch64/lin/aarch64-none/x86_64-oesdk-linux/usr/bin/aarch64-xilinx-elf/../../lib/aarch64-xilinx-elf/gcc/../../../libexec/aarch64-xilinx-elf/gcc/aarch64-xilinx-elf/13.3.0/:/home/kuszman/Xilinx/2025.2/gnu/aarch64/lin/aarch64-none/x86_64-oesdk-linux/usr/bin/aarch64-xilinx-elf/../../lib/aarch64-xilinx-elf/gcc/../../../libexec/aarch64-xilinx-elf/gcc/:/home/kuszman/Xilinx/2025.2/gnu/aarch64/lin/aarch64-none/x86_64-oesdk-linux/usr/bin/aarch64-xilinx-elf/../../libexec/aarch64-xilinx-elf/gcc/aarch64-xilinx-elf/13.3.0/:/home/kuszman/Xilinx/2025.2/gnu/aarch64/lin/aarch64-none/x86_64-oesdk-linux/usr/bin/aarch64-xilinx-elf/../../libexec/aarch64-xilinx-elf/gcc/aarch64-xilinx-elf/13.3.0/:/home/kuszman/Xilinx/2025.2/gnu/aarch64/lin/aarch64-none/x86_64-oesdk-linux/usr/bin/aarch64-xilinx-elf/../../libexec/aarch64-xilinx-elf/gcc/
LIBRARY_PATH=/home/kuszman/Xilinx/2025.2/gnu/aarch64/lin/aarch64-none/x86_64-oesdk-linux/usr/bin/aarch64-xilinx-elf/../../lib/aarch64-xilinx-elf/gcc/aarch64-xilinx-elf/13.3.0/:/home/kuszman/Xilinx/2025.2/gnu/aarch64/lin/aarch64-none/x86_64-oesdk-linux/usr/bin/aarch64-xilinx-elf/../../lib/aarch64-xilinx-elf/gcc/:/home/kuszman/Xilinx/2025.2/Vitis/gnu/aarch64/lin/aarch64-none/bin/../aarch64-xilinx-elf/usr/lib64/aarch64-xilinx-elf/13.3.0/:/home/kuszman/Xilinx/2025.2/Vitis/gnu/aarch64/lin/aarch64-none/bin/../aarch64-xilinx-elf/usr/lib64/
COLLECT_GCC_OPTIONS='-c' '-fno-openmp' '-fno-openacc' '-fno-pie' '-fcf-protection=none' '-mbranch-protection=none' '-mlittle-endian' '-mabi=lp64' '-Os' '--sysroot=/home/kuszman/Xilinx/2025.2/Vitis/gnu/aarch64/lin/aarch64-none/bin/../aarch64-xilinx-elf' '-mbranch-protection=none' '-specs=/home/kuszman/Magisterka/Intelligent-Vibroacoustic-Machine-Diagnostic-System-on-FPGA/ethernet/vitis/eth_platform/zynqmp_fsbl/zynqmp_fsbl_bsp/Xilinx.spec' '-Os' '-ffat-lto-objects' '-v' '-march=armv8-a' '-mlittle-endian' '-mabi=lp64'   '-fltrans' '-o' '/tmp/cc29Tbli.ltrans0.ltrans.o' '-dumpdir' './cmTC_fe19f.ltrans0.ltrans.'
/home/kuszman/Xilinx/2025.2/gnu/aarch64/lin/aarch64-none/x86_64-oesdk-linux/usr/bin/aarch64-xilinx-elf/aarch64-xilinx-elf-ld.real: warning: cannot find entry symbol _start; defaulting to 0000000000400060
COLLECT_GCC_OPTIONS='--sysroot=/home/kuszman/Xilinx/2025.2/Vitis/gnu/aarch64/lin/aarch64-none/bin/../aarch64-xilinx-elf' '-mbranch-protection=none' '-D' 'SDT' '-MMD' '-MP' '-specs=/home/kuszman/Magisterka/Intelligent-Vibroacoustic-Machine-Diagnostic-System-on-FPGA/ethernet/vitis/eth_platform/zynqmp_fsbl/zynqmp_fsbl_bsp/Xilinx.spec' '-Os' '-flto' '-ffat-lto-objects' '-D' 'ARMA53_64' '-I' '/home/kuszman/Magisterka/Intelligent-Vibroacoustic-Machine-Diagnostic-System-on-FPGA/ethernet/vitis/eth_platform/zynqmp_fsbl/zynqmp_fsbl_bsp/include' '-v' '-o' 'cmTC_fe19f' '-march=armv8-a' '-mlittle-endian' '-mabi=lp64' '-dumpdir' 'cmTC_fe19f.'



Parsed C implicit include dir info from above output: rv=done
  found start of include info
  found start of implicit include info
    add: [/home/kuszman/Magisterka/Intelligent-Vibroacoustic-Machine-Diagnostic-System-on-FPGA/ethernet/vitis/eth_platform/zynqmp_fsbl/zynqmp_fsbl_bsp/include]
    add: [/home/kuszman/Xilinx/2025.2/gnu/aarch64/lin/aarch64-none/x86_64-oesdk-linux/usr/bin/aarch64-xilinx-elf/../../lib/aarch64-xilinx-elf/gcc/aarch64-xilinx-elf/13.3.0/include]
    add: [/home/kuszman/Xilinx/2025.2/gnu/aarch64/lin/aarch64-none/x86_64-oesdk-linux/usr/bin/aarch64-xilinx-elf/../../lib/aarch64-xilinx-elf/gcc/aarch64-xilinx-elf/13.3.0/include-fixed]
    add: [/home/kuszman/Xilinx/2025.2/Vitis/gnu/aarch64/lin/aarch64-none/bin/../aarch64-xilinx-elf/usr/include/]
  end of search list found
  collapse include dir [/home/kuszman/Magisterka/Intelligent-Vibroacoustic-Machine-Diagnostic-System-on-FPGA/ethernet/vitis/eth_platform/zynqmp_fsbl/zynqmp_fsbl_bsp/include] ==> [/home/kuszman/Magisterka/Intelligent-Vibroacoustic-Machine-Diagnostic-System-on-FPGA/ethernet/vitis/eth_platform/zynqmp_fsbl/zynqmp_fsbl_bsp/include]
  collapse include dir [/home/kuszman/Xilinx/2025.2/gnu/aarch64/lin/aarch64-none/x86_64-oesdk-linux/usr/bin/aarch64-xilinx-elf/../../lib/aarch64-xilinx-elf/gcc/aarch64-xilinx-elf/13.3.0/include] ==> [/home/kuszman/Xilinx/2025.2/gnu/aarch64/lin/aarch64-none/x86_64-oesdk-linux/usr/lib/aarch64-xilinx-elf/gcc/aarch64-xilinx-elf/13.3.0/include]
  collapse include dir [/home/kuszman/Xilinx/2025.2/gnu/aarch64/lin/aarch64-none/x86_64-oesdk-linux/usr/bin/aarch64-xilinx-elf/../../lib/aarch64-xilinx-elf/gcc/aarch64-xilinx-elf/13.3.0/include-fixed] ==> [/home/kuszman/Xilinx/2025.2/gnu/aarch64/lin/aarch64-none/x86_64-oesdk-linux/usr/lib/aarch64-xilinx-elf/gcc/aarch64-xilinx-elf/13.3.0/include-fixed]
  collapse include dir [/home/kuszman/Xilinx/2025.2/Vitis/gnu/aarch64/lin/aarch64-none/bin/../aarch64-xilinx-elf/usr/include/] ==> [/home/kuszman/Xilinx/2025.2/Vitis/gnu/aarch64/lin/aarch64-none/aarch64-xilinx-elf/usr/include]
  implicit include dirs: [/home/kuszman/Magisterka/Intelligent-Vibroacoustic-Machine-Diagnostic-System-on-FPGA/ethernet/vitis/eth_platform/zynqmp_fsbl/zynqmp_fsbl_bsp/include;/home/kuszman/Xilinx/2025.2/gnu/aarch64/lin/aarch64-none/x86_64-oesdk-linux/usr/lib/aarch64-xilinx-elf/gcc/aarch64-xilinx-elf/13.3.0/include;/home/kuszman/Xilinx/2025.2/gnu/aarch64/lin/aarch64-none/x86_64-oesdk-linux/usr/lib/aarch64-xilinx-elf/gcc/aarch64-xilinx-elf/13.3.0/include-fixed;/home/kuszman/Xilinx/2025.2/Vitis/gnu/aarch64/lin/aarch64-none/aarch64-xilinx-elf/usr/include]


Parsed C implicit link information from above output:
  link line regex: [^( *|.*[/\])(aarch64-none-elf-ld|CMAKE_LINK_STARTFILE-NOTFOUND|([^/\]+-)?ld|collect2)[^/\]*( |$)]
  ignore line: [Change Dir: /home/kuszman/Magisterka/Intelligent-Vibroacoustic-Machine-Diagnostic-System-on-FPGA/ethernet/vitis/eth_platform/zynqmp_fsbl/zynqmp_fsbl_bsp/libsrc/build_configs/gen_bsp/CMakeFiles/CMakeTmp]
  ignore line: []
  ignore line: [Run Build Command(s):/home/kuszman/Xilinx/2025.2/Vitis/bin/ninja cmTC_fe19f && [1/2] Building C object CMakeFiles/cmTC_fe19f.dir/CMakeCCompilerABI.c.obj]
  ignore line: [Using built-in specs.]
  ignore line: [Reading specs from /home/kuszman/Magisterka/Intelligent-Vibroacoustic-Machine-Diagnostic-System-on-FPGA/ethernet/vitis/eth_platform/zynqmp_fsbl/zynqmp_fsbl_bsp/Xilinx.spec]
  ignore line: [COLLECT_GCC=/home/kuszman/Xilinx/2025.2/Vitis/gnu/aarch64/lin/aarch64-none/bin/../x86_64-oesdk-linux/usr/bin/aarch64-xilinx-elf/aarch64-xilinx-elf-gcc.real]
  ignore line: [Target: aarch64-xilinx-elf]
  ignore line: [Configured with: ../../../../../../work-shared/gcc-13.3.0-r0/gcc-13.3.0/configure --build=x86_64-linux --host=x86_64-oesdk-linux --target=aarch64-xilinx-elf --prefix=/usr/local/oe-sdk-hardcoded-buildpath/sysroots/x86_64-oesdk-linux/usr --exec_prefix=/usr/local/oe-sdk-hardcoded-buildpath/sysroots/x86_64-oesdk-linux/usr --bindir=/usr/local/oe-sdk-hardcoded-buildpath/sysroots/x86_64-oesdk-linux/usr/bin/aarch64-xilinx-elf --sbindir=/usr/local/oe-sdk-hardcoded-buildpath/sysroots/x86_64-oesdk-linux/usr/bin/aarch64-xilinx-elf --libexecdir=/usr/local/oe-sdk-hardcoded-buildpath/sysroots/x86_64-oesdk-linux/usr/libexec/aarch64-xilinx-elf --datadir=/usr/local/oe-sdk-hardcoded-buildpath/sysroots/x86_64-oesdk-linux/usr/share --sysconfdir=/usr/local/oe-sdk-hardcoded-buildpath/sysroots/x86_64-oesdk-linux/etc --sharedstatedir=/usr/local/oe-sdk-hardcoded-buildpath/sysroots/x86_64-oesdk-linux/com --localstatedir=/usr/local/oe-sdk-hardcoded-buildpath/sysroots/x86_64-oesdk-linux/var --libdir=/usr/local/oe-sdk-hardcoded-buildpath/sysroots/x86_64-oesdk-linux/usr/lib/aarch64-xilinx-elf --includedir=/usr/local/oe-sdk-hardcoded-buildpath/sysroots/x86_64-oesdk-linux/usr/include --oldincludedir=/usr/local/oe-sdk-hardcoded-buildpath/sysroots/x86_64-oesdk-linux/usr/include --infodir=/usr/local/oe-sdk-hardcoded-buildpath/sysroots/x86_64-oesdk-linux/usr/share/info --mandir=/usr/local/oe-sdk-hardcoded-buildpath/sysroots/x86_64-oesdk-linux/usr/share/man --disable-silent-rules --disable-dependency-tracking --with-libtool-sysroot=/host --with-gnu-ld --enable-shared --enable-languages=c,c++,fortran --enable-threads=posix --enable-multilib --enable-c99 --enable-long-long --enable-libstdcxx-pch --program-prefix=aarch64-xilinx-elf- --without-local-prefix --disable-install-libiberty --disable-libssp --enable-libitm --enable-lto --disable-bootstrap --with-system-zlib --enable-linker-build-id --with-ppl=no --with-cloog=no --enable-checking=release --enable-cheaders=c_global --without-isl --with-gxx-include-dir=/not/exist/usr/include/c++/13.3.0 --with-build-time-tools=/host-native/usr/aarch64-xilinx-elf/bin --with-sysroot=/not/exist --with-build-sysroot=/host --with-plugin-ld=ld --enable-poison-system-directories --disable-static --enable-nls --with-glibc-version=2.28 --enable-initfini-array --enable-multilib --disable-libstdcxx-pch --with-newlib --disable-threads --enable-plugins --with-gnu-as --disable-libitm --disable-tm-clone-registry --disable-multiarch --with-arch=armv8-a --with-sysroot=/not/exist]
  ignore line: [Thread model: single]
  ignore line: [Supported LTO compression algorithms: zlib zstd]
  ignore line: [gcc version 13.3.0 (GCC) ]
  ignore line: [COLLECT_GCC_OPTIONS='--sysroot=/home/kuszman/Xilinx/2025.2/Vitis/gnu/aarch64/lin/aarch64-none/bin/../aarch64-xilinx-elf' '-mbranch-protection=none' '-D' 'SDT' '-MMD' '-MP' '-specs=/home/kuszman/Magisterka/Intelligent-Vibroacoustic-Machine-Diagnostic-System-on-FPGA/ethernet/vitis/eth_platform/zynqmp_fsbl/zynqmp_fsbl_bsp/Xilinx.spec' '-Os' '-flto' '-ffat-lto-objects' '-D' 'ARMA53_64' '-I' '/home/kuszman/Magisterka/Intelligent-Vibroacoustic-Machine-Diagnostic-System-on-FPGA/ethernet/vitis/eth_platform/zynqmp_fsbl/zynqmp_fsbl_bsp/include' '-v' '-o' 'CMakeFiles/cmTC_fe19f.dir/CMakeCCompilerABI.c.obj' '-c' '-march=armv8-a' '-mlittle-endian' '-mabi=lp64' '-dumpdir' 'CMakeFiles/cmTC_fe19f.dir/']
  ignore line: [ /home/kuszman/Xilinx/2025.2/gnu/aarch64/lin/aarch64-none/x86_64-oesdk-linux/usr/bin/aarch64-xilinx-elf/../../libexec/aarch64-xilinx-elf/gcc/aarch64-xilinx-elf/13.3.0/cc1 -quiet -v -I /home/kuszman/Magisterka/Intelligent-Vibroacoustic-Machine-Diagnostic-System-on-FPGA/ethernet/vitis/eth_platform/zynqmp_fsbl/zynqmp_fsbl_bsp/include -iprefix /home/kuszman/Xilinx/2025.2/gnu/aarch64/lin/aarch64-none/x86_64-oesdk-linux/usr/bin/aarch64-xilinx-elf/../../lib/aarch64-xilinx-elf/gcc/aarch64-xilinx-elf/13.3.0/ -isysroot /home/kuszman/Xilinx/2025.2/Vitis/gnu/aarch64/lin/aarch64-none/bin/../aarch64-xilinx-elf -MMD CMakeFiles/cmTC_fe19f.dir/CMakeCCompilerABI.c.d -MP -MQ CMakeFiles/cmTC_fe19f.dir/CMakeCCompilerABI.c.obj -D SDT -D ARMA53_64 /home/kuszman/Xilinx/2025.2/tps/lnx64/cmake-3.24.2/share/cmake-3.24/Modules/CMakeCCompilerABI.c -quiet -dumpdir CMakeFiles/cmTC_fe19f.dir/ -dumpbase CMakeCCompilerABI.c.c -dumpbase-ext .c -mbranch-protection=none -march=armv8-a -mlittle-endian -mabi=lp64 -Os -version -flto -ffat-lto-objects -o /tmp/ccrM6XBD.s]
  ignore line: [GNU C17 (GCC) version 13.3.0 (aarch64-xilinx-elf)]
  ignore line: [	compiled by GNU C version 13.3.0  GMP version 6.3.0  MPFR version 4.2.1  MPC version 1.3.1  isl version none]
  ignore line: [GGC heuristics: --param ggc-min-expand=100 --param ggc-min-heapsize=131072]
  ignore line: [ignoring nonexistent directory "/home/kuszman/Xilinx/2025.2/gnu/aarch64/lin/aarch64-none/x86_64-oesdk-linux/usr/bin/aarch64-xilinx-elf/../../lib/aarch64-xilinx-elf/gcc/aarch64-xilinx-elf/13.3.0/../../../../../aarch64-xilinx-elf/include"]
  ignore line: [ignoring duplicate directory "/home/kuszman/Xilinx/2025.2/gnu/aarch64/lin/aarch64-none/x86_64-oesdk-linux/usr/bin/aarch64-xilinx-elf/../../lib/aarch64-xilinx-elf/gcc/../../../lib/aarch64-xilinx-elf/gcc/aarch64-xilinx-elf/13.3.0/include"]
  ignore line: [ignoring nonexistent directory "/home/kuszman/Xilinx/2025.2/Vitis/gnu/aarch64/lin/aarch64-none/bin/../aarch64-xilinx-elf/usr/lib64/aarch64-xilinx-elf/13.3.0/include"]
  ignore line: [ignoring nonexistent directory "/home/kuszman/Xilinx/2025.2/Vitis/gnu/aarch64/lin/aarch64-none/bin/../aarch64-xilinx-elf/usr/local/include"]
  ignore line: [ignoring duplicate directory "/home/kuszman/Xilinx/2025.2/gnu/aarch64/lin/aarch64-none/x86_64-oesdk-linux/usr/bin/aarch64-xilinx-elf/../../lib/aarch64-xilinx-elf/gcc/../../../lib/aarch64-xilinx-elf/gcc/aarch64-xilinx-elf/13.3.0/include-fixed"]
  ignore line: [ignoring nonexistent directory "/home/kuszman/Xilinx/2025.2/gnu/aarch64/lin/aarch64-none/x86_64-oesdk-linux/usr/bin/aarch64-xilinx-elf/../../lib/aarch64-xilinx-elf/gcc/../../../lib/aarch64-xilinx-elf/gcc/aarch64-xilinx-elf/13.3.0/../../../../../aarch64-xilinx-elf/include"]
  ignore line: [#include "..." search starts here:]
  ignore line: [#include <...> search starts here:]
  ignore line: [ /home/kuszman/Magisterka/Intelligent-Vibroacoustic-Machine-Diagnostic-System-on-FPGA/ethernet/vitis/eth_platform/zynqmp_fsbl/zynqmp_fsbl_bsp/include]
  ignore line: [ /home/kuszman/Xilinx/2025.2/gnu/aarch64/lin/aarch64-none/x86_64-oesdk-linux/usr/bin/aarch64-xilinx-elf/../../lib/aarch64-xilinx-elf/gcc/aarch64-xilinx-elf/13.3.0/include]
  ignore line: [ /home/kuszman/Xilinx/2025.2/gnu/aarch64/lin/aarch64-none/x86_64-oesdk-linux/usr/bin/aarch64-xilinx-elf/../../lib/aarch64-xilinx-elf/gcc/aarch64-xilinx-elf/13.3.0/include-fixed]
  ignore line: [ /home/kuszman/Xilinx/2025.2/Vitis/gnu/aarch64/lin/aarch64-none/bin/../aarch64-xilinx-elf/usr/include/]
  ignore line: [End of search list.]
  ignore line: [Compiler executable checksum: bf4f7e99d9c79ea23b0a478fa2e8108a]
  ignore line: [COLLECT_GCC_OPTIONS='--sysroot=/home/kuszman/Xilinx/2025.2/Vitis/gnu/aarch64/lin/aarch64-none/bin/../aarch64-xilinx-elf' '-mbranch-protection=none' '-D' 'SDT' '-MMD' '-MP' '-specs=/home/kuszman/Magisterka/Intelligent-Vibroacoustic-Machine-Diagnostic-System-on-FPGA/ethernet/vitis/eth_platform/zynqmp_fsbl/zynqmp_fsbl_bsp/Xilinx.spec' '-Os' '-flto' '-ffat-lto-objects' '-D' 'ARMA53_64' '-I' '/home/kuszman/Magisterka/Intelligent-Vibroacoustic-Machine-Diagnostic-System-on-FPGA/ethernet/vitis/eth_platform/zynqmp_fsbl/zynqmp_fsbl_bsp/include' '-v' '-o' 'CMakeFiles/cmTC_fe19f.dir/CMakeCCompilerABI.c.obj' '-c' '-march=armv8-a' '-mlittle-endian' '-mabi=lp64' '-dumpdir' 'CMakeFiles/cmTC_fe19f.dir/']
  ignore line: [ /home/kuszman/Xilinx/2025.2/gnu/aarch64/lin/aarch64-none/x86_64-oesdk-linux/usr/bin/aarch64-xilinx-elf/../../libexec/aarch64-xilinx-elf/gcc/aarch64-xilinx-elf/13.3.0/as -v -I /home/kuszman/Magisterka/Intelligent-Vibroacoustic-Machine-Diagnostic-System-on-FPGA/ethernet/vitis/eth_platform/zynqmp_fsbl/zynqmp_fsbl_bsp/include -EL -march=armv8-a -mabi=lp64 -o CMakeFiles/cmTC_fe19f.dir/CMakeCCompilerABI.c.obj /tmp/ccrM6XBD.s]
  ignore line: [GNU assembler version 2.42.0 (aarch64-xilinx-elf) using BFD version (GNU Binutils) 2.42.0.20240723]
  ignore line: [COMPILER_PATH=/home/kuszman/Xilinx/2025.2/gnu/aarch64/lin/aarch64-none/x86_64-oesdk-linux/usr/bin/aarch64-xilinx-elf/../../libexec/aarch64-xilinx-elf/gcc/aarch64-xilinx-elf/13.3.0/:/home/kuszman/Xilinx/2025.2/gnu/aarch64/lin/aarch64-none/x86_64-oesdk-linux/usr/bin/aarch64-xilinx-elf/../../libexec/aarch64-xilinx-elf/gcc/]
  ignore line: [LIBRARY_PATH=/home/kuszman/Xilinx/2025.2/gnu/aarch64/lin/aarch64-none/x86_64-oesdk-linux/usr/bin/aarch64-xilinx-elf/../../lib/aarch64-xilinx-elf/gcc/aarch64-xilinx-elf/13.3.0/:/home/kuszman/Xilinx/2025.2/gnu/aarch64/lin/aarch64-none/x86_64-oesdk-linux/usr/bin/aarch64-xilinx-elf/../../lib/aarch64-xilinx-elf/gcc/:/home/kuszman/Xilinx/2025.2/Vitis/gnu/aarch64/lin/aarch64-none/bin/../aarch64-xilinx-elf/usr/lib64/aarch64-xilinx-elf/13.3.0/:/home/kuszman/Xilinx/2025.2/Vitis/gnu/aarch64/lin/aarch64-none/bin/../aarch64-xilinx-elf/usr/lib64/]
  ignore line: [COLLECT_GCC_OPTIONS='--sysroot=/home/kuszman/Xilinx/2025.2/Vitis/gnu/aarch64/lin/aarch64-none/bin/../aarch64-xilinx-elf' '-mbranch-protection=none' '-D' 'SDT' '-MMD' '-MP' '-specs=/home/kuszman/Magisterka/Intelligent-Vibroacoustic-Machine-Diagnostic-System-on-FPGA/ethernet/vitis/eth_platform/zynqmp_fsbl/zynqmp_fsbl_bsp/Xilinx.spec' '-Os' '-flto' '-ffat-lto-objects' '-D' 'ARMA53_64' '-I' '/home/kuszman/Magisterka/Intelligent-Vibroacoustic-Machine-Diagnostic-System-on-FPGA/ethernet/vitis/eth_platform/zynqmp_fsbl/zynqmp_fsbl_bsp/include' '-v' '-o' 'CMakeFiles/cmTC_fe19f.dir/CMakeCCompilerABI.c.obj' '-c' '-march=armv8-a' '-mlittle-endian' '-mabi=lp64' '-dumpdir' 'CMakeFiles/cmTC_fe19f.dir/CMakeCCompilerABI.c.']
  ignore line: [[2/2] Linking C executable cmTC_fe19f]
  ignore line: [Using built-in specs.]
  ignore line: [Reading specs from /home/kuszman/Magisterka/Intelligent-Vibroacoustic-Machine-Diagnostic-System-on-FPGA/ethernet/vitis/eth_platform/zynqmp_fsbl/zynqmp_fsbl_bsp/Xilinx.spec]
  ignore line: [COLLECT_GCC=/home/kuszman/Xilinx/2025.2/Vitis/gnu/aarch64/lin/aarch64-none/bin/../x86_64-oesdk-linux/usr/bin/aarch64-xilinx-elf/aarch64-xilinx-elf-gcc.real]
  ignore line: [COLLECT_LTO_WRAPPER=/home/kuszman/Xilinx/2025.2/gnu/aarch64/lin/aarch64-none/x86_64-oesdk-linux/usr/bin/aarch64-xilinx-elf/../../libexec/aarch64-xilinx-elf/gcc/aarch64-xilinx-elf/13.3.0/lto-wrapper]
  ignore line: [Target: aarch64-xilinx-elf]
  ignore line: [Configured with: ../../../../../../work-shared/gcc-13.3.0-r0/gcc-13.3.0/configure --build=x86_64-linux --host=x86_64-oesdk-linux --target=aarch64-xilinx-elf --prefix=/usr/local/oe-sdk-hardcoded-buildpath/sysroots/x86_64-oesdk-linux/usr --exec_prefix=/usr/local/oe-sdk-hardcoded-buildpath/sysroots/x86_64-oesdk-linux/usr --bindir=/usr/local/oe-sdk-hardcoded-buildpath/sysroots/x86_64-oesdk-linux/usr/bin/aarch64-xilinx-elf --sbindir=/usr/local/oe-sdk-hardcoded-buildpath/sysroots/x86_64-oesdk-linux/usr/bin/aarch64-xilinx-elf --libexecdir=/usr/local/oe-sdk-hardcoded-buildpath/sysroots/x86_64-oesdk-linux/usr/libexec/aarch64-xilinx-elf --datadir=/usr/local/oe-sdk-hardcoded-buildpath/sysroots/x86_64-oesdk-linux/usr/share --sysconfdir=/usr/local/oe-sdk-hardcoded-buildpath/sysroots/x86_64-oesdk-linux/etc --sharedstatedir=/usr/local/oe-sdk-hardcoded-buildpath/sysroots/x86_64-oesdk-linux/com --localstatedir=/usr/local/oe-sdk-hardcoded-buildpath/sysroots/x86_64-oesdk-linux/var --libdir=/usr/local/oe-sdk-hardcoded-buildpath/sysroots/x86_64-oesdk-linux/usr/lib/aarch64-xilinx-elf --includedir=/usr/local/oe-sdk-hardcoded-buildpath/sysroots/x86_64-oesdk-linux/usr/include --oldincludedir=/usr/local/oe-sdk-hardcoded-buildpath/sysroots/x86_64-oesdk-linux/usr/include --infodir=/usr/local/oe-sdk-hardcoded-buildpath/sysroots/x86_64-oesdk-linux/usr/share/info --mandir=/usr/local/oe-sdk-hardcoded-buildpath/sysroots/x86_64-oesdk-linux/usr/share/man --disable-silent-rules --disable-dependency-tracking --with-libtool-sysroot=/host --with-gnu-ld --enable-shared --enable-languages=c,c++,fortran --enable-threads=posix --enable-multilib --enable-c99 --enable-long-long --enable-libstdcxx-pch --program-prefix=aarch64-xilinx-elf- --without-local-prefix --disable-install-libiberty --disable-libssp --enable-libitm --enable-lto --disable-bootstrap --with-system-zlib --enable-linker-build-id --with-ppl=no --with-cloog=no --enable-checking=release --enable-cheaders=c_global --without-isl --with-gxx-include-dir=/not/exist/usr/include/c++/13.3.0 --with-build-time-tools=/host-native/usr/aarch64-xilinx-elf/bin --with-sysroot=/not/exist --with-build-sysroot=/host --with-plugin-ld=ld --enable-poison-system-directories --disable-static --enable-nls --with-glibc-version=2.28 --enable-initfini-array --enable-multilib --disable-libstdcxx-pch --with-newlib --disable-threads --enable-plugins --with-gnu-as --disable-libitm --disable-tm-clone-registry --disable-multiarch --with-arch=armv8-a --with-sysroot=/not/exist]
  ignore line: [Thread model: single]
  ignore line: [Supported LTO compression algorithms: zlib zstd]
  ignore line: [gcc version 13.3.0 (GCC) ]
  ignore line: [COMPILER_PATH=/home/kuszman/Xilinx/2025.2/gnu/aarch64/lin/aarch64-none/x86_64-oesdk-linux/usr/bin/aarch64-xilinx-elf/../../libexec/aarch64-xilinx-elf/gcc/aarch64-xilinx-elf/13.3.0/:/home/kuszman/Xilinx/2025.2/gnu/aarch64/lin/aarch64-none/x86_64-oesdk-linux/usr/bin/aarch64-xilinx-elf/../../libexec/aarch64-xilinx-elf/gcc/]
  ignore line: [LIBRARY_PATH=/home/kuszman/Xilinx/2025.2/gnu/aarch64/lin/aarch64-none/x86_64-oesdk-linux/usr/bin/aarch64-xilinx-elf/../../lib/aarch64-xilinx-elf/gcc/aarch64-xilinx-elf/13.3.0/:/home/kuszman/Xilinx/2025.2/gnu/aarch64/lin/aarch64-none/x86_64-oesdk-linux/usr/bin/aarch64-xilinx-elf/../../lib/aarch64-xilinx-elf/gcc/:/home/kuszman/Xilinx/2025.2/Vitis/gnu/aarch64/lin/aarch64-none/bin/../aarch64-xilinx-elf/usr/lib64/aarch64-xilinx-elf/13.3.0/:/home/kuszman/Xilinx/2025.2/Vitis/gnu/aarch64/lin/aarch64-none/bin/../aarch64-xilinx-elf/usr/lib64/]
  ignore line: [COLLECT_GCC_OPTIONS='--sysroot=/home/kuszman/Xilinx/2025.2/Vitis/gnu/aarch64/lin/aarch64-none/bin/../aarch64-xilinx-elf' '-mbranch-protection=none' '-D' 'SDT' '-MMD' '-MP' '-specs=/home/kuszman/Magisterka/Intelligent-Vibroacoustic-Machine-Diagnostic-System-on-FPGA/ethernet/vitis/eth_platform/zynqmp_fsbl/zynqmp_fsbl_bsp/Xilinx.spec' '-Os' '-flto' '-ffat-lto-objects' '-D' 'ARMA53_64' '-I' '/home/kuszman/Magisterka/Intelligent-Vibroacoustic-Machine-Diagnostic-System-on-FPGA/ethernet/vitis/eth_platform/zynqmp_fsbl/zynqmp_fsbl_bsp/include' '-v' '-o' 'cmTC_fe19f' '-march=armv8-a' '-mlittle-endian' '-mabi=lp64' '-dumpdir' 'cmTC_fe19f.']
  link line: [ /home/kuszman/Xilinx/2025.2/gnu/aarch64/lin/aarch64-none/x86_64-oesdk-linux/usr/bin/aarch64-xilinx-elf/../../libexec/aarch64-xilinx-elf/gcc/aarch64-xilinx-elf/13.3.0/collect2 -plugin /home/kuszman/Xilinx/2025.2/gnu/aarch64/lin/aarch64-none/x86_64-oesdk-linux/usr/bin/aarch64-xilinx-elf/../../libexec/aarch64-xilinx-elf/gcc/aarch64-xilinx-elf/13.3.0/liblto_plugin.so -plugin-opt=/home/kuszman/Xilinx/2025.2/gnu/aarch64/lin/aarch64-none/x86_64-oesdk-linux/usr/bin/aarch64-xilinx-elf/../../libexec/aarch64-xilinx-elf/gcc/aarch64-xilinx-elf/13.3.0/lto-wrapper -plugin-opt=-fresolution=/tmp/ccHysNmD.res -plugin-opt=-pass-through=-lgcc -plugin-opt=-pass-through=-lc -plugin-opt=-pass-through=-lgcc -flto --sysroot=/home/kuszman/Xilinx/2025.2/Vitis/gnu/aarch64/lin/aarch64-none/bin/../aarch64-xilinx-elf --build-id -EL -X -maarch64elf -o cmTC_fe19f /home/kuszman/Xilinx/2025.2/Vitis/gnu/aarch64/lin/aarch64-none/bin/../aarch64-xilinx-elf/usr/lib64/aarch64-xilinx-elf/13.3.0/crti.o /home/kuszman/Xilinx/2025.2/Vitis/gnu/aarch64/lin/aarch64-none/bin/../aarch64-xilinx-elf/usr/lib64/aarch64-xilinx-elf/13.3.0/crtbegin.o -L/home/kuszman/Xilinx/2025.2/gnu/aarch64/lin/aarch64-none/x86_64-oesdk-linux/usr/bin/aarch64-xilinx-elf/../../lib/aarch64-xilinx-elf/gcc/aarch64-xilinx-elf/13.3.0 -L/home/kuszman/Xilinx/2025.2/gnu/aarch64/lin/aarch64-none/x86_64-oesdk-linux/usr/bin/aarch64-xilinx-elf/../../lib/aarch64-xilinx-elf/gcc -L/home/kuszman/Xilinx/2025.2/Vitis/gnu/aarch64/lin/aarch64-none/bin/../aarch64-xilinx-elf/usr/lib64/aarch64-xilinx-elf/13.3.0 -L/home/kuszman/Xilinx/2025.2/Vitis/gnu/aarch64/lin/aarch64-none/bin/../aarch64-xilinx-elf/usr/lib64 --no-warn-rwx-segment CMakeFiles/cmTC_fe19f.dir/CMakeCCompilerABI.c.obj -lgcc -lc -lgcc /home/kuszman/Xilinx/2025.2/Vitis/gnu/aarch64/lin/aarch64-none/bin/../aarch64-xilinx-elf/usr/lib64/aarch64-xilinx-elf/13.3.0/crtend.o /home/kuszman/Xilinx/2025.2/Vitis/gnu/aarch64/lin/aarch64-none/bin/../aarch64-xilinx-elf/usr/lib64/aarch64-xilinx-elf/13.3.0/crtn.o]
    arg [/home/kuszman/Xilinx/2025.2/gnu/aarch64/lin/aarch64-none/x86_64-oesdk-linux/usr/bin/aarch64-xilinx-elf/../../libexec/aarch64-xilinx-elf/gcc/aarch64-xilinx-elf/13.3.0/collect2] ==> ignore
    arg [-plugin] ==> ignore
    arg [/home/kuszman/Xilinx/2025.2/gnu/aarch64/lin/aarch64-none/x86_64-oesdk-linux/usr/bin/aarch64-xilinx-elf/../../libexec/aarch64-xilinx-elf/gcc/aarch64-xilinx-elf/13.3.0/liblto_plugin.so] ==> ignore
    arg [-plugin-opt=/home/kuszman/Xilinx/2025.2/gnu/aarch64/lin/aarch64-none/x86_64-oesdk-linux/usr/bin/aarch64-xilinx-elf/../../libexec/aarch64-xilinx-elf/gcc/aarch64-xilinx-elf/13.3.0/lto-wrapper] ==> ignore
    arg [-plugin-opt=-fresolution=/tmp/ccHysNmD.res] ==> ignore
    arg [-plugin-opt=-pass-through=-lgcc] ==> ignore
    arg [-plugin-opt=-pass-through=-lc] ==> ignore
    arg [-plugin-opt=-pass-through=-lgcc] ==> ignore
    arg [-flto] ==> ignore
    arg [--sysroot=/home/kuszman/Xilinx/2025.2/Vitis/gnu/aarch64/lin/aarch64-none/bin/../aarch64-xilinx-elf] ==> ignore
    arg [--build-id] ==> ignore
    arg [-EL] ==> ignore
    arg [-X] ==> ignore
    arg [-maarch64elf] ==> ignore
    arg [-o] ==> ignore
    arg [cmTC_fe19f] ==> ignore
    arg [/home/kuszman/Xilinx/2025.2/Vitis/gnu/aarch64/lin/aarch64-none/bin/../aarch64-xilinx-elf/usr/lib64/aarch64-xilinx-elf/13.3.0/crti.o] ==> obj [/home/kuszman/Xilinx/2025.2/Vitis/gnu/aarch64/lin/aarch64-none/bin/../aarch64-xilinx-elf/usr/lib64/aarch64-xilinx-elf/13.3.0/crti.o]
    arg [/home/kuszman/Xilinx/2025.2/Vitis/gnu/aarch64/lin/aarch64-none/bin/../aarch64-xilinx-elf/usr/lib64/aarch64-xilinx-elf/13.3.0/crtbegin.o] ==> obj [/home/kuszman/Xilinx/2025.2/Vitis/gnu/aarch64/lin/aarch64-none/bin/../aarch64-xilinx-elf/usr/lib64/aarch64-xilinx-elf/13.3.0/crtbegin.o]
    arg [-L/home/kuszman/Xilinx/2025.2/gnu/aarch64/lin/aarch64-none/x86_64-oesdk-linux/usr/bin/aarch64-xilinx-elf/../../lib/aarch64-xilinx-elf/gcc/aarch64-xilinx-elf/13.3.0] ==> dir [/home/kuszman/Xilinx/2025.2/gnu/aarch64/lin/aarch64-none/x86_64-oesdk-linux/usr/bin/aarch64-xilinx-elf/../../lib/aarch64-xilinx-elf/gcc/aarch64-xilinx-elf/13.3.0]
    arg [-L/home/kuszman/Xilinx/2025.2/gnu/aarch64/lin/aarch64-none/x86_64-oesdk-linux/usr/bin/aarch64-xilinx-elf/../../lib/aarch64-xilinx-elf/gcc] ==> dir [/home/kuszman/Xilinx/2025.2/gnu/aarch64/lin/aarch64-none/x86_64-oesdk-linux/usr/bin/aarch64-xilinx-elf/../../lib/aarch64-xilinx-elf/gcc]
    arg [-L/home/kuszman/Xilinx/2025.2/Vitis/gnu/aarch64/lin/aarch64-none/bin/../aarch64-xilinx-elf/usr/lib64/aarch64-xilinx-elf/13.3.0] ==> dir [/home/kuszman/Xilinx/2025.2/Vitis/gnu/aarch64/lin/aarch64-none/bin/../aarch64-xilinx-elf/usr/lib64/aarch64-xilinx-elf/13.3.0]
    arg [-L/home/kuszman/Xilinx/2025.2/Vitis/gnu/aarch64/lin/aarch64-none/bin/../aarch64-xilinx-elf/usr/lib64] ==> dir [/home/kuszman/Xilinx/2025.2/Vitis/gnu/aarch64/lin/aarch64-none/bin/../aarch64-xilinx-elf/usr/lib64]
    arg [--no-warn-rwx-segment] ==> ignore
    arg [CMakeFiles/cmTC_fe19f.dir/CMakeCCompilerABI.c.obj] ==> ignore
    arg [-lgcc] ==> lib [gcc]
    arg [-lc] ==> lib [c]
    arg [-lgcc] ==> lib [gcc]
    arg [/home/kuszman/Xilinx/2025.2/Vitis/gnu/aarch64/lin/aarch64-none/bin/../aarch64-xilinx-elf/usr/lib64/aarch64-xilinx-elf/13.3.0/crtend.o] ==> obj [/home/kuszman/Xilinx/2025.2/Vitis/gnu/aarch64/lin/aarch64-none/bin/../aarch64-xilinx-elf/usr/lib64/aarch64-xilinx-elf/13.3.0/crtend.o]
    arg [/home/kuszman/Xilinx/2025.2/Vitis/gnu/aarch64/lin/aarch64-none/bin/../aarch64-xilinx-elf/usr/lib64/aarch64-xilinx-elf/13.3.0/crtn.o] ==> obj [/home/kuszman/Xilinx/2025.2/Vitis/gnu/aarch64/lin/aarch64-none/bin/../aarch64-xilinx-elf/usr/lib64/aarch64-xilinx-elf/13.3.0/crtn.o]
  collapse obj [/home/kuszman/Xilinx/2025.2/Vitis/gnu/aarch64/lin/aarch64-none/bin/../aarch64-xilinx-elf/usr/lib64/aarch64-xilinx-elf/13.3.0/crti.o] ==> [/home/kuszman/Xilinx/2025.2/Vitis/gnu/aarch64/lin/aarch64-none/aarch64-xilinx-elf/usr/lib64/aarch64-xilinx-elf/13.3.0/crti.o]
  collapse obj [/home/kuszman/Xilinx/2025.2/Vitis/gnu/aarch64/lin/aarch64-none/bin/../aarch64-xilinx-elf/usr/lib64/aarch64-xilinx-elf/13.3.0/crtbegin.o] ==> [/home/kuszman/Xilinx/2025.2/Vitis/gnu/aarch64/lin/aarch64-none/aarch64-xilinx-elf/usr/lib64/aarch64-xilinx-elf/13.3.0/crtbegin.o]
  collapse obj [/home/kuszman/Xilinx/2025.2/Vitis/gnu/aarch64/lin/aarch64-none/bin/../aarch64-xilinx-elf/usr/lib64/aarch64-xilinx-elf/13.3.0/crtend.o] ==> [/home/kuszman/Xilinx/2025.2/Vitis/gnu/aarch64/lin/aarch64-none/aarch64-xilinx-elf/usr/lib64/aarch64-xilinx-elf/13.3.0/crtend.o]
  collapse obj [/home/kuszman/Xilinx/2025.2/Vitis/gnu/aarch64/lin/aarch64-none/bin/../aarch64-xilinx-elf/usr/lib64/aarch64-xilinx-elf/13.3.0/crtn.o] ==> [/home/kuszman/Xilinx/2025.2/Vitis/gnu/aarch64/lin/aarch64-none/aarch64-xilinx-elf/usr/lib64/aarch64-xilinx-elf/13.3.0/crtn.o]
  collapse library dir [/home/kuszman/Xilinx/2025.2/gnu/aarch64/lin/aarch64-none/x86_64-oesdk-linux/usr/bin/aarch64-xilinx-elf/../../lib/aarch64-xilinx-elf/gcc/aarch64-xilinx-elf/13.3.0] ==> [/home/kuszman/Xilinx/2025.2/gnu/aarch64/lin/aarch64-none/x86_64-oesdk-linux/usr/lib/aarch64-xilinx-elf/gcc/aarch64-xilinx-elf/13.3.0]
  collapse library dir [/home/kuszman/Xilinx/2025.2/gnu/aarch64/lin/aarch64-none/x86_64-oesdk-linux/usr/bin/aarch64-xilinx-elf/../../lib/aarch64-xilinx-elf/gcc] ==> [/home/kuszman/Xilinx/2025.2/gnu/aarch64/lin/aarch64-none/x86_64-oesdk-linux/usr/lib/aarch64-xilinx-elf/gcc]
  collapse library dir [/home/kuszman/Xilinx/2025.2/Vitis/gnu/aarch64/lin/aarch64-none/bin/../aarch64-xilinx-elf/usr/lib64/aarch64-xilinx-elf/13.3.0] ==> [/home/kuszman/Xilinx/2025.2/Vitis/gnu/aarch64/lin/aarch64-none/aarch64-xilinx-elf/usr/lib64/aarch64-xilinx-elf/13.3.0]
  collapse library dir [/home/kuszman/Xilinx/2025.2/Vitis/gnu/aarch64/lin/aarch64-none/bin/../aarch64-xilinx-elf/usr/lib64] ==> [/home/kuszman/Xilinx/2025.2/Vitis/gnu/aarch64/lin/aarch64-none/aarch64-xilinx-elf/usr/lib64]
  implicit libs: [gcc;c;gcc]
  implicit objs: [/home/kuszman/Xilinx/2025.2/Vitis/gnu/aarch64/lin/aarch64-none/aarch64-xilinx-elf/usr/lib64/aarch64-xilinx-elf/13.3.0/crti.o;/home/kuszman/Xilinx/2025.2/Vitis/gnu/aarch64/lin/aarch64-none/aarch64-xilinx-elf/usr/lib64/aarch64-xilinx-elf/13.3.0/crtbegin.o;/home/kuszman/Xilinx/2025.2/Vitis/gnu/aarch64/lin/aarch64-none/aarch64-xilinx-elf/usr/lib64/aarch64-xilinx-elf/13.3.0/crtend.o;/home/kuszman/Xilinx/2025.2/Vitis/gnu/aarch64/lin/aarch64-none/aarch64-xilinx-elf/usr/lib64/aarch64-xilinx-elf/13.3.0/crtn.o]
  implicit dirs: [/home/kuszman/Xilinx/2025.2/gnu/aarch64/lin/aarch64-none/x86_64-oesdk-linux/usr/lib/aarch64-xilinx-elf/gcc/aarch64-xilinx-elf/13.3.0;/home/kuszman/Xilinx/2025.2/gnu/aarch64/lin/aarch64-none/x86_64-oesdk-linux/usr/lib/aarch64-xilinx-elf/gcc;/home/kuszman/Xilinx/2025.2/Vitis/gnu/aarch64/lin/aarch64-none/aarch64-xilinx-elf/usr/lib64/aarch64-xilinx-elf/13.3.0;/home/kuszman/Xilinx/2025.2/Vitis/gnu/aarch64/lin/aarch64-none/aarch64-xilinx-elf/usr/lib64]
  implicit fwks: []


Detecting CXX compiler ABI info compiled with the following output:
Change Dir: /home/kuszman/Magisterka/Intelligent-Vibroacoustic-Machine-Diagnostic-System-on-FPGA/ethernet/vitis/eth_platform/zynqmp_fsbl/zynqmp_fsbl_bsp/libsrc/build_configs/gen_bsp/CMakeFiles/CMakeTmp

Run Build Command(s):/home/kuszman/Xilinx/2025.2/Vitis/bin/ninja cmTC_e2364 && [1/2] Building CXX object CMakeFiles/cmTC_e2364.dir/CMakeCXXCompilerABI.cpp.obj
Using built-in specs.
Reading specs from /home/kuszman/Magisterka/Intelligent-Vibroacoustic-Machine-Diagnostic-System-on-FPGA/ethernet/vitis/eth_platform/zynqmp_fsbl/zynqmp_fsbl_bsp/Xilinx.spec
COLLECT_GCC=/home/kuszman/Xilinx/2025.2/Vitis/gnu/aarch64/lin/aarch64-none/bin/../x86_64-oesdk-linux/usr/bin/aarch64-xilinx-elf/aarch64-xilinx-elf-g++.real
Target: aarch64-xilinx-elf
Configured with: ../../../../../../work-shared/gcc-13.3.0-r0/gcc-13.3.0/configure --build=x86_64-linux --host=x86_64-oesdk-linux --target=aarch64-xilinx-elf --prefix=/usr/local/oe-sdk-hardcoded-buildpath/sysroots/x86_64-oesdk-linux/usr --exec_prefix=/usr/local/oe-sdk-hardcoded-buildpath/sysroots/x86_64-oesdk-linux/usr --bindir=/usr/local/oe-sdk-hardcoded-buildpath/sysroots/x86_64-oesdk-linux/usr/bin/aarch64-xilinx-elf --sbindir=/usr/local/oe-sdk-hardcoded-buildpath/sysroots/x86_64-oesdk-linux/usr/bin/aarch64-xilinx-elf --libexecdir=/usr/local/oe-sdk-hardcoded-buildpath/sysroots/x86_64-oesdk-linux/usr/libexec/aarch64-xilinx-elf --datadir=/usr/local/oe-sdk-hardcoded-buildpath/sysroots/x86_64-oesdk-linux/usr/share --sysconfdir=/usr/local/oe-sdk-hardcoded-buildpath/sysroots/x86_64-oesdk-linux/etc --sharedstatedir=/usr/local/oe-sdk-hardcoded-buildpath/sysroots/x86_64-oesdk-linux/com --localstatedir=/usr/local/oe-sdk-hardcoded-buildpath/sysroots/x86_64-oesdk-linux/var --libdir=/usr/local/oe-sdk-hardcoded-buildpath/sysroots/x86_64-oesdk-linux/usr/lib/aarch64-xilinx-elf --includedir=/usr/local/oe-sdk-hardcoded-buildpath/sysroots/x86_64-oesdk-linux/usr/include --oldincludedir=/usr/local/oe-sdk-hardcoded-buildpath/sysroots/x86_64-oesdk-linux/usr/include --infodir=/usr/local/oe-sdk-hardcoded-buildpath/sysroots/x86_64-oesdk-linux/usr/share/info --mandir=/usr/local/oe-sdk-hardcoded-buildpath/sysroots/x86_64-oesdk-linux/usr/share/man --disable-silent-rules --disable-dependency-tracking --with-libtool-sysroot=/host --with-gnu-ld --enable-shared --enable-languages=c,c++,fortran --enable-threads=posix --enable-multilib --enable-c99 --enable-long-long --enable-libstdcxx-pch --program-prefix=aarch64-xilinx-elf- --without-local-prefix --disable-install-libiberty --disable-libssp --enable-libitm --enable-lto --disable-bootstrap --with-system-zlib --enable-linker-build-id --with-ppl=no --with-cloog=no --enable-checking=release --enable-cheaders=c_global --without-isl --with-gxx-include-dir=/not/exist/usr/include/c++/13.3.0 --with-build-time-tools=/host-native/usr/aarch64-xilinx-elf/bin --with-sysroot=/not/exist --with-build-sysroot=/host --with-plugin-ld=ld --enable-poison-system-directories --disable-static --enable-nls --with-glibc-version=2.28 --enable-initfini-array --enable-multilib --disable-libstdcxx-pch --with-newlib --disable-threads --enable-plugins --with-gnu-as --disable-libitm --disable-tm-clone-registry --disable-multiarch --with-arch=armv8-a --with-sysroot=/not/exist
Thread model: single
Supported LTO compression algorithms: zlib zstd
gcc version 13.3.0 (GCC) 
COLLECT_GCC_OPTIONS='--sysroot=/home/kuszman/Xilinx/2025.2/Vitis/gnu/aarch64/lin/aarch64-none/bin/../aarch64-xilinx-elf' '-mbranch-protection=none' '-D' 'SDT' '-MMD' '-MP' '-specs=/home/kuszman/Magisterka/Intelligent-Vibroacoustic-Machine-Diagnostic-System-on-FPGA/ethernet/vitis/eth_platform/zynqmp_fsbl/zynqmp_fsbl_bsp/Xilinx.spec' '-Os' '-flto' '-ffat-lto-objects' '-D' 'ARMA53_64' '-I' '/home/kuszman/Magisterka/Intelligent-Vibroacoustic-Machine-Diagnostic-System-on-FPGA/ethernet/vitis/eth_platform/zynqmp_fsbl/zynqmp_fsbl_bsp/include' '-v' '-o' 'CMakeFiles/cmTC_e2364.dir/CMakeCXXCompilerABI.cpp.obj' '-c' '-march=armv8-a' '-mlittle-endian' '-mabi=lp64' '-dumpdir' 'CMakeFiles/cmTC_e2364.dir/'
 /home/kuszman/Xilinx/2025.2/gnu/aarch64/lin/aarch64-none/x86_64-oesdk-linux/usr/bin/aarch64-xilinx-elf/../../libexec/aarch64-xilinx-elf/gcc/aarch64-xilinx-elf/13.3.0/cc1plus -quiet -v -I /home/kuszman/Magisterka/Intelligent-Vibroacoustic-Machine-Diagnostic-System-on-FPGA/ethernet/vitis/eth_platform/zynqmp_fsbl/zynqmp_fsbl_bsp/include -iprefix /home/kuszman/Xilinx/2025.2/gnu/aarch64/lin/aarch64-none/x86_64-oesdk-linux/usr/bin/aarch64-xilinx-elf/../../lib/aarch64-xilinx-elf/gcc/aarch64-xilinx-elf/13.3.0/ -isysroot /home/kuszman/Xilinx/2025.2/Vitis/gnu/aarch64/lin/aarch64-none/bin/../aarch64-xilinx-elf -MMD CMakeFiles/cmTC_e2364.dir/CMakeCXXCompilerABI.cpp.d -MP -MQ CMakeFiles/cmTC_e2364.dir/CMakeCXXCompilerABI.cpp.obj -D SDT -D ARMA53_64 /home/kuszman/Xilinx/2025.2/tps/lnx64/cmake-3.24.2/share/cmake-3.24/Modules/CMakeCXXCompilerABI.cpp -quiet -dumpdir CMakeFiles/cmTC_e2364.dir/ -dumpbase CMakeCXXCompilerABI.cpp.cpp -dumpbase-ext .cpp -mbranch-protection=none -march=armv8-a -mlittle-endian -mabi=lp64 -Os -version -flto -ffat-lto-objects -o /tmp/ccukeCEg.s
GNU C++17 (GCC) version 13.3.0 (aarch64-xilinx-elf)
	compiled by GNU C version 13.3.0, GMP version 6.3.0, MPFR version 4.2.1, MPC version 1.3.1, isl version none
GGC heuristics: --param ggc-min-expand=100 --param ggc-min-heapsize=131072
ignoring nonexistent directory "/home/kuszman/Xilinx/2025.2/gnu/aarch64/lin/aarch64-none/x86_64-oesdk-linux/usr/bin/aarch64-xilinx-elf/../../lib/aarch64-xilinx-elf/gcc/aarch64-xilinx-elf/13.3.0/../../../../../aarch64-xilinx-elf/include"
ignoring duplicate directory "/home/kuszman/Xilinx/2025.2/gnu/aarch64/lin/aarch64-none/x86_64-oesdk-linux/usr/bin/aarch64-xilinx-elf/../../lib/aarch64-xilinx-elf/gcc/../../../lib/aarch64-xilinx-elf/gcc/aarch64-xilinx-elf/13.3.0/include"
ignoring nonexistent directory "/home/kuszman/Xilinx/2025.2/Vitis/gnu/aarch64/lin/aarch64-none/bin/../aarch64-xilinx-elf/usr/lib64/aarch64-xilinx-elf/13.3.0/include"
ignoring nonexistent directory "/home/kuszman/Xilinx/2025.2/Vitis/gnu/aarch64/lin/aarch64-none/bin/../aarch64-xilinx-elf/usr/local/include"
ignoring duplicate directory "/home/kuszman/Xilinx/2025.2/gnu/aarch64/lin/aarch64-none/x86_64-oesdk-linux/usr/bin/aarch64-xilinx-elf/../../lib/aarch64-xilinx-elf/gcc/../../../lib/aarch64-xilinx-elf/gcc/aarch64-xilinx-elf/13.3.0/include-fixed"
ignoring nonexistent directory "/home/kuszman/Xilinx/2025.2/gnu/aarch64/lin/aarch64-none/x86_64-oesdk-linux/usr/bin/aarch64-xilinx-elf/../../lib/aarch64-xilinx-elf/gcc/../../../lib/aarch64-xilinx-elf/gcc/aarch64-xilinx-elf/13.3.0/../../../../../aarch64-xilinx-elf/include"
#include "..." search starts here:
#include <...> search starts here:
 /home/kuszman/Magisterka/Intelligent-Vibroacoustic-Machine-Diagnostic-System-on-FPGA/ethernet/vitis/eth_platform/zynqmp_fsbl/zynqmp_fsbl_bsp/include
 /home/kuszman/Xilinx/2025.2/gnu/aarch64/lin/aarch64-none/x86_64-oesdk-linux/usr/bin/aarch64-xilinx-elf/../../lib/aarch64-xilinx-elf/gcc/aarch64-xilinx-elf/13.3.0/include
 /home/kuszman/Xilinx/2025.2/gnu/aarch64/lin/aarch64-none/x86_64-oesdk-linux/usr/bin/aarch64-xilinx-elf/../../lib/aarch64-xilinx-elf/gcc/aarch64-xilinx-elf/13.3.0/include-fixed
 /home/kuszman/Xilinx/2025.2/Vitis/gnu/aarch64/lin/aarch64-none/bin/../aarch64-xilinx-elf/usr/include/c++/13.3.0
 /home/kuszman/Xilinx/2025.2/Vitis/gnu/aarch64/lin/aarch64-none/bin/../aarch64-xilinx-elf/usr/include/c++/13.3.0/aarch64-xilinx-elf
 /home/kuszman/Xilinx/2025.2/Vitis/gnu/aarch64/lin/aarch64-none/bin/../aarch64-xilinx-elf/usr/include/c++/13.3.0/backward
 /home/kuszman/Xilinx/2025.2/Vitis/gnu/aarch64/lin/aarch64-none/bin/../aarch64-xilinx-elf/usr/include/
End of search list.
Compiler executable checksum: ad182f738cfb6404092bcf9bf3548eda
COLLECT_GCC_OPTIONS='--sysroot=/home/kuszman/Xilinx/2025.2/Vitis/gnu/aarch64/lin/aarch64-none/bin/../aarch64-xilinx-elf' '-mbranch-protection=none' '-D' 'SDT' '-MMD' '-MP' '-specs=/home/kuszman/Magisterka/Intelligent-Vibroacoustic-Machine-Diagnostic-System-on-FPGA/ethernet/vitis/eth_platform/zynqmp_fsbl/zynqmp_fsbl_bsp/Xilinx.spec' '-Os' '-flto' '-ffat-lto-objects' '-D' 'ARMA53_64' '-I' '/home/kuszman/Magisterka/Intelligent-Vibroacoustic-Machine-Diagnostic-System-on-FPGA/ethernet/vitis/eth_platform/zynqmp_fsbl/zynqmp_fsbl_bsp/include' '-v' '-o' 'CMakeFiles/cmTC_e2364.dir/CMakeCXXCompilerABI.cpp.obj' '-c' '-march=armv8-a' '-mlittle-endian' '-mabi=lp64' '-dumpdir' 'CMakeFiles/cmTC_e2364.dir/'
 /home/kuszman/Xilinx/2025.2/gnu/aarch64/lin/aarch64-none/x86_64-oesdk-linux/usr/bin/aarch64-xilinx-elf/../../libexec/aarch64-xilinx-elf/gcc/aarch64-xilinx-elf/13.3.0/as -v -I /home/kuszman/Magisterka/Intelligent-Vibroacoustic-Machine-Diagnostic-System-on-FPGA/ethernet/vitis/eth_platform/zynqmp_fsbl/zynqmp_fsbl_bsp/include -EL -march=armv8-a -mabi=lp64 -o CMakeFiles/cmTC_e2364.dir/CMakeCXXCompilerABI.cpp.obj /tmp/ccukeCEg.s
GNU assembler version 2.42.0 (aarch64-xilinx-elf) using BFD version (GNU Binutils) 2.42.0.20240723
COMPILER_PATH=/home/kuszman/Xilinx/2025.2/gnu/aarch64/lin/aarch64-none/x86_64-oesdk-linux/usr/bin/aarch64-xilinx-elf/../../libexec/aarch64-xilinx-elf/gcc/aarch64-xilinx-elf/13.3.0/:/home/kuszman/Xilinx/2025.2/gnu/aarch64/lin/aarch64-none/x86_64-oesdk-linux/usr/bin/aarch64-xilinx-elf/../../libexec/aarch64-xilinx-elf/gcc/
LIBRARY_PATH=/home/kuszman/Xilinx/2025.2/gnu/aarch64/lin/aarch64-none/x86_64-oesdk-linux/usr/bin/aarch64-xilinx-elf/../../lib/aarch64-xilinx-elf/gcc/aarch64-xilinx-elf/13.3.0/:/home/kuszman/Xilinx/2025.2/gnu/aarch64/lin/aarch64-none/x86_64-oesdk-linux/usr/bin/aarch64-xilinx-elf/../../lib/aarch64-xilinx-elf/gcc/:/home/kuszman/Xilinx/2025.2/Vitis/gnu/aarch64/lin/aarch64-none/bin/../aarch64-xilinx-elf/usr/lib64/aarch64-xilinx-elf/13.3.0/:/home/kuszman/Xilinx/2025.2/Vitis/gnu/aarch64/lin/aarch64-none/bin/../aarch64-xilinx-elf/usr/lib64/
COLLECT_GCC_OPTIONS='--sysroot=/home/kuszman/Xilinx/2025.2/Vitis/gnu/aarch64/lin/aarch64-none/bin/../aarch64-xilinx-elf' '-mbranch-protection=none' '-D' 'SDT' '-MMD' '-MP' '-specs=/home/kuszman/Magisterka/Intelligent-Vibroacoustic-Machine-Diagnostic-System-on-FPGA/ethernet/vitis/eth_platform/zynqmp_fsbl/zynqmp_fsbl_bsp/Xilinx.spec' '-Os' '-flto' '-ffat-lto-objects' '-D' 'ARMA53_64' '-I' '/home/kuszman/Magisterka/Intelligent-Vibroacoustic-Machine-Diagnostic-System-on-FPGA/ethernet/vitis/eth_platform/zynqmp_fsbl/zynqmp_fsbl_bsp/include' '-v' '-o' 'CMakeFiles/cmTC_e2364.dir/CMakeCXXCompilerABI.cpp.obj' '-c' '-march=armv8-a' '-mlittle-endian' '-mabi=lp64' '-dumpdir' 'CMakeFiles/cmTC_e2364.dir/CMakeCXXCompilerABI.cpp.'
[2/2] Linking CXX executable cmTC_e2364
Using built-in specs.
Reading specs from /home/kuszman/Magisterka/Intelligent-Vibroacoustic-Machine-Diagnostic-System-on-FPGA/ethernet/vitis/eth_platform/zynqmp_fsbl/zynqmp_fsbl_bsp/Xilinx.spec
COLLECT_GCC=/home/kuszman/Xilinx/2025.2/Vitis/gnu/aarch64/lin/aarch64-none/bin/../x86_64-oesdk-linux/usr/bin/aarch64-xilinx-elf/aarch64-xilinx-elf-g++.real
COLLECT_LTO_WRAPPER=/home/kuszman/Xilinx/2025.2/gnu/aarch64/lin/aarch64-none/x86_64-oesdk-linux/usr/bin/aarch64-xilinx-elf/../../libexec/aarch64-xilinx-elf/gcc/aarch64-xilinx-elf/13.3.0/lto-wrapper
Target: aarch64-xilinx-elf
Configured with: ../../../../../../work-shared/gcc-13.3.0-r0/gcc-13.3.0/configure --build=x86_64-linux --host=x86_64-oesdk-linux --target=aarch64-xilinx-elf --prefix=/usr/local/oe-sdk-hardcoded-buildpath/sysroots/x86_64-oesdk-linux/usr --exec_prefix=/usr/local/oe-sdk-hardcoded-buildpath/sysroots/x86_64-oesdk-linux/usr --bindir=/usr/local/oe-sdk-hardcoded-buildpath/sysroots/x86_64-oesdk-linux/usr/bin/aarch64-xilinx-elf --sbindir=/usr/local/oe-sdk-hardcoded-buildpath/sysroots/x86_64-oesdk-linux/usr/bin/aarch64-xilinx-elf --libexecdir=/usr/local/oe-sdk-hardcoded-buildpath/sysroots/x86_64-oesdk-linux/usr/libexec/aarch64-xilinx-elf --datadir=/usr/local/oe-sdk-hardcoded-buildpath/sysroots/x86_64-oesdk-linux/usr/share --sysconfdir=/usr/local/oe-sdk-hardcoded-buildpath/sysroots/x86_64-oesdk-linux/etc --sharedstatedir=/usr/local/oe-sdk-hardcoded-buildpath/sysroots/x86_64-oesdk-linux/com --localstatedir=/usr/local/oe-sdk-hardcoded-buildpath/sysroots/x86_64-oesdk-linux/var --libdir=/usr/local/oe-sdk-hardcoded-buildpath/sysroots/x86_64-oesdk-linux/usr/lib/aarch64-xilinx-elf --includedir=/usr/local/oe-sdk-hardcoded-buildpath/sysroots/x86_64-oesdk-linux/usr/include --oldincludedir=/usr/local/oe-sdk-hardcoded-buildpath/sysroots/x86_64-oesdk-linux/usr/include --infodir=/usr/local/oe-sdk-hardcoded-buildpath/sysroots/x86_64-oesdk-linux/usr/share/info --mandir=/usr/local/oe-sdk-hardcoded-buildpath/sysroots/x86_64-oesdk-linux/usr/share/man --disable-silent-rules --disable-dependency-tracking --with-libtool-sysroot=/host --with-gnu-ld --enable-shared --enable-languages=c,c++,fortran --enable-threads=posix --enable-multilib --enable-c99 --enable-long-long --enable-libstdcxx-pch --program-prefix=aarch64-xilinx-elf- --without-local-prefix --disable-install-libiberty --disable-libssp --enable-libitm --enable-lto --disable-bootstrap --with-system-zlib --enable-linker-build-id --with-ppl=no --with-cloog=no --enable-checking=release --enable-cheaders=c_global --without-isl --with-gxx-include-dir=/not/exist/usr/include/c++/13.3.0 --with-build-time-tools=/host-native/usr/aarch64-xilinx-elf/bin --with-sysroot=/not/exist --with-build-sysroot=/host --with-plugin-ld=ld --enable-poison-system-directories --disable-static --enable-nls --with-glibc-version=2.28 --enable-initfini-array --enable-multilib --disable-libstdcxx-pch --with-newlib --disable-threads --enable-plugins --with-gnu-as --disable-libitm --disable-tm-clone-registry --disable-multiarch --with-arch=armv8-a --with-sysroot=/not/exist
Thread model: single
Supported LTO compression algorithms: zlib zstd
gcc version 13.3.0 (GCC) 
COMPILER_PATH=/home/kuszman/Xilinx/2025.2/gnu/aarch64/lin/aarch64-none/x86_64-oesdk-linux/usr/bin/aarch64-xilinx-elf/../../libexec/aarch64-xilinx-elf/gcc/aarch64-xilinx-elf/13.3.0/:/home/kuszman/Xilinx/2025.2/gnu/aarch64/lin/aarch64-none/x86_64-oesdk-linux/usr/bin/aarch64-xilinx-elf/../../libexec/aarch64-xilinx-elf/gcc/
LIBRARY_PATH=/home/kuszman/Xilinx/2025.2/gnu/aarch64/lin/aarch64-none/x86_64-oesdk-linux/usr/bin/aarch64-xilinx-elf/../../lib/aarch64-xilinx-elf/gcc/aarch64-xilinx-elf/13.3.0/:/home/kuszman/Xilinx/2025.2/gnu/aarch64/lin/aarch64-none/x86_64-oesdk-linux/usr/bin/aarch64-xilinx-elf/../../lib/aarch64-xilinx-elf/gcc/:/home/kuszman/Xilinx/2025.2/Vitis/gnu/aarch64/lin/aarch64-none/bin/../aarch64-xilinx-elf/usr/lib64/aarch64-xilinx-elf/13.3.0/:/home/kuszman/Xilinx/2025.2/Vitis/gnu/aarch64/lin/aarch64-none/bin/../aarch64-xilinx-elf/usr/lib64/
COLLECT_GCC_OPTIONS='--sysroot=/home/kuszman/Xilinx/2025.2/Vitis/gnu/aarch64/lin/aarch64-none/bin/../aarch64-xilinx-elf' '-mbranch-protection=none' '-D' 'SDT' '-MMD' '-MP' '-specs=/home/kuszman/Magisterka/Intelligent-Vibroacoustic-Machine-Diagnostic-System-on-FPGA/ethernet/vitis/eth_platform/zynqmp_fsbl/zynqmp_fsbl_bsp/Xilinx.spec' '-Os' '-flto' '-ffat-lto-objects' '-D' 'ARMA53_64' '-I' '/home/kuszman/Magisterka/Intelligent-Vibroacoustic-Machine-Diagnostic-System-on-FPGA/ethernet/vitis/eth_platform/zynqmp_fsbl/zynqmp_fsbl_bsp/include' '-v' '-o' 'cmTC_e2364' '-march=armv8-a' '-mlittle-endian' '-mabi=lp64' '-dumpdir' 'cmTC_e2364.'
 /home/kuszman/Xilinx/2025.2/gnu/aarch64/lin/aarch64-none/x86_64-oesdk-linux/usr/bin/aarch64-xilinx-elf/../../libexec/aarch64-xilinx-elf/gcc/aarch64-xilinx-elf/13.3.0/collect2 -plugin /home/kuszman/Xilinx/2025.2/gnu/aarch64/lin/aarch64-none/x86_64-oesdk-linux/usr/bin/aarch64-xilinx-elf/../../libexec/aarch64-xilinx-elf/gcc/aarch64-xilinx-elf/13.3.0/liblto_plugin.so -plugin-opt=/home/kuszman/Xilinx/2025.2/gnu/aarch64/lin/aarch64-none/x86_64-oesdk-linux/usr/bin/aarch64-xilinx-elf/../../libexec/aarch64-xilinx-elf/gcc/aarch64-xilinx-elf/13.3.0/lto-wrapper -plugin-opt=-fresolution=/tmp/ccSpE9xy.res -plugin-opt=-pass-through=-lgcc -plugin-opt=-pass-through=-lc -plugin-opt=-pass-through=-lgcc -flto --sysroot=/home/kuszman/Xilinx/2025.2/Vitis/gnu/aarch64/lin/aarch64-none/bin/../aarch64-xilinx-elf --build-id -EL -X -maarch64elf -o cmTC_e2364 /home/kuszman/Xilinx/2025.2/Vitis/gnu/aarch64/lin/aarch64-none/bin/../aarch64-xilinx-elf/usr/lib64/aarch64-xilinx-elf/13.3.0/crti.o /home/kuszman/Xilinx/2025.2/Vitis/gnu/aarch64/lin/aarch64-none/bin/../aarch64-xilinx-elf/usr/lib64/aarch64-xilinx-elf/13.3.0/crtbegin.o -L/home/kuszman/Xilinx/2025.2/gnu/aarch64/lin/aarch64-none/x86_64-oesdk-linux/usr/bin/aarch64-xilinx-elf/../../lib/aarch64-xilinx-elf/gcc/aarch64-xilinx-elf/13.3.0 -L/home/kuszman/Xilinx/2025.2/gnu/aarch64/lin/aarch64-none/x86_64-oesdk-linux/usr/bin/aarch64-xilinx-elf/../../lib/aarch64-xilinx-elf/gcc -L/home/kuszman/Xilinx/2025.2/Vitis/gnu/aarch64/lin/aarch64-none/bin/../aarch64-xilinx-elf/usr/lib64/aarch64-xilinx-elf/13.3.0 -L/home/kuszman/Xilinx/2025.2/Vitis/gnu/aarch64/lin/aarch64-none/bin/../aarch64-xilinx-elf/usr/lib64 --no-warn-rwx-segment CMakeFiles/cmTC_e2364.dir/CMakeCXXCompilerABI.cpp.obj -lstdc++ -lm -lgcc -lc -lgcc /home/kuszman/Xilinx/2025.2/Vitis/gnu/aarch64/lin/aarch64-none/bin/../aarch64-xilinx-elf/usr/lib64/aarch64-xilinx-elf/13.3.0/crtend.o /home/kuszman/Xilinx/2025.2/Vitis/gnu/aarch64/lin/aarch64-none/bin/../aarch64-xilinx-elf/usr/lib64/aarch64-xilinx-elf/13.3.0/crtn.o
/home/kuszman/Xilinx/2025.2/gnu/aarch64/lin/aarch64-none/x86_64-oesdk-linux/usr/bin/aarch64-xilinx-elf/../../libexec/aarch64-xilinx-elf/gcc/aarch64-xilinx-elf/13.3.0/lto-wrapper -fresolution=/tmp/ccSpE9xy.res -flinker-output=exec CMakeFiles/cmTC_e2364.dir/CMakeCXXCompilerABI.cpp.obj 
/home/kuszman/Xilinx/2025.2/gnu/aarch64/lin/aarch64-none/x86_64-oesdk-linux/usr/bin/aarch64-xilinx-elf/../../libexec/aarch64-xilinx-elf/gcc/aarch64-xilinx-elf/13.3.0/lto-wrapper.real -fresolution=/tmp/ccSpE9xy.res -flinker-output=exec CMakeFiles/cmTC_e2364.dir/CMakeCXXCompilerABI.cpp.obj 
/home/kuszman/Xilinx/2025.2/Vitis/gnu/aarch64/lin/aarch64-none/bin/../x86_64-oesdk-linux/usr/bin/aarch64-xilinx-elf/aarch64-xilinx-elf-g++ @/tmp/ccIjrTHk
Using built-in specs.
Reading specs from /home/kuszman/Magisterka/Intelligent-Vibroacoustic-Machine-Diagnostic-System-on-FPGA/ethernet/vitis/eth_platform/zynqmp_fsbl/zynqmp_fsbl_bsp/Xilinx.spec
COLLECT_GCC=/home/kuszman/Xilinx/2025.2/Vitis/gnu/aarch64/lin/aarch64-none/bin/../x86_64-oesdk-linux/usr/bin/aarch64-xilinx-elf/aarch64-xilinx-elf-g++.real
Target: aarch64-xilinx-elf
Configured with: ../../../../../../work-shared/gcc-13.3.0-r0/gcc-13.3.0/configure --build=x86_64-linux --host=x86_64-oesdk-linux --target=aarch64-xilinx-elf --prefix=/usr/local/oe-sdk-hardcoded-buildpath/sysroots/x86_64-oesdk-linux/usr --exec_prefix=/usr/local/oe-sdk-hardcoded-buildpath/sysroots/x86_64-oesdk-linux/usr --bindir=/usr/local/oe-sdk-hardcoded-buildpath/sysroots/x86_64-oesdk-linux/usr/bin/aarch64-xilinx-elf --sbindir=/usr/local/oe-sdk-hardcoded-buildpath/sysroots/x86_64-oesdk-linux/usr/bin/aarch64-xilinx-elf --libexecdir=/usr/local/oe-sdk-hardcoded-buildpath/sysroots/x86_64-oesdk-linux/usr/libexec/aarch64-xilinx-elf --datadir=/usr/local/oe-sdk-hardcoded-buildpath/sysroots/x86_64-oesdk-linux/usr/share --sysconfdir=/usr/local/oe-sdk-hardcoded-buildpath/sysroots/x86_64-oesdk-linux/etc --sharedstatedir=/usr/local/oe-sdk-hardcoded-buildpath/sysroots/x86_64-oesdk-linux/com --localstatedir=/usr/local/oe-sdk-hardcoded-buildpath/sysroots/x86_64-oesdk-linux/var --libdir=/usr/local/oe-sdk-hardcoded-buildpath/sysroots/x86_64-oesdk-linux/usr/lib/aarch64-xilinx-elf --includedir=/usr/local/oe-sdk-hardcoded-buildpath/sysroots/x86_64-oesdk-linux/usr/include --oldincludedir=/usr/local/oe-sdk-hardcoded-buildpath/sysroots/x86_64-oesdk-linux/usr/include --infodir=/usr/local/oe-sdk-hardcoded-buildpath/sysroots/x86_64-oesdk-linux/usr/share/info --mandir=/usr/local/oe-sdk-hardcoded-buildpath/sysroots/x86_64-oesdk-linux/usr/share/man --disable-silent-rules --disable-dependency-tracking --with-libtool-sysroot=/host --with-gnu-ld --enable-shared --enable-languages=c,c++,fortran --enable-threads=posix --enable-multilib --enable-c99 --enable-long-long --enable-libstdcxx-pch --program-prefix=aarch64-xilinx-elf- --without-local-prefix --disable-install-libiberty --disable-libssp --enable-libitm --enable-lto --disable-bootstrap --with-system-zlib --enable-linker-build-id --with-ppl=no --with-cloog=no --enable-checking=release --enable-cheaders=c_global --without-isl --with-gxx-include-dir=/not/exist/usr/include/c++/13.3.0 --with-build-time-tools=/host-native/usr/aarch64-xilinx-elf/bin --with-sysroot=/not/exist --with-build-sysroot=/host --with-plugin-ld=ld --enable-poison-system-directories --disable-static --enable-nls --with-glibc-version=2.28 --enable-initfini-array --enable-multilib --disable-libstdcxx-pch --with-newlib --disable-threads --enable-plugins --with-gnu-as --disable-libitm --disable-tm-clone-registry --disable-multiarch --with-arch=armv8-a --with-sysroot=/not/exist
Thread model: single
Supported LTO compression algorithms: zlib zstd
gcc version 13.3.0 (GCC) 
COLLECT_GCC_OPTIONS='-c' '-fno-openmp' '-fno-openacc' '-fno-pie' '-fcf-protection=none' '-mbranch-protection=none' '-mlittle-endian' '-mabi=lp64' '-Os' '--sysroot=/home/kuszman/Xilinx/2025.2/Vitis/gnu/aarch64/lin/aarch64-none/bin/../aarch64-xilinx-elf' '-mbranch-protection=none' '-specs=/home/kuszman/Magisterka/Intelligent-Vibroacoustic-Machine-Diagnostic-System-on-FPGA/ethernet/vitis/eth_platform/zynqmp_fsbl/zynqmp_fsbl_bsp/Xilinx.spec' '-Os' '-ffat-lto-objects' '-v' '-march=armv8-a' '-mlittle-endian' '-mabi=lp64'   '-fltrans-output-list=/tmp/ccMmmN1I.ltrans.out' '-fwpa' '-fresolution=/tmp/ccSpE9xy.res' '-flinker-output=exec'
 /home/kuszman/Xilinx/2025.2/gnu/aarch64/lin/aarch64-none/x86_64-oesdk-linux/usr/bin/aarch64-xilinx-elf/../../lib/aarch64-xilinx-elf/gcc/../../../libexec/aarch64-xilinx-elf/gcc/aarch64-xilinx-elf/13.3.0/lto1 -quiet -dumpbase ./cmTC_e2364.wpa -mbranch-protection=none -mlittle-endian -mabi=lp64 -mbranch-protection=none -march=armv8-a -mlittle-endian -mabi=lp64 -Os -Os -version -fno-openmp -fno-openacc -fno-pie -fcf-protection=none -ffat-lto-objects -fltrans-output-list=/tmp/ccMmmN1I.ltrans.out -fwpa -fresolution=/tmp/ccSpE9xy.res -flinker-output=exec @/tmp/cc9BcwPN
GNU GIMPLE (GCC) version 13.3.0 (aarch64-xilinx-elf)
	compiled by GNU C version 13.3.0, GMP version 6.3.0, MPFR version 4.2.1, MPC version 1.3.1, isl version none
GGC heuristics: --param ggc-min-expand=100 --param ggc-min-heapsize=131072
COMPILER_PATH=/home/kuszman/Xilinx/2025.2/gnu/aarch64/lin/aarch64-none/x86_64-oesdk-linux/usr/bin/aarch64-xilinx-elf/../../lib/aarch64-xilinx-elf/gcc/../../../libexec/aarch64-xilinx-elf/gcc/aarch64-xilinx-elf/13.3.0/:/home/kuszman/Xilinx/2025.2/gnu/aarch64/lin/aarch64-none/x86_64-oesdk-linux/usr/bin/aarch64-xilinx-elf/../../lib/aarch64-xilinx-elf/gcc/../../../libexec/aarch64-xilinx-elf/gcc/:/home/kuszman/Xilinx/2025.2/gnu/aarch64/lin/aarch64-none/x86_64-oesdk-linux/usr/bin/aarch64-xilinx-elf/../../libexec/aarch64-xilinx-elf/gcc/aarch64-xilinx-elf/13.3.0/:/home/kuszman/Xilinx/2025.2/gnu/aarch64/lin/aarch64-none/x86_64-oesdk-linux/usr/bin/aarch64-xilinx-elf/../../libexec/aarch64-xilinx-elf/gcc/aarch64-xilinx-elf/13.3.0/:/home/kuszman/Xilinx/2025.2/gnu/aarch64/lin/aarch64-none/x86_64-oesdk-linux/usr/bin/aarch64-xilinx-elf/../../libexec/aarch64-xilinx-elf/gcc/
LIBRARY_PATH=/home/kuszman/Xilinx/2025.2/gnu/aarch64/lin/aarch64-none/x86_64-oesdk-linux/usr/bin/aarch64-xilinx-elf/../../lib/aarch64-xilinx-elf/gcc/aarch64-xilinx-elf/13.3.0/:/home/kuszman/Xilinx/2025.2/gnu/aarch64/lin/aarch64-none/x86_64-oesdk-linux/usr/bin/aarch64-xilinx-elf/../../lib/aarch64-xilinx-elf/gcc/:/home/kuszman/Xilinx/2025.2/Vitis/gnu/aarch64/lin/aarch64-none/bin/../aarch64-xilinx-elf/usr/lib64/aarch64-xilinx-elf/13.3.0/:/home/kuszman/Xilinx/2025.2/Vitis/gnu/aarch64/lin/aarch64-none/bin/../aarch64-xilinx-elf/usr/lib64/
COLLECT_GCC_OPTIONS='-c' '-fno-openmp' '-fno-openacc' '-fno-pie' '-fcf-protection=none' '-mbranch-protection=none' '-mlittle-endian' '-mabi=lp64' '-Os' '--sysroot=/home/kuszman/Xilinx/2025.2/Vitis/gnu/aarch64/lin/aarch64-none/bin/../aarch64-xilinx-elf' '-mbranch-protection=none' '-specs=/home/kuszman/Magisterka/Intelligent-Vibroacoustic-Machine-Diagnostic-System-on-FPGA/ethernet/vitis/eth_platform/zynqmp_fsbl/zynqmp_fsbl_bsp/Xilinx.spec' '-Os' '-ffat-lto-objects' '-v' '-march=armv8-a' '-mlittle-endian' '-mabi=lp64'   '-fltrans-output-list=/tmp/ccMmmN1I.ltrans.out' '-fwpa' '-fresolution=/tmp/ccSpE9xy.res' '-flinker-output=exec' '-dumpdir' './cmTC_e2364.wpa.'
/home/kuszman/Xilinx/2025.2/Vitis/gnu/aarch64/lin/aarch64-none/bin/../x86_64-oesdk-linux/usr/bin/aarch64-xilinx-elf/aarch64-xilinx-elf-g++ @/tmp/ccy9nsFW
Using built-in specs.
Reading specs from /home/kuszman/Magisterka/Intelligent-Vibroacoustic-Machine-Diagnostic-System-on-FPGA/ethernet/vitis/eth_platform/zynqmp_fsbl/zynqmp_fsbl_bsp/Xilinx.spec
COLLECT_GCC=/home/kuszman/Xilinx/2025.2/Vitis/gnu/aarch64/lin/aarch64-none/bin/../x86_64-oesdk-linux/usr/bin/aarch64-xilinx-elf/aarch64-xilinx-elf-g++.real
Target: aarch64-xilinx-elf
Configured with: ../../../../../../work-shared/gcc-13.3.0-r0/gcc-13.3.0/configure --build=x86_64-linux --host=x86_64-oesdk-linux --target=aarch64-xilinx-elf --prefix=/usr/local/oe-sdk-hardcoded-buildpath/sysroots/x86_64-oesdk-linux/usr --exec_prefix=/usr/local/oe-sdk-hardcoded-buildpath/sysroots/x86_64-oesdk-linux/usr --bindir=/usr/local/oe-sdk-hardcoded-buildpath/sysroots/x86_64-oesdk-linux/usr/bin/aarch64-xilinx-elf --sbindir=/usr/local/oe-sdk-hardcoded-buildpath/sysroots/x86_64-oesdk-linux/usr/bin/aarch64-xilinx-elf --libexecdir=/usr/local/oe-sdk-hardcoded-buildpath/sysroots/x86_64-oesdk-linux/usr/libexec/aarch64-xilinx-elf --datadir=/usr/local/oe-sdk-hardcoded-buildpath/sysroots/x86_64-oesdk-linux/usr/share --sysconfdir=/usr/local/oe-sdk-hardcoded-buildpath/sysroots/x86_64-oesdk-linux/etc --sharedstatedir=/usr/local/oe-sdk-hardcoded-buildpath/sysroots/x86_64-oesdk-linux/com --localstatedir=/usr/local/oe-sdk-hardcoded-buildpath/sysroots/x86_64-oesdk-linux/var --libdir=/usr/local/oe-sdk-hardcoded-buildpath/sysroots/x86_64-oesdk-linux/usr/lib/aarch64-xilinx-elf --includedir=/usr/local/oe-sdk-hardcoded-buildpath/sysroots/x86_64-oesdk-linux/usr/include --oldincludedir=/usr/local/oe-sdk-hardcoded-buildpath/sysroots/x86_64-oesdk-linux/usr/include --infodir=/usr/local/oe-sdk-hardcoded-buildpath/sysroots/x86_64-oesdk-linux/usr/share/info --mandir=/usr/local/oe-sdk-hardcoded-buildpath/sysroots/x86_64-oesdk-linux/usr/share/man --disable-silent-rules --disable-dependency-tracking --with-libtool-sysroot=/host --with-gnu-ld --enable-shared --enable-languages=c,c++,fortran --enable-threads=posix --enable-multilib --enable-c99 --enable-long-long --enable-libstdcxx-pch --program-prefix=aarch64-xilinx-elf- --without-local-prefix --disable-install-libiberty --disable-libssp --enable-libitm --enable-lto --disable-bootstrap --with-system-zlib --enable-linker-build-id --with-ppl=no --with-cloog=no --enable-checking=release --enable-cheaders=c_global --without-isl --with-gxx-include-dir=/not/exist/usr/include/c++/13.3.0 --with-build-time-tools=/host-native/usr/aarch64-xilinx-elf/bin --with-sysroot=/not/exist --with-build-sysroot=/host --with-plugin-ld=ld --enable-poison-system-directories --disable-static --enable-nls --with-glibc-version=2.28 --enable-initfini-array --enable-multilib --disable-libstdcxx-pch --with-newlib --disable-threads --enable-plugins --with-gnu-as --disable-libitm --disable-tm-clone-registry --disable-multiarch --with-arch=armv8-a --with-sysroot=/not/exist
Thread model: single
Supported LTO compression algorithms: zlib zstd
gcc version 13.3.0 (GCC) 
COLLECT_GCC_OPTIONS='-c' '-fno-openmp' '-fno-openacc' '-fno-pie' '-fcf-protection=none' '-mbranch-protection=none' '-mlittle-endian' '-mabi=lp64' '-Os' '--sysroot=/home/kuszman/Xilinx/2025.2/Vitis/gnu/aarch64/lin/aarch64-none/bin/../aarch64-xilinx-elf' '-mbranch-protection=none' '-specs=/home/kuszman/Magisterka/Intelligent-Vibroacoustic-Machine-Diagnostic-System-on-FPGA/ethernet/vitis/eth_platform/zynqmp_fsbl/zynqmp_fsbl_bsp/Xilinx.spec' '-Os' '-ffat-lto-objects' '-v' '-march=armv8-a' '-mlittle-endian' '-mabi=lp64'   '-fltrans' '-o' '/tmp/ccMmmN1I.ltrans0.ltrans.o'
 /home/kuszman/Xilinx/2025.2/gnu/aarch64/lin/aarch64-none/x86_64-oesdk-linux/usr/bin/aarch64-xilinx-elf/../../lib/aarch64-xilinx-elf/gcc/../../../libexec/aarch64-xilinx-elf/gcc/aarch64-xilinx-elf/13.3.0/lto1 -quiet -dumpbase ./cmTC_e2364.ltrans0.ltrans -mbranch-protection=none -mlittle-endian -mabi=lp64 -mbranch-protection=none -march=armv8-a -mlittle-endian -mabi=lp64 -Os -Os -version -fno-openmp -fno-openacc -fno-pie -fcf-protection=none -ffat-lto-objects -fltrans @/tmp/ccaFQzvx -o /tmp/cckaNPpm.s
GNU GIMPLE (GCC) version 13.3.0 (aarch64-xilinx-elf)
	compiled by GNU C version 13.3.0, GMP version 6.3.0, MPFR version 4.2.1, MPC version 1.3.1, isl version none
GGC heuristics: --param ggc-min-expand=100 --param ggc-min-heapsize=131072
COLLECT_GCC_OPTIONS='-c' '-fno-openmp' '-fno-openacc' '-fno-pie' '-fcf-protection=none' '-mbranch-protection=none' '-mlittle-endian' '-mabi=lp64' '-Os' '--sysroot=/home/kuszman/Xilinx/2025.2/Vitis/gnu/aarch64/lin/aarch64-none/bin/../aarch64-xilinx-elf' '-mbranch-protection=none' '-specs=/home/kuszman/Magisterka/Intelligent-Vibroacoustic-Machine-Diagnostic-System-on-FPGA/ethernet/vitis/eth_platform/zynqmp_fsbl/zynqmp_fsbl_bsp/Xilinx.spec' '-Os' '-ffat-lto-objects' '-v' '-march=armv8-a' '-mlittle-endian' '-mabi=lp64'   '-fltrans' '-o' '/tmp/ccMmmN1I.ltrans0.ltrans.o'
 /home/kuszman/Xilinx/2025.2/gnu/aarch64/lin/aarch64-none/x86_64-oesdk-linux/usr/bin/aarch64-xilinx-elf/../../lib/aarch64-xilinx-elf/gcc/../../../libexec/aarch64-xilinx-elf/gcc/aarch64-xilinx-elf/13.3.0/as -v -EL -march=armv8-a -mabi=lp64 -mabi=lp64 -o /tmp/ccMmmN1I.ltrans0.ltrans.o /tmp/cckaNPpm.s
GNU assembler version 2.42.0 (aarch64-xilinx-elf) using BFD version (GNU Binutils) 2.42.0.20240723
COMPILER_PATH=/home/kuszman/Xilinx/2025.2/gnu/aarch64/lin/aarch64-none/x86_64-oesdk-linux/usr/bin/aarch64-xilinx-elf/../../lib/aarch64-xilinx-elf/gcc/../../../libexec/aarch64-xilinx-elf/gcc/aarch64-xilinx-elf/13.3.0/:/home/kuszman/Xilinx/2025.2/gnu/aarch64/lin/aarch64-none/x86_64-oesdk-linux/usr/bin/aarch64-xilinx-elf/../../lib/aarch64-xilinx-elf/gcc/../../../libexec/aarch64-xilinx-elf/gcc/:/home/kuszman/Xilinx/2025.2/gnu/aarch64/lin/aarch64-none/x86_64-oesdk-linux/usr/bin/aarch64-xilinx-elf/../../libexec/aarch64-xilinx-elf/gcc/aarch64-xilinx-elf/13.3.0/:/home/kuszman/Xilinx/2025.2/gnu/aarch64/lin/aarch64-none/x86_64-oesdk-linux/usr/bin/aarch64-xilinx-elf/../../libexec/aarch64-xilinx-elf/gcc/aarch64-xilinx-elf/13.3.0/:/home/kuszman/Xilinx/2025.2/gnu/aarch64/lin/aarch64-none/x86_64-oesdk-linux/usr/bin/aarch64-xilinx-elf/../../libexec/aarch64-xilinx-elf/gcc/
LIBRARY_PATH=/home/kuszman/Xilinx/2025.2/gnu/aarch64/lin/aarch64-none/x86_64-oesdk-linux/usr/bin/aarch64-xilinx-elf/../../lib/aarch64-xilinx-elf/gcc/aarch64-xilinx-elf/13.3.0/:/home/kuszman/Xilinx/2025.2/gnu/aarch64/lin/aarch64-none/x86_64-oesdk-linux/usr/bin/aarch64-xilinx-elf/../../lib/aarch64-xilinx-elf/gcc/:/home/kuszman/Xilinx/2025.2/Vitis/gnu/aarch64/lin/aarch64-none/bin/../aarch64-xilinx-elf/usr/lib64/aarch64-xilinx-elf/13.3.0/:/home/kuszman/Xilinx/2025.2/Vitis/gnu/aarch64/lin/aarch64-none/bin/../aarch64-xilinx-elf/usr/lib64/
COLLECT_GCC_OPTIONS='-c' '-fno-openmp' '-fno-openacc' '-fno-pie' '-fcf-protection=none' '-mbranch-protection=none' '-mlittle-endian' '-mabi=lp64' '-Os' '--sysroot=/home/kuszman/Xilinx/2025.2/Vitis/gnu/aarch64/lin/aarch64-none/bin/../aarch64-xilinx-elf' '-mbranch-protection=none' '-specs=/home/kuszman/Magisterka/Intelligent-Vibroacoustic-Machine-Diagnostic-System-on-FPGA/ethernet/vitis/eth_platform/zynqmp_fsbl/zynqmp_fsbl_bsp/Xilinx.spec' '-Os' '-ffat-lto-objects' '-v' '-march=armv8-a' '-mlittle-endian' '-mabi=lp64'   '-fltrans' '-o' '/tmp/ccMmmN1I.ltrans0.ltrans.o' '-dumpdir' './cmTC_e2364.ltrans0.ltrans.'
/home/kuszman/Xilinx/2025.2/gnu/aarch64/lin/aarch64-none/x86_64-oesdk-linux/usr/bin/aarch64-xilinx-elf/aarch64-xilinx-elf-ld.real: warning: cannot find entry symbol _start; defaulting to 0000000000400060
COLLECT_GCC_OPTIONS='--sysroot=/home/kuszman/Xilinx/2025.2/Vitis/gnu/aarch64/lin/aarch64-none/bin/../aarch64-xilinx-elf' '-mbranch-protection=none' '-D' 'SDT' '-MMD' '-MP' '-specs=/home/kuszman/Magisterka/Intelligent-Vibroacoustic-Machine-Diagnostic-System-on-FPGA/ethernet/vitis/eth_platform/zynqmp_fsbl/zynqmp_fsbl_bsp/Xilinx.spec' '-Os' '-flto' '-ffat-lto-objects' '-D' 'ARMA53_64' '-I' '/home/kuszman/Magisterka/Intelligent-Vibroacoustic-Machine-Diagnostic-System-on-FPGA/ethernet/vitis/eth_platform/zynqmp_fsbl/zynqmp_fsbl_bsp/include' '-v' '-o' 'cmTC_e2364' '-march=armv8-a' '-mlittle-endian' '-mabi=lp64' '-dumpdir' 'cmTC_e2364.'



Parsed CXX implicit include dir info from above output: rv=done
  found start of include info
  found start of implicit include info
    add: [/home/kuszman/Magisterka/Intelligent-Vibroacoustic-Machine-Diagnostic-System-on-FPGA/ethernet/vitis/eth_platform/zynqmp_fsbl/zynqmp_fsbl_bsp/include]
    add: [/home/kuszman/Xilinx/2025.2/gnu/aarch64/lin/aarch64-none/x86_64-oesdk-linux/usr/bin/aarch64-xilinx-elf/../../lib/aarch64-xilinx-elf/gcc/aarch64-xilinx-elf/13.3.0/include]
    add: [/home/kuszman/Xilinx/2025.2/gnu/aarch64/lin/aarch64-none/x86_64-oesdk-linux/usr/bin/aarch64-xilinx-elf/../../lib/aarch64-xilinx-elf/gcc/aarch64-xilinx-elf/13.3.0/include-fixed]
    add: [/home/kuszman/Xilinx/2025.2/Vitis/gnu/aarch64/lin/aarch64-none/bin/../aarch64-xilinx-elf/usr/include/c++/13.3.0]
    add: [/home/kuszman/Xilinx/2025.2/Vitis/gnu/aarch64/lin/aarch64-none/bin/../aarch64-xilinx-elf/usr/include/c++/13.3.0/aarch64-xilinx-elf]
    add: [/home/kuszman/Xilinx/2025.2/Vitis/gnu/aarch64/lin/aarch64-none/bin/../aarch64-xilinx-elf/usr/include/c++/13.3.0/backward]
    add: [/home/kuszman/Xilinx/2025.2/Vitis/gnu/aarch64/lin/aarch64-none/bin/../aarch64-xilinx-elf/usr/include/]
  end of search list found
  collapse include dir [/home/kuszman/Magisterka/Intelligent-Vibroacoustic-Machine-Diagnostic-System-on-FPGA/ethernet/vitis/eth_platform/zynqmp_fsbl/zynqmp_fsbl_bsp/include] ==> [/home/kuszman/Magisterka/Intelligent-Vibroacoustic-Machine-Diagnostic-System-on-FPGA/ethernet/vitis/eth_platform/zynqmp_fsbl/zynqmp_fsbl_bsp/include]
  collapse include dir [/home/kuszman/Xilinx/2025.2/gnu/aarch64/lin/aarch64-none/x86_64-oesdk-linux/usr/bin/aarch64-xilinx-elf/../../lib/aarch64-xilinx-elf/gcc/aarch64-xilinx-elf/13.3.0/include] ==> [/home/kuszman/Xilinx/2025.2/gnu/aarch64/lin/aarch64-none/x86_64-oesdk-linux/usr/lib/aarch64-xilinx-elf/gcc/aarch64-xilinx-elf/13.3.0/include]
  collapse include dir [/home/kuszman/Xilinx/2025.2/gnu/aarch64/lin/aarch64-none/x86_64-oesdk-linux/usr/bin/aarch64-xilinx-elf/../../lib/aarch64-xilinx-elf/gcc/aarch64-xilinx-elf/13.3.0/include-fixed] ==> [/home/kuszman/Xilinx/2025.2/gnu/aarch64/lin/aarch64-none/x86_64-oesdk-linux/usr/lib/aarch64-xilinx-elf/gcc/aarch64-xilinx-elf/13.3.0/include-fixed]
  collapse include dir [/home/kuszman/Xilinx/2025.2/Vitis/gnu/aarch64/lin/aarch64-none/bin/../aarch64-xilinx-elf/usr/include/c++/13.3.0] ==> [/home/kuszman/Xilinx/2025.2/Vitis/gnu/aarch64/lin/aarch64-none/aarch64-xilinx-elf/usr/include/c++/13.3.0]
  collapse include dir [/home/kuszman/Xilinx/2025.2/Vitis/gnu/aarch64/lin/aarch64-none/bin/../aarch64-xilinx-elf/usr/include/c++/13.3.0/aarch64-xilinx-elf] ==> [/home/kuszman/Xilinx/2025.2/Vitis/gnu/aarch64/lin/aarch64-none/aarch64-xilinx-elf/usr/include/c++/13.3.0/aarch64-xilinx-elf]
  collapse include dir [/home/kuszman/Xilinx/2025.2/Vitis/gnu/aarch64/lin/aarch64-none/bin/../aarch64-xilinx-elf/usr/include/c++/13.3.0/backward] ==> [/home/kuszman/Xilinx/2025.2/Vitis/gnu/aarch64/lin/aarch64-none/aarch64-xilinx-elf/usr/include/c++/13.3.0/backward]
  collapse include dir [/home/kuszman/Xilinx/2025.2/Vitis/gnu/aarch64/lin/aarch64-none/bin/../aarch64-xilinx-elf/usr/include/] ==> [/home/kuszman/Xilinx/2025.2/Vitis/gnu/aarch64/lin/aarch64-none/aarch64-xilinx-elf/usr/include]
  implicit include dirs: [/home/kuszman/Magisterka/Intelligent-Vibroacoustic-Machine-Diagnostic-System-on-FPGA/ethernet/vitis/eth_platform/zynqmp_fsbl/zynqmp_fsbl_bsp/include;/home/kuszman/Xilinx/2025.2/gnu/aarch64/lin/aarch64-none/x86_64-oesdk-linux/usr/lib/aarch64-xilinx-elf/gcc/aarch64-xilinx-elf/13.3.0/include;/home/kuszman/Xilinx/2025.2/gnu/aarch64/lin/aarch64-none/x86_64-oesdk-linux/usr/lib/aarch64-xilinx-elf/gcc/aarch64-xilinx-elf/13.3.0/include-fixed;/home/kuszman/Xilinx/2025.2/Vitis/gnu/aarch64/lin/aarch64-none/aarch64-xilinx-elf/usr/include/c++/13.3.0;/home/kuszman/Xilinx/2025.2/Vitis/gnu/aarch64/lin/aarch64-none/aarch64-xilinx-elf/usr/include/c++/13.3.0/aarch64-xilinx-elf;/home/kuszman/Xilinx/2025.2/Vitis/gnu/aarch64/lin/aarch64-none/aarch64-xilinx-elf/usr/include/c++/13.3.0/backward;/home/kuszman/Xilinx/2025.2/Vitis/gnu/aarch64/lin/aarch64-none/aarch64-xilinx-elf/usr/include]


Parsed CXX implicit link information from above output:
  link line regex: [^( *|.*[/\])(aarch64-none-elf-ld|CMAKE_LINK_STARTFILE-NOTFOUND|([^/\]+-)?ld|collect2)[^/\]*( |$)]
  ignore line: [Change Dir: /home/kuszman/Magisterka/Intelligent-Vibroacoustic-Machine-Diagnostic-System-on-FPGA/ethernet/vitis/eth_platform/zynqmp_fsbl/zynqmp_fsbl_bsp/libsrc/build_configs/gen_bsp/CMakeFiles/CMakeTmp]
  ignore line: []
  ignore line: [Run Build Command(s):/home/kuszman/Xilinx/2025.2/Vitis/bin/ninja cmTC_e2364 && [1/2] Building CXX object CMakeFiles/cmTC_e2364.dir/CMakeCXXCompilerABI.cpp.obj]
  ignore line: [Using built-in specs.]
  ignore line: [Reading specs from /home/kuszman/Magisterka/Intelligent-Vibroacoustic-Machine-Diagnostic-System-on-FPGA/ethernet/vitis/eth_platform/zynqmp_fsbl/zynqmp_fsbl_bsp/Xilinx.spec]
  ignore line: [COLLECT_GCC=/home/kuszman/Xilinx/2025.2/Vitis/gnu/aarch64/lin/aarch64-none/bin/../x86_64-oesdk-linux/usr/bin/aarch64-xilinx-elf/aarch64-xilinx-elf-g++.real]
  ignore line: [Target: aarch64-xilinx-elf]
  ignore line: [Configured with: ../../../../../../work-shared/gcc-13.3.0-r0/gcc-13.3.0/configure --build=x86_64-linux --host=x86_64-oesdk-linux --target=aarch64-xilinx-elf --prefix=/usr/local/oe-sdk-hardcoded-buildpath/sysroots/x86_64-oesdk-linux/usr --exec_prefix=/usr/local/oe-sdk-hardcoded-buildpath/sysroots/x86_64-oesdk-linux/usr --bindir=/usr/local/oe-sdk-hardcoded-buildpath/sysroots/x86_64-oesdk-linux/usr/bin/aarch64-xilinx-elf --sbindir=/usr/local/oe-sdk-hardcoded-buildpath/sysroots/x86_64-oesdk-linux/usr/bin/aarch64-xilinx-elf --libexecdir=/usr/local/oe-sdk-hardcoded-buildpath/sysroots/x86_64-oesdk-linux/usr/libexec/aarch64-xilinx-elf --datadir=/usr/local/oe-sdk-hardcoded-buildpath/sysroots/x86_64-oesdk-linux/usr/share --sysconfdir=/usr/local/oe-sdk-hardcoded-buildpath/sysroots/x86_64-oesdk-linux/etc --sharedstatedir=/usr/local/oe-sdk-hardcoded-buildpath/sysroots/x86_64-oesdk-linux/com --localstatedir=/usr/local/oe-sdk-hardcoded-buildpath/sysroots/x86_64-oesdk-linux/var --libdir=/usr/local/oe-sdk-hardcoded-buildpath/sysroots/x86_64-oesdk-linux/usr/lib/aarch64-xilinx-elf --includedir=/usr/local/oe-sdk-hardcoded-buildpath/sysroots/x86_64-oesdk-linux/usr/include --oldincludedir=/usr/local/oe-sdk-hardcoded-buildpath/sysroots/x86_64-oesdk-linux/usr/include --infodir=/usr/local/oe-sdk-hardcoded-buildpath/sysroots/x86_64-oesdk-linux/usr/share/info --mandir=/usr/local/oe-sdk-hardcoded-buildpath/sysroots/x86_64-oesdk-linux/usr/share/man --disable-silent-rules --disable-dependency-tracking --with-libtool-sysroot=/host --with-gnu-ld --enable-shared --enable-languages=c,c++,fortran --enable-threads=posix --enable-multilib --enable-c99 --enable-long-long --enable-libstdcxx-pch --program-prefix=aarch64-xilinx-elf- --without-local-prefix --disable-install-libiberty --disable-libssp --enable-libitm --enable-lto --disable-bootstrap --with-system-zlib --enable-linker-build-id --with-ppl=no --with-cloog=no --enable-checking=release --enable-cheaders=c_global --without-isl --with-gxx-include-dir=/not/exist/usr/include/c++/13.3.0 --with-build-time-tools=/host-native/usr/aarch64-xilinx-elf/bin --with-sysroot=/not/exist --with-build-sysroot=/host --with-plugin-ld=ld --enable-poison-system-directories --disable-static --enable-nls --with-glibc-version=2.28 --enable-initfini-array --enable-multilib --disable-libstdcxx-pch --with-newlib --disable-threads --enable-plugins --with-gnu-as --disable-libitm --disable-tm-clone-registry --disable-multiarch --with-arch=armv8-a --with-sysroot=/not/exist]
  ignore line: [Thread model: single]
  ignore line: [Supported LTO compression algorithms: zlib zstd]
  ignore line: [gcc version 13.3.0 (GCC) ]
  ignore line: [COLLECT_GCC_OPTIONS='--sysroot=/home/kuszman/Xilinx/2025.2/Vitis/gnu/aarch64/lin/aarch64-none/bin/../aarch64-xilinx-elf' '-mbranch-protection=none' '-D' 'SDT' '-MMD' '-MP' '-specs=/home/kuszman/Magisterka/Intelligent-Vibroacoustic-Machine-Diagnostic-System-on-FPGA/ethernet/vitis/eth_platform/zynqmp_fsbl/zynqmp_fsbl_bsp/Xilinx.spec' '-Os' '-flto' '-ffat-lto-objects' '-D' 'ARMA53_64' '-I' '/home/kuszman/Magisterka/Intelligent-Vibroacoustic-Machine-Diagnostic-System-on-FPGA/ethernet/vitis/eth_platform/zynqmp_fsbl/zynqmp_fsbl_bsp/include' '-v' '-o' 'CMakeFiles/cmTC_e2364.dir/CMakeCXXCompilerABI.cpp.obj' '-c' '-march=armv8-a' '-mlittle-endian' '-mabi=lp64' '-dumpdir' 'CMakeFiles/cmTC_e2364.dir/']
  ignore line: [ /home/kuszman/Xilinx/2025.2/gnu/aarch64/lin/aarch64-none/x86_64-oesdk-linux/usr/bin/aarch64-xilinx-elf/../../libexec/aarch64-xilinx-elf/gcc/aarch64-xilinx-elf/13.3.0/cc1plus -quiet -v -I /home/kuszman/Magisterka/Intelligent-Vibroacoustic-Machine-Diagnostic-System-on-FPGA/ethernet/vitis/eth_platform/zynqmp_fsbl/zynqmp_fsbl_bsp/include -iprefix /home/kuszman/Xilinx/2025.2/gnu/aarch64/lin/aarch64-none/x86_64-oesdk-linux/usr/bin/aarch64-xilinx-elf/../../lib/aarch64-xilinx-elf/gcc/aarch64-xilinx-elf/13.3.0/ -isysroot /home/kuszman/Xilinx/2025.2/Vitis/gnu/aarch64/lin/aarch64-none/bin/../aarch64-xilinx-elf -MMD CMakeFiles/cmTC_e2364.dir/CMakeCXXCompilerABI.cpp.d -MP -MQ CMakeFiles/cmTC_e2364.dir/CMakeCXXCompilerABI.cpp.obj -D SDT -D ARMA53_64 /home/kuszman/Xilinx/2025.2/tps/lnx64/cmake-3.24.2/share/cmake-3.24/Modules/CMakeCXXCompilerABI.cpp -quiet -dumpdir CMakeFiles/cmTC_e2364.dir/ -dumpbase CMakeCXXCompilerABI.cpp.cpp -dumpbase-ext .cpp -mbranch-protection=none -march=armv8-a -mlittle-endian -mabi=lp64 -Os -version -flto -ffat-lto-objects -o /tmp/ccukeCEg.s]
  ignore line: [GNU C++17 (GCC) version 13.3.0 (aarch64-xilinx-elf)]
  ignore line: [	compiled by GNU C version 13.3.0  GMP version 6.3.0  MPFR version 4.2.1  MPC version 1.3.1  isl version none]
  ignore line: [GGC heuristics: --param ggc-min-expand=100 --param ggc-min-heapsize=131072]
  ignore line: [ignoring nonexistent directory "/home/kuszman/Xilinx/2025.2/gnu/aarch64/lin/aarch64-none/x86_64-oesdk-linux/usr/bin/aarch64-xilinx-elf/../../lib/aarch64-xilinx-elf/gcc/aarch64-xilinx-elf/13.3.0/../../../../../aarch64-xilinx-elf/include"]
  ignore line: [ignoring duplicate directory "/home/kuszman/Xilinx/2025.2/gnu/aarch64/lin/aarch64-none/x86_64-oesdk-linux/usr/bin/aarch64-xilinx-elf/../../lib/aarch64-xilinx-elf/gcc/../../../lib/aarch64-xilinx-elf/gcc/aarch64-xilinx-elf/13.3.0/include"]
  ignore line: [ignoring nonexistent directory "/home/kuszman/Xilinx/2025.2/Vitis/gnu/aarch64/lin/aarch64-none/bin/../aarch64-xilinx-elf/usr/lib64/aarch64-xilinx-elf/13.3.0/include"]
  ignore line: [ignoring nonexistent directory "/home/kuszman/Xilinx/2025.2/Vitis/gnu/aarch64/lin/aarch64-none/bin/../aarch64-xilinx-elf/usr/local/include"]
  ignore line: [ignoring duplicate directory "/home/kuszman/Xilinx/2025.2/gnu/aarch64/lin/aarch64-none/x86_64-oesdk-linux/usr/bin/aarch64-xilinx-elf/../../lib/aarch64-xilinx-elf/gcc/../../../lib/aarch64-xilinx-elf/gcc/aarch64-xilinx-elf/13.3.0/include-fixed"]
  ignore line: [ignoring nonexistent directory "/home/kuszman/Xilinx/2025.2/gnu/aarch64/lin/aarch64-none/x86_64-oesdk-linux/usr/bin/aarch64-xilinx-elf/../../lib/aarch64-xilinx-elf/gcc/../../../lib/aarch64-xilinx-elf/gcc/aarch64-xilinx-elf/13.3.0/../../../../../aarch64-xilinx-elf/include"]
  ignore line: [#include "..." search starts here:]
  ignore line: [#include <...> search starts here:]
  ignore line: [ /home/kuszman/Magisterka/Intelligent-Vibroacoustic-Machine-Diagnostic-System-on-FPGA/ethernet/vitis/eth_platform/zynqmp_fsbl/zynqmp_fsbl_bsp/include]
  ignore line: [ /home/kuszman/Xilinx/2025.2/gnu/aarch64/lin/aarch64-none/x86_64-oesdk-linux/usr/bin/aarch64-xilinx-elf/../../lib/aarch64-xilinx-elf/gcc/aarch64-xilinx-elf/13.3.0/include]
  ignore line: [ /home/kuszman/Xilinx/2025.2/gnu/aarch64/lin/aarch64-none/x86_64-oesdk-linux/usr/bin/aarch64-xilinx-elf/../../lib/aarch64-xilinx-elf/gcc/aarch64-xilinx-elf/13.3.0/include-fixed]
  ignore line: [ /home/kuszman/Xilinx/2025.2/Vitis/gnu/aarch64/lin/aarch64-none/bin/../aarch64-xilinx-elf/usr/include/c++/13.3.0]
  ignore line: [ /home/kuszman/Xilinx/2025.2/Vitis/gnu/aarch64/lin/aarch64-none/bin/../aarch64-xilinx-elf/usr/include/c++/13.3.0/aarch64-xilinx-elf]
  ignore line: [ /home/kuszman/Xilinx/2025.2/Vitis/gnu/aarch64/lin/aarch64-none/bin/../aarch64-xilinx-elf/usr/include/c++/13.3.0/backward]
  ignore line: [ /home/kuszman/Xilinx/2025.2/Vitis/gnu/aarch64/lin/aarch64-none/bin/../aarch64-xilinx-elf/usr/include/]
  ignore line: [End of search list.]
  ignore line: [Compiler executable checksum: ad182f738cfb6404092bcf9bf3548eda]
  ignore line: [COLLECT_GCC_OPTIONS='--sysroot=/home/kuszman/Xilinx/2025.2/Vitis/gnu/aarch64/lin/aarch64-none/bin/../aarch64-xilinx-elf' '-mbranch-protection=none' '-D' 'SDT' '-MMD' '-MP' '-specs=/home/kuszman/Magisterka/Intelligent-Vibroacoustic-Machine-Diagnostic-System-on-FPGA/ethernet/vitis/eth_platform/zynqmp_fsbl/zynqmp_fsbl_bsp/Xilinx.spec' '-Os' '-flto' '-ffat-lto-objects' '-D' 'ARMA53_64' '-I' '/home/kuszman/Magisterka/Intelligent-Vibroacoustic-Machine-Diagnostic-System-on-FPGA/ethernet/vitis/eth_platform/zynqmp_fsbl/zynqmp_fsbl_bsp/include' '-v' '-o' 'CMakeFiles/cmTC_e2364.dir/CMakeCXXCompilerABI.cpp.obj' '-c' '-march=armv8-a' '-mlittle-endian' '-mabi=lp64' '-dumpdir' 'CMakeFiles/cmTC_e2364.dir/']
  ignore line: [ /home/kuszman/Xilinx/2025.2/gnu/aarch64/lin/aarch64-none/x86_64-oesdk-linux/usr/bin/aarch64-xilinx-elf/../../libexec/aarch64-xilinx-elf/gcc/aarch64-xilinx-elf/13.3.0/as -v -I /home/kuszman/Magisterka/Intelligent-Vibroacoustic-Machine-Diagnostic-System-on-FPGA/ethernet/vitis/eth_platform/zynqmp_fsbl/zynqmp_fsbl_bsp/include -EL -march=armv8-a -mabi=lp64 -o CMakeFiles/cmTC_e2364.dir/CMakeCXXCompilerABI.cpp.obj /tmp/ccukeCEg.s]
  ignore line: [GNU assembler version 2.42.0 (aarch64-xilinx-elf) using BFD version (GNU Binutils) 2.42.0.20240723]
  ignore line: [COMPILER_PATH=/home/kuszman/Xilinx/2025.2/gnu/aarch64/lin/aarch64-none/x86_64-oesdk-linux/usr/bin/aarch64-xilinx-elf/../../libexec/aarch64-xilinx-elf/gcc/aarch64-xilinx-elf/13.3.0/:/home/kuszman/Xilinx/2025.2/gnu/aarch64/lin/aarch64-none/x86_64-oesdk-linux/usr/bin/aarch64-xilinx-elf/../../libexec/aarch64-xilinx-elf/gcc/]
  ignore line: [LIBRARY_PATH=/home/kuszman/Xilinx/2025.2/gnu/aarch64/lin/aarch64-none/x86_64-oesdk-linux/usr/bin/aarch64-xilinx-elf/../../lib/aarch64-xilinx-elf/gcc/aarch64-xilinx-elf/13.3.0/:/home/kuszman/Xilinx/2025.2/gnu/aarch64/lin/aarch64-none/x86_64-oesdk-linux/usr/bin/aarch64-xilinx-elf/../../lib/aarch64-xilinx-elf/gcc/:/home/kuszman/Xilinx/2025.2/Vitis/gnu/aarch64/lin/aarch64-none/bin/../aarch64-xilinx-elf/usr/lib64/aarch64-xilinx-elf/13.3.0/:/home/kuszman/Xilinx/2025.2/Vitis/gnu/aarch64/lin/aarch64-none/bin/../aarch64-xilinx-elf/usr/lib64/]
  ignore line: [COLLECT_GCC_OPTIONS='--sysroot=/home/kuszman/Xilinx/2025.2/Vitis/gnu/aarch64/lin/aarch64-none/bin/../aarch64-xilinx-elf' '-mbranch-protection=none' '-D' 'SDT' '-MMD' '-MP' '-specs=/home/kuszman/Magisterka/Intelligent-Vibroacoustic-Machine-Diagnostic-System-on-FPGA/ethernet/vitis/eth_platform/zynqmp_fsbl/zynqmp_fsbl_bsp/Xilinx.spec' '-Os' '-flto' '-ffat-lto-objects' '-D' 'ARMA53_64' '-I' '/home/kuszman/Magisterka/Intelligent-Vibroacoustic-Machine-Diagnostic-System-on-FPGA/ethernet/vitis/eth_platform/zynqmp_fsbl/zynqmp_fsbl_bsp/include' '-v' '-o' 'CMakeFiles/cmTC_e2364.dir/CMakeCXXCompilerABI.cpp.obj' '-c' '-march=armv8-a' '-mlittle-endian' '-mabi=lp64' '-dumpdir' 'CMakeFiles/cmTC_e2364.dir/CMakeCXXCompilerABI.cpp.']
  ignore line: [[2/2] Linking CXX executable cmTC_e2364]
  ignore line: [Using built-in specs.]
  ignore line: [Reading specs from /home/kuszman/Magisterka/Intelligent-Vibroacoustic-Machine-Diagnostic-System-on-FPGA/ethernet/vitis/eth_platform/zynqmp_fsbl/zynqmp_fsbl_bsp/Xilinx.spec]
  ignore line: [COLLECT_GCC=/home/kuszman/Xilinx/2025.2/Vitis/gnu/aarch64/lin/aarch64-none/bin/../x86_64-oesdk-linux/usr/bin/aarch64-xilinx-elf/aarch64-xilinx-elf-g++.real]
  ignore line: [COLLECT_LTO_WRAPPER=/home/kuszman/Xilinx/2025.2/gnu/aarch64/lin/aarch64-none/x86_64-oesdk-linux/usr/bin/aarch64-xilinx-elf/../../libexec/aarch64-xilinx-elf/gcc/aarch64-xilinx-elf/13.3.0/lto-wrapper]
  ignore line: [Target: aarch64-xilinx-elf]
  ignore line: [Configured with: ../../../../../../work-shared/gcc-13.3.0-r0/gcc-13.3.0/configure --build=x86_64-linux --host=x86_64-oesdk-linux --target=aarch64-xilinx-elf --prefix=/usr/local/oe-sdk-hardcoded-buildpath/sysroots/x86_64-oesdk-linux/usr --exec_prefix=/usr/local/oe-sdk-hardcoded-buildpath/sysroots/x86_64-oesdk-linux/usr --bindir=/usr/local/oe-sdk-hardcoded-buildpath/sysroots/x86_64-oesdk-linux/usr/bin/aarch64-xilinx-elf --sbindir=/usr/local/oe-sdk-hardcoded-buildpath/sysroots/x86_64-oesdk-linux/usr/bin/aarch64-xilinx-elf --libexecdir=/usr/local/oe-sdk-hardcoded-buildpath/sysroots/x86_64-oesdk-linux/usr/libexec/aarch64-xilinx-elf --datadir=/usr/local/oe-sdk-hardcoded-buildpath/sysroots/x86_64-oesdk-linux/usr/share --sysconfdir=/usr/local/oe-sdk-hardcoded-buildpath/sysroots/x86_64-oesdk-linux/etc --sharedstatedir=/usr/local/oe-sdk-hardcoded-buildpath/sysroots/x86_64-oesdk-linux/com --localstatedir=/usr/local/oe-sdk-hardcoded-buildpath/sysroots/x86_64-oesdk-linux/var --libdir=/usr/local/oe-sdk-hardcoded-buildpath/sysroots/x86_64-oesdk-linux/usr/lib/aarch64-xilinx-elf --includedir=/usr/local/oe-sdk-hardcoded-buildpath/sysroots/x86_64-oesdk-linux/usr/include --oldincludedir=/usr/local/oe-sdk-hardcoded-buildpath/sysroots/x86_64-oesdk-linux/usr/include --infodir=/usr/local/oe-sdk-hardcoded-buildpath/sysroots/x86_64-oesdk-linux/usr/share/info --mandir=/usr/local/oe-sdk-hardcoded-buildpath/sysroots/x86_64-oesdk-linux/usr/share/man --disable-silent-rules --disable-dependency-tracking --with-libtool-sysroot=/host --with-gnu-ld --enable-shared --enable-languages=c,c++,fortran --enable-threads=posix --enable-multilib --enable-c99 --enable-long-long --enable-libstdcxx-pch --program-prefix=aarch64-xilinx-elf- --without-local-prefix --disable-install-libiberty --disable-libssp --enable-libitm --enable-lto --disable-bootstrap --with-system-zlib --enable-linker-build-id --with-ppl=no --with-cloog=no --enable-checking=release --enable-cheaders=c_global --without-isl --with-gxx-include-dir=/not/exist/usr/include/c++/13.3.0 --with-build-time-tools=/host-native/usr/aarch64-xilinx-elf/bin --with-sysroot=/not/exist --with-build-sysroot=/host --with-plugin-ld=ld --enable-poison-system-directories --disable-static --enable-nls --with-glibc-version=2.28 --enable-initfini-array --enable-multilib --disable-libstdcxx-pch --with-newlib --disable-threads --enable-plugins --with-gnu-as --disable-libitm --disable-tm-clone-registry --disable-multiarch --with-arch=armv8-a --with-sysroot=/not/exist]
  ignore line: [Thread model: single]
  ignore line: [Supported LTO compression algorithms: zlib zstd]
  ignore line: [gcc version 13.3.0 (GCC) ]
  ignore line: [COMPILER_PATH=/home/kuszman/Xilinx/2025.2/gnu/aarch64/lin/aarch64-none/x86_64-oesdk-linux/usr/bin/aarch64-xilinx-elf/../../libexec/aarch64-xilinx-elf/gcc/aarch64-xilinx-elf/13.3.0/:/home/kuszman/Xilinx/2025.2/gnu/aarch64/lin/aarch64-none/x86_64-oesdk-linux/usr/bin/aarch64-xilinx-elf/../../libexec/aarch64-xilinx-elf/gcc/]
  ignore line: [LIBRARY_PATH=/home/kuszman/Xilinx/2025.2/gnu/aarch64/lin/aarch64-none/x86_64-oesdk-linux/usr/bin/aarch64-xilinx-elf/../../lib/aarch64-xilinx-elf/gcc/aarch64-xilinx-elf/13.3.0/:/home/kuszman/Xilinx/2025.2/gnu/aarch64/lin/aarch64-none/x86_64-oesdk-linux/usr/bin/aarch64-xilinx-elf/../../lib/aarch64-xilinx-elf/gcc/:/home/kuszman/Xilinx/2025.2/Vitis/gnu/aarch64/lin/aarch64-none/bin/../aarch64-xilinx-elf/usr/lib64/aarch64-xilinx-elf/13.3.0/:/home/kuszman/Xilinx/2025.2/Vitis/gnu/aarch64/lin/aarch64-none/bin/../aarch64-xilinx-elf/usr/lib64/]
  ignore line: [COLLECT_GCC_OPTIONS='--sysroot=/home/kuszman/Xilinx/2025.2/Vitis/gnu/aarch64/lin/aarch64-none/bin/../aarch64-xilinx-elf' '-mbranch-protection=none' '-D' 'SDT' '-MMD' '-MP' '-specs=/home/kuszman/Magisterka/Intelligent-Vibroacoustic-Machine-Diagnostic-System-on-FPGA/ethernet/vitis/eth_platform/zynqmp_fsbl/zynqmp_fsbl_bsp/Xilinx.spec' '-Os' '-flto' '-ffat-lto-objects' '-D' 'ARMA53_64' '-I' '/home/kuszman/Magisterka/Intelligent-Vibroacoustic-Machine-Diagnostic-System-on-FPGA/ethernet/vitis/eth_platform/zynqmp_fsbl/zynqmp_fsbl_bsp/include' '-v' '-o' 'cmTC_e2364' '-march=armv8-a' '-mlittle-endian' '-mabi=lp64' '-dumpdir' 'cmTC_e2364.']
  link line: [ /home/kuszman/Xilinx/2025.2/gnu/aarch64/lin/aarch64-none/x86_64-oesdk-linux/usr/bin/aarch64-xilinx-elf/../../libexec/aarch64-xilinx-elf/gcc/aarch64-xilinx-elf/13.3.0/collect2 -plugin /home/kuszman/Xilinx/2025.2/gnu/aarch64/lin/aarch64-none/x86_64-oesdk-linux/usr/bin/aarch64-xilinx-elf/../../libexec/aarch64-xilinx-elf/gcc/aarch64-xilinx-elf/13.3.0/liblto_plugin.so -plugin-opt=/home/kuszman/Xilinx/2025.2/gnu/aarch64/lin/aarch64-none/x86_64-oesdk-linux/usr/bin/aarch64-xilinx-elf/../../libexec/aarch64-xilinx-elf/gcc/aarch64-xilinx-elf/13.3.0/lto-wrapper -plugin-opt=-fresolution=/tmp/ccSpE9xy.res -plugin-opt=-pass-through=-lgcc -plugin-opt=-pass-through=-lc -plugin-opt=-pass-through=-lgcc -flto --sysroot=/home/kuszman/Xilinx/2025.2/Vitis/gnu/aarch64/lin/aarch64-none/bin/../aarch64-xilinx-elf --build-id -EL -X -maarch64elf -o cmTC_e2364 /home/kuszman/Xilinx/2025.2/Vitis/gnu/aarch64/lin/aarch64-none/bin/../aarch64-xilinx-elf/usr/lib64/aarch64-xilinx-elf/13.3.0/crti.o /home/kuszman/Xilinx/2025.2/Vitis/gnu/aarch64/lin/aarch64-none/bin/../aarch64-xilinx-elf/usr/lib64/aarch64-xilinx-elf/13.3.0/crtbegin.o -L/home/kuszman/Xilinx/2025.2/gnu/aarch64/lin/aarch64-none/x86_64-oesdk-linux/usr/bin/aarch64-xilinx-elf/../../lib/aarch64-xilinx-elf/gcc/aarch64-xilinx-elf/13.3.0 -L/home/kuszman/Xilinx/2025.2/gnu/aarch64/lin/aarch64-none/x86_64-oesdk-linux/usr/bin/aarch64-xilinx-elf/../../lib/aarch64-xilinx-elf/gcc -L/home/kuszman/Xilinx/2025.2/Vitis/gnu/aarch64/lin/aarch64-none/bin/../aarch64-xilinx-elf/usr/lib64/aarch64-xilinx-elf/13.3.0 -L/home/kuszman/Xilinx/2025.2/Vitis/gnu/aarch64/lin/aarch64-none/bin/../aarch64-xilinx-elf/usr/lib64 --no-warn-rwx-segment CMakeFiles/cmTC_e2364.dir/CMakeCXXCompilerABI.cpp.obj -lstdc++ -lm -lgcc -lc -lgcc /home/kuszman/Xilinx/2025.2/Vitis/gnu/aarch64/lin/aarch64-none/bin/../aarch64-xilinx-elf/usr/lib64/aarch64-xilinx-elf/13.3.0/crtend.o /home/kuszman/Xilinx/2025.2/Vitis/gnu/aarch64/lin/aarch64-none/bin/../aarch64-xilinx-elf/usr/lib64/aarch64-xilinx-elf/13.3.0/crtn.o]
    arg [/home/kuszman/Xilinx/2025.2/gnu/aarch64/lin/aarch64-none/x86_64-oesdk-linux/usr/bin/aarch64-xilinx-elf/../../libexec/aarch64-xilinx-elf/gcc/aarch64-xilinx-elf/13.3.0/collect2] ==> ignore
    arg [-plugin] ==> ignore
    arg [/home/kuszman/Xilinx/2025.2/gnu/aarch64/lin/aarch64-none/x86_64-oesdk-linux/usr/bin/aarch64-xilinx-elf/../../libexec/aarch64-xilinx-elf/gcc/aarch64-xilinx-elf/13.3.0/liblto_plugin.so] ==> ignore
    arg [-plugin-opt=/home/kuszman/Xilinx/2025.2/gnu/aarch64/lin/aarch64-none/x86_64-oesdk-linux/usr/bin/aarch64-xilinx-elf/../../libexec/aarch64-xilinx-elf/gcc/aarch64-xilinx-elf/13.3.0/lto-wrapper] ==> ignore
    arg [-plugin-opt=-fresolution=/tmp/ccSpE9xy.res] ==> ignore
    arg [-plugin-opt=-pass-through=-lgcc] ==> ignore
    arg [-plugin-opt=-pass-through=-lc] ==> ignore
    arg [-plugin-opt=-pass-through=-lgcc] ==> ignore
    arg [-flto] ==> ignore
    arg [--sysroot=/home/kuszman/Xilinx/2025.2/Vitis/gnu/aarch64/lin/aarch64-none/bin/../aarch64-xilinx-elf] ==> ignore
    arg [--build-id] ==> ignore
    arg [-EL] ==> ignore
    arg [-X] ==> ignore
    arg [-maarch64elf] ==> ignore
    arg [-o] ==> ignore
    arg [cmTC_e2364] ==> ignore
    arg [/home/kuszman/Xilinx/2025.2/Vitis/gnu/aarch64/lin/aarch64-none/bin/../aarch64-xilinx-elf/usr/lib64/aarch64-xilinx-elf/13.3.0/crti.o] ==> obj [/home/kuszman/Xilinx/2025.2/Vitis/gnu/aarch64/lin/aarch64-none/bin/../aarch64-xilinx-elf/usr/lib64/aarch64-xilinx-elf/13.3.0/crti.o]
    arg [/home/kuszman/Xilinx/2025.2/Vitis/gnu/aarch64/lin/aarch64-none/bin/../aarch64-xilinx-elf/usr/lib64/aarch64-xilinx-elf/13.3.0/crtbegin.o] ==> obj [/home/kuszman/Xilinx/2025.2/Vitis/gnu/aarch64/lin/aarch64-none/bin/../aarch64-xilinx-elf/usr/lib64/aarch64-xilinx-elf/13.3.0/crtbegin.o]
    arg [-L/home/kuszman/Xilinx/2025.2/gnu/aarch64/lin/aarch64-none/x86_64-oesdk-linux/usr/bin/aarch64-xilinx-elf/../../lib/aarch64-xilinx-elf/gcc/aarch64-xilinx-elf/13.3.0] ==> dir [/home/kuszman/Xilinx/2025.2/gnu/aarch64/lin/aarch64-none/x86_64-oesdk-linux/usr/bin/aarch64-xilinx-elf/../../lib/aarch64-xilinx-elf/gcc/aarch64-xilinx-elf/13.3.0]
    arg [-L/home/kuszman/Xilinx/2025.2/gnu/aarch64/lin/aarch64-none/x86_64-oesdk-linux/usr/bin/aarch64-xilinx-elf/../../lib/aarch64-xilinx-elf/gcc] ==> dir [/home/kuszman/Xilinx/2025.2/gnu/aarch64/lin/aarch64-none/x86_64-oesdk-linux/usr/bin/aarch64-xilinx-elf/../../lib/aarch64-xilinx-elf/gcc]
    arg [-L/home/kuszman/Xilinx/2025.2/Vitis/gnu/aarch64/lin/aarch64-none/bin/../aarch64-xilinx-elf/usr/lib64/aarch64-xilinx-elf/13.3.0] ==> dir [/home/kuszman/Xilinx/2025.2/Vitis/gnu/aarch64/lin/aarch64-none/bin/../aarch64-xilinx-elf/usr/lib64/aarch64-xilinx-elf/13.3.0]
    arg [-L/home/kuszman/Xilinx/2025.2/Vitis/gnu/aarch64/lin/aarch64-none/bin/../aarch64-xilinx-elf/usr/lib64] ==> dir [/home/kuszman/Xilinx/2025.2/Vitis/gnu/aarch64/lin/aarch64-none/bin/../aarch64-xilinx-elf/usr/lib64]
    arg [--no-warn-rwx-segment] ==> ignore
    arg [CMakeFiles/cmTC_e2364.dir/CMakeCXXCompilerABI.cpp.obj] ==> ignore
    arg [-lstdc++] ==> lib [stdc++]
    arg [-lm] ==> lib [m]
    arg [-lgcc] ==> lib [gcc]
    arg [-lc] ==> lib [c]
    arg [-lgcc] ==> lib [gcc]
    arg [/home/kuszman/Xilinx/2025.2/Vitis/gnu/aarch64/lin/aarch64-none/bin/../aarch64-xilinx-elf/usr/lib64/aarch64-xilinx-elf/13.3.0/crtend.o] ==> obj [/home/kuszman/Xilinx/2025.2/Vitis/gnu/aarch64/lin/aarch64-none/bin/../aarch64-xilinx-elf/usr/lib64/aarch64-xilinx-elf/13.3.0/crtend.o]
    arg [/home/kuszman/Xilinx/2025.2/Vitis/gnu/aarch64/lin/aarch64-none/bin/../aarch64-xilinx-elf/usr/lib64/aarch64-xilinx-elf/13.3.0/crtn.o] ==> obj [/home/kuszman/Xilinx/2025.2/Vitis/gnu/aarch64/lin/aarch64-none/bin/../aarch64-xilinx-elf/usr/lib64/aarch64-xilinx-elf/13.3.0/crtn.o]
  collapse obj [/home/kuszman/Xilinx/2025.2/Vitis/gnu/aarch64/lin/aarch64-none/bin/../aarch64-xilinx-elf/usr/lib64/aarch64-xilinx-elf/13.3.0/crti.o] ==> [/home/kuszman/Xilinx/2025.2/Vitis/gnu/aarch64/lin/aarch64-none/aarch64-xilinx-elf/usr/lib64/aarch64-xilinx-elf/13.3.0/crti.o]
  collapse obj [/home/kuszman/Xilinx/2025.2/Vitis/gnu/aarch64/lin/aarch64-none/bin/../aarch64-xilinx-elf/usr/lib64/aarch64-xilinx-elf/13.3.0/crtbegin.o] ==> [/home/kuszman/Xilinx/2025.2/Vitis/gnu/aarch64/lin/aarch64-none/aarch64-xilinx-elf/usr/lib64/aarch64-xilinx-elf/13.3.0/crtbegin.o]
  collapse obj [/home/kuszman/Xilinx/2025.2/Vitis/gnu/aarch64/lin/aarch64-none/bin/../aarch64-xilinx-elf/usr/lib64/aarch64-xilinx-elf/13.3.0/crtend.o] ==> [/home/kuszman/Xilinx/2025.2/Vitis/gnu/aarch64/lin/aarch64-none/aarch64-xilinx-elf/usr/lib64/aarch64-xilinx-elf/13.3.0/crtend.o]
  collapse obj [/home/kuszman/Xilinx/2025.2/Vitis/gnu/aarch64/lin/aarch64-none/bin/../aarch64-xilinx-elf/usr/lib64/aarch64-xilinx-elf/13.3.0/crtn.o] ==> [/home/kuszman/Xilinx/2025.2/Vitis/gnu/aarch64/lin/aarch64-none/aarch64-xilinx-elf/usr/lib64/aarch64-xilinx-elf/13.3.0/crtn.o]
  collapse library dir [/home/kuszman/Xilinx/2025.2/gnu/aarch64/lin/aarch64-none/x86_64-oesdk-linux/usr/bin/aarch64-xilinx-elf/../../lib/aarch64-xilinx-elf/gcc/aarch64-xilinx-elf/13.3.0] ==> [/home/kuszman/Xilinx/2025.2/gnu/aarch64/lin/aarch64-none/x86_64-oesdk-linux/usr/lib/aarch64-xilinx-elf/gcc/aarch64-xilinx-elf/13.3.0]
  collapse library dir [/home/kuszman/Xilinx/2025.2/gnu/aarch64/lin/aarch64-none/x86_64-oesdk-linux/usr/bin/aarch64-xilinx-elf/../../lib/aarch64-xilinx-elf/gcc] ==> [/home/kuszman/Xilinx/2025.2/gnu/aarch64/lin/aarch64-none/x86_64-oesdk-linux/usr/lib/aarch64-xilinx-elf/gcc]
  collapse library dir [/home/kuszman/Xilinx/2025.2/Vitis/gnu/aarch64/lin/aarch64-none/bin/../aarch64-xilinx-elf/usr/lib64/aarch64-xilinx-elf/13.3.0] ==> [/home/kuszman/Xilinx/2025.2/Vitis/gnu/aarch64/lin/aarch64-none/aarch64-xilinx-elf/usr/lib64/aarch64-xilinx-elf/13.3.0]
  collapse library dir [/home/kuszman/Xilinx/2025.2/Vitis/gnu/aarch64/lin/aarch64-none/bin/../aarch64-xilinx-elf/usr/lib64] ==> [/home/kuszman/Xilinx/2025.2/Vitis/gnu/aarch64/lin/aarch64-none/aarch64-xilinx-elf/usr/lib64]
  implicit libs: [stdc++;m;gcc;c;gcc]
  implicit objs: [/home/kuszman/Xilinx/2025.2/Vitis/gnu/aarch64/lin/aarch64-none/aarch64-xilinx-elf/usr/lib64/aarch64-xilinx-elf/13.3.0/crti.o;/home/kuszman/Xilinx/2025.2/Vitis/gnu/aarch64/lin/aarch64-none/aarch64-xilinx-elf/usr/lib64/aarch64-xilinx-elf/13.3.0/crtbegin.o;/home/kuszman/Xilinx/2025.2/Vitis/gnu/aarch64/lin/aarch64-none/aarch64-xilinx-elf/usr/lib64/aarch64-xilinx-elf/13.3.0/crtend.o;/home/kuszman/Xilinx/2025.2/Vitis/gnu/aarch64/lin/aarch64-none/aarch64-xilinx-elf/usr/lib64/aarch64-xilinx-elf/13.3.0/crtn.o]
  implicit dirs: [/home/kuszman/Xilinx/2025.2/gnu/aarch64/lin/aarch64-none/x86_64-oesdk-linux/usr/lib/aarch64-xilinx-elf/gcc/aarch64-xilinx-elf/13.3.0;/home/kuszman/Xilinx/2025.2/gnu/aarch64/lin/aarch64-none/x86_64-oesdk-linux/usr/lib/aarch64-xilinx-elf/gcc;/home/kuszman/Xilinx/2025.2/Vitis/gnu/aarch64/lin/aarch64-none/aarch64-xilinx-elf/usr/lib64/aarch64-xilinx-elf/13.3.0;/home/kuszman/Xilinx/2025.2/Vitis/gnu/aarch64/lin/aarch64-none/aarch64-xilinx-elf/usr/lib64]
  implicit fwks: []


Checking whether the ASM compiler is GNU using "--version" matched "(GNU assembler)|(GCC)|(Free Software Foundation)":
aarch64-xilinx-elf-gcc.real (GCC) 13.3.0
Copyright (C) 2023 Free Software Foundation, Inc.
This is free software; see the source for copying conditions.  There is NO
warranty; not even for MERCHANTABILITY or FITNESS FOR A PARTICULAR PURPOSE.

The target system is: Generic -  - cortexa53
The host system is: Linux - 7.0.0-28-generic - x86_64
Compiling the C compiler identification source file "CMakeCCompilerId.c" succeeded.
Compiler: /home/kuszman/Xilinx/2025.2/Vitis/gnu/aarch64/lin/aarch64-none/bin/aarch64-none-elf-gcc 
Build flags: ;-DSDT;;-MMD;-MP;-specs=/home/kuszman/Magisterka/Intelligent-Vibroacoustic-Machine-Diagnostic-System-on-FPGA/ethernet/vitis/eth_platform/zynqmp_fsbl/zynqmp_fsbl_bsp/Xilinx.spec;-Os;-flto;-ffat-lto-objects;-DARMA53_64;-I/home/kuszman/Magisterka/Intelligent-Vibroacoustic-Machine-Diagnostic-System-on-FPGA/ethernet/vitis/eth_platform/zynqmp_fsbl/zynqmp_fsbl_bsp/include
Id flags:  

The output was:
0
/home/kuszman/Xilinx/2025.2/gnu/aarch64/lin/aarch64-none/x86_64-oesdk-linux/usr/bin/aarch64-xilinx-elf/aarch64-xilinx-elf-ld.real: warning: cannot find entry symbol _start; defaulting to 0000000000400060


Compilation of the C compiler identification source "CMakeCCompilerId.c" produced "a-CMakeCCompilerId.d"

Compilation of the C compiler identification source "CMakeCCompilerId.c" produced "a.out"

Compiling the C compiler identification source file "CMakeCCompilerId.c" succeeded.
Compiler: /home/kuszman/Xilinx/2025.2/Vitis/gnu/aarch64/lin/aarch64-none/bin/aarch64-none-elf-gcc 
Build flags: ;-DSDT;;-MMD;-MP;-specs=/home/kuszman/Magisterka/Intelligent-Vibroacoustic-Machine-Diagnostic-System-on-FPGA/ethernet/vitis/eth_platform/zynqmp_fsbl/zynqmp_fsbl_bsp/Xilinx.spec;-Os;-flto;-ffat-lto-objects;-DARMA53_64;-I/home/kuszman/Magisterka/Intelligent-Vibroacoustic-Machine-Diagnostic-System-on-FPGA/ethernet/vitis/eth_platform/zynqmp_fsbl/zynqmp_fsbl_bsp/include
Id flags: -c 

The output was:
0


Compilation of the C compiler identification source "CMakeCCompilerId.c" produced "CMakeCCompilerId.d"

Compilation of the C compiler identification source "CMakeCCompilerId.c" produced "CMakeCCompilerId.o"

The C compiler identification is GNU, found in "/home/kuszman/Magisterka/Intelligent-Vibroacoustic-Machine-Diagnostic-System-on-FPGA/ethernet/vitis/eth_platform/zynqmp_fsbl/zynqmp_fsbl_bsp/libsrc/build_configs/gen_bsp/CMakeFiles/3.24.2/CompilerIdC/CMakeCCompilerId.o"

Compiling the CXX compiler identification source file "CMakeCXXCompilerId.cpp" succeeded.
Compiler: /home/kuszman/Xilinx/2025.2/Vitis/gnu/aarch64/lin/aarch64-none/bin/aarch64-none-elf-g++ 
Build flags: ;-DSDT;;-MMD;-MP;-specs=/home/kuszman/Magisterka/Intelligent-Vibroacoustic-Machine-Diagnostic-System-on-FPGA/ethernet/vitis/eth_platform/zynqmp_fsbl/zynqmp_fsbl_bsp/Xilinx.spec;-Os;-flto;-ffat-lto-objects;-DARMA53_64;-I/home/kuszman/Magisterka/Intelligent-Vibroacoustic-Machine-Diagnostic-System-on-FPGA/ethernet/vitis/eth_platform/zynqmp_fsbl/zynqmp_fsbl_bsp/include
Id flags:  

The output was:
0
/home/kuszman/Xilinx/2025.2/gnu/aarch64/lin/aarch64-none/x86_64-oesdk-linux/usr/bin/aarch64-xilinx-elf/aarch64-xilinx-elf-ld.real: warning: cannot find entry symbol _start; defaulting to 0000000000400060


Compilation of the CXX compiler identification source "CMakeCXXCompilerId.cpp" produced "a-CMakeCXXCompilerId.d"

Compilation of the CXX compiler identification source "CMakeCXXCompilerId.cpp" produced "a.out"

Compiling the CXX compiler identification source file "CMakeCXXCompilerId.cpp" succeeded.
Compiler: /home/kuszman/Xilinx/2025.2/Vitis/gnu/aarch64/lin/aarch64-none/bin/aarch64-none-elf-g++ 
Build flags: ;-DSDT;;-MMD;-MP;-specs=/home/kuszman/Magisterka/Intelligent-Vibroacoustic-Machine-Diagnostic-System-on-FPGA/ethernet/vitis/eth_platform/zynqmp_fsbl/zynqmp_fsbl_bsp/Xilinx.spec;-Os;-flto;-ffat-lto-objects;-DARMA53_64;-I/home/kuszman/Magisterka/Intelligent-Vibroacoustic-Machine-Diagnostic-System-on-FPGA/ethernet/vitis/eth_platform/zynqmp_fsbl/zynqmp_fsbl_bsp/include
Id flags: -c 

The output was:
0


Compilation of the CXX compiler identification source "CMakeCXXCompilerId.cpp" produced "CMakeCXXCompilerId.d"

Compilation of the CXX compiler identification source "CMakeCXXCompilerId.cpp" produced "CMakeCXXCompilerId.o"

The CXX compiler identification is GNU, found in "/home/kuszman/Magisterka/Intelligent-Vibroacoustic-Machine-Diagnostic-System-on-FPGA/ethernet/vitis/eth_platform/zynqmp_fsbl/zynqmp_fsbl_bsp/libsrc/build_configs/gen_bsp/CMakeFiles/3.24.2/CompilerIdCXX/CMakeCXXCompilerId.o"

Detecting C compiler ABI info compiled with the following output:
Change Dir: /home/kuszman/Magisterka/Intelligent-Vibroacoustic-Machine-Diagnostic-System-on-FPGA/ethernet/vitis/eth_platform/zynqmp_fsbl/zynqmp_fsbl_bsp/libsrc/build_configs/gen_bsp/CMakeFiles/CMakeTmp

Run Build Command(s):/home/kuszman/Xilinx/2025.2/Vitis/bin/ninja cmTC_42761 && [1/2] Building C object CMakeFiles/cmTC_42761.dir/CMakeCCompilerABI.c.obj
Using built-in specs.
Reading specs from /home/kuszman/Magisterka/Intelligent-Vibroacoustic-Machine-Diagnostic-System-on-FPGA/ethernet/vitis/eth_platform/zynqmp_fsbl/zynqmp_fsbl_bsp/Xilinx.spec
COLLECT_GCC=/home/kuszman/Xilinx/2025.2/Vitis/gnu/aarch64/lin/aarch64-none/bin/../x86_64-oesdk-linux/usr/bin/aarch64-xilinx-elf/aarch64-xilinx-elf-gcc.real
Target: aarch64-xilinx-elf
Configured with: ../../../../../../work-shared/gcc-13.3.0-r0/gcc-13.3.0/configure --build=x86_64-linux --host=x86_64-oesdk-linux --target=aarch64-xilinx-elf --prefix=/usr/local/oe-sdk-hardcoded-buildpath/sysroots/x86_64-oesdk-linux/usr --exec_prefix=/usr/local/oe-sdk-hardcoded-buildpath/sysroots/x86_64-oesdk-linux/usr --bindir=/usr/local/oe-sdk-hardcoded-buildpath/sysroots/x86_64-oesdk-linux/usr/bin/aarch64-xilinx-elf --sbindir=/usr/local/oe-sdk-hardcoded-buildpath/sysroots/x86_64-oesdk-linux/usr/bin/aarch64-xilinx-elf --libexecdir=/usr/local/oe-sdk-hardcoded-buildpath/sysroots/x86_64-oesdk-linux/usr/libexec/aarch64-xilinx-elf --datadir=/usr/local/oe-sdk-hardcoded-buildpath/sysroots/x86_64-oesdk-linux/usr/share --sysconfdir=/usr/local/oe-sdk-hardcoded-buildpath/sysroots/x86_64-oesdk-linux/etc --sharedstatedir=/usr/local/oe-sdk-hardcoded-buildpath/sysroots/x86_64-oesdk-linux/com --localstatedir=/usr/local/oe-sdk-hardcoded-buildpath/sysroots/x86_64-oesdk-linux/var --libdir=/usr/local/oe-sdk-hardcoded-buildpath/sysroots/x86_64-oesdk-linux/usr/lib/aarch64-xilinx-elf --includedir=/usr/local/oe-sdk-hardcoded-buildpath/sysroots/x86_64-oesdk-linux/usr/include --oldincludedir=/usr/local/oe-sdk-hardcoded-buildpath/sysroots/x86_64-oesdk-linux/usr/include --infodir=/usr/local/oe-sdk-hardcoded-buildpath/sysroots/x86_64-oesdk-linux/usr/share/info --mandir=/usr/local/oe-sdk-hardcoded-buildpath/sysroots/x86_64-oesdk-linux/usr/share/man --disable-silent-rules --disable-dependency-tracking --with-libtool-sysroot=/host --with-gnu-ld --enable-shared --enable-languages=c,c++,fortran --enable-threads=posix --enable-multilib --enable-c99 --enable-long-long --enable-libstdcxx-pch --program-prefix=aarch64-xilinx-elf- --without-local-prefix --disable-install-libiberty --disable-libssp --enable-libitm --enable-lto --disable-bootstrap --with-system-zlib --enable-linker-build-id --with-ppl=no --with-cloog=no --enable-checking=release --enable-cheaders=c_global --without-isl --with-gxx-include-dir=/not/exist/usr/include/c++/13.3.0 --with-build-time-tools=/host-native/usr/aarch64-xilinx-elf/bin --with-sysroot=/not/exist --with-build-sysroot=/host --with-plugin-ld=ld --enable-poison-system-directories --disable-static --enable-nls --with-glibc-version=2.28 --enable-initfini-array --enable-multilib --disable-libstdcxx-pch --with-newlib --disable-threads --enable-plugins --with-gnu-as --disable-libitm --disable-tm-clone-registry --disable-multiarch --with-arch=armv8-a --with-sysroot=/not/exist
Thread model: single
Supported LTO compression algorithms: zlib zstd
gcc version 13.3.0 (GCC) 
COLLECT_GCC_OPTIONS='--sysroot=/home/kuszman/Xilinx/2025.2/Vitis/gnu/aarch64/lin/aarch64-none/bin/../aarch64-xilinx-elf' '-mbranch-protection=none' '-D' 'SDT' '-MMD' '-MP' '-specs=/home/kuszman/Magisterka/Intelligent-Vibroacoustic-Machine-Diagnostic-System-on-FPGA/ethernet/vitis/eth_platform/zynqmp_fsbl/zynqmp_fsbl_bsp/Xilinx.spec' '-Os' '-flto' '-ffat-lto-objects' '-D' 'ARMA53_64' '-I' '/home/kuszman/Magisterka/Intelligent-Vibroacoustic-Machine-Diagnostic-System-on-FPGA/ethernet/vitis/eth_platform/zynqmp_fsbl/zynqmp_fsbl_bsp/include' '-v' '-o' 'CMakeFiles/cmTC_42761.dir/CMakeCCompilerABI.c.obj' '-c' '-march=armv8-a' '-mlittle-endian' '-mabi=lp64' '-dumpdir' 'CMakeFiles/cmTC_42761.dir/'
 /home/kuszman/Xilinx/2025.2/gnu/aarch64/lin/aarch64-none/x86_64-oesdk-linux/usr/bin/aarch64-xilinx-elf/../../libexec/aarch64-xilinx-elf/gcc/aarch64-xilinx-elf/13.3.0/cc1 -quiet -v -I /home/kuszman/Magisterka/Intelligent-Vibroacoustic-Machine-Diagnostic-System-on-FPGA/ethernet/vitis/eth_platform/zynqmp_fsbl/zynqmp_fsbl_bsp/include -iprefix /home/kuszman/Xilinx/2025.2/gnu/aarch64/lin/aarch64-none/x86_64-oesdk-linux/usr/bin/aarch64-xilinx-elf/../../lib/aarch64-xilinx-elf/gcc/aarch64-xilinx-elf/13.3.0/ -isysroot /home/kuszman/Xilinx/2025.2/Vitis/gnu/aarch64/lin/aarch64-none/bin/../aarch64-xilinx-elf -MMD CMakeFiles/cmTC_42761.dir/CMakeCCompilerABI.c.d -MP -MQ CMakeFiles/cmTC_42761.dir/CMakeCCompilerABI.c.obj -D SDT -D ARMA53_64 /home/kuszman/Xilinx/2025.2/tps/lnx64/cmake-3.24.2/share/cmake-3.24/Modules/CMakeCCompilerABI.c -quiet -dumpdir CMakeFiles/cmTC_42761.dir/ -dumpbase CMakeCCompilerABI.c.c -dumpbase-ext .c -mbranch-protection=none -march=armv8-a -mlittle-endian -mabi=lp64 -Os -version -flto -ffat-lto-objects -o /tmp/ccXoD9xy.s
GNU C17 (GCC) version 13.3.0 (aarch64-xilinx-elf)
	compiled by GNU C version 13.3.0, GMP version 6.3.0, MPFR version 4.2.1, MPC version 1.3.1, isl version none
GGC heuristics: --param ggc-min-expand=100 --param ggc-min-heapsize=131072
ignoring nonexistent directory "/home/kuszman/Xilinx/2025.2/gnu/aarch64/lin/aarch64-none/x86_64-oesdk-linux/usr/bin/aarch64-xilinx-elf/../../lib/aarch64-xilinx-elf/gcc/aarch64-xilinx-elf/13.3.0/../../../../../aarch64-xilinx-elf/include"
ignoring duplicate directory "/home/kuszman/Xilinx/2025.2/gnu/aarch64/lin/aarch64-none/x86_64-oesdk-linux/usr/bin/aarch64-xilinx-elf/../../lib/aarch64-xilinx-elf/gcc/../../../lib/aarch64-xilinx-elf/gcc/aarch64-xilinx-elf/13.3.0/include"
ignoring nonexistent directory "/home/kuszman/Xilinx/2025.2/Vitis/gnu/aarch64/lin/aarch64-none/bin/../aarch64-xilinx-elf/usr/lib64/aarch64-xilinx-elf/13.3.0/include"
ignoring nonexistent directory "/home/kuszman/Xilinx/2025.2/Vitis/gnu/aarch64/lin/aarch64-none/bin/../aarch64-xilinx-elf/usr/local/include"
ignoring duplicate directory "/home/kuszman/Xilinx/2025.2/gnu/aarch64/lin/aarch64-none/x86_64-oesdk-linux/usr/bin/aarch64-xilinx-elf/../../lib/aarch64-xilinx-elf/gcc/../../../lib/aarch64-xilinx-elf/gcc/aarch64-xilinx-elf/13.3.0/include-fixed"
ignoring nonexistent directory "/home/kuszman/Xilinx/2025.2/gnu/aarch64/lin/aarch64-none/x86_64-oesdk-linux/usr/bin/aarch64-xilinx-elf/../../lib/aarch64-xilinx-elf/gcc/../../../lib/aarch64-xilinx-elf/gcc/aarch64-xilinx-elf/13.3.0/../../../../../aarch64-xilinx-elf/include"
#include "..." search starts here:
#include <...> search starts here:
 /home/kuszman/Magisterka/Intelligent-Vibroacoustic-Machine-Diagnostic-System-on-FPGA/ethernet/vitis/eth_platform/zynqmp_fsbl/zynqmp_fsbl_bsp/include
 /home/kuszman/Xilinx/2025.2/gnu/aarch64/lin/aarch64-none/x86_64-oesdk-linux/usr/bin/aarch64-xilinx-elf/../../lib/aarch64-xilinx-elf/gcc/aarch64-xilinx-elf/13.3.0/include
 /home/kuszman/Xilinx/2025.2/gnu/aarch64/lin/aarch64-none/x86_64-oesdk-linux/usr/bin/aarch64-xilinx-elf/../../lib/aarch64-xilinx-elf/gcc/aarch64-xilinx-elf/13.3.0/include-fixed
 /home/kuszman/Xilinx/2025.2/Vitis/gnu/aarch64/lin/aarch64-none/bin/../aarch64-xilinx-elf/usr/include/
End of search list.
Compiler executable checksum: bf4f7e99d9c79ea23b0a478fa2e8108a
COLLECT_GCC_OPTIONS='--sysroot=/home/kuszman/Xilinx/2025.2/Vitis/gnu/aarch64/lin/aarch64-none/bin/../aarch64-xilinx-elf' '-mbranch-protection=none' '-D' 'SDT' '-MMD' '-MP' '-specs=/home/kuszman/Magisterka/Intelligent-Vibroacoustic-Machine-Diagnostic-System-on-FPGA/ethernet/vitis/eth_platform/zynqmp_fsbl/zynqmp_fsbl_bsp/Xilinx.spec' '-Os' '-flto' '-ffat-lto-objects' '-D' 'ARMA53_64' '-I' '/home/kuszman/Magisterka/Intelligent-Vibroacoustic-Machine-Diagnostic-System-on-FPGA/ethernet/vitis/eth_platform/zynqmp_fsbl/zynqmp_fsbl_bsp/include' '-v' '-o' 'CMakeFiles/cmTC_42761.dir/CMakeCCompilerABI.c.obj' '-c' '-march=armv8-a' '-mlittle-endian' '-mabi=lp64' '-dumpdir' 'CMakeFiles/cmTC_42761.dir/'
 /home/kuszman/Xilinx/2025.2/gnu/aarch64/lin/aarch64-none/x86_64-oesdk-linux/usr/bin/aarch64-xilinx-elf/../../libexec/aarch64-xilinx-elf/gcc/aarch64-xilinx-elf/13.3.0/as -v -I /home/kuszman/Magisterka/Intelligent-Vibroacoustic-Machine-Diagnostic-System-on-FPGA/ethernet/vitis/eth_platform/zynqmp_fsbl/zynqmp_fsbl_bsp/include -EL -march=armv8-a -mabi=lp64 -o CMakeFiles/cmTC_42761.dir/CMakeCCompilerABI.c.obj /tmp/ccXoD9xy.s
GNU assembler version 2.42.0 (aarch64-xilinx-elf) using BFD version (GNU Binutils) 2.42.0.20240723
COMPILER_PATH=/home/kuszman/Xilinx/2025.2/gnu/aarch64/lin/aarch64-none/x86_64-oesdk-linux/usr/bin/aarch64-xilinx-elf/../../libexec/aarch64-xilinx-elf/gcc/aarch64-xilinx-elf/13.3.0/:/home/kuszman/Xilinx/2025.2/gnu/aarch64/lin/aarch64-none/x86_64-oesdk-linux/usr/bin/aarch64-xilinx-elf/../../libexec/aarch64-xilinx-elf/gcc/
LIBRARY_PATH=/home/kuszman/Xilinx/2025.2/gnu/aarch64/lin/aarch64-none/x86_64-oesdk-linux/usr/bin/aarch64-xilinx-elf/../../lib/aarch64-xilinx-elf/gcc/aarch64-xilinx-elf/13.3.0/:/home/kuszman/Xilinx/2025.2/gnu/aarch64/lin/aarch64-none/x86_64-oesdk-linux/usr/bin/aarch64-xilinx-elf/../../lib/aarch64-xilinx-elf/gcc/:/home/kuszman/Xilinx/2025.2/Vitis/gnu/aarch64/lin/aarch64-none/bin/../aarch64-xilinx-elf/usr/lib64/aarch64-xilinx-elf/13.3.0/:/home/kuszman/Xilinx/2025.2/Vitis/gnu/aarch64/lin/aarch64-none/bin/../aarch64-xilinx-elf/usr/lib64/
COLLECT_GCC_OPTIONS='--sysroot=/home/kuszman/Xilinx/2025.2/Vitis/gnu/aarch64/lin/aarch64-none/bin/../aarch64-xilinx-elf' '-mbranch-protection=none' '-D' 'SDT' '-MMD' '-MP' '-specs=/home/kuszman/Magisterka/Intelligent-Vibroacoustic-Machine-Diagnostic-System-on-FPGA/ethernet/vitis/eth_platform/zynqmp_fsbl/zynqmp_fsbl_bsp/Xilinx.spec' '-Os' '-flto' '-ffat-lto-objects' '-D' 'ARMA53_64' '-I' '/home/kuszman/Magisterka/Intelligent-Vibroacoustic-Machine-Diagnostic-System-on-FPGA/ethernet/vitis/eth_platform/zynqmp_fsbl/zynqmp_fsbl_bsp/include' '-v' '-o' 'CMakeFiles/cmTC_42761.dir/CMakeCCompilerABI.c.obj' '-c' '-march=armv8-a' '-mlittle-endian' '-mabi=lp64' '-dumpdir' 'CMakeFiles/cmTC_42761.dir/CMakeCCompilerABI.c.'
[2/2] Linking C executable cmTC_42761
Using built-in specs.
Reading specs from /home/kuszman/Magisterka/Intelligent-Vibroacoustic-Machine-Diagnostic-System-on-FPGA/ethernet/vitis/eth_platform/zynqmp_fsbl/zynqmp_fsbl_bsp/Xilinx.spec
COLLECT_GCC=/home/kuszman/Xilinx/2025.2/Vitis/gnu/aarch64/lin/aarch64-none/bin/../x86_64-oesdk-linux/usr/bin/aarch64-xilinx-elf/aarch64-xilinx-elf-gcc.real
COLLECT_LTO_WRAPPER=/home/kuszman/Xilinx/2025.2/gnu/aarch64/lin/aarch64-none/x86_64-oesdk-linux/usr/bin/aarch64-xilinx-elf/../../libexec/aarch64-xilinx-elf/gcc/aarch64-xilinx-elf/13.3.0/lto-wrapper
Target: aarch64-xilinx-elf
Configured with: ../../../../../../work-shared/gcc-13.3.0-r0/gcc-13.3.0/configure --build=x86_64-linux --host=x86_64-oesdk-linux --target=aarch64-xilinx-elf --prefix=/usr/local/oe-sdk-hardcoded-buildpath/sysroots/x86_64-oesdk-linux/usr --exec_prefix=/usr/local/oe-sdk-hardcoded-buildpath/sysroots/x86_64-oesdk-linux/usr --bindir=/usr/local/oe-sdk-hardcoded-buildpath/sysroots/x86_64-oesdk-linux/usr/bin/aarch64-xilinx-elf --sbindir=/usr/local/oe-sdk-hardcoded-buildpath/sysroots/x86_64-oesdk-linux/usr/bin/aarch64-xilinx-elf --libexecdir=/usr/local/oe-sdk-hardcoded-buildpath/sysroots/x86_64-oesdk-linux/usr/libexec/aarch64-xilinx-elf --datadir=/usr/local/oe-sdk-hardcoded-buildpath/sysroots/x86_64-oesdk-linux/usr/share --sysconfdir=/usr/local/oe-sdk-hardcoded-buildpath/sysroots/x86_64-oesdk-linux/etc --sharedstatedir=/usr/local/oe-sdk-hardcoded-buildpath/sysroots/x86_64-oesdk-linux/com --localstatedir=/usr/local/oe-sdk-hardcoded-buildpath/sysroots/x86_64-oesdk-linux/var --libdir=/usr/local/oe-sdk-hardcoded-buildpath/sysroots/x86_64-oesdk-linux/usr/lib/aarch64-xilinx-elf --includedir=/usr/local/oe-sdk-hardcoded-buildpath/sysroots/x86_64-oesdk-linux/usr/include --oldincludedir=/usr/local/oe-sdk-hardcoded-buildpath/sysroots/x86_64-oesdk-linux/usr/include --infodir=/usr/local/oe-sdk-hardcoded-buildpath/sysroots/x86_64-oesdk-linux/usr/share/info --mandir=/usr/local/oe-sdk-hardcoded-buildpath/sysroots/x86_64-oesdk-linux/usr/share/man --disable-silent-rules --disable-dependency-tracking --with-libtool-sysroot=/host --with-gnu-ld --enable-shared --enable-languages=c,c++,fortran --enable-threads=posix --enable-multilib --enable-c99 --enable-long-long --enable-libstdcxx-pch --program-prefix=aarch64-xilinx-elf- --without-local-prefix --disable-install-libiberty --disable-libssp --enable-libitm --enable-lto --disable-bootstrap --with-system-zlib --enable-linker-build-id --with-ppl=no --with-cloog=no --enable-checking=release --enable-cheaders=c_global --without-isl --with-gxx-include-dir=/not/exist/usr/include/c++/13.3.0 --with-build-time-tools=/host-native/usr/aarch64-xilinx-elf/bin --with-sysroot=/not/exist --with-build-sysroot=/host --with-plugin-ld=ld --enable-poison-system-directories --disable-static --enable-nls --with-glibc-version=2.28 --enable-initfini-array --enable-multilib --disable-libstdcxx-pch --with-newlib --disable-threads --enable-plugins --with-gnu-as --disable-libitm --disable-tm-clone-registry --disable-multiarch --with-arch=armv8-a --with-sysroot=/not/exist
Thread model: single
Supported LTO compression algorithms: zlib zstd
gcc version 13.3.0 (GCC) 
COMPILER_PATH=/home/kuszman/Xilinx/2025.2/gnu/aarch64/lin/aarch64-none/x86_64-oesdk-linux/usr/bin/aarch64-xilinx-elf/../../libexec/aarch64-xilinx-elf/gcc/aarch64-xilinx-elf/13.3.0/:/home/kuszman/Xilinx/2025.2/gnu/aarch64/lin/aarch64-none/x86_64-oesdk-linux/usr/bin/aarch64-xilinx-elf/../../libexec/aarch64-xilinx-elf/gcc/
LIBRARY_PATH=/home/kuszman/Xilinx/2025.2/gnu/aarch64/lin/aarch64-none/x86_64-oesdk-linux/usr/bin/aarch64-xilinx-elf/../../lib/aarch64-xilinx-elf/gcc/aarch64-xilinx-elf/13.3.0/:/home/kuszman/Xilinx/2025.2/gnu/aarch64/lin/aarch64-none/x86_64-oesdk-linux/usr/bin/aarch64-xilinx-elf/../../lib/aarch64-xilinx-elf/gcc/:/home/kuszman/Xilinx/2025.2/Vitis/gnu/aarch64/lin/aarch64-none/bin/../aarch64-xilinx-elf/usr/lib64/aarch64-xilinx-elf/13.3.0/:/home/kuszman/Xilinx/2025.2/Vitis/gnu/aarch64/lin/aarch64-none/bin/../aarch64-xilinx-elf/usr/lib64/
COLLECT_GCC_OPTIONS='--sysroot=/home/kuszman/Xilinx/2025.2/Vitis/gnu/aarch64/lin/aarch64-none/bin/../aarch64-xilinx-elf' '-mbranch-protection=none' '-D' 'SDT' '-MMD' '-MP' '-specs=/home/kuszman/Magisterka/Intelligent-Vibroacoustic-Machine-Diagnostic-System-on-FPGA/ethernet/vitis/eth_platform/zynqmp_fsbl/zynqmp_fsbl_bsp/Xilinx.spec' '-Os' '-flto' '-ffat-lto-objects' '-D' 'ARMA53_64' '-I' '/home/kuszman/Magisterka/Intelligent-Vibroacoustic-Machine-Diagnostic-System-on-FPGA/ethernet/vitis/eth_platform/zynqmp_fsbl/zynqmp_fsbl_bsp/include' '-v' '-o' 'cmTC_42761' '-march=armv8-a' '-mlittle-endian' '-mabi=lp64' '-dumpdir' 'cmTC_42761.'
 /home/kuszman/Xilinx/2025.2/gnu/aarch64/lin/aarch64-none/x86_64-oesdk-linux/usr/bin/aarch64-xilinx-elf/../../libexec/aarch64-xilinx-elf/gcc/aarch64-xilinx-elf/13.3.0/collect2 -plugin /home/kuszman/Xilinx/2025.2/gnu/aarch64/lin/aarch64-none/x86_64-oesdk-linux/usr/bin/aarch64-xilinx-elf/../../libexec/aarch64-xilinx-elf/gcc/aarch64-xilinx-elf/13.3.0/liblto_plugin.so -plugin-opt=/home/kuszman/Xilinx/2025.2/gnu/aarch64/lin/aarch64-none/x86_64-oesdk-linux/usr/bin/aarch64-xilinx-elf/../../libexec/aarch64-xilinx-elf/gcc/aarch64-xilinx-elf/13.3.0/lto-wrapper -plugin-opt=-fresolution=/tmp/ccPAQ2e0.res -plugin-opt=-pass-through=-lgcc -plugin-opt=-pass-through=-lc -plugin-opt=-pass-through=-lgcc -flto --sysroot=/home/kuszman/Xilinx/2025.2/Vitis/gnu/aarch64/lin/aarch64-none/bin/../aarch64-xilinx-elf --build-id -EL -X -maarch64elf -o cmTC_42761 /home/kuszman/Xilinx/2025.2/Vitis/gnu/aarch64/lin/aarch64-none/bin/../aarch64-xilinx-elf/usr/lib64/aarch64-xilinx-elf/13.3.0/crti.o /home/kuszman/Xilinx/2025.2/Vitis/gnu/aarch64/lin/aarch64-none/bin/../aarch64-xilinx-elf/usr/lib64/aarch64-xilinx-elf/13.3.0/crtbegin.o -L/home/kuszman/Xilinx/2025.2/gnu/aarch64/lin/aarch64-none/x86_64-oesdk-linux/usr/bin/aarch64-xilinx-elf/../../lib/aarch64-xilinx-elf/gcc/aarch64-xilinx-elf/13.3.0 -L/home/kuszman/Xilinx/2025.2/gnu/aarch64/lin/aarch64-none/x86_64-oesdk-linux/usr/bin/aarch64-xilinx-elf/../../lib/aarch64-xilinx-elf/gcc -L/home/kuszman/Xilinx/2025.2/Vitis/gnu/aarch64/lin/aarch64-none/bin/../aarch64-xilinx-elf/usr/lib64/aarch64-xilinx-elf/13.3.0 -L/home/kuszman/Xilinx/2025.2/Vitis/gnu/aarch64/lin/aarch64-none/bin/../aarch64-xilinx-elf/usr/lib64 --no-warn-rwx-segment CMakeFiles/cmTC_42761.dir/CMakeCCompilerABI.c.obj -lgcc -lc -lgcc /home/kuszman/Xilinx/2025.2/Vitis/gnu/aarch64/lin/aarch64-none/bin/../aarch64-xilinx-elf/usr/lib64/aarch64-xilinx-elf/13.3.0/crtend.o /home/kuszman/Xilinx/2025.2/Vitis/gnu/aarch64/lin/aarch64-none/bin/../aarch64-xilinx-elf/usr/lib64/aarch64-xilinx-elf/13.3.0/crtn.o
/home/kuszman/Xilinx/2025.2/gnu/aarch64/lin/aarch64-none/x86_64-oesdk-linux/usr/bin/aarch64-xilinx-elf/../../libexec/aarch64-xilinx-elf/gcc/aarch64-xilinx-elf/13.3.0/lto-wrapper -fresolution=/tmp/ccPAQ2e0.res -flinker-output=exec CMakeFiles/cmTC_42761.dir/CMakeCCompilerABI.c.obj 
/home/kuszman/Xilinx/2025.2/gnu/aarch64/lin/aarch64-none/x86_64-oesdk-linux/usr/bin/aarch64-xilinx-elf/../../libexec/aarch64-xilinx-elf/gcc/aarch64-xilinx-elf/13.3.0/lto-wrapper.real -fresolution=/tmp/ccPAQ2e0.res -flinker-output=exec CMakeFiles/cmTC_42761.dir/CMakeCCompilerABI.c.obj 
/home/kuszman/Xilinx/2025.2/Vitis/gnu/aarch64/lin/aarch64-none/bin/../x86_64-oesdk-linux/usr/bin/aarch64-xilinx-elf/aarch64-xilinx-elf-gcc @/tmp/ccbo5MzS
Using built-in specs.
Reading specs from /home/kuszman/Magisterka/Intelligent-Vibroacoustic-Machine-Diagnostic-System-on-FPGA/ethernet/vitis/eth_platform/zynqmp_fsbl/zynqmp_fsbl_bsp/Xilinx.spec
COLLECT_GCC=/home/kuszman/Xilinx/2025.2/Vitis/gnu/aarch64/lin/aarch64-none/bin/../x86_64-oesdk-linux/usr/bin/aarch64-xilinx-elf/aarch64-xilinx-elf-gcc.real
Target: aarch64-xilinx-elf
Configured with: ../../../../../../work-shared/gcc-13.3.0-r0/gcc-13.3.0/configure --build=x86_64-linux --host=x86_64-oesdk-linux --target=aarch64-xilinx-elf --prefix=/usr/local/oe-sdk-hardcoded-buildpath/sysroots/x86_64-oesdk-linux/usr --exec_prefix=/usr/local/oe-sdk-hardcoded-buildpath/sysroots/x86_64-oesdk-linux/usr --bindir=/usr/local/oe-sdk-hardcoded-buildpath/sysroots/x86_64-oesdk-linux/usr/bin/aarch64-xilinx-elf --sbindir=/usr/local/oe-sdk-hardcoded-buildpath/sysroots/x86_64-oesdk-linux/usr/bin/aarch64-xilinx-elf --libexecdir=/usr/local/oe-sdk-hardcoded-buildpath/sysroots/x86_64-oesdk-linux/usr/libexec/aarch64-xilinx-elf --datadir=/usr/local/oe-sdk-hardcoded-buildpath/sysroots/x86_64-oesdk-linux/usr/share --sysconfdir=/usr/local/oe-sdk-hardcoded-buildpath/sysroots/x86_64-oesdk-linux/etc --sharedstatedir=/usr/local/oe-sdk-hardcoded-buildpath/sysroots/x86_64-oesdk-linux/com --localstatedir=/usr/local/oe-sdk-hardcoded-buildpath/sysroots/x86_64-oesdk-linux/var --libdir=/usr/local/oe-sdk-hardcoded-buildpath/sysroots/x86_64-oesdk-linux/usr/lib/aarch64-xilinx-elf --includedir=/usr/local/oe-sdk-hardcoded-buildpath/sysroots/x86_64-oesdk-linux/usr/include --oldincludedir=/usr/local/oe-sdk-hardcoded-buildpath/sysroots/x86_64-oesdk-linux/usr/include --infodir=/usr/local/oe-sdk-hardcoded-buildpath/sysroots/x86_64-oesdk-linux/usr/share/info --mandir=/usr/local/oe-sdk-hardcoded-buildpath/sysroots/x86_64-oesdk-linux/usr/share/man --disable-silent-rules --disable-dependency-tracking --with-libtool-sysroot=/host --with-gnu-ld --enable-shared --enable-languages=c,c++,fortran --enable-threads=posix --enable-multilib --enable-c99 --enable-long-long --enable-libstdcxx-pch --program-prefix=aarch64-xilinx-elf- --without-local-prefix --disable-install-libiberty --disable-libssp --enable-libitm --enable-lto --disable-bootstrap --with-system-zlib --enable-linker-build-id --with-ppl=no --with-cloog=no --enable-checking=release --enable-cheaders=c_global --without-isl --with-gxx-include-dir=/not/exist/usr/include/c++/13.3.0 --with-build-time-tools=/host-native/usr/aarch64-xilinx-elf/bin --with-sysroot=/not/exist --with-build-sysroot=/host --with-plugin-ld=ld --enable-poison-system-directories --disable-static --enable-nls --with-glibc-version=2.28 --enable-initfini-array --enable-multilib --disable-libstdcxx-pch --with-newlib --disable-threads --enable-plugins --with-gnu-as --disable-libitm --disable-tm-clone-registry --disable-multiarch --with-arch=armv8-a --with-sysroot=/not/exist
Thread model: single
Supported LTO compression algorithms: zlib zstd
gcc version 13.3.0 (GCC) 
COLLECT_GCC_OPTIONS='-c' '-fno-openmp' '-fno-openacc' '-fno-pie' '-fcf-protection=none' '-mbranch-protection=none' '-mlittle-endian' '-mabi=lp64' '-Os' '--sysroot=/home/kuszman/Xilinx/2025.2/Vitis/gnu/aarch64/lin/aarch64-none/bin/../aarch64-xilinx-elf' '-mbranch-protection=none' '-specs=/home/kuszman/Magisterka/Intelligent-Vibroacoustic-Machine-Diagnostic-System-on-FPGA/ethernet/vitis/eth_platform/zynqmp_fsbl/zynqmp_fsbl_bsp/Xilinx.spec' '-Os' '-ffat-lto-objects' '-v' '-march=armv8-a' '-mlittle-endian' '-mabi=lp64'   '-fltrans-output-list=/tmp/ccr25bYf.ltrans.out' '-fwpa' '-fresolution=/tmp/ccPAQ2e0.res' '-flinker-output=exec'
 /home/kuszman/Xilinx/2025.2/gnu/aarch64/lin/aarch64-none/x86_64-oesdk-linux/usr/bin/aarch64-xilinx-elf/../../lib/aarch64-xilinx-elf/gcc/../../../libexec/aarch64-xilinx-elf/gcc/aarch64-xilinx-elf/13.3.0/lto1 -quiet -dumpbase ./cmTC_42761.wpa -mbranch-protection=none -mlittle-endian -mabi=lp64 -mbranch-protection=none -march=armv8-a -mlittle-endian -mabi=lp64 -Os -Os -version -fno-openmp -fno-openacc -fno-pie -fcf-protection=none -ffat-lto-objects -fltrans-output-list=/tmp/ccr25bYf.ltrans.out -fwpa -fresolution=/tmp/ccPAQ2e0.res -flinker-output=exec @/tmp/ccGsr12D
GNU GIMPLE (GCC) version 13.3.0 (aarch64-xilinx-elf)
	compiled by GNU C version 13.3.0, GMP version 6.3.0, MPFR version 4.2.1, MPC version 1.3.1, isl version none
GGC heuristics: --param ggc-min-expand=100 --param ggc-min-heapsize=131072
COMPILER_PATH=/home/kuszman/Xilinx/2025.2/gnu/aarch64/lin/aarch64-none/x86_64-oesdk-linux/usr/bin/aarch64-xilinx-elf/../../lib/aarch64-xilinx-elf/gcc/../../../libexec/aarch64-xilinx-elf/gcc/aarch64-xilinx-elf/13.3.0/:/home/kuszman/Xilinx/2025.2/gnu/aarch64/lin/aarch64-none/x86_64-oesdk-linux/usr/bin/aarch64-xilinx-elf/../../lib/aarch64-xilinx-elf/gcc/../../../libexec/aarch64-xilinx-elf/gcc/:/home/kuszman/Xilinx/2025.2/gnu/aarch64/lin/aarch64-none/x86_64-oesdk-linux/usr/bin/aarch64-xilinx-elf/../../libexec/aarch64-xilinx-elf/gcc/aarch64-xilinx-elf/13.3.0/:/home/kuszman/Xilinx/2025.2/gnu/aarch64/lin/aarch64-none/x86_64-oesdk-linux/usr/bin/aarch64-xilinx-elf/../../libexec/aarch64-xilinx-elf/gcc/aarch64-xilinx-elf/13.3.0/:/home/kuszman/Xilinx/2025.2/gnu/aarch64/lin/aarch64-none/x86_64-oesdk-linux/usr/bin/aarch64-xilinx-elf/../../libexec/aarch64-xilinx-elf/gcc/
LIBRARY_PATH=/home/kuszman/Xilinx/2025.2/gnu/aarch64/lin/aarch64-none/x86_64-oesdk-linux/usr/bin/aarch64-xilinx-elf/../../lib/aarch64-xilinx-elf/gcc/aarch64-xilinx-elf/13.3.0/:/home/kuszman/Xilinx/2025.2/gnu/aarch64/lin/aarch64-none/x86_64-oesdk-linux/usr/bin/aarch64-xilinx-elf/../../lib/aarch64-xilinx-elf/gcc/:/home/kuszman/Xilinx/2025.2/Vitis/gnu/aarch64/lin/aarch64-none/bin/../aarch64-xilinx-elf/usr/lib64/aarch64-xilinx-elf/13.3.0/:/home/kuszman/Xilinx/2025.2/Vitis/gnu/aarch64/lin/aarch64-none/bin/../aarch64-xilinx-elf/usr/lib64/
COLLECT_GCC_OPTIONS='-c' '-fno-openmp' '-fno-openacc' '-fno-pie' '-fcf-protection=none' '-mbranch-protection=none' '-mlittle-endian' '-mabi=lp64' '-Os' '--sysroot=/home/kuszman/Xilinx/2025.2/Vitis/gnu/aarch64/lin/aarch64-none/bin/../aarch64-xilinx-elf' '-mbranch-protection=none' '-specs=/home/kuszman/Magisterka/Intelligent-Vibroacoustic-Machine-Diagnostic-System-on-FPGA/ethernet/vitis/eth_platform/zynqmp_fsbl/zynqmp_fsbl_bsp/Xilinx.spec' '-Os' '-ffat-lto-objects' '-v' '-march=armv8-a' '-mlittle-endian' '-mabi=lp64'   '-fltrans-output-list=/tmp/ccr25bYf.ltrans.out' '-fwpa' '-fresolution=/tmp/ccPAQ2e0.res' '-flinker-output=exec' '-dumpdir' './cmTC_42761.wpa.'
/home/kuszman/Xilinx/2025.2/Vitis/gnu/aarch64/lin/aarch64-none/bin/../x86_64-oesdk-linux/usr/bin/aarch64-xilinx-elf/aarch64-xilinx-elf-gcc @/tmp/ccxACS22
Using built-in specs.
Reading specs from /home/kuszman/Magisterka/Intelligent-Vibroacoustic-Machine-Diagnostic-System-on-FPGA/ethernet/vitis/eth_platform/zynqmp_fsbl/zynqmp_fsbl_bsp/Xilinx.spec
COLLECT_GCC=/home/kuszman/Xilinx/2025.2/Vitis/gnu/aarch64/lin/aarch64-none/bin/../x86_64-oesdk-linux/usr/bin/aarch64-xilinx-elf/aarch64-xilinx-elf-gcc.real
Target: aarch64-xilinx-elf
Configured with: ../../../../../../work-shared/gcc-13.3.0-r0/gcc-13.3.0/configure --build=x86_64-linux --host=x86_64-oesdk-linux --target=aarch64-xilinx-elf --prefix=/usr/local/oe-sdk-hardcoded-buildpath/sysroots/x86_64-oesdk-linux/usr --exec_prefix=/usr/local/oe-sdk-hardcoded-buildpath/sysroots/x86_64-oesdk-linux/usr --bindir=/usr/local/oe-sdk-hardcoded-buildpath/sysroots/x86_64-oesdk-linux/usr/bin/aarch64-xilinx-elf --sbindir=/usr/local/oe-sdk-hardcoded-buildpath/sysroots/x86_64-oesdk-linux/usr/bin/aarch64-xilinx-elf --libexecdir=/usr/local/oe-sdk-hardcoded-buildpath/sysroots/x86_64-oesdk-linux/usr/libexec/aarch64-xilinx-elf --datadir=/usr/local/oe-sdk-hardcoded-buildpath/sysroots/x86_64-oesdk-linux/usr/share --sysconfdir=/usr/local/oe-sdk-hardcoded-buildpath/sysroots/x86_64-oesdk-linux/etc --sharedstatedir=/usr/local/oe-sdk-hardcoded-buildpath/sysroots/x86_64-oesdk-linux/com --localstatedir=/usr/local/oe-sdk-hardcoded-buildpath/sysroots/x86_64-oesdk-linux/var --libdir=/usr/local/oe-sdk-hardcoded-buildpath/sysroots/x86_64-oesdk-linux/usr/lib/aarch64-xilinx-elf --includedir=/usr/local/oe-sdk-hardcoded-buildpath/sysroots/x86_64-oesdk-linux/usr/include --oldincludedir=/usr/local/oe-sdk-hardcoded-buildpath/sysroots/x86_64-oesdk-linux/usr/include --infodir=/usr/local/oe-sdk-hardcoded-buildpath/sysroots/x86_64-oesdk-linux/usr/share/info --mandir=/usr/local/oe-sdk-hardcoded-buildpath/sysroots/x86_64-oesdk-linux/usr/share/man --disable-silent-rules --disable-dependency-tracking --with-libtool-sysroot=/host --with-gnu-ld --enable-shared --enable-languages=c,c++,fortran --enable-threads=posix --enable-multilib --enable-c99 --enable-long-long --enable-libstdcxx-pch --program-prefix=aarch64-xilinx-elf- --without-local-prefix --disable-install-libiberty --disable-libssp --enable-libitm --enable-lto --disable-bootstrap --with-system-zlib --enable-linker-build-id --with-ppl=no --with-cloog=no --enable-checking=release --enable-cheaders=c_global --without-isl --with-gxx-include-dir=/not/exist/usr/include/c++/13.3.0 --with-build-time-tools=/host-native/usr/aarch64-xilinx-elf/bin --with-sysroot=/not/exist --with-build-sysroot=/host --with-plugin-ld=ld --enable-poison-system-directories --disable-static --enable-nls --with-glibc-version=2.28 --enable-initfini-array --enable-multilib --disable-libstdcxx-pch --with-newlib --disable-threads --enable-plugins --with-gnu-as --disable-libitm --disable-tm-clone-registry --disable-multiarch --with-arch=armv8-a --with-sysroot=/not/exist
Thread model: single
Supported LTO compression algorithms: zlib zstd
gcc version 13.3.0 (GCC) 
COLLECT_GCC_OPTIONS='-c' '-fno-openmp' '-fno-openacc' '-fno-pie' '-fcf-protection=none' '-mbranch-protection=none' '-mlittle-endian' '-mabi=lp64' '-Os' '--sysroot=/home/kuszman/Xilinx/2025.2/Vitis/gnu/aarch64/lin/aarch64-none/bin/../aarch64-xilinx-elf' '-mbranch-protection=none' '-specs=/home/kuszman/Magisterka/Intelligent-Vibroacoustic-Machine-Diagnostic-System-on-FPGA/ethernet/vitis/eth_platform/zynqmp_fsbl/zynqmp_fsbl_bsp/Xilinx.spec' '-Os' '-ffat-lto-objects' '-v' '-march=armv8-a' '-mlittle-endian' '-mabi=lp64'   '-fltrans' '-o' '/tmp/ccr25bYf.ltrans0.ltrans.o'
 /home/kuszman/Xilinx/2025.2/gnu/aarch64/lin/aarch64-none/x86_64-oesdk-linux/usr/bin/aarch64-xilinx-elf/../../lib/aarch64-xilinx-elf/gcc/../../../libexec/aarch64-xilinx-elf/gcc/aarch64-xilinx-elf/13.3.0/lto1 -quiet -dumpbase ./cmTC_42761.ltrans0.ltrans -mbranch-protection=none -mlittle-endian -mabi=lp64 -mbranch-protection=none -march=armv8-a -mlittle-endian -mabi=lp64 -Os -Os -version -fno-openmp -fno-openacc -fno-pie -fcf-protection=none -ffat-lto-objects -fltrans @/tmp/ccaF3PO0 -o /tmp/ccCtBAqg.s
GNU GIMPLE (GCC) version 13.3.0 (aarch64-xilinx-elf)
	compiled by GNU C version 13.3.0, GMP version 6.3.0, MPFR version 4.2.1, MPC version 1.3.1, isl version none
GGC heuristics: --param ggc-min-expand=100 --param ggc-min-heapsize=131072
COLLECT_GCC_OPTIONS='-c' '-fno-openmp' '-fno-openacc' '-fno-pie' '-fcf-protection=none' '-mbranch-protection=none' '-mlittle-endian' '-mabi=lp64' '-Os' '--sysroot=/home/kuszman/Xilinx/2025.2/Vitis/gnu/aarch64/lin/aarch64-none/bin/../aarch64-xilinx-elf' '-mbranch-protection=none' '-specs=/home/kuszman/Magisterka/Intelligent-Vibroacoustic-Machine-Diagnostic-System-on-FPGA/ethernet/vitis/eth_platform/zynqmp_fsbl/zynqmp_fsbl_bsp/Xilinx.spec' '-Os' '-ffat-lto-objects' '-v' '-march=armv8-a' '-mlittle-endian' '-mabi=lp64'   '-fltrans' '-o' '/tmp/ccr25bYf.ltrans0.ltrans.o'
 /home/kuszman/Xilinx/2025.2/gnu/aarch64/lin/aarch64-none/x86_64-oesdk-linux/usr/bin/aarch64-xilinx-elf/../../lib/aarch64-xilinx-elf/gcc/../../../libexec/aarch64-xilinx-elf/gcc/aarch64-xilinx-elf/13.3.0/as -v -EL -march=armv8-a -mabi=lp64 -mabi=lp64 -o /tmp/ccr25bYf.ltrans0.ltrans.o /tmp/ccCtBAqg.s
GNU assembler version 2.42.0 (aarch64-xilinx-elf) using BFD version (GNU Binutils) 2.42.0.20240723
COMPILER_PATH=/home/kuszman/Xilinx/2025.2/gnu/aarch64/lin/aarch64-none/x86_64-oesdk-linux/usr/bin/aarch64-xilinx-elf/../../lib/aarch64-xilinx-elf/gcc/../../../libexec/aarch64-xilinx-elf/gcc/aarch64-xilinx-elf/13.3.0/:/home/kuszman/Xilinx/2025.2/gnu/aarch64/lin/aarch64-none/x86_64-oesdk-linux/usr/bin/aarch64-xilinx-elf/../../lib/aarch64-xilinx-elf/gcc/../../../libexec/aarch64-xilinx-elf/gcc/:/home/kuszman/Xilinx/2025.2/gnu/aarch64/lin/aarch64-none/x86_64-oesdk-linux/usr/bin/aarch64-xilinx-elf/../../libexec/aarch64-xilinx-elf/gcc/aarch64-xilinx-elf/13.3.0/:/home/kuszman/Xilinx/2025.2/gnu/aarch64/lin/aarch64-none/x86_64-oesdk-linux/usr/bin/aarch64-xilinx-elf/../../libexec/aarch64-xilinx-elf/gcc/aarch64-xilinx-elf/13.3.0/:/home/kuszman/Xilinx/2025.2/gnu/aarch64/lin/aarch64-none/x86_64-oesdk-linux/usr/bin/aarch64-xilinx-elf/../../libexec/aarch64-xilinx-elf/gcc/
LIBRARY_PATH=/home/kuszman/Xilinx/2025.2/gnu/aarch64/lin/aarch64-none/x86_64-oesdk-linux/usr/bin/aarch64-xilinx-elf/../../lib/aarch64-xilinx-elf/gcc/aarch64-xilinx-elf/13.3.0/:/home/kuszman/Xilinx/2025.2/gnu/aarch64/lin/aarch64-none/x86_64-oesdk-linux/usr/bin/aarch64-xilinx-elf/../../lib/aarch64-xilinx-elf/gcc/:/home/kuszman/Xilinx/2025.2/Vitis/gnu/aarch64/lin/aarch64-none/bin/../aarch64-xilinx-elf/usr/lib64/aarch64-xilinx-elf/13.3.0/:/home/kuszman/Xilinx/2025.2/Vitis/gnu/aarch64/lin/aarch64-none/bin/../aarch64-xilinx-elf/usr/lib64/
COLLECT_GCC_OPTIONS='-c' '-fno-openmp' '-fno-openacc' '-fno-pie' '-fcf-protection=none' '-mbranch-protection=none' '-mlittle-endian' '-mabi=lp64' '-Os' '--sysroot=/home/kuszman/Xilinx/2025.2/Vitis/gnu/aarch64/lin/aarch64-none/bin/../aarch64-xilinx-elf' '-mbranch-protection=none' '-specs=/home/kuszman/Magisterka/Intelligent-Vibroacoustic-Machine-Diagnostic-System-on-FPGA/ethernet/vitis/eth_platform/zynqmp_fsbl/zynqmp_fsbl_bsp/Xilinx.spec' '-Os' '-ffat-lto-objects' '-v' '-march=armv8-a' '-mlittle-endian' '-mabi=lp64'   '-fltrans' '-o' '/tmp/ccr25bYf.ltrans0.ltrans.o' '-dumpdir' './cmTC_42761.ltrans0.ltrans.'
/home/kuszman/Xilinx/2025.2/gnu/aarch64/lin/aarch64-none/x86_64-oesdk-linux/usr/bin/aarch64-xilinx-elf/aarch64-xilinx-elf-ld.real: warning: cannot find entry symbol _start; defaulting to 0000000000400060
COLLECT_GCC_OPTIONS='--sysroot=/home/kuszman/Xilinx/2025.2/Vitis/gnu/aarch64/lin/aarch64-none/bin/../aarch64-xilinx-elf' '-mbranch-protection=none' '-D' 'SDT' '-MMD' '-MP' '-specs=/home/kuszman/Magisterka/Intelligent-Vibroacoustic-Machine-Diagnostic-System-on-FPGA/ethernet/vitis/eth_platform/zynqmp_fsbl/zynqmp_fsbl_bsp/Xilinx.spec' '-Os' '-flto' '-ffat-lto-objects' '-D' 'ARMA53_64' '-I' '/home/kuszman/Magisterka/Intelligent-Vibroacoustic-Machine-Diagnostic-System-on-FPGA/ethernet/vitis/eth_platform/zynqmp_fsbl/zynqmp_fsbl_bsp/include' '-v' '-o' 'cmTC_42761' '-march=armv8-a' '-mlittle-endian' '-mabi=lp64' '-dumpdir' 'cmTC_42761.'



Parsed C implicit include dir info from above output: rv=done
  found start of include info
  found start of implicit include info
    add: [/home/kuszman/Magisterka/Intelligent-Vibroacoustic-Machine-Diagnostic-System-on-FPGA/ethernet/vitis/eth_platform/zynqmp_fsbl/zynqmp_fsbl_bsp/include]
    add: [/home/kuszman/Xilinx/2025.2/gnu/aarch64/lin/aarch64-none/x86_64-oesdk-linux/usr/bin/aarch64-xilinx-elf/../../lib/aarch64-xilinx-elf/gcc/aarch64-xilinx-elf/13.3.0/include]
    add: [/home/kuszman/Xilinx/2025.2/gnu/aarch64/lin/aarch64-none/x86_64-oesdk-linux/usr/bin/aarch64-xilinx-elf/../../lib/aarch64-xilinx-elf/gcc/aarch64-xilinx-elf/13.3.0/include-fixed]
    add: [/home/kuszman/Xilinx/2025.2/Vitis/gnu/aarch64/lin/aarch64-none/bin/../aarch64-xilinx-elf/usr/include/]
  end of search list found
  collapse include dir [/home/kuszman/Magisterka/Intelligent-Vibroacoustic-Machine-Diagnostic-System-on-FPGA/ethernet/vitis/eth_platform/zynqmp_fsbl/zynqmp_fsbl_bsp/include] ==> [/home/kuszman/Magisterka/Intelligent-Vibroacoustic-Machine-Diagnostic-System-on-FPGA/ethernet/vitis/eth_platform/zynqmp_fsbl/zynqmp_fsbl_bsp/include]
  collapse include dir [/home/kuszman/Xilinx/2025.2/gnu/aarch64/lin/aarch64-none/x86_64-oesdk-linux/usr/bin/aarch64-xilinx-elf/../../lib/aarch64-xilinx-elf/gcc/aarch64-xilinx-elf/13.3.0/include] ==> [/home/kuszman/Xilinx/2025.2/gnu/aarch64/lin/aarch64-none/x86_64-oesdk-linux/usr/lib/aarch64-xilinx-elf/gcc/aarch64-xilinx-elf/13.3.0/include]
  collapse include dir [/home/kuszman/Xilinx/2025.2/gnu/aarch64/lin/aarch64-none/x86_64-oesdk-linux/usr/bin/aarch64-xilinx-elf/../../lib/aarch64-xilinx-elf/gcc/aarch64-xilinx-elf/13.3.0/include-fixed] ==> [/home/kuszman/Xilinx/2025.2/gnu/aarch64/lin/aarch64-none/x86_64-oesdk-linux/usr/lib/aarch64-xilinx-elf/gcc/aarch64-xilinx-elf/13.3.0/include-fixed]
  collapse include dir [/home/kuszman/Xilinx/2025.2/Vitis/gnu/aarch64/lin/aarch64-none/bin/../aarch64-xilinx-elf/usr/include/] ==> [/home/kuszman/Xilinx/2025.2/Vitis/gnu/aarch64/lin/aarch64-none/aarch64-xilinx-elf/usr/include]
  implicit include dirs: [/home/kuszman/Magisterka/Intelligent-Vibroacoustic-Machine-Diagnostic-System-on-FPGA/ethernet/vitis/eth_platform/zynqmp_fsbl/zynqmp_fsbl_bsp/include;/home/kuszman/Xilinx/2025.2/gnu/aarch64/lin/aarch64-none/x86_64-oesdk-linux/usr/lib/aarch64-xilinx-elf/gcc/aarch64-xilinx-elf/13.3.0/include;/home/kuszman/Xilinx/2025.2/gnu/aarch64/lin/aarch64-none/x86_64-oesdk-linux/usr/lib/aarch64-xilinx-elf/gcc/aarch64-xilinx-elf/13.3.0/include-fixed;/home/kuszman/Xilinx/2025.2/Vitis/gnu/aarch64/lin/aarch64-none/aarch64-xilinx-elf/usr/include]


Parsed C implicit link information from above output:
  link line regex: [^( *|.*[/\])(aarch64-none-elf-ld|CMAKE_LINK_STARTFILE-NOTFOUND|([^/\]+-)?ld|collect2)[^/\]*( |$)]
  ignore line: [Change Dir: /home/kuszman/Magisterka/Intelligent-Vibroacoustic-Machine-Diagnostic-System-on-FPGA/ethernet/vitis/eth_platform/zynqmp_fsbl/zynqmp_fsbl_bsp/libsrc/build_configs/gen_bsp/CMakeFiles/CMakeTmp]
  ignore line: []
  ignore line: [Run Build Command(s):/home/kuszman/Xilinx/2025.2/Vitis/bin/ninja cmTC_42761 && [1/2] Building C object CMakeFiles/cmTC_42761.dir/CMakeCCompilerABI.c.obj]
  ignore line: [Using built-in specs.]
  ignore line: [Reading specs from /home/kuszman/Magisterka/Intelligent-Vibroacoustic-Machine-Diagnostic-System-on-FPGA/ethernet/vitis/eth_platform/zynqmp_fsbl/zynqmp_fsbl_bsp/Xilinx.spec]
  ignore line: [COLLECT_GCC=/home/kuszman/Xilinx/2025.2/Vitis/gnu/aarch64/lin/aarch64-none/bin/../x86_64-oesdk-linux/usr/bin/aarch64-xilinx-elf/aarch64-xilinx-elf-gcc.real]
  ignore line: [Target: aarch64-xilinx-elf]
  ignore line: [Configured with: ../../../../../../work-shared/gcc-13.3.0-r0/gcc-13.3.0/configure --build=x86_64-linux --host=x86_64-oesdk-linux --target=aarch64-xilinx-elf --prefix=/usr/local/oe-sdk-hardcoded-buildpath/sysroots/x86_64-oesdk-linux/usr --exec_prefix=/usr/local/oe-sdk-hardcoded-buildpath/sysroots/x86_64-oesdk-linux/usr --bindir=/usr/local/oe-sdk-hardcoded-buildpath/sysroots/x86_64-oesdk-linux/usr/bin/aarch64-xilinx-elf --sbindir=/usr/local/oe-sdk-hardcoded-buildpath/sysroots/x86_64-oesdk-linux/usr/bin/aarch64-xilinx-elf --libexecdir=/usr/local/oe-sdk-hardcoded-buildpath/sysroots/x86_64-oesdk-linux/usr/libexec/aarch64-xilinx-elf --datadir=/usr/local/oe-sdk-hardcoded-buildpath/sysroots/x86_64-oesdk-linux/usr/share --sysconfdir=/usr/local/oe-sdk-hardcoded-buildpath/sysroots/x86_64-oesdk-linux/etc --sharedstatedir=/usr/local/oe-sdk-hardcoded-buildpath/sysroots/x86_64-oesdk-linux/com --localstatedir=/usr/local/oe-sdk-hardcoded-buildpath/sysroots/x86_64-oesdk-linux/var --libdir=/usr/local/oe-sdk-hardcoded-buildpath/sysroots/x86_64-oesdk-linux/usr/lib/aarch64-xilinx-elf --includedir=/usr/local/oe-sdk-hardcoded-buildpath/sysroots/x86_64-oesdk-linux/usr/include --oldincludedir=/usr/local/oe-sdk-hardcoded-buildpath/sysroots/x86_64-oesdk-linux/usr/include --infodir=/usr/local/oe-sdk-hardcoded-buildpath/sysroots/x86_64-oesdk-linux/usr/share/info --mandir=/usr/local/oe-sdk-hardcoded-buildpath/sysroots/x86_64-oesdk-linux/usr/share/man --disable-silent-rules --disable-dependency-tracking --with-libtool-sysroot=/host --with-gnu-ld --enable-shared --enable-languages=c,c++,fortran --enable-threads=posix --enable-multilib --enable-c99 --enable-long-long --enable-libstdcxx-pch --program-prefix=aarch64-xilinx-elf- --without-local-prefix --disable-install-libiberty --disable-libssp --enable-libitm --enable-lto --disable-bootstrap --with-system-zlib --enable-linker-build-id --with-ppl=no --with-cloog=no --enable-checking=release --enable-cheaders=c_global --without-isl --with-gxx-include-dir=/not/exist/usr/include/c++/13.3.0 --with-build-time-tools=/host-native/usr/aarch64-xilinx-elf/bin --with-sysroot=/not/exist --with-build-sysroot=/host --with-plugin-ld=ld --enable-poison-system-directories --disable-static --enable-nls --with-glibc-version=2.28 --enable-initfini-array --enable-multilib --disable-libstdcxx-pch --with-newlib --disable-threads --enable-plugins --with-gnu-as --disable-libitm --disable-tm-clone-registry --disable-multiarch --with-arch=armv8-a --with-sysroot=/not/exist]
  ignore line: [Thread model: single]
  ignore line: [Supported LTO compression algorithms: zlib zstd]
  ignore line: [gcc version 13.3.0 (GCC) ]
  ignore line: [COLLECT_GCC_OPTIONS='--sysroot=/home/kuszman/Xilinx/2025.2/Vitis/gnu/aarch64/lin/aarch64-none/bin/../aarch64-xilinx-elf' '-mbranch-protection=none' '-D' 'SDT' '-MMD' '-MP' '-specs=/home/kuszman/Magisterka/Intelligent-Vibroacoustic-Machine-Diagnostic-System-on-FPGA/ethernet/vitis/eth_platform/zynqmp_fsbl/zynqmp_fsbl_bsp/Xilinx.spec' '-Os' '-flto' '-ffat-lto-objects' '-D' 'ARMA53_64' '-I' '/home/kuszman/Magisterka/Intelligent-Vibroacoustic-Machine-Diagnostic-System-on-FPGA/ethernet/vitis/eth_platform/zynqmp_fsbl/zynqmp_fsbl_bsp/include' '-v' '-o' 'CMakeFiles/cmTC_42761.dir/CMakeCCompilerABI.c.obj' '-c' '-march=armv8-a' '-mlittle-endian' '-mabi=lp64' '-dumpdir' 'CMakeFiles/cmTC_42761.dir/']
  ignore line: [ /home/kuszman/Xilinx/2025.2/gnu/aarch64/lin/aarch64-none/x86_64-oesdk-linux/usr/bin/aarch64-xilinx-elf/../../libexec/aarch64-xilinx-elf/gcc/aarch64-xilinx-elf/13.3.0/cc1 -quiet -v -I /home/kuszman/Magisterka/Intelligent-Vibroacoustic-Machine-Diagnostic-System-on-FPGA/ethernet/vitis/eth_platform/zynqmp_fsbl/zynqmp_fsbl_bsp/include -iprefix /home/kuszman/Xilinx/2025.2/gnu/aarch64/lin/aarch64-none/x86_64-oesdk-linux/usr/bin/aarch64-xilinx-elf/../../lib/aarch64-xilinx-elf/gcc/aarch64-xilinx-elf/13.3.0/ -isysroot /home/kuszman/Xilinx/2025.2/Vitis/gnu/aarch64/lin/aarch64-none/bin/../aarch64-xilinx-elf -MMD CMakeFiles/cmTC_42761.dir/CMakeCCompilerABI.c.d -MP -MQ CMakeFiles/cmTC_42761.dir/CMakeCCompilerABI.c.obj -D SDT -D ARMA53_64 /home/kuszman/Xilinx/2025.2/tps/lnx64/cmake-3.24.2/share/cmake-3.24/Modules/CMakeCCompilerABI.c -quiet -dumpdir CMakeFiles/cmTC_42761.dir/ -dumpbase CMakeCCompilerABI.c.c -dumpbase-ext .c -mbranch-protection=none -march=armv8-a -mlittle-endian -mabi=lp64 -Os -version -flto -ffat-lto-objects -o /tmp/ccXoD9xy.s]
  ignore line: [GNU C17 (GCC) version 13.3.0 (aarch64-xilinx-elf)]
  ignore line: [	compiled by GNU C version 13.3.0  GMP version 6.3.0  MPFR version 4.2.1  MPC version 1.3.1  isl version none]
  ignore line: [GGC heuristics: --param ggc-min-expand=100 --param ggc-min-heapsize=131072]
  ignore line: [ignoring nonexistent directory "/home/kuszman/Xilinx/2025.2/gnu/aarch64/lin/aarch64-none/x86_64-oesdk-linux/usr/bin/aarch64-xilinx-elf/../../lib/aarch64-xilinx-elf/gcc/aarch64-xilinx-elf/13.3.0/../../../../../aarch64-xilinx-elf/include"]
  ignore line: [ignoring duplicate directory "/home/kuszman/Xilinx/2025.2/gnu/aarch64/lin/aarch64-none/x86_64-oesdk-linux/usr/bin/aarch64-xilinx-elf/../../lib/aarch64-xilinx-elf/gcc/../../../lib/aarch64-xilinx-elf/gcc/aarch64-xilinx-elf/13.3.0/include"]
  ignore line: [ignoring nonexistent directory "/home/kuszman/Xilinx/2025.2/Vitis/gnu/aarch64/lin/aarch64-none/bin/../aarch64-xilinx-elf/usr/lib64/aarch64-xilinx-elf/13.3.0/include"]
  ignore line: [ignoring nonexistent directory "/home/kuszman/Xilinx/2025.2/Vitis/gnu/aarch64/lin/aarch64-none/bin/../aarch64-xilinx-elf/usr/local/include"]
  ignore line: [ignoring duplicate directory "/home/kuszman/Xilinx/2025.2/gnu/aarch64/lin/aarch64-none/x86_64-oesdk-linux/usr/bin/aarch64-xilinx-elf/../../lib/aarch64-xilinx-elf/gcc/../../../lib/aarch64-xilinx-elf/gcc/aarch64-xilinx-elf/13.3.0/include-fixed"]
  ignore line: [ignoring nonexistent directory "/home/kuszman/Xilinx/2025.2/gnu/aarch64/lin/aarch64-none/x86_64-oesdk-linux/usr/bin/aarch64-xilinx-elf/../../lib/aarch64-xilinx-elf/gcc/../../../lib/aarch64-xilinx-elf/gcc/aarch64-xilinx-elf/13.3.0/../../../../../aarch64-xilinx-elf/include"]
  ignore line: [#include "..." search starts here:]
  ignore line: [#include <...> search starts here:]
  ignore line: [ /home/kuszman/Magisterka/Intelligent-Vibroacoustic-Machine-Diagnostic-System-on-FPGA/ethernet/vitis/eth_platform/zynqmp_fsbl/zynqmp_fsbl_bsp/include]
  ignore line: [ /home/kuszman/Xilinx/2025.2/gnu/aarch64/lin/aarch64-none/x86_64-oesdk-linux/usr/bin/aarch64-xilinx-elf/../../lib/aarch64-xilinx-elf/gcc/aarch64-xilinx-elf/13.3.0/include]
  ignore line: [ /home/kuszman/Xilinx/2025.2/gnu/aarch64/lin/aarch64-none/x86_64-oesdk-linux/usr/bin/aarch64-xilinx-elf/../../lib/aarch64-xilinx-elf/gcc/aarch64-xilinx-elf/13.3.0/include-fixed]
  ignore line: [ /home/kuszman/Xilinx/2025.2/Vitis/gnu/aarch64/lin/aarch64-none/bin/../aarch64-xilinx-elf/usr/include/]
  ignore line: [End of search list.]
  ignore line: [Compiler executable checksum: bf4f7e99d9c79ea23b0a478fa2e8108a]
  ignore line: [COLLECT_GCC_OPTIONS='--sysroot=/home/kuszman/Xilinx/2025.2/Vitis/gnu/aarch64/lin/aarch64-none/bin/../aarch64-xilinx-elf' '-mbranch-protection=none' '-D' 'SDT' '-MMD' '-MP' '-specs=/home/kuszman/Magisterka/Intelligent-Vibroacoustic-Machine-Diagnostic-System-on-FPGA/ethernet/vitis/eth_platform/zynqmp_fsbl/zynqmp_fsbl_bsp/Xilinx.spec' '-Os' '-flto' '-ffat-lto-objects' '-D' 'ARMA53_64' '-I' '/home/kuszman/Magisterka/Intelligent-Vibroacoustic-Machine-Diagnostic-System-on-FPGA/ethernet/vitis/eth_platform/zynqmp_fsbl/zynqmp_fsbl_bsp/include' '-v' '-o' 'CMakeFiles/cmTC_42761.dir/CMakeCCompilerABI.c.obj' '-c' '-march=armv8-a' '-mlittle-endian' '-mabi=lp64' '-dumpdir' 'CMakeFiles/cmTC_42761.dir/']
  ignore line: [ /home/kuszman/Xilinx/2025.2/gnu/aarch64/lin/aarch64-none/x86_64-oesdk-linux/usr/bin/aarch64-xilinx-elf/../../libexec/aarch64-xilinx-elf/gcc/aarch64-xilinx-elf/13.3.0/as -v -I /home/kuszman/Magisterka/Intelligent-Vibroacoustic-Machine-Diagnostic-System-on-FPGA/ethernet/vitis/eth_platform/zynqmp_fsbl/zynqmp_fsbl_bsp/include -EL -march=armv8-a -mabi=lp64 -o CMakeFiles/cmTC_42761.dir/CMakeCCompilerABI.c.obj /tmp/ccXoD9xy.s]
  ignore line: [GNU assembler version 2.42.0 (aarch64-xilinx-elf) using BFD version (GNU Binutils) 2.42.0.20240723]
  ignore line: [COMPILER_PATH=/home/kuszman/Xilinx/2025.2/gnu/aarch64/lin/aarch64-none/x86_64-oesdk-linux/usr/bin/aarch64-xilinx-elf/../../libexec/aarch64-xilinx-elf/gcc/aarch64-xilinx-elf/13.3.0/:/home/kuszman/Xilinx/2025.2/gnu/aarch64/lin/aarch64-none/x86_64-oesdk-linux/usr/bin/aarch64-xilinx-elf/../../libexec/aarch64-xilinx-elf/gcc/]
  ignore line: [LIBRARY_PATH=/home/kuszman/Xilinx/2025.2/gnu/aarch64/lin/aarch64-none/x86_64-oesdk-linux/usr/bin/aarch64-xilinx-elf/../../lib/aarch64-xilinx-elf/gcc/aarch64-xilinx-elf/13.3.0/:/home/kuszman/Xilinx/2025.2/gnu/aarch64/lin/aarch64-none/x86_64-oesdk-linux/usr/bin/aarch64-xilinx-elf/../../lib/aarch64-xilinx-elf/gcc/:/home/kuszman/Xilinx/2025.2/Vitis/gnu/aarch64/lin/aarch64-none/bin/../aarch64-xilinx-elf/usr/lib64/aarch64-xilinx-elf/13.3.0/:/home/kuszman/Xilinx/2025.2/Vitis/gnu/aarch64/lin/aarch64-none/bin/../aarch64-xilinx-elf/usr/lib64/]
  ignore line: [COLLECT_GCC_OPTIONS='--sysroot=/home/kuszman/Xilinx/2025.2/Vitis/gnu/aarch64/lin/aarch64-none/bin/../aarch64-xilinx-elf' '-mbranch-protection=none' '-D' 'SDT' '-MMD' '-MP' '-specs=/home/kuszman/Magisterka/Intelligent-Vibroacoustic-Machine-Diagnostic-System-on-FPGA/ethernet/vitis/eth_platform/zynqmp_fsbl/zynqmp_fsbl_bsp/Xilinx.spec' '-Os' '-flto' '-ffat-lto-objects' '-D' 'ARMA53_64' '-I' '/home/kuszman/Magisterka/Intelligent-Vibroacoustic-Machine-Diagnostic-System-on-FPGA/ethernet/vitis/eth_platform/zynqmp_fsbl/zynqmp_fsbl_bsp/include' '-v' '-o' 'CMakeFiles/cmTC_42761.dir/CMakeCCompilerABI.c.obj' '-c' '-march=armv8-a' '-mlittle-endian' '-mabi=lp64' '-dumpdir' 'CMakeFiles/cmTC_42761.dir/CMakeCCompilerABI.c.']
  ignore line: [[2/2] Linking C executable cmTC_42761]
  ignore line: [Using built-in specs.]
  ignore line: [Reading specs from /home/kuszman/Magisterka/Intelligent-Vibroacoustic-Machine-Diagnostic-System-on-FPGA/ethernet/vitis/eth_platform/zynqmp_fsbl/zynqmp_fsbl_bsp/Xilinx.spec]
  ignore line: [COLLECT_GCC=/home/kuszman/Xilinx/2025.2/Vitis/gnu/aarch64/lin/aarch64-none/bin/../x86_64-oesdk-linux/usr/bin/aarch64-xilinx-elf/aarch64-xilinx-elf-gcc.real]
  ignore line: [COLLECT_LTO_WRAPPER=/home/kuszman/Xilinx/2025.2/gnu/aarch64/lin/aarch64-none/x86_64-oesdk-linux/usr/bin/aarch64-xilinx-elf/../../libexec/aarch64-xilinx-elf/gcc/aarch64-xilinx-elf/13.3.0/lto-wrapper]
  ignore line: [Target: aarch64-xilinx-elf]
  ignore line: [Configured with: ../../../../../../work-shared/gcc-13.3.0-r0/gcc-13.3.0/configure --build=x86_64-linux --host=x86_64-oesdk-linux --target=aarch64-xilinx-elf --prefix=/usr/local/oe-sdk-hardcoded-buildpath/sysroots/x86_64-oesdk-linux/usr --exec_prefix=/usr/local/oe-sdk-hardcoded-buildpath/sysroots/x86_64-oesdk-linux/usr --bindir=/usr/local/oe-sdk-hardcoded-buildpath/sysroots/x86_64-oesdk-linux/usr/bin/aarch64-xilinx-elf --sbindir=/usr/local/oe-sdk-hardcoded-buildpath/sysroots/x86_64-oesdk-linux/usr/bin/aarch64-xilinx-elf --libexecdir=/usr/local/oe-sdk-hardcoded-buildpath/sysroots/x86_64-oesdk-linux/usr/libexec/aarch64-xilinx-elf --datadir=/usr/local/oe-sdk-hardcoded-buildpath/sysroots/x86_64-oesdk-linux/usr/share --sysconfdir=/usr/local/oe-sdk-hardcoded-buildpath/sysroots/x86_64-oesdk-linux/etc --sharedstatedir=/usr/local/oe-sdk-hardcoded-buildpath/sysroots/x86_64-oesdk-linux/com --localstatedir=/usr/local/oe-sdk-hardcoded-buildpath/sysroots/x86_64-oesdk-linux/var --libdir=/usr/local/oe-sdk-hardcoded-buildpath/sysroots/x86_64-oesdk-linux/usr/lib/aarch64-xilinx-elf --includedir=/usr/local/oe-sdk-hardcoded-buildpath/sysroots/x86_64-oesdk-linux/usr/include --oldincludedir=/usr/local/oe-sdk-hardcoded-buildpath/sysroots/x86_64-oesdk-linux/usr/include --infodir=/usr/local/oe-sdk-hardcoded-buildpath/sysroots/x86_64-oesdk-linux/usr/share/info --mandir=/usr/local/oe-sdk-hardcoded-buildpath/sysroots/x86_64-oesdk-linux/usr/share/man --disable-silent-rules --disable-dependency-tracking --with-libtool-sysroot=/host --with-gnu-ld --enable-shared --enable-languages=c,c++,fortran --enable-threads=posix --enable-multilib --enable-c99 --enable-long-long --enable-libstdcxx-pch --program-prefix=aarch64-xilinx-elf- --without-local-prefix --disable-install-libiberty --disable-libssp --enable-libitm --enable-lto --disable-bootstrap --with-system-zlib --enable-linker-build-id --with-ppl=no --with-cloog=no --enable-checking=release --enable-cheaders=c_global --without-isl --with-gxx-include-dir=/not/exist/usr/include/c++/13.3.0 --with-build-time-tools=/host-native/usr/aarch64-xilinx-elf/bin --with-sysroot=/not/exist --with-build-sysroot=/host --with-plugin-ld=ld --enable-poison-system-directories --disable-static --enable-nls --with-glibc-version=2.28 --enable-initfini-array --enable-multilib --disable-libstdcxx-pch --with-newlib --disable-threads --enable-plugins --with-gnu-as --disable-libitm --disable-tm-clone-registry --disable-multiarch --with-arch=armv8-a --with-sysroot=/not/exist]
  ignore line: [Thread model: single]
  ignore line: [Supported LTO compression algorithms: zlib zstd]
  ignore line: [gcc version 13.3.0 (GCC) ]
  ignore line: [COMPILER_PATH=/home/kuszman/Xilinx/2025.2/gnu/aarch64/lin/aarch64-none/x86_64-oesdk-linux/usr/bin/aarch64-xilinx-elf/../../libexec/aarch64-xilinx-elf/gcc/aarch64-xilinx-elf/13.3.0/:/home/kuszman/Xilinx/2025.2/gnu/aarch64/lin/aarch64-none/x86_64-oesdk-linux/usr/bin/aarch64-xilinx-elf/../../libexec/aarch64-xilinx-elf/gcc/]
  ignore line: [LIBRARY_PATH=/home/kuszman/Xilinx/2025.2/gnu/aarch64/lin/aarch64-none/x86_64-oesdk-linux/usr/bin/aarch64-xilinx-elf/../../lib/aarch64-xilinx-elf/gcc/aarch64-xilinx-elf/13.3.0/:/home/kuszman/Xilinx/2025.2/gnu/aarch64/lin/aarch64-none/x86_64-oesdk-linux/usr/bin/aarch64-xilinx-elf/../../lib/aarch64-xilinx-elf/gcc/:/home/kuszman/Xilinx/2025.2/Vitis/gnu/aarch64/lin/aarch64-none/bin/../aarch64-xilinx-elf/usr/lib64/aarch64-xilinx-elf/13.3.0/:/home/kuszman/Xilinx/2025.2/Vitis/gnu/aarch64/lin/aarch64-none/bin/../aarch64-xilinx-elf/usr/lib64/]
  ignore line: [COLLECT_GCC_OPTIONS='--sysroot=/home/kuszman/Xilinx/2025.2/Vitis/gnu/aarch64/lin/aarch64-none/bin/../aarch64-xilinx-elf' '-mbranch-protection=none' '-D' 'SDT' '-MMD' '-MP' '-specs=/home/kuszman/Magisterka/Intelligent-Vibroacoustic-Machine-Diagnostic-System-on-FPGA/ethernet/vitis/eth_platform/zynqmp_fsbl/zynqmp_fsbl_bsp/Xilinx.spec' '-Os' '-flto' '-ffat-lto-objects' '-D' 'ARMA53_64' '-I' '/home/kuszman/Magisterka/Intelligent-Vibroacoustic-Machine-Diagnostic-System-on-FPGA/ethernet/vitis/eth_platform/zynqmp_fsbl/zynqmp_fsbl_bsp/include' '-v' '-o' 'cmTC_42761' '-march=armv8-a' '-mlittle-endian' '-mabi=lp64' '-dumpdir' 'cmTC_42761.']
  link line: [ /home/kuszman/Xilinx/2025.2/gnu/aarch64/lin/aarch64-none/x86_64-oesdk-linux/usr/bin/aarch64-xilinx-elf/../../libexec/aarch64-xilinx-elf/gcc/aarch64-xilinx-elf/13.3.0/collect2 -plugin /home/kuszman/Xilinx/2025.2/gnu/aarch64/lin/aarch64-none/x86_64-oesdk-linux/usr/bin/aarch64-xilinx-elf/../../libexec/aarch64-xilinx-elf/gcc/aarch64-xilinx-elf/13.3.0/liblto_plugin.so -plugin-opt=/home/kuszman/Xilinx/2025.2/gnu/aarch64/lin/aarch64-none/x86_64-oesdk-linux/usr/bin/aarch64-xilinx-elf/../../libexec/aarch64-xilinx-elf/gcc/aarch64-xilinx-elf/13.3.0/lto-wrapper -plugin-opt=-fresolution=/tmp/ccPAQ2e0.res -plugin-opt=-pass-through=-lgcc -plugin-opt=-pass-through=-lc -plugin-opt=-pass-through=-lgcc -flto --sysroot=/home/kuszman/Xilinx/2025.2/Vitis/gnu/aarch64/lin/aarch64-none/bin/../aarch64-xilinx-elf --build-id -EL -X -maarch64elf -o cmTC_42761 /home/kuszman/Xilinx/2025.2/Vitis/gnu/aarch64/lin/aarch64-none/bin/../aarch64-xilinx-elf/usr/lib64/aarch64-xilinx-elf/13.3.0/crti.o /home/kuszman/Xilinx/2025.2/Vitis/gnu/aarch64/lin/aarch64-none/bin/../aarch64-xilinx-elf/usr/lib64/aarch64-xilinx-elf/13.3.0/crtbegin.o -L/home/kuszman/Xilinx/2025.2/gnu/aarch64/lin/aarch64-none/x86_64-oesdk-linux/usr/bin/aarch64-xilinx-elf/../../lib/aarch64-xilinx-elf/gcc/aarch64-xilinx-elf/13.3.0 -L/home/kuszman/Xilinx/2025.2/gnu/aarch64/lin/aarch64-none/x86_64-oesdk-linux/usr/bin/aarch64-xilinx-elf/../../lib/aarch64-xilinx-elf/gcc -L/home/kuszman/Xilinx/2025.2/Vitis/gnu/aarch64/lin/aarch64-none/bin/../aarch64-xilinx-elf/usr/lib64/aarch64-xilinx-elf/13.3.0 -L/home/kuszman/Xilinx/2025.2/Vitis/gnu/aarch64/lin/aarch64-none/bin/../aarch64-xilinx-elf/usr/lib64 --no-warn-rwx-segment CMakeFiles/cmTC_42761.dir/CMakeCCompilerABI.c.obj -lgcc -lc -lgcc /home/kuszman/Xilinx/2025.2/Vitis/gnu/aarch64/lin/aarch64-none/bin/../aarch64-xilinx-elf/usr/lib64/aarch64-xilinx-elf/13.3.0/crtend.o /home/kuszman/Xilinx/2025.2/Vitis/gnu/aarch64/lin/aarch64-none/bin/../aarch64-xilinx-elf/usr/lib64/aarch64-xilinx-elf/13.3.0/crtn.o]
    arg [/home/kuszman/Xilinx/2025.2/gnu/aarch64/lin/aarch64-none/x86_64-oesdk-linux/usr/bin/aarch64-xilinx-elf/../../libexec/aarch64-xilinx-elf/gcc/aarch64-xilinx-elf/13.3.0/collect2] ==> ignore
    arg [-plugin] ==> ignore
    arg [/home/kuszman/Xilinx/2025.2/gnu/aarch64/lin/aarch64-none/x86_64-oesdk-linux/usr/bin/aarch64-xilinx-elf/../../libexec/aarch64-xilinx-elf/gcc/aarch64-xilinx-elf/13.3.0/liblto_plugin.so] ==> ignore
    arg [-plugin-opt=/home/kuszman/Xilinx/2025.2/gnu/aarch64/lin/aarch64-none/x86_64-oesdk-linux/usr/bin/aarch64-xilinx-elf/../../libexec/aarch64-xilinx-elf/gcc/aarch64-xilinx-elf/13.3.0/lto-wrapper] ==> ignore
    arg [-plugin-opt=-fresolution=/tmp/ccPAQ2e0.res] ==> ignore
    arg [-plugin-opt=-pass-through=-lgcc] ==> ignore
    arg [-plugin-opt=-pass-through=-lc] ==> ignore
    arg [-plugin-opt=-pass-through=-lgcc] ==> ignore
    arg [-flto] ==> ignore
    arg [--sysroot=/home/kuszman/Xilinx/2025.2/Vitis/gnu/aarch64/lin/aarch64-none/bin/../aarch64-xilinx-elf] ==> ignore
    arg [--build-id] ==> ignore
    arg [-EL] ==> ignore
    arg [-X] ==> ignore
    arg [-maarch64elf] ==> ignore
    arg [-o] ==> ignore
    arg [cmTC_42761] ==> ignore
    arg [/home/kuszman/Xilinx/2025.2/Vitis/gnu/aarch64/lin/aarch64-none/bin/../aarch64-xilinx-elf/usr/lib64/aarch64-xilinx-elf/13.3.0/crti.o] ==> obj [/home/kuszman/Xilinx/2025.2/Vitis/gnu/aarch64/lin/aarch64-none/bin/../aarch64-xilinx-elf/usr/lib64/aarch64-xilinx-elf/13.3.0/crti.o]
    arg [/home/kuszman/Xilinx/2025.2/Vitis/gnu/aarch64/lin/aarch64-none/bin/../aarch64-xilinx-elf/usr/lib64/aarch64-xilinx-elf/13.3.0/crtbegin.o] ==> obj [/home/kuszman/Xilinx/2025.2/Vitis/gnu/aarch64/lin/aarch64-none/bin/../aarch64-xilinx-elf/usr/lib64/aarch64-xilinx-elf/13.3.0/crtbegin.o]
    arg [-L/home/kuszman/Xilinx/2025.2/gnu/aarch64/lin/aarch64-none/x86_64-oesdk-linux/usr/bin/aarch64-xilinx-elf/../../lib/aarch64-xilinx-elf/gcc/aarch64-xilinx-elf/13.3.0] ==> dir [/home/kuszman/Xilinx/2025.2/gnu/aarch64/lin/aarch64-none/x86_64-oesdk-linux/usr/bin/aarch64-xilinx-elf/../../lib/aarch64-xilinx-elf/gcc/aarch64-xilinx-elf/13.3.0]
    arg [-L/home/kuszman/Xilinx/2025.2/gnu/aarch64/lin/aarch64-none/x86_64-oesdk-linux/usr/bin/aarch64-xilinx-elf/../../lib/aarch64-xilinx-elf/gcc] ==> dir [/home/kuszman/Xilinx/2025.2/gnu/aarch64/lin/aarch64-none/x86_64-oesdk-linux/usr/bin/aarch64-xilinx-elf/../../lib/aarch64-xilinx-elf/gcc]
    arg [-L/home/kuszman/Xilinx/2025.2/Vitis/gnu/aarch64/lin/aarch64-none/bin/../aarch64-xilinx-elf/usr/lib64/aarch64-xilinx-elf/13.3.0] ==> dir [/home/kuszman/Xilinx/2025.2/Vitis/gnu/aarch64/lin/aarch64-none/bin/../aarch64-xilinx-elf/usr/lib64/aarch64-xilinx-elf/13.3.0]
    arg [-L/home/kuszman/Xilinx/2025.2/Vitis/gnu/aarch64/lin/aarch64-none/bin/../aarch64-xilinx-elf/usr/lib64] ==> dir [/home/kuszman/Xilinx/2025.2/Vitis/gnu/aarch64/lin/aarch64-none/bin/../aarch64-xilinx-elf/usr/lib64]
    arg [--no-warn-rwx-segment] ==> ignore
    arg [CMakeFiles/cmTC_42761.dir/CMakeCCompilerABI.c.obj] ==> ignore
    arg [-lgcc] ==> lib [gcc]
    arg [-lc] ==> lib [c]
    arg [-lgcc] ==> lib [gcc]
    arg [/home/kuszman/Xilinx/2025.2/Vitis/gnu/aarch64/lin/aarch64-none/bin/../aarch64-xilinx-elf/usr/lib64/aarch64-xilinx-elf/13.3.0/crtend.o] ==> obj [/home/kuszman/Xilinx/2025.2/Vitis/gnu/aarch64/lin/aarch64-none/bin/../aarch64-xilinx-elf/usr/lib64/aarch64-xilinx-elf/13.3.0/crtend.o]
    arg [/home/kuszman/Xilinx/2025.2/Vitis/gnu/aarch64/lin/aarch64-none/bin/../aarch64-xilinx-elf/usr/lib64/aarch64-xilinx-elf/13.3.0/crtn.o] ==> obj [/home/kuszman/Xilinx/2025.2/Vitis/gnu/aarch64/lin/aarch64-none/bin/../aarch64-xilinx-elf/usr/lib64/aarch64-xilinx-elf/13.3.0/crtn.o]
  collapse obj [/home/kuszman/Xilinx/2025.2/Vitis/gnu/aarch64/lin/aarch64-none/bin/../aarch64-xilinx-elf/usr/lib64/aarch64-xilinx-elf/13.3.0/crti.o] ==> [/home/kuszman/Xilinx/2025.2/Vitis/gnu/aarch64/lin/aarch64-none/aarch64-xilinx-elf/usr/lib64/aarch64-xilinx-elf/13.3.0/crti.o]
  collapse obj [/home/kuszman/Xilinx/2025.2/Vitis/gnu/aarch64/lin/aarch64-none/bin/../aarch64-xilinx-elf/usr/lib64/aarch64-xilinx-elf/13.3.0/crtbegin.o] ==> [/home/kuszman/Xilinx/2025.2/Vitis/gnu/aarch64/lin/aarch64-none/aarch64-xilinx-elf/usr/lib64/aarch64-xilinx-elf/13.3.0/crtbegin.o]
  collapse obj [/home/kuszman/Xilinx/2025.2/Vitis/gnu/aarch64/lin/aarch64-none/bin/../aarch64-xilinx-elf/usr/lib64/aarch64-xilinx-elf/13.3.0/crtend.o] ==> [/home/kuszman/Xilinx/2025.2/Vitis/gnu/aarch64/lin/aarch64-none/aarch64-xilinx-elf/usr/lib64/aarch64-xilinx-elf/13.3.0/crtend.o]
  collapse obj [/home/kuszman/Xilinx/2025.2/Vitis/gnu/aarch64/lin/aarch64-none/bin/../aarch64-xilinx-elf/usr/lib64/aarch64-xilinx-elf/13.3.0/crtn.o] ==> [/home/kuszman/Xilinx/2025.2/Vitis/gnu/aarch64/lin/aarch64-none/aarch64-xilinx-elf/usr/lib64/aarch64-xilinx-elf/13.3.0/crtn.o]
  collapse library dir [/home/kuszman/Xilinx/2025.2/gnu/aarch64/lin/aarch64-none/x86_64-oesdk-linux/usr/bin/aarch64-xilinx-elf/../../lib/aarch64-xilinx-elf/gcc/aarch64-xilinx-elf/13.3.0] ==> [/home/kuszman/Xilinx/2025.2/gnu/aarch64/lin/aarch64-none/x86_64-oesdk-linux/usr/lib/aarch64-xilinx-elf/gcc/aarch64-xilinx-elf/13.3.0]
  collapse library dir [/home/kuszman/Xilinx/2025.2/gnu/aarch64/lin/aarch64-none/x86_64-oesdk-linux/usr/bin/aarch64-xilinx-elf/../../lib/aarch64-xilinx-elf/gcc] ==> [/home/kuszman/Xilinx/2025.2/gnu/aarch64/lin/aarch64-none/x86_64-oesdk-linux/usr/lib/aarch64-xilinx-elf/gcc]
  collapse library dir [/home/kuszman/Xilinx/2025.2/Vitis/gnu/aarch64/lin/aarch64-none/bin/../aarch64-xilinx-elf/usr/lib64/aarch64-xilinx-elf/13.3.0] ==> [/home/kuszman/Xilinx/2025.2/Vitis/gnu/aarch64/lin/aarch64-none/aarch64-xilinx-elf/usr/lib64/aarch64-xilinx-elf/13.3.0]
  collapse library dir [/home/kuszman/Xilinx/2025.2/Vitis/gnu/aarch64/lin/aarch64-none/bin/../aarch64-xilinx-elf/usr/lib64] ==> [/home/kuszman/Xilinx/2025.2/Vitis/gnu/aarch64/lin/aarch64-none/aarch64-xilinx-elf/usr/lib64]
  implicit libs: [gcc;c;gcc]
  implicit objs: [/home/kuszman/Xilinx/2025.2/Vitis/gnu/aarch64/lin/aarch64-none/aarch64-xilinx-elf/usr/lib64/aarch64-xilinx-elf/13.3.0/crti.o;/home/kuszman/Xilinx/2025.2/Vitis/gnu/aarch64/lin/aarch64-none/aarch64-xilinx-elf/usr/lib64/aarch64-xilinx-elf/13.3.0/crtbegin.o;/home/kuszman/Xilinx/2025.2/Vitis/gnu/aarch64/lin/aarch64-none/aarch64-xilinx-elf/usr/lib64/aarch64-xilinx-elf/13.3.0/crtend.o;/home/kuszman/Xilinx/2025.2/Vitis/gnu/aarch64/lin/aarch64-none/aarch64-xilinx-elf/usr/lib64/aarch64-xilinx-elf/13.3.0/crtn.o]
  implicit dirs: [/home/kuszman/Xilinx/2025.2/gnu/aarch64/lin/aarch64-none/x86_64-oesdk-linux/usr/lib/aarch64-xilinx-elf/gcc/aarch64-xilinx-elf/13.3.0;/home/kuszman/Xilinx/2025.2/gnu/aarch64/lin/aarch64-none/x86_64-oesdk-linux/usr/lib/aarch64-xilinx-elf/gcc;/home/kuszman/Xilinx/2025.2/Vitis/gnu/aarch64/lin/aarch64-none/aarch64-xilinx-elf/usr/lib64/aarch64-xilinx-elf/13.3.0;/home/kuszman/Xilinx/2025.2/Vitis/gnu/aarch64/lin/aarch64-none/aarch64-xilinx-elf/usr/lib64]
  implicit fwks: []


Detecting CXX compiler ABI info compiled with the following output:
Change Dir: /home/kuszman/Magisterka/Intelligent-Vibroacoustic-Machine-Diagnostic-System-on-FPGA/ethernet/vitis/eth_platform/zynqmp_fsbl/zynqmp_fsbl_bsp/libsrc/build_configs/gen_bsp/CMakeFiles/CMakeTmp

Run Build Command(s):/home/kuszman/Xilinx/2025.2/Vitis/bin/ninja cmTC_7fba2 && [1/2] Building CXX object CMakeFiles/cmTC_7fba2.dir/CMakeCXXCompilerABI.cpp.obj
Using built-in specs.
Reading specs from /home/kuszman/Magisterka/Intelligent-Vibroacoustic-Machine-Diagnostic-System-on-FPGA/ethernet/vitis/eth_platform/zynqmp_fsbl/zynqmp_fsbl_bsp/Xilinx.spec
COLLECT_GCC=/home/kuszman/Xilinx/2025.2/Vitis/gnu/aarch64/lin/aarch64-none/bin/../x86_64-oesdk-linux/usr/bin/aarch64-xilinx-elf/aarch64-xilinx-elf-g++.real
Target: aarch64-xilinx-elf
Configured with: ../../../../../../work-shared/gcc-13.3.0-r0/gcc-13.3.0/configure --build=x86_64-linux --host=x86_64-oesdk-linux --target=aarch64-xilinx-elf --prefix=/usr/local/oe-sdk-hardcoded-buildpath/sysroots/x86_64-oesdk-linux/usr --exec_prefix=/usr/local/oe-sdk-hardcoded-buildpath/sysroots/x86_64-oesdk-linux/usr --bindir=/usr/local/oe-sdk-hardcoded-buildpath/sysroots/x86_64-oesdk-linux/usr/bin/aarch64-xilinx-elf --sbindir=/usr/local/oe-sdk-hardcoded-buildpath/sysroots/x86_64-oesdk-linux/usr/bin/aarch64-xilinx-elf --libexecdir=/usr/local/oe-sdk-hardcoded-buildpath/sysroots/x86_64-oesdk-linux/usr/libexec/aarch64-xilinx-elf --datadir=/usr/local/oe-sdk-hardcoded-buildpath/sysroots/x86_64-oesdk-linux/usr/share --sysconfdir=/usr/local/oe-sdk-hardcoded-buildpath/sysroots/x86_64-oesdk-linux/etc --sharedstatedir=/usr/local/oe-sdk-hardcoded-buildpath/sysroots/x86_64-oesdk-linux/com --localstatedir=/usr/local/oe-sdk-hardcoded-buildpath/sysroots/x86_64-oesdk-linux/var --libdir=/usr/local/oe-sdk-hardcoded-buildpath/sysroots/x86_64-oesdk-linux/usr/lib/aarch64-xilinx-elf --includedir=/usr/local/oe-sdk-hardcoded-buildpath/sysroots/x86_64-oesdk-linux/usr/include --oldincludedir=/usr/local/oe-sdk-hardcoded-buildpath/sysroots/x86_64-oesdk-linux/usr/include --infodir=/usr/local/oe-sdk-hardcoded-buildpath/sysroots/x86_64-oesdk-linux/usr/share/info --mandir=/usr/local/oe-sdk-hardcoded-buildpath/sysroots/x86_64-oesdk-linux/usr/share/man --disable-silent-rules --disable-dependency-tracking --with-libtool-sysroot=/host --with-gnu-ld --enable-shared --enable-languages=c,c++,fortran --enable-threads=posix --enable-multilib --enable-c99 --enable-long-long --enable-libstdcxx-pch --program-prefix=aarch64-xilinx-elf- --without-local-prefix --disable-install-libiberty --disable-libssp --enable-libitm --enable-lto --disable-bootstrap --with-system-zlib --enable-linker-build-id --with-ppl=no --with-cloog=no --enable-checking=release --enable-cheaders=c_global --without-isl --with-gxx-include-dir=/not/exist/usr/include/c++/13.3.0 --with-build-time-tools=/host-native/usr/aarch64-xilinx-elf/bin --with-sysroot=/not/exist --with-build-sysroot=/host --with-plugin-ld=ld --enable-poison-system-directories --disable-static --enable-nls --with-glibc-version=2.28 --enable-initfini-array --enable-multilib --disable-libstdcxx-pch --with-newlib --disable-threads --enable-plugins --with-gnu-as --disable-libitm --disable-tm-clone-registry --disable-multiarch --with-arch=armv8-a --with-sysroot=/not/exist
Thread model: single
Supported LTO compression algorithms: zlib zstd
gcc version 13.3.0 (GCC) 
COLLECT_GCC_OPTIONS='--sysroot=/home/kuszman/Xilinx/2025.2/Vitis/gnu/aarch64/lin/aarch64-none/bin/../aarch64-xilinx-elf' '-mbranch-protection=none' '-D' 'SDT' '-MMD' '-MP' '-specs=/home/kuszman/Magisterka/Intelligent-Vibroacoustic-Machine-Diagnostic-System-on-FPGA/ethernet/vitis/eth_platform/zynqmp_fsbl/zynqmp_fsbl_bsp/Xilinx.spec' '-Os' '-flto' '-ffat-lto-objects' '-D' 'ARMA53_64' '-I' '/home/kuszman/Magisterka/Intelligent-Vibroacoustic-Machine-Diagnostic-System-on-FPGA/ethernet/vitis/eth_platform/zynqmp_fsbl/zynqmp_fsbl_bsp/include' '-v' '-o' 'CMakeFiles/cmTC_7fba2.dir/CMakeCXXCompilerABI.cpp.obj' '-c' '-march=armv8-a' '-mlittle-endian' '-mabi=lp64' '-dumpdir' 'CMakeFiles/cmTC_7fba2.dir/'
 /home/kuszman/Xilinx/2025.2/gnu/aarch64/lin/aarch64-none/x86_64-oesdk-linux/usr/bin/aarch64-xilinx-elf/../../libexec/aarch64-xilinx-elf/gcc/aarch64-xilinx-elf/13.3.0/cc1plus -quiet -v -I /home/kuszman/Magisterka/Intelligent-Vibroacoustic-Machine-Diagnostic-System-on-FPGA/ethernet/vitis/eth_platform/zynqmp_fsbl/zynqmp_fsbl_bsp/include -iprefix /home/kuszman/Xilinx/2025.2/gnu/aarch64/lin/aarch64-none/x86_64-oesdk-linux/usr/bin/aarch64-xilinx-elf/../../lib/aarch64-xilinx-elf/gcc/aarch64-xilinx-elf/13.3.0/ -isysroot /home/kuszman/Xilinx/2025.2/Vitis/gnu/aarch64/lin/aarch64-none/bin/../aarch64-xilinx-elf -MMD CMakeFiles/cmTC_7fba2.dir/CMakeCXXCompilerABI.cpp.d -MP -MQ CMakeFiles/cmTC_7fba2.dir/CMakeCXXCompilerABI.cpp.obj -D SDT -D ARMA53_64 /home/kuszman/Xilinx/2025.2/tps/lnx64/cmake-3.24.2/share/cmake-3.24/Modules/CMakeCXXCompilerABI.cpp -quiet -dumpdir CMakeFiles/cmTC_7fba2.dir/ -dumpbase CMakeCXXCompilerABI.cpp.cpp -dumpbase-ext .cpp -mbranch-protection=none -march=armv8-a -mlittle-endian -mabi=lp64 -Os -version -flto -ffat-lto-objects -o /tmp/ccQGIhvj.s
GNU C++17 (GCC) version 13.3.0 (aarch64-xilinx-elf)
	compiled by GNU C version 13.3.0, GMP version 6.3.0, MPFR version 4.2.1, MPC version 1.3.1, isl version none
GGC heuristics: --param ggc-min-expand=100 --param ggc-min-heapsize=131072
ignoring nonexistent directory "/home/kuszman/Xilinx/2025.2/gnu/aarch64/lin/aarch64-none/x86_64-oesdk-linux/usr/bin/aarch64-xilinx-elf/../../lib/aarch64-xilinx-elf/gcc/aarch64-xilinx-elf/13.3.0/../../../../../aarch64-xilinx-elf/include"
ignoring duplicate directory "/home/kuszman/Xilinx/2025.2/gnu/aarch64/lin/aarch64-none/x86_64-oesdk-linux/usr/bin/aarch64-xilinx-elf/../../lib/aarch64-xilinx-elf/gcc/../../../lib/aarch64-xilinx-elf/gcc/aarch64-xilinx-elf/13.3.0/include"
ignoring nonexistent directory "/home/kuszman/Xilinx/2025.2/Vitis/gnu/aarch64/lin/aarch64-none/bin/../aarch64-xilinx-elf/usr/lib64/aarch64-xilinx-elf/13.3.0/include"
ignoring nonexistent directory "/home/kuszman/Xilinx/2025.2/Vitis/gnu/aarch64/lin/aarch64-none/bin/../aarch64-xilinx-elf/usr/local/include"
ignoring duplicate directory "/home/kuszman/Xilinx/2025.2/gnu/aarch64/lin/aarch64-none/x86_64-oesdk-linux/usr/bin/aarch64-xilinx-elf/../../lib/aarch64-xilinx-elf/gcc/../../../lib/aarch64-xilinx-elf/gcc/aarch64-xilinx-elf/13.3.0/include-fixed"
ignoring nonexistent directory "/home/kuszman/Xilinx/2025.2/gnu/aarch64/lin/aarch64-none/x86_64-oesdk-linux/usr/bin/aarch64-xilinx-elf/../../lib/aarch64-xilinx-elf/gcc/../../../lib/aarch64-xilinx-elf/gcc/aarch64-xilinx-elf/13.3.0/../../../../../aarch64-xilinx-elf/include"
#include "..." search starts here:
#include <...> search starts here:
 /home/kuszman/Magisterka/Intelligent-Vibroacoustic-Machine-Diagnostic-System-on-FPGA/ethernet/vitis/eth_platform/zynqmp_fsbl/zynqmp_fsbl_bsp/include
 /home/kuszman/Xilinx/2025.2/gnu/aarch64/lin/aarch64-none/x86_64-oesdk-linux/usr/bin/aarch64-xilinx-elf/../../lib/aarch64-xilinx-elf/gcc/aarch64-xilinx-elf/13.3.0/include
 /home/kuszman/Xilinx/2025.2/gnu/aarch64/lin/aarch64-none/x86_64-oesdk-linux/usr/bin/aarch64-xilinx-elf/../../lib/aarch64-xilinx-elf/gcc/aarch64-xilinx-elf/13.3.0/include-fixed
 /home/kuszman/Xilinx/2025.2/Vitis/gnu/aarch64/lin/aarch64-none/bin/../aarch64-xilinx-elf/usr/include/c++/13.3.0
 /home/kuszman/Xilinx/2025.2/Vitis/gnu/aarch64/lin/aarch64-none/bin/../aarch64-xilinx-elf/usr/include/c++/13.3.0/aarch64-xilinx-elf
 /home/kuszman/Xilinx/2025.2/Vitis/gnu/aarch64/lin/aarch64-none/bin/../aarch64-xilinx-elf/usr/include/c++/13.3.0/backward
 /home/kuszman/Xilinx/2025.2/Vitis/gnu/aarch64/lin/aarch64-none/bin/../aarch64-xilinx-elf/usr/include/
End of search list.
Compiler executable checksum: ad182f738cfb6404092bcf9bf3548eda
COLLECT_GCC_OPTIONS='--sysroot=/home/kuszman/Xilinx/2025.2/Vitis/gnu/aarch64/lin/aarch64-none/bin/../aarch64-xilinx-elf' '-mbranch-protection=none' '-D' 'SDT' '-MMD' '-MP' '-specs=/home/kuszman/Magisterka/Intelligent-Vibroacoustic-Machine-Diagnostic-System-on-FPGA/ethernet/vitis/eth_platform/zynqmp_fsbl/zynqmp_fsbl_bsp/Xilinx.spec' '-Os' '-flto' '-ffat-lto-objects' '-D' 'ARMA53_64' '-I' '/home/kuszman/Magisterka/Intelligent-Vibroacoustic-Machine-Diagnostic-System-on-FPGA/ethernet/vitis/eth_platform/zynqmp_fsbl/zynqmp_fsbl_bsp/include' '-v' '-o' 'CMakeFiles/cmTC_7fba2.dir/CMakeCXXCompilerABI.cpp.obj' '-c' '-march=armv8-a' '-mlittle-endian' '-mabi=lp64' '-dumpdir' 'CMakeFiles/cmTC_7fba2.dir/'
 /home/kuszman/Xilinx/2025.2/gnu/aarch64/lin/aarch64-none/x86_64-oesdk-linux/usr/bin/aarch64-xilinx-elf/../../libexec/aarch64-xilinx-elf/gcc/aarch64-xilinx-elf/13.3.0/as -v -I /home/kuszman/Magisterka/Intelligent-Vibroacoustic-Machine-Diagnostic-System-on-FPGA/ethernet/vitis/eth_platform/zynqmp_fsbl/zynqmp_fsbl_bsp/include -EL -march=armv8-a -mabi=lp64 -o CMakeFiles/cmTC_7fba2.dir/CMakeCXXCompilerABI.cpp.obj /tmp/ccQGIhvj.s
GNU assembler version 2.42.0 (aarch64-xilinx-elf) using BFD version (GNU Binutils) 2.42.0.20240723
COMPILER_PATH=/home/kuszman/Xilinx/2025.2/gnu/aarch64/lin/aarch64-none/x86_64-oesdk-linux/usr/bin/aarch64-xilinx-elf/../../libexec/aarch64-xilinx-elf/gcc/aarch64-xilinx-elf/13.3.0/:/home/kuszman/Xilinx/2025.2/gnu/aarch64/lin/aarch64-none/x86_64-oesdk-linux/usr/bin/aarch64-xilinx-elf/../../libexec/aarch64-xilinx-elf/gcc/
LIBRARY_PATH=/home/kuszman/Xilinx/2025.2/gnu/aarch64/lin/aarch64-none/x86_64-oesdk-linux/usr/bin/aarch64-xilinx-elf/../../lib/aarch64-xilinx-elf/gcc/aarch64-xilinx-elf/13.3.0/:/home/kuszman/Xilinx/2025.2/gnu/aarch64/lin/aarch64-none/x86_64-oesdk-linux/usr/bin/aarch64-xilinx-elf/../../lib/aarch64-xilinx-elf/gcc/:/home/kuszman/Xilinx/2025.2/Vitis/gnu/aarch64/lin/aarch64-none/bin/../aarch64-xilinx-elf/usr/lib64/aarch64-xilinx-elf/13.3.0/:/home/kuszman/Xilinx/2025.2/Vitis/gnu/aarch64/lin/aarch64-none/bin/../aarch64-xilinx-elf/usr/lib64/
COLLECT_GCC_OPTIONS='--sysroot=/home/kuszman/Xilinx/2025.2/Vitis/gnu/aarch64/lin/aarch64-none/bin/../aarch64-xilinx-elf' '-mbranch-protection=none' '-D' 'SDT' '-MMD' '-MP' '-specs=/home/kuszman/Magisterka/Intelligent-Vibroacoustic-Machine-Diagnostic-System-on-FPGA/ethernet/vitis/eth_platform/zynqmp_fsbl/zynqmp_fsbl_bsp/Xilinx.spec' '-Os' '-flto' '-ffat-lto-objects' '-D' 'ARMA53_64' '-I' '/home/kuszman/Magisterka/Intelligent-Vibroacoustic-Machine-Diagnostic-System-on-FPGA/ethernet/vitis/eth_platform/zynqmp_fsbl/zynqmp_fsbl_bsp/include' '-v' '-o' 'CMakeFiles/cmTC_7fba2.dir/CMakeCXXCompilerABI.cpp.obj' '-c' '-march=armv8-a' '-mlittle-endian' '-mabi=lp64' '-dumpdir' 'CMakeFiles/cmTC_7fba2.dir/CMakeCXXCompilerABI.cpp.'
[2/2] Linking CXX executable cmTC_7fba2
Using built-in specs.
Reading specs from /home/kuszman/Magisterka/Intelligent-Vibroacoustic-Machine-Diagnostic-System-on-FPGA/ethernet/vitis/eth_platform/zynqmp_fsbl/zynqmp_fsbl_bsp/Xilinx.spec
COLLECT_GCC=/home/kuszman/Xilinx/2025.2/Vitis/gnu/aarch64/lin/aarch64-none/bin/../x86_64-oesdk-linux/usr/bin/aarch64-xilinx-elf/aarch64-xilinx-elf-g++.real
COLLECT_LTO_WRAPPER=/home/kuszman/Xilinx/2025.2/gnu/aarch64/lin/aarch64-none/x86_64-oesdk-linux/usr/bin/aarch64-xilinx-elf/../../libexec/aarch64-xilinx-elf/gcc/aarch64-xilinx-elf/13.3.0/lto-wrapper
Target: aarch64-xilinx-elf
Configured with: ../../../../../../work-shared/gcc-13.3.0-r0/gcc-13.3.0/configure --build=x86_64-linux --host=x86_64-oesdk-linux --target=aarch64-xilinx-elf --prefix=/usr/local/oe-sdk-hardcoded-buildpath/sysroots/x86_64-oesdk-linux/usr --exec_prefix=/usr/local/oe-sdk-hardcoded-buildpath/sysroots/x86_64-oesdk-linux/usr --bindir=/usr/local/oe-sdk-hardcoded-buildpath/sysroots/x86_64-oesdk-linux/usr/bin/aarch64-xilinx-elf --sbindir=/usr/local/oe-sdk-hardcoded-buildpath/sysroots/x86_64-oesdk-linux/usr/bin/aarch64-xilinx-elf --libexecdir=/usr/local/oe-sdk-hardcoded-buildpath/sysroots/x86_64-oesdk-linux/usr/libexec/aarch64-xilinx-elf --datadir=/usr/local/oe-sdk-hardcoded-buildpath/sysroots/x86_64-oesdk-linux/usr/share --sysconfdir=/usr/local/oe-sdk-hardcoded-buildpath/sysroots/x86_64-oesdk-linux/etc --sharedstatedir=/usr/local/oe-sdk-hardcoded-buildpath/sysroots/x86_64-oesdk-linux/com --localstatedir=/usr/local/oe-sdk-hardcoded-buildpath/sysroots/x86_64-oesdk-linux/var --libdir=/usr/local/oe-sdk-hardcoded-buildpath/sysroots/x86_64-oesdk-linux/usr/lib/aarch64-xilinx-elf --includedir=/usr/local/oe-sdk-hardcoded-buildpath/sysroots/x86_64-oesdk-linux/usr/include --oldincludedir=/usr/local/oe-sdk-hardcoded-buildpath/sysroots/x86_64-oesdk-linux/usr/include --infodir=/usr/local/oe-sdk-hardcoded-buildpath/sysroots/x86_64-oesdk-linux/usr/share/info --mandir=/usr/local/oe-sdk-hardcoded-buildpath/sysroots/x86_64-oesdk-linux/usr/share/man --disable-silent-rules --disable-dependency-tracking --with-libtool-sysroot=/host --with-gnu-ld --enable-shared --enable-languages=c,c++,fortran --enable-threads=posix --enable-multilib --enable-c99 --enable-long-long --enable-libstdcxx-pch --program-prefix=aarch64-xilinx-elf- --without-local-prefix --disable-install-libiberty --disable-libssp --enable-libitm --enable-lto --disable-bootstrap --with-system-zlib --enable-linker-build-id --with-ppl=no --with-cloog=no --enable-checking=release --enable-cheaders=c_global --without-isl --with-gxx-include-dir=/not/exist/usr/include/c++/13.3.0 --with-build-time-tools=/host-native/usr/aarch64-xilinx-elf/bin --with-sysroot=/not/exist --with-build-sysroot=/host --with-plugin-ld=ld --enable-poison-system-directories --disable-static --enable-nls --with-glibc-version=2.28 --enable-initfini-array --enable-multilib --disable-libstdcxx-pch --with-newlib --disable-threads --enable-plugins --with-gnu-as --disable-libitm --disable-tm-clone-registry --disable-multiarch --with-arch=armv8-a --with-sysroot=/not/exist
Thread model: single
Supported LTO compression algorithms: zlib zstd
gcc version 13.3.0 (GCC) 
COMPILER_PATH=/home/kuszman/Xilinx/2025.2/gnu/aarch64/lin/aarch64-none/x86_64-oesdk-linux/usr/bin/aarch64-xilinx-elf/../../libexec/aarch64-xilinx-elf/gcc/aarch64-xilinx-elf/13.3.0/:/home/kuszman/Xilinx/2025.2/gnu/aarch64/lin/aarch64-none/x86_64-oesdk-linux/usr/bin/aarch64-xilinx-elf/../../libexec/aarch64-xilinx-elf/gcc/
LIBRARY_PATH=/home/kuszman/Xilinx/2025.2/gnu/aarch64/lin/aarch64-none/x86_64-oesdk-linux/usr/bin/aarch64-xilinx-elf/../../lib/aarch64-xilinx-elf/gcc/aarch64-xilinx-elf/13.3.0/:/home/kuszman/Xilinx/2025.2/gnu/aarch64/lin/aarch64-none/x86_64-oesdk-linux/usr/bin/aarch64-xilinx-elf/../../lib/aarch64-xilinx-elf/gcc/:/home/kuszman/Xilinx/2025.2/Vitis/gnu/aarch64/lin/aarch64-none/bin/../aarch64-xilinx-elf/usr/lib64/aarch64-xilinx-elf/13.3.0/:/home/kuszman/Xilinx/2025.2/Vitis/gnu/aarch64/lin/aarch64-none/bin/../aarch64-xilinx-elf/usr/lib64/
COLLECT_GCC_OPTIONS='--sysroot=/home/kuszman/Xilinx/2025.2/Vitis/gnu/aarch64/lin/aarch64-none/bin/../aarch64-xilinx-elf' '-mbranch-protection=none' '-D' 'SDT' '-MMD' '-MP' '-specs=/home/kuszman/Magisterka/Intelligent-Vibroacoustic-Machine-Diagnostic-System-on-FPGA/ethernet/vitis/eth_platform/zynqmp_fsbl/zynqmp_fsbl_bsp/Xilinx.spec' '-Os' '-flto' '-ffat-lto-objects' '-D' 'ARMA53_64' '-I' '/home/kuszman/Magisterka/Intelligent-Vibroacoustic-Machine-Diagnostic-System-on-FPGA/ethernet/vitis/eth_platform/zynqmp_fsbl/zynqmp_fsbl_bsp/include' '-v' '-o' 'cmTC_7fba2' '-march=armv8-a' '-mlittle-endian' '-mabi=lp64' '-dumpdir' 'cmTC_7fba2.'
 /home/kuszman/Xilinx/2025.2/gnu/aarch64/lin/aarch64-none/x86_64-oesdk-linux/usr/bin/aarch64-xilinx-elf/../../libexec/aarch64-xilinx-elf/gcc/aarch64-xilinx-elf/13.3.0/collect2 -plugin /home/kuszman/Xilinx/2025.2/gnu/aarch64/lin/aarch64-none/x86_64-oesdk-linux/usr/bin/aarch64-xilinx-elf/../../libexec/aarch64-xilinx-elf/gcc/aarch64-xilinx-elf/13.3.0/liblto_plugin.so -plugin-opt=/home/kuszman/Xilinx/2025.2/gnu/aarch64/lin/aarch64-none/x86_64-oesdk-linux/usr/bin/aarch64-xilinx-elf/../../libexec/aarch64-xilinx-elf/gcc/aarch64-xilinx-elf/13.3.0/lto-wrapper -plugin-opt=-fresolution=/tmp/ccggrRBp.res -plugin-opt=-pass-through=-lgcc -plugin-opt=-pass-through=-lc -plugin-opt=-pass-through=-lgcc -flto --sysroot=/home/kuszman/Xilinx/2025.2/Vitis/gnu/aarch64/lin/aarch64-none/bin/../aarch64-xilinx-elf --build-id -EL -X -maarch64elf -o cmTC_7fba2 /home/kuszman/Xilinx/2025.2/Vitis/gnu/aarch64/lin/aarch64-none/bin/../aarch64-xilinx-elf/usr/lib64/aarch64-xilinx-elf/13.3.0/crti.o /home/kuszman/Xilinx/2025.2/Vitis/gnu/aarch64/lin/aarch64-none/bin/../aarch64-xilinx-elf/usr/lib64/aarch64-xilinx-elf/13.3.0/crtbegin.o -L/home/kuszman/Xilinx/2025.2/gnu/aarch64/lin/aarch64-none/x86_64-oesdk-linux/usr/bin/aarch64-xilinx-elf/../../lib/aarch64-xilinx-elf/gcc/aarch64-xilinx-elf/13.3.0 -L/home/kuszman/Xilinx/2025.2/gnu/aarch64/lin/aarch64-none/x86_64-oesdk-linux/usr/bin/aarch64-xilinx-elf/../../lib/aarch64-xilinx-elf/gcc -L/home/kuszman/Xilinx/2025.2/Vitis/gnu/aarch64/lin/aarch64-none/bin/../aarch64-xilinx-elf/usr/lib64/aarch64-xilinx-elf/13.3.0 -L/home/kuszman/Xilinx/2025.2/Vitis/gnu/aarch64/lin/aarch64-none/bin/../aarch64-xilinx-elf/usr/lib64 --no-warn-rwx-segment CMakeFiles/cmTC_7fba2.dir/CMakeCXXCompilerABI.cpp.obj -lstdc++ -lm -lgcc -lc -lgcc /home/kuszman/Xilinx/2025.2/Vitis/gnu/aarch64/lin/aarch64-none/bin/../aarch64-xilinx-elf/usr/lib64/aarch64-xilinx-elf/13.3.0/crtend.o /home/kuszman/Xilinx/2025.2/Vitis/gnu/aarch64/lin/aarch64-none/bin/../aarch64-xilinx-elf/usr/lib64/aarch64-xilinx-elf/13.3.0/crtn.o
/home/kuszman/Xilinx/2025.2/gnu/aarch64/lin/aarch64-none/x86_64-oesdk-linux/usr/bin/aarch64-xilinx-elf/../../libexec/aarch64-xilinx-elf/gcc/aarch64-xilinx-elf/13.3.0/lto-wrapper -fresolution=/tmp/ccggrRBp.res -flinker-output=exec CMakeFiles/cmTC_7fba2.dir/CMakeCXXCompilerABI.cpp.obj 
/home/kuszman/Xilinx/2025.2/gnu/aarch64/lin/aarch64-none/x86_64-oesdk-linux/usr/bin/aarch64-xilinx-elf/../../libexec/aarch64-xilinx-elf/gcc/aarch64-xilinx-elf/13.3.0/lto-wrapper.real -fresolution=/tmp/ccggrRBp.res -flinker-output=exec CMakeFiles/cmTC_7fba2.dir/CMakeCXXCompilerABI.cpp.obj 
/home/kuszman/Xilinx/2025.2/Vitis/gnu/aarch64/lin/aarch64-none/bin/../x86_64-oesdk-linux/usr/bin/aarch64-xilinx-elf/aarch64-xilinx-elf-g++ @/tmp/cc95ZwZZ
Using built-in specs.
Reading specs from /home/kuszman/Magisterka/Intelligent-Vibroacoustic-Machine-Diagnostic-System-on-FPGA/ethernet/vitis/eth_platform/zynqmp_fsbl/zynqmp_fsbl_bsp/Xilinx.spec
COLLECT_GCC=/home/kuszman/Xilinx/2025.2/Vitis/gnu/aarch64/lin/aarch64-none/bin/../x86_64-oesdk-linux/usr/bin/aarch64-xilinx-elf/aarch64-xilinx-elf-g++.real
Target: aarch64-xilinx-elf
Configured with: ../../../../../../work-shared/gcc-13.3.0-r0/gcc-13.3.0/configure --build=x86_64-linux --host=x86_64-oesdk-linux --target=aarch64-xilinx-elf --prefix=/usr/local/oe-sdk-hardcoded-buildpath/sysroots/x86_64-oesdk-linux/usr --exec_prefix=/usr/local/oe-sdk-hardcoded-buildpath/sysroots/x86_64-oesdk-linux/usr --bindir=/usr/local/oe-sdk-hardcoded-buildpath/sysroots/x86_64-oesdk-linux/usr/bin/aarch64-xilinx-elf --sbindir=/usr/local/oe-sdk-hardcoded-buildpath/sysroots/x86_64-oesdk-linux/usr/bin/aarch64-xilinx-elf --libexecdir=/usr/local/oe-sdk-hardcoded-buildpath/sysroots/x86_64-oesdk-linux/usr/libexec/aarch64-xilinx-elf --datadir=/usr/local/oe-sdk-hardcoded-buildpath/sysroots/x86_64-oesdk-linux/usr/share --sysconfdir=/usr/local/oe-sdk-hardcoded-buildpath/sysroots/x86_64-oesdk-linux/etc --sharedstatedir=/usr/local/oe-sdk-hardcoded-buildpath/sysroots/x86_64-oesdk-linux/com --localstatedir=/usr/local/oe-sdk-hardcoded-buildpath/sysroots/x86_64-oesdk-linux/var --libdir=/usr/local/oe-sdk-hardcoded-buildpath/sysroots/x86_64-oesdk-linux/usr/lib/aarch64-xilinx-elf --includedir=/usr/local/oe-sdk-hardcoded-buildpath/sysroots/x86_64-oesdk-linux/usr/include --oldincludedir=/usr/local/oe-sdk-hardcoded-buildpath/sysroots/x86_64-oesdk-linux/usr/include --infodir=/usr/local/oe-sdk-hardcoded-buildpath/sysroots/x86_64-oesdk-linux/usr/share/info --mandir=/usr/local/oe-sdk-hardcoded-buildpath/sysroots/x86_64-oesdk-linux/usr/share/man --disable-silent-rules --disable-dependency-tracking --with-libtool-sysroot=/host --with-gnu-ld --enable-shared --enable-languages=c,c++,fortran --enable-threads=posix --enable-multilib --enable-c99 --enable-long-long --enable-libstdcxx-pch --program-prefix=aarch64-xilinx-elf- --without-local-prefix --disable-install-libiberty --disable-libssp --enable-libitm --enable-lto --disable-bootstrap --with-system-zlib --enable-linker-build-id --with-ppl=no --with-cloog=no --enable-checking=release --enable-cheaders=c_global --without-isl --with-gxx-include-dir=/not/exist/usr/include/c++/13.3.0 --with-build-time-tools=/host-native/usr/aarch64-xilinx-elf/bin --with-sysroot=/not/exist --with-build-sysroot=/host --with-plugin-ld=ld --enable-poison-system-directories --disable-static --enable-nls --with-glibc-version=2.28 --enable-initfini-array --enable-multilib --disable-libstdcxx-pch --with-newlib --disable-threads --enable-plugins --with-gnu-as --disable-libitm --disable-tm-clone-registry --disable-multiarch --with-arch=armv8-a --with-sysroot=/not/exist
Thread model: single
Supported LTO compression algorithms: zlib zstd
gcc version 13.3.0 (GCC) 
COLLECT_GCC_OPTIONS='-c' '-fno-openmp' '-fno-openacc' '-fno-pie' '-fcf-protection=none' '-mbranch-protection=none' '-mlittle-endian' '-mabi=lp64' '-Os' '--sysroot=/home/kuszman/Xilinx/2025.2/Vitis/gnu/aarch64/lin/aarch64-none/bin/../aarch64-xilinx-elf' '-mbranch-protection=none' '-specs=/home/kuszman/Magisterka/Intelligent-Vibroacoustic-Machine-Diagnostic-System-on-FPGA/ethernet/vitis/eth_platform/zynqmp_fsbl/zynqmp_fsbl_bsp/Xilinx.spec' '-Os' '-ffat-lto-objects' '-v' '-march=armv8-a' '-mlittle-endian' '-mabi=lp64'   '-fltrans-output-list=/tmp/cc7ZpWRY.ltrans.out' '-fwpa' '-fresolution=/tmp/ccggrRBp.res' '-flinker-output=exec'
 /home/kuszman/Xilinx/2025.2/gnu/aarch64/lin/aarch64-none/x86_64-oesdk-linux/usr/bin/aarch64-xilinx-elf/../../lib/aarch64-xilinx-elf/gcc/../../../libexec/aarch64-xilinx-elf/gcc/aarch64-xilinx-elf/13.3.0/lto1 -quiet -dumpbase ./cmTC_7fba2.wpa -mbranch-protection=none -mlittle-endian -mabi=lp64 -mbranch-protection=none -march=armv8-a -mlittle-endian -mabi=lp64 -Os -Os -version -fno-openmp -fno-openacc -fno-pie -fcf-protection=none -ffat-lto-objects -fltrans-output-list=/tmp/cc7ZpWRY.ltrans.out -fwpa -fresolution=/tmp/ccggrRBp.res -flinker-output=exec @/tmp/ccp1cv2y
GNU GIMPLE (GCC) version 13.3.0 (aarch64-xilinx-elf)
	compiled by GNU C version 13.3.0, GMP version 6.3.0, MPFR version 4.2.1, MPC version 1.3.1, isl version none
GGC heuristics: --param ggc-min-expand=100 --param ggc-min-heapsize=131072
COMPILER_PATH=/home/kuszman/Xilinx/2025.2/gnu/aarch64/lin/aarch64-none/x86_64-oesdk-linux/usr/bin/aarch64-xilinx-elf/../../lib/aarch64-xilinx-elf/gcc/../../../libexec/aarch64-xilinx-elf/gcc/aarch64-xilinx-elf/13.3.0/:/home/kuszman/Xilinx/2025.2/gnu/aarch64/lin/aarch64-none/x86_64-oesdk-linux/usr/bin/aarch64-xilinx-elf/../../lib/aarch64-xilinx-elf/gcc/../../../libexec/aarch64-xilinx-elf/gcc/:/home/kuszman/Xilinx/2025.2/gnu/aarch64/lin/aarch64-none/x86_64-oesdk-linux/usr/bin/aarch64-xilinx-elf/../../libexec/aarch64-xilinx-elf/gcc/aarch64-xilinx-elf/13.3.0/:/home/kuszman/Xilinx/2025.2/gnu/aarch64/lin/aarch64-none/x86_64-oesdk-linux/usr/bin/aarch64-xilinx-elf/../../libexec/aarch64-xilinx-elf/gcc/aarch64-xilinx-elf/13.3.0/:/home/kuszman/Xilinx/2025.2/gnu/aarch64/lin/aarch64-none/x86_64-oesdk-linux/usr/bin/aarch64-xilinx-elf/../../libexec/aarch64-xilinx-elf/gcc/
LIBRARY_PATH=/home/kuszman/Xilinx/2025.2/gnu/aarch64/lin/aarch64-none/x86_64-oesdk-linux/usr/bin/aarch64-xilinx-elf/../../lib/aarch64-xilinx-elf/gcc/aarch64-xilinx-elf/13.3.0/:/home/kuszman/Xilinx/2025.2/gnu/aarch64/lin/aarch64-none/x86_64-oesdk-linux/usr/bin/aarch64-xilinx-elf/../../lib/aarch64-xilinx-elf/gcc/:/home/kuszman/Xilinx/2025.2/Vitis/gnu/aarch64/lin/aarch64-none/bin/../aarch64-xilinx-elf/usr/lib64/aarch64-xilinx-elf/13.3.0/:/home/kuszman/Xilinx/2025.2/Vitis/gnu/aarch64/lin/aarch64-none/bin/../aarch64-xilinx-elf/usr/lib64/
COLLECT_GCC_OPTIONS='-c' '-fno-openmp' '-fno-openacc' '-fno-pie' '-fcf-protection=none' '-mbranch-protection=none' '-mlittle-endian' '-mabi=lp64' '-Os' '--sysroot=/home/kuszman/Xilinx/2025.2/Vitis/gnu/aarch64/lin/aarch64-none/bin/../aarch64-xilinx-elf' '-mbranch-protection=none' '-specs=/home/kuszman/Magisterka/Intelligent-Vibroacoustic-Machine-Diagnostic-System-on-FPGA/ethernet/vitis/eth_platform/zynqmp_fsbl/zynqmp_fsbl_bsp/Xilinx.spec' '-Os' '-ffat-lto-objects' '-v' '-march=armv8-a' '-mlittle-endian' '-mabi=lp64'   '-fltrans-output-list=/tmp/cc7ZpWRY.ltrans.out' '-fwpa' '-fresolution=/tmp/ccggrRBp.res' '-flinker-output=exec' '-dumpdir' './cmTC_7fba2.wpa.'
/home/kuszman/Xilinx/2025.2/Vitis/gnu/aarch64/lin/aarch64-none/bin/../x86_64-oesdk-linux/usr/bin/aarch64-xilinx-elf/aarch64-xilinx-elf-g++ @/tmp/ccbH5ESx
Using built-in specs.
Reading specs from /home/kuszman/Magisterka/Intelligent-Vibroacoustic-Machine-Diagnostic-System-on-FPGA/ethernet/vitis/eth_platform/zynqmp_fsbl/zynqmp_fsbl_bsp/Xilinx.spec
COLLECT_GCC=/home/kuszman/Xilinx/2025.2/Vitis/gnu/aarch64/lin/aarch64-none/bin/../x86_64-oesdk-linux/usr/bin/aarch64-xilinx-elf/aarch64-xilinx-elf-g++.real
Target: aarch64-xilinx-elf
Configured with: ../../../../../../work-shared/gcc-13.3.0-r0/gcc-13.3.0/configure --build=x86_64-linux --host=x86_64-oesdk-linux --target=aarch64-xilinx-elf --prefix=/usr/local/oe-sdk-hardcoded-buildpath/sysroots/x86_64-oesdk-linux/usr --exec_prefix=/usr/local/oe-sdk-hardcoded-buildpath/sysroots/x86_64-oesdk-linux/usr --bindir=/usr/local/oe-sdk-hardcoded-buildpath/sysroots/x86_64-oesdk-linux/usr/bin/aarch64-xilinx-elf --sbindir=/usr/local/oe-sdk-hardcoded-buildpath/sysroots/x86_64-oesdk-linux/usr/bin/aarch64-xilinx-elf --libexecdir=/usr/local/oe-sdk-hardcoded-buildpath/sysroots/x86_64-oesdk-linux/usr/libexec/aarch64-xilinx-elf --datadir=/usr/local/oe-sdk-hardcoded-buildpath/sysroots/x86_64-oesdk-linux/usr/share --sysconfdir=/usr/local/oe-sdk-hardcoded-buildpath/sysroots/x86_64-oesdk-linux/etc --sharedstatedir=/usr/local/oe-sdk-hardcoded-buildpath/sysroots/x86_64-oesdk-linux/com --localstatedir=/usr/local/oe-sdk-hardcoded-buildpath/sysroots/x86_64-oesdk-linux/var --libdir=/usr/local/oe-sdk-hardcoded-buildpath/sysroots/x86_64-oesdk-linux/usr/lib/aarch64-xilinx-elf --includedir=/usr/local/oe-sdk-hardcoded-buildpath/sysroots/x86_64-oesdk-linux/usr/include --oldincludedir=/usr/local/oe-sdk-hardcoded-buildpath/sysroots/x86_64-oesdk-linux/usr/include --infodir=/usr/local/oe-sdk-hardcoded-buildpath/sysroots/x86_64-oesdk-linux/usr/share/info --mandir=/usr/local/oe-sdk-hardcoded-buildpath/sysroots/x86_64-oesdk-linux/usr/share/man --disable-silent-rules --disable-dependency-tracking --with-libtool-sysroot=/host --with-gnu-ld --enable-shared --enable-languages=c,c++,fortran --enable-threads=posix --enable-multilib --enable-c99 --enable-long-long --enable-libstdcxx-pch --program-prefix=aarch64-xilinx-elf- --without-local-prefix --disable-install-libiberty --disable-libssp --enable-libitm --enable-lto --disable-bootstrap --with-system-zlib --enable-linker-build-id --with-ppl=no --with-cloog=no --enable-checking=release --enable-cheaders=c_global --without-isl --with-gxx-include-dir=/not/exist/usr/include/c++/13.3.0 --with-build-time-tools=/host-native/usr/aarch64-xilinx-elf/bin --with-sysroot=/not/exist --with-build-sysroot=/host --with-plugin-ld=ld --enable-poison-system-directories --disable-static --enable-nls --with-glibc-version=2.28 --enable-initfini-array --enable-multilib --disable-libstdcxx-pch --with-newlib --disable-threads --enable-plugins --with-gnu-as --disable-libitm --disable-tm-clone-registry --disable-multiarch --with-arch=armv8-a --with-sysroot=/not/exist
Thread model: single
Supported LTO compression algorithms: zlib zstd
gcc version 13.3.0 (GCC) 
COLLECT_GCC_OPTIONS='-c' '-fno-openmp' '-fno-openacc' '-fno-pie' '-fcf-protection=none' '-mbranch-protection=none' '-mlittle-endian' '-mabi=lp64' '-Os' '--sysroot=/home/kuszman/Xilinx/2025.2/Vitis/gnu/aarch64/lin/aarch64-none/bin/../aarch64-xilinx-elf' '-mbranch-protection=none' '-specs=/home/kuszman/Magisterka/Intelligent-Vibroacoustic-Machine-Diagnostic-System-on-FPGA/ethernet/vitis/eth_platform/zynqmp_fsbl/zynqmp_fsbl_bsp/Xilinx.spec' '-Os' '-ffat-lto-objects' '-v' '-march=armv8-a' '-mlittle-endian' '-mabi=lp64'   '-fltrans' '-o' '/tmp/cc7ZpWRY.ltrans0.ltrans.o'
 /home/kuszman/Xilinx/2025.2/gnu/aarch64/lin/aarch64-none/x86_64-oesdk-linux/usr/bin/aarch64-xilinx-elf/../../lib/aarch64-xilinx-elf/gcc/../../../libexec/aarch64-xilinx-elf/gcc/aarch64-xilinx-elf/13.3.0/lto1 -quiet -dumpbase ./cmTC_7fba2.ltrans0.ltrans -mbranch-protection=none -mlittle-endian -mabi=lp64 -mbranch-protection=none -march=armv8-a -mlittle-endian -mabi=lp64 -Os -Os -version -fno-openmp -fno-openacc -fno-pie -fcf-protection=none -ffat-lto-objects -fltrans @/tmp/cc9imI84 -o /tmp/ccLM87sL.s
GNU GIMPLE (GCC) version 13.3.0 (aarch64-xilinx-elf)
	compiled by GNU C version 13.3.0, GMP version 6.3.0, MPFR version 4.2.1, MPC version 1.3.1, isl version none
GGC heuristics: --param ggc-min-expand=100 --param ggc-min-heapsize=131072
COLLECT_GCC_OPTIONS='-c' '-fno-openmp' '-fno-openacc' '-fno-pie' '-fcf-protection=none' '-mbranch-protection=none' '-mlittle-endian' '-mabi=lp64' '-Os' '--sysroot=/home/kuszman/Xilinx/2025.2/Vitis/gnu/aarch64/lin/aarch64-none/bin/../aarch64-xilinx-elf' '-mbranch-protection=none' '-specs=/home/kuszman/Magisterka/Intelligent-Vibroacoustic-Machine-Diagnostic-System-on-FPGA/ethernet/vitis/eth_platform/zynqmp_fsbl/zynqmp_fsbl_bsp/Xilinx.spec' '-Os' '-ffat-lto-objects' '-v' '-march=armv8-a' '-mlittle-endian' '-mabi=lp64'   '-fltrans' '-o' '/tmp/cc7ZpWRY.ltrans0.ltrans.o'
 /home/kuszman/Xilinx/2025.2/gnu/aarch64/lin/aarch64-none/x86_64-oesdk-linux/usr/bin/aarch64-xilinx-elf/../../lib/aarch64-xilinx-elf/gcc/../../../libexec/aarch64-xilinx-elf/gcc/aarch64-xilinx-elf/13.3.0/as -v -EL -march=armv8-a -mabi=lp64 -mabi=lp64 -o /tmp/cc7ZpWRY.ltrans0.ltrans.o /tmp/ccLM87sL.s
GNU assembler version 2.42.0 (aarch64-xilinx-elf) using BFD version (GNU Binutils) 2.42.0.20240723
COMPILER_PATH=/home/kuszman/Xilinx/2025.2/gnu/aarch64/lin/aarch64-none/x86_64-oesdk-linux/usr/bin/aarch64-xilinx-elf/../../lib/aarch64-xilinx-elf/gcc/../../../libexec/aarch64-xilinx-elf/gcc/aarch64-xilinx-elf/13.3.0/:/home/kuszman/Xilinx/2025.2/gnu/aarch64/lin/aarch64-none/x86_64-oesdk-linux/usr/bin/aarch64-xilinx-elf/../../lib/aarch64-xilinx-elf/gcc/../../../libexec/aarch64-xilinx-elf/gcc/:/home/kuszman/Xilinx/2025.2/gnu/aarch64/lin/aarch64-none/x86_64-oesdk-linux/usr/bin/aarch64-xilinx-elf/../../libexec/aarch64-xilinx-elf/gcc/aarch64-xilinx-elf/13.3.0/:/home/kuszman/Xilinx/2025.2/gnu/aarch64/lin/aarch64-none/x86_64-oesdk-linux/usr/bin/aarch64-xilinx-elf/../../libexec/aarch64-xilinx-elf/gcc/aarch64-xilinx-elf/13.3.0/:/home/kuszman/Xilinx/2025.2/gnu/aarch64/lin/aarch64-none/x86_64-oesdk-linux/usr/bin/aarch64-xilinx-elf/../../libexec/aarch64-xilinx-elf/gcc/
LIBRARY_PATH=/home/kuszman/Xilinx/2025.2/gnu/aarch64/lin/aarch64-none/x86_64-oesdk-linux/usr/bin/aarch64-xilinx-elf/../../lib/aarch64-xilinx-elf/gcc/aarch64-xilinx-elf/13.3.0/:/home/kuszman/Xilinx/2025.2/gnu/aarch64/lin/aarch64-none/x86_64-oesdk-linux/usr/bin/aarch64-xilinx-elf/../../lib/aarch64-xilinx-elf/gcc/:/home/kuszman/Xilinx/2025.2/Vitis/gnu/aarch64/lin/aarch64-none/bin/../aarch64-xilinx-elf/usr/lib64/aarch64-xilinx-elf/13.3.0/:/home/kuszman/Xilinx/2025.2/Vitis/gnu/aarch64/lin/aarch64-none/bin/../aarch64-xilinx-elf/usr/lib64/
COLLECT_GCC_OPTIONS='-c' '-fno-openmp' '-fno-openacc' '-fno-pie' '-fcf-protection=none' '-mbranch-protection=none' '-mlittle-endian' '-mabi=lp64' '-Os' '--sysroot=/home/kuszman/Xilinx/2025.2/Vitis/gnu/aarch64/lin/aarch64-none/bin/../aarch64-xilinx-elf' '-mbranch-protection=none' '-specs=/home/kuszman/Magisterka/Intelligent-Vibroacoustic-Machine-Diagnostic-System-on-FPGA/ethernet/vitis/eth_platform/zynqmp_fsbl/zynqmp_fsbl_bsp/Xilinx.spec' '-Os' '-ffat-lto-objects' '-v' '-march=armv8-a' '-mlittle-endian' '-mabi=lp64'   '-fltrans' '-o' '/tmp/cc7ZpWRY.ltrans0.ltrans.o' '-dumpdir' './cmTC_7fba2.ltrans0.ltrans.'
/home/kuszman/Xilinx/2025.2/gnu/aarch64/lin/aarch64-none/x86_64-oesdk-linux/usr/bin/aarch64-xilinx-elf/aarch64-xilinx-elf-ld.real: warning: cannot find entry symbol _start; defaulting to 0000000000400060
COLLECT_GCC_OPTIONS='--sysroot=/home/kuszman/Xilinx/2025.2/Vitis/gnu/aarch64/lin/aarch64-none/bin/../aarch64-xilinx-elf' '-mbranch-protection=none' '-D' 'SDT' '-MMD' '-MP' '-specs=/home/kuszman/Magisterka/Intelligent-Vibroacoustic-Machine-Diagnostic-System-on-FPGA/ethernet/vitis/eth_platform/zynqmp_fsbl/zynqmp_fsbl_bsp/Xilinx.spec' '-Os' '-flto' '-ffat-lto-objects' '-D' 'ARMA53_64' '-I' '/home/kuszman/Magisterka/Intelligent-Vibroacoustic-Machine-Diagnostic-System-on-FPGA/ethernet/vitis/eth_platform/zynqmp_fsbl/zynqmp_fsbl_bsp/include' '-v' '-o' 'cmTC_7fba2' '-march=armv8-a' '-mlittle-endian' '-mabi=lp64' '-dumpdir' 'cmTC_7fba2.'



Parsed CXX implicit include dir info from above output: rv=done
  found start of include info
  found start of implicit include info
    add: [/home/kuszman/Magisterka/Intelligent-Vibroacoustic-Machine-Diagnostic-System-on-FPGA/ethernet/vitis/eth_platform/zynqmp_fsbl/zynqmp_fsbl_bsp/include]
    add: [/home/kuszman/Xilinx/2025.2/gnu/aarch64/lin/aarch64-none/x86_64-oesdk-linux/usr/bin/aarch64-xilinx-elf/../../lib/aarch64-xilinx-elf/gcc/aarch64-xilinx-elf/13.3.0/include]
    add: [/home/kuszman/Xilinx/2025.2/gnu/aarch64/lin/aarch64-none/x86_64-oesdk-linux/usr/bin/aarch64-xilinx-elf/../../lib/aarch64-xilinx-elf/gcc/aarch64-xilinx-elf/13.3.0/include-fixed]
    add: [/home/kuszman/Xilinx/2025.2/Vitis/gnu/aarch64/lin/aarch64-none/bin/../aarch64-xilinx-elf/usr/include/c++/13.3.0]
    add: [/home/kuszman/Xilinx/2025.2/Vitis/gnu/aarch64/lin/aarch64-none/bin/../aarch64-xilinx-elf/usr/include/c++/13.3.0/aarch64-xilinx-elf]
    add: [/home/kuszman/Xilinx/2025.2/Vitis/gnu/aarch64/lin/aarch64-none/bin/../aarch64-xilinx-elf/usr/include/c++/13.3.0/backward]
    add: [/home/kuszman/Xilinx/2025.2/Vitis/gnu/aarch64/lin/aarch64-none/bin/../aarch64-xilinx-elf/usr/include/]
  end of search list found
  collapse include dir [/home/kuszman/Magisterka/Intelligent-Vibroacoustic-Machine-Diagnostic-System-on-FPGA/ethernet/vitis/eth_platform/zynqmp_fsbl/zynqmp_fsbl_bsp/include] ==> [/home/kuszman/Magisterka/Intelligent-Vibroacoustic-Machine-Diagnostic-System-on-FPGA/ethernet/vitis/eth_platform/zynqmp_fsbl/zynqmp_fsbl_bsp/include]
  collapse include dir [/home/kuszman/Xilinx/2025.2/gnu/aarch64/lin/aarch64-none/x86_64-oesdk-linux/usr/bin/aarch64-xilinx-elf/../../lib/aarch64-xilinx-elf/gcc/aarch64-xilinx-elf/13.3.0/include] ==> [/home/kuszman/Xilinx/2025.2/gnu/aarch64/lin/aarch64-none/x86_64-oesdk-linux/usr/lib/aarch64-xilinx-elf/gcc/aarch64-xilinx-elf/13.3.0/include]
  collapse include dir [/home/kuszman/Xilinx/2025.2/gnu/aarch64/lin/aarch64-none/x86_64-oesdk-linux/usr/bin/aarch64-xilinx-elf/../../lib/aarch64-xilinx-elf/gcc/aarch64-xilinx-elf/13.3.0/include-fixed] ==> [/home/kuszman/Xilinx/2025.2/gnu/aarch64/lin/aarch64-none/x86_64-oesdk-linux/usr/lib/aarch64-xilinx-elf/gcc/aarch64-xilinx-elf/13.3.0/include-fixed]
  collapse include dir [/home/kuszman/Xilinx/2025.2/Vitis/gnu/aarch64/lin/aarch64-none/bin/../aarch64-xilinx-elf/usr/include/c++/13.3.0] ==> [/home/kuszman/Xilinx/2025.2/Vitis/gnu/aarch64/lin/aarch64-none/aarch64-xilinx-elf/usr/include/c++/13.3.0]
  collapse include dir [/home/kuszman/Xilinx/2025.2/Vitis/gnu/aarch64/lin/aarch64-none/bin/../aarch64-xilinx-elf/usr/include/c++/13.3.0/aarch64-xilinx-elf] ==> [/home/kuszman/Xilinx/2025.2/Vitis/gnu/aarch64/lin/aarch64-none/aarch64-xilinx-elf/usr/include/c++/13.3.0/aarch64-xilinx-elf]
  collapse include dir [/home/kuszman/Xilinx/2025.2/Vitis/gnu/aarch64/lin/aarch64-none/bin/../aarch64-xilinx-elf/usr/include/c++/13.3.0/backward] ==> [/home/kuszman/Xilinx/2025.2/Vitis/gnu/aarch64/lin/aarch64-none/aarch64-xilinx-elf/usr/include/c++/13.3.0/backward]
  collapse include dir [/home/kuszman/Xilinx/2025.2/Vitis/gnu/aarch64/lin/aarch64-none/bin/../aarch64-xilinx-elf/usr/include/] ==> [/home/kuszman/Xilinx/2025.2/Vitis/gnu/aarch64/lin/aarch64-none/aarch64-xilinx-elf/usr/include]
  implicit include dirs: [/home/kuszman/Magisterka/Intelligent-Vibroacoustic-Machine-Diagnostic-System-on-FPGA/ethernet/vitis/eth_platform/zynqmp_fsbl/zynqmp_fsbl_bsp/include;/home/kuszman/Xilinx/2025.2/gnu/aarch64/lin/aarch64-none/x86_64-oesdk-linux/usr/lib/aarch64-xilinx-elf/gcc/aarch64-xilinx-elf/13.3.0/include;/home/kuszman/Xilinx/2025.2/gnu/aarch64/lin/aarch64-none/x86_64-oesdk-linux/usr/lib/aarch64-xilinx-elf/gcc/aarch64-xilinx-elf/13.3.0/include-fixed;/home/kuszman/Xilinx/2025.2/Vitis/gnu/aarch64/lin/aarch64-none/aarch64-xilinx-elf/usr/include/c++/13.3.0;/home/kuszman/Xilinx/2025.2/Vitis/gnu/aarch64/lin/aarch64-none/aarch64-xilinx-elf/usr/include/c++/13.3.0/aarch64-xilinx-elf;/home/kuszman/Xilinx/2025.2/Vitis/gnu/aarch64/lin/aarch64-none/aarch64-xilinx-elf/usr/include/c++/13.3.0/backward;/home/kuszman/Xilinx/2025.2/Vitis/gnu/aarch64/lin/aarch64-none/aarch64-xilinx-elf/usr/include]


Parsed CXX implicit link information from above output:
  link line regex: [^( *|.*[/\])(aarch64-none-elf-ld|CMAKE_LINK_STARTFILE-NOTFOUND|([^/\]+-)?ld|collect2)[^/\]*( |$)]
  ignore line: [Change Dir: /home/kuszman/Magisterka/Intelligent-Vibroacoustic-Machine-Diagnostic-System-on-FPGA/ethernet/vitis/eth_platform/zynqmp_fsbl/zynqmp_fsbl_bsp/libsrc/build_configs/gen_bsp/CMakeFiles/CMakeTmp]
  ignore line: []
  ignore line: [Run Build Command(s):/home/kuszman/Xilinx/2025.2/Vitis/bin/ninja cmTC_7fba2 && [1/2] Building CXX object CMakeFiles/cmTC_7fba2.dir/CMakeCXXCompilerABI.cpp.obj]
  ignore line: [Using built-in specs.]
  ignore line: [Reading specs from /home/kuszman/Magisterka/Intelligent-Vibroacoustic-Machine-Diagnostic-System-on-FPGA/ethernet/vitis/eth_platform/zynqmp_fsbl/zynqmp_fsbl_bsp/Xilinx.spec]
  ignore line: [COLLECT_GCC=/home/kuszman/Xilinx/2025.2/Vitis/gnu/aarch64/lin/aarch64-none/bin/../x86_64-oesdk-linux/usr/bin/aarch64-xilinx-elf/aarch64-xilinx-elf-g++.real]
  ignore line: [Target: aarch64-xilinx-elf]
  ignore line: [Configured with: ../../../../../../work-shared/gcc-13.3.0-r0/gcc-13.3.0/configure --build=x86_64-linux --host=x86_64-oesdk-linux --target=aarch64-xilinx-elf --prefix=/usr/local/oe-sdk-hardcoded-buildpath/sysroots/x86_64-oesdk-linux/usr --exec_prefix=/usr/local/oe-sdk-hardcoded-buildpath/sysroots/x86_64-oesdk-linux/usr --bindir=/usr/local/oe-sdk-hardcoded-buildpath/sysroots/x86_64-oesdk-linux/usr/bin/aarch64-xilinx-elf --sbindir=/usr/local/oe-sdk-hardcoded-buildpath/sysroots/x86_64-oesdk-linux/usr/bin/aarch64-xilinx-elf --libexecdir=/usr/local/oe-sdk-hardcoded-buildpath/sysroots/x86_64-oesdk-linux/usr/libexec/aarch64-xilinx-elf --datadir=/usr/local/oe-sdk-hardcoded-buildpath/sysroots/x86_64-oesdk-linux/usr/share --sysconfdir=/usr/local/oe-sdk-hardcoded-buildpath/sysroots/x86_64-oesdk-linux/etc --sharedstatedir=/usr/local/oe-sdk-hardcoded-buildpath/sysroots/x86_64-oesdk-linux/com --localstatedir=/usr/local/oe-sdk-hardcoded-buildpath/sysroots/x86_64-oesdk-linux/var --libdir=/usr/local/oe-sdk-hardcoded-buildpath/sysroots/x86_64-oesdk-linux/usr/lib/aarch64-xilinx-elf --includedir=/usr/local/oe-sdk-hardcoded-buildpath/sysroots/x86_64-oesdk-linux/usr/include --oldincludedir=/usr/local/oe-sdk-hardcoded-buildpath/sysroots/x86_64-oesdk-linux/usr/include --infodir=/usr/local/oe-sdk-hardcoded-buildpath/sysroots/x86_64-oesdk-linux/usr/share/info --mandir=/usr/local/oe-sdk-hardcoded-buildpath/sysroots/x86_64-oesdk-linux/usr/share/man --disable-silent-rules --disable-dependency-tracking --with-libtool-sysroot=/host --with-gnu-ld --enable-shared --enable-languages=c,c++,fortran --enable-threads=posix --enable-multilib --enable-c99 --enable-long-long --enable-libstdcxx-pch --program-prefix=aarch64-xilinx-elf- --without-local-prefix --disable-install-libiberty --disable-libssp --enable-libitm --enable-lto --disable-bootstrap --with-system-zlib --enable-linker-build-id --with-ppl=no --with-cloog=no --enable-checking=release --enable-cheaders=c_global --without-isl --with-gxx-include-dir=/not/exist/usr/include/c++/13.3.0 --with-build-time-tools=/host-native/usr/aarch64-xilinx-elf/bin --with-sysroot=/not/exist --with-build-sysroot=/host --with-plugin-ld=ld --enable-poison-system-directories --disable-static --enable-nls --with-glibc-version=2.28 --enable-initfini-array --enable-multilib --disable-libstdcxx-pch --with-newlib --disable-threads --enable-plugins --with-gnu-as --disable-libitm --disable-tm-clone-registry --disable-multiarch --with-arch=armv8-a --with-sysroot=/not/exist]
  ignore line: [Thread model: single]
  ignore line: [Supported LTO compression algorithms: zlib zstd]
  ignore line: [gcc version 13.3.0 (GCC) ]
  ignore line: [COLLECT_GCC_OPTIONS='--sysroot=/home/kuszman/Xilinx/2025.2/Vitis/gnu/aarch64/lin/aarch64-none/bin/../aarch64-xilinx-elf' '-mbranch-protection=none' '-D' 'SDT' '-MMD' '-MP' '-specs=/home/kuszman/Magisterka/Intelligent-Vibroacoustic-Machine-Diagnostic-System-on-FPGA/ethernet/vitis/eth_platform/zynqmp_fsbl/zynqmp_fsbl_bsp/Xilinx.spec' '-Os' '-flto' '-ffat-lto-objects' '-D' 'ARMA53_64' '-I' '/home/kuszman/Magisterka/Intelligent-Vibroacoustic-Machine-Diagnostic-System-on-FPGA/ethernet/vitis/eth_platform/zynqmp_fsbl/zynqmp_fsbl_bsp/include' '-v' '-o' 'CMakeFiles/cmTC_7fba2.dir/CMakeCXXCompilerABI.cpp.obj' '-c' '-march=armv8-a' '-mlittle-endian' '-mabi=lp64' '-dumpdir' 'CMakeFiles/cmTC_7fba2.dir/']
  ignore line: [ /home/kuszman/Xilinx/2025.2/gnu/aarch64/lin/aarch64-none/x86_64-oesdk-linux/usr/bin/aarch64-xilinx-elf/../../libexec/aarch64-xilinx-elf/gcc/aarch64-xilinx-elf/13.3.0/cc1plus -quiet -v -I /home/kuszman/Magisterka/Intelligent-Vibroacoustic-Machine-Diagnostic-System-on-FPGA/ethernet/vitis/eth_platform/zynqmp_fsbl/zynqmp_fsbl_bsp/include -iprefix /home/kuszman/Xilinx/2025.2/gnu/aarch64/lin/aarch64-none/x86_64-oesdk-linux/usr/bin/aarch64-xilinx-elf/../../lib/aarch64-xilinx-elf/gcc/aarch64-xilinx-elf/13.3.0/ -isysroot /home/kuszman/Xilinx/2025.2/Vitis/gnu/aarch64/lin/aarch64-none/bin/../aarch64-xilinx-elf -MMD CMakeFiles/cmTC_7fba2.dir/CMakeCXXCompilerABI.cpp.d -MP -MQ CMakeFiles/cmTC_7fba2.dir/CMakeCXXCompilerABI.cpp.obj -D SDT -D ARMA53_64 /home/kuszman/Xilinx/2025.2/tps/lnx64/cmake-3.24.2/share/cmake-3.24/Modules/CMakeCXXCompilerABI.cpp -quiet -dumpdir CMakeFiles/cmTC_7fba2.dir/ -dumpbase CMakeCXXCompilerABI.cpp.cpp -dumpbase-ext .cpp -mbranch-protection=none -march=armv8-a -mlittle-endian -mabi=lp64 -Os -version -flto -ffat-lto-objects -o /tmp/ccQGIhvj.s]
  ignore line: [GNU C++17 (GCC) version 13.3.0 (aarch64-xilinx-elf)]
  ignore line: [	compiled by GNU C version 13.3.0  GMP version 6.3.0  MPFR version 4.2.1  MPC version 1.3.1  isl version none]
  ignore line: [GGC heuristics: --param ggc-min-expand=100 --param ggc-min-heapsize=131072]
  ignore line: [ignoring nonexistent directory "/home/kuszman/Xilinx/2025.2/gnu/aarch64/lin/aarch64-none/x86_64-oesdk-linux/usr/bin/aarch64-xilinx-elf/../../lib/aarch64-xilinx-elf/gcc/aarch64-xilinx-elf/13.3.0/../../../../../aarch64-xilinx-elf/include"]
  ignore line: [ignoring duplicate directory "/home/kuszman/Xilinx/2025.2/gnu/aarch64/lin/aarch64-none/x86_64-oesdk-linux/usr/bin/aarch64-xilinx-elf/../../lib/aarch64-xilinx-elf/gcc/../../../lib/aarch64-xilinx-elf/gcc/aarch64-xilinx-elf/13.3.0/include"]
  ignore line: [ignoring nonexistent directory "/home/kuszman/Xilinx/2025.2/Vitis/gnu/aarch64/lin/aarch64-none/bin/../aarch64-xilinx-elf/usr/lib64/aarch64-xilinx-elf/13.3.0/include"]
  ignore line: [ignoring nonexistent directory "/home/kuszman/Xilinx/2025.2/Vitis/gnu/aarch64/lin/aarch64-none/bin/../aarch64-xilinx-elf/usr/local/include"]
  ignore line: [ignoring duplicate directory "/home/kuszman/Xilinx/2025.2/gnu/aarch64/lin/aarch64-none/x86_64-oesdk-linux/usr/bin/aarch64-xilinx-elf/../../lib/aarch64-xilinx-elf/gcc/../../../lib/aarch64-xilinx-elf/gcc/aarch64-xilinx-elf/13.3.0/include-fixed"]
  ignore line: [ignoring nonexistent directory "/home/kuszman/Xilinx/2025.2/gnu/aarch64/lin/aarch64-none/x86_64-oesdk-linux/usr/bin/aarch64-xilinx-elf/../../lib/aarch64-xilinx-elf/gcc/../../../lib/aarch64-xilinx-elf/gcc/aarch64-xilinx-elf/13.3.0/../../../../../aarch64-xilinx-elf/include"]
  ignore line: [#include "..." search starts here:]
  ignore line: [#include <...> search starts here:]
  ignore line: [ /home/kuszman/Magisterka/Intelligent-Vibroacoustic-Machine-Diagnostic-System-on-FPGA/ethernet/vitis/eth_platform/zynqmp_fsbl/zynqmp_fsbl_bsp/include]
  ignore line: [ /home/kuszman/Xilinx/2025.2/gnu/aarch64/lin/aarch64-none/x86_64-oesdk-linux/usr/bin/aarch64-xilinx-elf/../../lib/aarch64-xilinx-elf/gcc/aarch64-xilinx-elf/13.3.0/include]
  ignore line: [ /home/kuszman/Xilinx/2025.2/gnu/aarch64/lin/aarch64-none/x86_64-oesdk-linux/usr/bin/aarch64-xilinx-elf/../../lib/aarch64-xilinx-elf/gcc/aarch64-xilinx-elf/13.3.0/include-fixed]
  ignore line: [ /home/kuszman/Xilinx/2025.2/Vitis/gnu/aarch64/lin/aarch64-none/bin/../aarch64-xilinx-elf/usr/include/c++/13.3.0]
  ignore line: [ /home/kuszman/Xilinx/2025.2/Vitis/gnu/aarch64/lin/aarch64-none/bin/../aarch64-xilinx-elf/usr/include/c++/13.3.0/aarch64-xilinx-elf]
  ignore line: [ /home/kuszman/Xilinx/2025.2/Vitis/gnu/aarch64/lin/aarch64-none/bin/../aarch64-xilinx-elf/usr/include/c++/13.3.0/backward]
  ignore line: [ /home/kuszman/Xilinx/2025.2/Vitis/gnu/aarch64/lin/aarch64-none/bin/../aarch64-xilinx-elf/usr/include/]
  ignore line: [End of search list.]
  ignore line: [Compiler executable checksum: ad182f738cfb6404092bcf9bf3548eda]
  ignore line: [COLLECT_GCC_OPTIONS='--sysroot=/home/kuszman/Xilinx/2025.2/Vitis/gnu/aarch64/lin/aarch64-none/bin/../aarch64-xilinx-elf' '-mbranch-protection=none' '-D' 'SDT' '-MMD' '-MP' '-specs=/home/kuszman/Magisterka/Intelligent-Vibroacoustic-Machine-Diagnostic-System-on-FPGA/ethernet/vitis/eth_platform/zynqmp_fsbl/zynqmp_fsbl_bsp/Xilinx.spec' '-Os' '-flto' '-ffat-lto-objects' '-D' 'ARMA53_64' '-I' '/home/kuszman/Magisterka/Intelligent-Vibroacoustic-Machine-Diagnostic-System-on-FPGA/ethernet/vitis/eth_platform/zynqmp_fsbl/zynqmp_fsbl_bsp/include' '-v' '-o' 'CMakeFiles/cmTC_7fba2.dir/CMakeCXXCompilerABI.cpp.obj' '-c' '-march=armv8-a' '-mlittle-endian' '-mabi=lp64' '-dumpdir' 'CMakeFiles/cmTC_7fba2.dir/']
  ignore line: [ /home/kuszman/Xilinx/2025.2/gnu/aarch64/lin/aarch64-none/x86_64-oesdk-linux/usr/bin/aarch64-xilinx-elf/../../libexec/aarch64-xilinx-elf/gcc/aarch64-xilinx-elf/13.3.0/as -v -I /home/kuszman/Magisterka/Intelligent-Vibroacoustic-Machine-Diagnostic-System-on-FPGA/ethernet/vitis/eth_platform/zynqmp_fsbl/zynqmp_fsbl_bsp/include -EL -march=armv8-a -mabi=lp64 -o CMakeFiles/cmTC_7fba2.dir/CMakeCXXCompilerABI.cpp.obj /tmp/ccQGIhvj.s]
  ignore line: [GNU assembler version 2.42.0 (aarch64-xilinx-elf) using BFD version (GNU Binutils) 2.42.0.20240723]
  ignore line: [COMPILER_PATH=/home/kuszman/Xilinx/2025.2/gnu/aarch64/lin/aarch64-none/x86_64-oesdk-linux/usr/bin/aarch64-xilinx-elf/../../libexec/aarch64-xilinx-elf/gcc/aarch64-xilinx-elf/13.3.0/:/home/kuszman/Xilinx/2025.2/gnu/aarch64/lin/aarch64-none/x86_64-oesdk-linux/usr/bin/aarch64-xilinx-elf/../../libexec/aarch64-xilinx-elf/gcc/]
  ignore line: [LIBRARY_PATH=/home/kuszman/Xilinx/2025.2/gnu/aarch64/lin/aarch64-none/x86_64-oesdk-linux/usr/bin/aarch64-xilinx-elf/../../lib/aarch64-xilinx-elf/gcc/aarch64-xilinx-elf/13.3.0/:/home/kuszman/Xilinx/2025.2/gnu/aarch64/lin/aarch64-none/x86_64-oesdk-linux/usr/bin/aarch64-xilinx-elf/../../lib/aarch64-xilinx-elf/gcc/:/home/kuszman/Xilinx/2025.2/Vitis/gnu/aarch64/lin/aarch64-none/bin/../aarch64-xilinx-elf/usr/lib64/aarch64-xilinx-elf/13.3.0/:/home/kuszman/Xilinx/2025.2/Vitis/gnu/aarch64/lin/aarch64-none/bin/../aarch64-xilinx-elf/usr/lib64/]
  ignore line: [COLLECT_GCC_OPTIONS='--sysroot=/home/kuszman/Xilinx/2025.2/Vitis/gnu/aarch64/lin/aarch64-none/bin/../aarch64-xilinx-elf' '-mbranch-protection=none' '-D' 'SDT' '-MMD' '-MP' '-specs=/home/kuszman/Magisterka/Intelligent-Vibroacoustic-Machine-Diagnostic-System-on-FPGA/ethernet/vitis/eth_platform/zynqmp_fsbl/zynqmp_fsbl_bsp/Xilinx.spec' '-Os' '-flto' '-ffat-lto-objects' '-D' 'ARMA53_64' '-I' '/home/kuszman/Magisterka/Intelligent-Vibroacoustic-Machine-Diagnostic-System-on-FPGA/ethernet/vitis/eth_platform/zynqmp_fsbl/zynqmp_fsbl_bsp/include' '-v' '-o' 'CMakeFiles/cmTC_7fba2.dir/CMakeCXXCompilerABI.cpp.obj' '-c' '-march=armv8-a' '-mlittle-endian' '-mabi=lp64' '-dumpdir' 'CMakeFiles/cmTC_7fba2.dir/CMakeCXXCompilerABI.cpp.']
  ignore line: [[2/2] Linking CXX executable cmTC_7fba2]
  ignore line: [Using built-in specs.]
  ignore line: [Reading specs from /home/kuszman/Magisterka/Intelligent-Vibroacoustic-Machine-Diagnostic-System-on-FPGA/ethernet/vitis/eth_platform/zynqmp_fsbl/zynqmp_fsbl_bsp/Xilinx.spec]
  ignore line: [COLLECT_GCC=/home/kuszman/Xilinx/2025.2/Vitis/gnu/aarch64/lin/aarch64-none/bin/../x86_64-oesdk-linux/usr/bin/aarch64-xilinx-elf/aarch64-xilinx-elf-g++.real]
  ignore line: [COLLECT_LTO_WRAPPER=/home/kuszman/Xilinx/2025.2/gnu/aarch64/lin/aarch64-none/x86_64-oesdk-linux/usr/bin/aarch64-xilinx-elf/../../libexec/aarch64-xilinx-elf/gcc/aarch64-xilinx-elf/13.3.0/lto-wrapper]
  ignore line: [Target: aarch64-xilinx-elf]
  ignore line: [Configured with: ../../../../../../work-shared/gcc-13.3.0-r0/gcc-13.3.0/configure --build=x86_64-linux --host=x86_64-oesdk-linux --target=aarch64-xilinx-elf --prefix=/usr/local/oe-sdk-hardcoded-buildpath/sysroots/x86_64-oesdk-linux/usr --exec_prefix=/usr/local/oe-sdk-hardcoded-buildpath/sysroots/x86_64-oesdk-linux/usr --bindir=/usr/local/oe-sdk-hardcoded-buildpath/sysroots/x86_64-oesdk-linux/usr/bin/aarch64-xilinx-elf --sbindir=/usr/local/oe-sdk-hardcoded-buildpath/sysroots/x86_64-oesdk-linux/usr/bin/aarch64-xilinx-elf --libexecdir=/usr/local/oe-sdk-hardcoded-buildpath/sysroots/x86_64-oesdk-linux/usr/libexec/aarch64-xilinx-elf --datadir=/usr/local/oe-sdk-hardcoded-buildpath/sysroots/x86_64-oesdk-linux/usr/share --sysconfdir=/usr/local/oe-sdk-hardcoded-buildpath/sysroots/x86_64-oesdk-linux/etc --sharedstatedir=/usr/local/oe-sdk-hardcoded-buildpath/sysroots/x86_64-oesdk-linux/com --localstatedir=/usr/local/oe-sdk-hardcoded-buildpath/sysroots/x86_64-oesdk-linux/var --libdir=/usr/local/oe-sdk-hardcoded-buildpath/sysroots/x86_64-oesdk-linux/usr/lib/aarch64-xilinx-elf --includedir=/usr/local/oe-sdk-hardcoded-buildpath/sysroots/x86_64-oesdk-linux/usr/include --oldincludedir=/usr/local/oe-sdk-hardcoded-buildpath/sysroots/x86_64-oesdk-linux/usr/include --infodir=/usr/local/oe-sdk-hardcoded-buildpath/sysroots/x86_64-oesdk-linux/usr/share/info --mandir=/usr/local/oe-sdk-hardcoded-buildpath/sysroots/x86_64-oesdk-linux/usr/share/man --disable-silent-rules --disable-dependency-tracking --with-libtool-sysroot=/host --with-gnu-ld --enable-shared --enable-languages=c,c++,fortran --enable-threads=posix --enable-multilib --enable-c99 --enable-long-long --enable-libstdcxx-pch --program-prefix=aarch64-xilinx-elf- --without-local-prefix --disable-install-libiberty --disable-libssp --enable-libitm --enable-lto --disable-bootstrap --with-system-zlib --enable-linker-build-id --with-ppl=no --with-cloog=no --enable-checking=release --enable-cheaders=c_global --without-isl --with-gxx-include-dir=/not/exist/usr/include/c++/13.3.0 --with-build-time-tools=/host-native/usr/aarch64-xilinx-elf/bin --with-sysroot=/not/exist --with-build-sysroot=/host --with-plugin-ld=ld --enable-poison-system-directories --disable-static --enable-nls --with-glibc-version=2.28 --enable-initfini-array --enable-multilib --disable-libstdcxx-pch --with-newlib --disable-threads --enable-plugins --with-gnu-as --disable-libitm --disable-tm-clone-registry --disable-multiarch --with-arch=armv8-a --with-sysroot=/not/exist]
  ignore line: [Thread model: single]
  ignore line: [Supported LTO compression algorithms: zlib zstd]
  ignore line: [gcc version 13.3.0 (GCC) ]
  ignore line: [COMPILER_PATH=/home/kuszman/Xilinx/2025.2/gnu/aarch64/lin/aarch64-none/x86_64-oesdk-linux/usr/bin/aarch64-xilinx-elf/../../libexec/aarch64-xilinx-elf/gcc/aarch64-xilinx-elf/13.3.0/:/home/kuszman/Xilinx/2025.2/gnu/aarch64/lin/aarch64-none/x86_64-oesdk-linux/usr/bin/aarch64-xilinx-elf/../../libexec/aarch64-xilinx-elf/gcc/]
  ignore line: [LIBRARY_PATH=/home/kuszman/Xilinx/2025.2/gnu/aarch64/lin/aarch64-none/x86_64-oesdk-linux/usr/bin/aarch64-xilinx-elf/../../lib/aarch64-xilinx-elf/gcc/aarch64-xilinx-elf/13.3.0/:/home/kuszman/Xilinx/2025.2/gnu/aarch64/lin/aarch64-none/x86_64-oesdk-linux/usr/bin/aarch64-xilinx-elf/../../lib/aarch64-xilinx-elf/gcc/:/home/kuszman/Xilinx/2025.2/Vitis/gnu/aarch64/lin/aarch64-none/bin/../aarch64-xilinx-elf/usr/lib64/aarch64-xilinx-elf/13.3.0/:/home/kuszman/Xilinx/2025.2/Vitis/gnu/aarch64/lin/aarch64-none/bin/../aarch64-xilinx-elf/usr/lib64/]
  ignore line: [COLLECT_GCC_OPTIONS='--sysroot=/home/kuszman/Xilinx/2025.2/Vitis/gnu/aarch64/lin/aarch64-none/bin/../aarch64-xilinx-elf' '-mbranch-protection=none' '-D' 'SDT' '-MMD' '-MP' '-specs=/home/kuszman/Magisterka/Intelligent-Vibroacoustic-Machine-Diagnostic-System-on-FPGA/ethernet/vitis/eth_platform/zynqmp_fsbl/zynqmp_fsbl_bsp/Xilinx.spec' '-Os' '-flto' '-ffat-lto-objects' '-D' 'ARMA53_64' '-I' '/home/kuszman/Magisterka/Intelligent-Vibroacoustic-Machine-Diagnostic-System-on-FPGA/ethernet/vitis/eth_platform/zynqmp_fsbl/zynqmp_fsbl_bsp/include' '-v' '-o' 'cmTC_7fba2' '-march=armv8-a' '-mlittle-endian' '-mabi=lp64' '-dumpdir' 'cmTC_7fba2.']
  link line: [ /home/kuszman/Xilinx/2025.2/gnu/aarch64/lin/aarch64-none/x86_64-oesdk-linux/usr/bin/aarch64-xilinx-elf/../../libexec/aarch64-xilinx-elf/gcc/aarch64-xilinx-elf/13.3.0/collect2 -plugin /home/kuszman/Xilinx/2025.2/gnu/aarch64/lin/aarch64-none/x86_64-oesdk-linux/usr/bin/aarch64-xilinx-elf/../../libexec/aarch64-xilinx-elf/gcc/aarch64-xilinx-elf/13.3.0/liblto_plugin.so -plugin-opt=/home/kuszman/Xilinx/2025.2/gnu/aarch64/lin/aarch64-none/x86_64-oesdk-linux/usr/bin/aarch64-xilinx-elf/../../libexec/aarch64-xilinx-elf/gcc/aarch64-xilinx-elf/13.3.0/lto-wrapper -plugin-opt=-fresolution=/tmp/ccggrRBp.res -plugin-opt=-pass-through=-lgcc -plugin-opt=-pass-through=-lc -plugin-opt=-pass-through=-lgcc -flto --sysroot=/home/kuszman/Xilinx/2025.2/Vitis/gnu/aarch64/lin/aarch64-none/bin/../aarch64-xilinx-elf --build-id -EL -X -maarch64elf -o cmTC_7fba2 /home/kuszman/Xilinx/2025.2/Vitis/gnu/aarch64/lin/aarch64-none/bin/../aarch64-xilinx-elf/usr/lib64/aarch64-xilinx-elf/13.3.0/crti.o /home/kuszman/Xilinx/2025.2/Vitis/gnu/aarch64/lin/aarch64-none/bin/../aarch64-xilinx-elf/usr/lib64/aarch64-xilinx-elf/13.3.0/crtbegin.o -L/home/kuszman/Xilinx/2025.2/gnu/aarch64/lin/aarch64-none/x86_64-oesdk-linux/usr/bin/aarch64-xilinx-elf/../../lib/aarch64-xilinx-elf/gcc/aarch64-xilinx-elf/13.3.0 -L/home/kuszman/Xilinx/2025.2/gnu/aarch64/lin/aarch64-none/x86_64-oesdk-linux/usr/bin/aarch64-xilinx-elf/../../lib/aarch64-xilinx-elf/gcc -L/home/kuszman/Xilinx/2025.2/Vitis/gnu/aarch64/lin/aarch64-none/bin/../aarch64-xilinx-elf/usr/lib64/aarch64-xilinx-elf/13.3.0 -L/home/kuszman/Xilinx/2025.2/Vitis/gnu/aarch64/lin/aarch64-none/bin/../aarch64-xilinx-elf/usr/lib64 --no-warn-rwx-segment CMakeFiles/cmTC_7fba2.dir/CMakeCXXCompilerABI.cpp.obj -lstdc++ -lm -lgcc -lc -lgcc /home/kuszman/Xilinx/2025.2/Vitis/gnu/aarch64/lin/aarch64-none/bin/../aarch64-xilinx-elf/usr/lib64/aarch64-xilinx-elf/13.3.0/crtend.o /home/kuszman/Xilinx/2025.2/Vitis/gnu/aarch64/lin/aarch64-none/bin/../aarch64-xilinx-elf/usr/lib64/aarch64-xilinx-elf/13.3.0/crtn.o]
    arg [/home/kuszman/Xilinx/2025.2/gnu/aarch64/lin/aarch64-none/x86_64-oesdk-linux/usr/bin/aarch64-xilinx-elf/../../libexec/aarch64-xilinx-elf/gcc/aarch64-xilinx-elf/13.3.0/collect2] ==> ignore
    arg [-plugin] ==> ignore
    arg [/home/kuszman/Xilinx/2025.2/gnu/aarch64/lin/aarch64-none/x86_64-oesdk-linux/usr/bin/aarch64-xilinx-elf/../../libexec/aarch64-xilinx-elf/gcc/aarch64-xilinx-elf/13.3.0/liblto_plugin.so] ==> ignore
    arg [-plugin-opt=/home/kuszman/Xilinx/2025.2/gnu/aarch64/lin/aarch64-none/x86_64-oesdk-linux/usr/bin/aarch64-xilinx-elf/../../libexec/aarch64-xilinx-elf/gcc/aarch64-xilinx-elf/13.3.0/lto-wrapper] ==> ignore
    arg [-plugin-opt=-fresolution=/tmp/ccggrRBp.res] ==> ignore
    arg [-plugin-opt=-pass-through=-lgcc] ==> ignore
    arg [-plugin-opt=-pass-through=-lc] ==> ignore
    arg [-plugin-opt=-pass-through=-lgcc] ==> ignore
    arg [-flto] ==> ignore
    arg [--sysroot=/home/kuszman/Xilinx/2025.2/Vitis/gnu/aarch64/lin/aarch64-none/bin/../aarch64-xilinx-elf] ==> ignore
    arg [--build-id] ==> ignore
    arg [-EL] ==> ignore
    arg [-X] ==> ignore
    arg [-maarch64elf] ==> ignore
    arg [-o] ==> ignore
    arg [cmTC_7fba2] ==> ignore
    arg [/home/kuszman/Xilinx/2025.2/Vitis/gnu/aarch64/lin/aarch64-none/bin/../aarch64-xilinx-elf/usr/lib64/aarch64-xilinx-elf/13.3.0/crti.o] ==> obj [/home/kuszman/Xilinx/2025.2/Vitis/gnu/aarch64/lin/aarch64-none/bin/../aarch64-xilinx-elf/usr/lib64/aarch64-xilinx-elf/13.3.0/crti.o]
    arg [/home/kuszman/Xilinx/2025.2/Vitis/gnu/aarch64/lin/aarch64-none/bin/../aarch64-xilinx-elf/usr/lib64/aarch64-xilinx-elf/13.3.0/crtbegin.o] ==> obj [/home/kuszman/Xilinx/2025.2/Vitis/gnu/aarch64/lin/aarch64-none/bin/../aarch64-xilinx-elf/usr/lib64/aarch64-xilinx-elf/13.3.0/crtbegin.o]
    arg [-L/home/kuszman/Xilinx/2025.2/gnu/aarch64/lin/aarch64-none/x86_64-oesdk-linux/usr/bin/aarch64-xilinx-elf/../../lib/aarch64-xilinx-elf/gcc/aarch64-xilinx-elf/13.3.0] ==> dir [/home/kuszman/Xilinx/2025.2/gnu/aarch64/lin/aarch64-none/x86_64-oesdk-linux/usr/bin/aarch64-xilinx-elf/../../lib/aarch64-xilinx-elf/gcc/aarch64-xilinx-elf/13.3.0]
    arg [-L/home/kuszman/Xilinx/2025.2/gnu/aarch64/lin/aarch64-none/x86_64-oesdk-linux/usr/bin/aarch64-xilinx-elf/../../lib/aarch64-xilinx-elf/gcc] ==> dir [/home/kuszman/Xilinx/2025.2/gnu/aarch64/lin/aarch64-none/x86_64-oesdk-linux/usr/bin/aarch64-xilinx-elf/../../lib/aarch64-xilinx-elf/gcc]
    arg [-L/home/kuszman/Xilinx/2025.2/Vitis/gnu/aarch64/lin/aarch64-none/bin/../aarch64-xilinx-elf/usr/lib64/aarch64-xilinx-elf/13.3.0] ==> dir [/home/kuszman/Xilinx/2025.2/Vitis/gnu/aarch64/lin/aarch64-none/bin/../aarch64-xilinx-elf/usr/lib64/aarch64-xilinx-elf/13.3.0]
    arg [-L/home/kuszman/Xilinx/2025.2/Vitis/gnu/aarch64/lin/aarch64-none/bin/../aarch64-xilinx-elf/usr/lib64] ==> dir [/home/kuszman/Xilinx/2025.2/Vitis/gnu/aarch64/lin/aarch64-none/bin/../aarch64-xilinx-elf/usr/lib64]
    arg [--no-warn-rwx-segment] ==> ignore
    arg [CMakeFiles/cmTC_7fba2.dir/CMakeCXXCompilerABI.cpp.obj] ==> ignore
    arg [-lstdc++] ==> lib [stdc++]
    arg [-lm] ==> lib [m]
    arg [-lgcc] ==> lib [gcc]
    arg [-lc] ==> lib [c]
    arg [-lgcc] ==> lib [gcc]
    arg [/home/kuszman/Xilinx/2025.2/Vitis/gnu/aarch64/lin/aarch64-none/bin/../aarch64-xilinx-elf/usr/lib64/aarch64-xilinx-elf/13.3.0/crtend.o] ==> obj [/home/kuszman/Xilinx/2025.2/Vitis/gnu/aarch64/lin/aarch64-none/bin/../aarch64-xilinx-elf/usr/lib64/aarch64-xilinx-elf/13.3.0/crtend.o]
    arg [/home/kuszman/Xilinx/2025.2/Vitis/gnu/aarch64/lin/aarch64-none/bin/../aarch64-xilinx-elf/usr/lib64/aarch64-xilinx-elf/13.3.0/crtn.o] ==> obj [/home/kuszman/Xilinx/2025.2/Vitis/gnu/aarch64/lin/aarch64-none/bin/../aarch64-xilinx-elf/usr/lib64/aarch64-xilinx-elf/13.3.0/crtn.o]
  collapse obj [/home/kuszman/Xilinx/2025.2/Vitis/gnu/aarch64/lin/aarch64-none/bin/../aarch64-xilinx-elf/usr/lib64/aarch64-xilinx-elf/13.3.0/crti.o] ==> [/home/kuszman/Xilinx/2025.2/Vitis/gnu/aarch64/lin/aarch64-none/aarch64-xilinx-elf/usr/lib64/aarch64-xilinx-elf/13.3.0/crti.o]
  collapse obj [/home/kuszman/Xilinx/2025.2/Vitis/gnu/aarch64/lin/aarch64-none/bin/../aarch64-xilinx-elf/usr/lib64/aarch64-xilinx-elf/13.3.0/crtbegin.o] ==> [/home/kuszman/Xilinx/2025.2/Vitis/gnu/aarch64/lin/aarch64-none/aarch64-xilinx-elf/usr/lib64/aarch64-xilinx-elf/13.3.0/crtbegin.o]
  collapse obj [/home/kuszman/Xilinx/2025.2/Vitis/gnu/aarch64/lin/aarch64-none/bin/../aarch64-xilinx-elf/usr/lib64/aarch64-xilinx-elf/13.3.0/crtend.o] ==> [/home/kuszman/Xilinx/2025.2/Vitis/gnu/aarch64/lin/aarch64-none/aarch64-xilinx-elf/usr/lib64/aarch64-xilinx-elf/13.3.0/crtend.o]
  collapse obj [/home/kuszman/Xilinx/2025.2/Vitis/gnu/aarch64/lin/aarch64-none/bin/../aarch64-xilinx-elf/usr/lib64/aarch64-xilinx-elf/13.3.0/crtn.o] ==> [/home/kuszman/Xilinx/2025.2/Vitis/gnu/aarch64/lin/aarch64-none/aarch64-xilinx-elf/usr/lib64/aarch64-xilinx-elf/13.3.0/crtn.o]
  collapse library dir [/home/kuszman/Xilinx/2025.2/gnu/aarch64/lin/aarch64-none/x86_64-oesdk-linux/usr/bin/aarch64-xilinx-elf/../../lib/aarch64-xilinx-elf/gcc/aarch64-xilinx-elf/13.3.0] ==> [/home/kuszman/Xilinx/2025.2/gnu/aarch64/lin/aarch64-none/x86_64-oesdk-linux/usr/lib/aarch64-xilinx-elf/gcc/aarch64-xilinx-elf/13.3.0]
  collapse library dir [/home/kuszman/Xilinx/2025.2/gnu/aarch64/lin/aarch64-none/x86_64-oesdk-linux/usr/bin/aarch64-xilinx-elf/../../lib/aarch64-xilinx-elf/gcc] ==> [/home/kuszman/Xilinx/2025.2/gnu/aarch64/lin/aarch64-none/x86_64-oesdk-linux/usr/lib/aarch64-xilinx-elf/gcc]
  collapse library dir [/home/kuszman/Xilinx/2025.2/Vitis/gnu/aarch64/lin/aarch64-none/bin/../aarch64-xilinx-elf/usr/lib64/aarch64-xilinx-elf/13.3.0] ==> [/home/kuszman/Xilinx/2025.2/Vitis/gnu/aarch64/lin/aarch64-none/aarch64-xilinx-elf/usr/lib64/aarch64-xilinx-elf/13.3.0]
  collapse library dir [/home/kuszman/Xilinx/2025.2/Vitis/gnu/aarch64/lin/aarch64-none/bin/../aarch64-xilinx-elf/usr/lib64] ==> [/home/kuszman/Xilinx/2025.2/Vitis/gnu/aarch64/lin/aarch64-none/aarch64-xilinx-elf/usr/lib64]
  implicit libs: [stdc++;m;gcc;c;gcc]
  implicit objs: [/home/kuszman/Xilinx/2025.2/Vitis/gnu/aarch64/lin/aarch64-none/aarch64-xilinx-elf/usr/lib64/aarch64-xilinx-elf/13.3.0/crti.o;/home/kuszman/Xilinx/2025.2/Vitis/gnu/aarch64/lin/aarch64-none/aarch64-xilinx-elf/usr/lib64/aarch64-xilinx-elf/13.3.0/crtbegin.o;/home/kuszman/Xilinx/2025.2/Vitis/gnu/aarch64/lin/aarch64-none/aarch64-xilinx-elf/usr/lib64/aarch64-xilinx-elf/13.3.0/crtend.o;/home/kuszman/Xilinx/2025.2/Vitis/gnu/aarch64/lin/aarch64-none/aarch64-xilinx-elf/usr/lib64/aarch64-xilinx-elf/13.3.0/crtn.o]
  implicit dirs: [/home/kuszman/Xilinx/2025.2/gnu/aarch64/lin/aarch64-none/x86_64-oesdk-linux/usr/lib/aarch64-xilinx-elf/gcc/aarch64-xilinx-elf/13.3.0;/home/kuszman/Xilinx/2025.2/gnu/aarch64/lin/aarch64-none/x86_64-oesdk-linux/usr/lib/aarch64-xilinx-elf/gcc;/home/kuszman/Xilinx/2025.2/Vitis/gnu/aarch64/lin/aarch64-none/aarch64-xilinx-elf/usr/lib64/aarch64-xilinx-elf/13.3.0;/home/kuszman/Xilinx/2025.2/Vitis/gnu/aarch64/lin/aarch64-none/aarch64-xilinx-elf/usr/lib64]
  implicit fwks: []


Checking whether the ASM compiler is GNU using "--version" matched "(GNU assembler)|(GCC)|(Free Software Foundation)":
aarch64-xilinx-elf-gcc.real (GCC) 13.3.0
Copyright (C) 2023 Free Software Foundation, Inc.
This is free software; see the source for copying conditions.  There is NO
warranty; not even for MERCHANTABILITY or FITNESS FOR A PARTICULAR PURPOSE.

The target system is: Generic -  - cortexa53
The host system is: Linux - 7.0.0-28-generic - x86_64
Compiling the C compiler identification source file "CMakeCCompilerId.c" succeeded.
Compiler: /home/kuszman/Xilinx/2025.2/Vitis/gnu/aarch64/lin/aarch64-none/bin/aarch64-none-elf-gcc 
Build flags: ;-DSDT;;-MMD;-MP;-specs=/home/kuszman/Magisterka/Intelligent-Vibroacoustic-Machine-Diagnostic-System-on-FPGA/ethernet/vitis/eth_platform/zynqmp_fsbl/zynqmp_fsbl_bsp/Xilinx.spec;-Os;-flto;-ffat-lto-objects;-DARMA53_64;-I/home/kuszman/Magisterka/Intelligent-Vibroacoustic-Machine-Diagnostic-System-on-FPGA/ethernet/vitis/eth_platform/zynqmp_fsbl/zynqmp_fsbl_bsp/include
Id flags:  

The output was:
0
/home/kuszman/Xilinx/2025.2/gnu/aarch64/lin/aarch64-none/x86_64-oesdk-linux/usr/bin/aarch64-xilinx-elf/aarch64-xilinx-elf-ld.real: warning: cannot find entry symbol _start; defaulting to 0000000000400060


Compilation of the C compiler identification source "CMakeCCompilerId.c" produced "a-CMakeCCompilerId.d"

Compilation of the C compiler identification source "CMakeCCompilerId.c" produced "a.out"

Compiling the C compiler identification source file "CMakeCCompilerId.c" succeeded.
Compiler: /home/kuszman/Xilinx/2025.2/Vitis/gnu/aarch64/lin/aarch64-none/bin/aarch64-none-elf-gcc 
Build flags: ;-DSDT;;-MMD;-MP;-specs=/home/kuszman/Magisterka/Intelligent-Vibroacoustic-Machine-Diagnostic-System-on-FPGA/ethernet/vitis/eth_platform/zynqmp_fsbl/zynqmp_fsbl_bsp/Xilinx.spec;-Os;-flto;-ffat-lto-objects;-DARMA53_64;-I/home/kuszman/Magisterka/Intelligent-Vibroacoustic-Machine-Diagnostic-System-on-FPGA/ethernet/vitis/eth_platform/zynqmp_fsbl/zynqmp_fsbl_bsp/include
Id flags: -c 

The output was:
0


Compilation of the C compiler identification source "CMakeCCompilerId.c" produced "CMakeCCompilerId.d"

Compilation of the C compiler identification source "CMakeCCompilerId.c" produced "CMakeCCompilerId.o"

The C compiler identification is GNU, found in "/home/kuszman/Magisterka/Intelligent-Vibroacoustic-Machine-Diagnostic-System-on-FPGA/ethernet/vitis/eth_platform/zynqmp_fsbl/zynqmp_fsbl_bsp/libsrc/build_configs/gen_bsp/CMakeFiles/3.24.2/CompilerIdC/CMakeCCompilerId.o"

Compiling the CXX compiler identification source file "CMakeCXXCompilerId.cpp" succeeded.
Compiler: /home/kuszman/Xilinx/2025.2/Vitis/gnu/aarch64/lin/aarch64-none/bin/aarch64-none-elf-g++ 
Build flags: ;-DSDT;;-MMD;-MP;-specs=/home/kuszman/Magisterka/Intelligent-Vibroacoustic-Machine-Diagnostic-System-on-FPGA/ethernet/vitis/eth_platform/zynqmp_fsbl/zynqmp_fsbl_bsp/Xilinx.spec;-Os;-flto;-ffat-lto-objects;-DARMA53_64;-I/home/kuszman/Magisterka/Intelligent-Vibroacoustic-Machine-Diagnostic-System-on-FPGA/ethernet/vitis/eth_platform/zynqmp_fsbl/zynqmp_fsbl_bsp/include
Id flags:  

The output was:
0
/home/kuszman/Xilinx/2025.2/gnu/aarch64/lin/aarch64-none/x86_64-oesdk-linux/usr/bin/aarch64-xilinx-elf/aarch64-xilinx-elf-ld.real: warning: cannot find entry symbol _start; defaulting to 0000000000400060


Compilation of the CXX compiler identification source "CMakeCXXCompilerId.cpp" produced "a-CMakeCXXCompilerId.d"

Compilation of the CXX compiler identification source "CMakeCXXCompilerId.cpp" produced "a.out"

Compiling the CXX compiler identification source file "CMakeCXXCompilerId.cpp" succeeded.
Compiler: /home/kuszman/Xilinx/2025.2/Vitis/gnu/aarch64/lin/aarch64-none/bin/aarch64-none-elf-g++ 
Build flags: ;-DSDT;;-MMD;-MP;-specs=/home/kuszman/Magisterka/Intelligent-Vibroacoustic-Machine-Diagnostic-System-on-FPGA/ethernet/vitis/eth_platform/zynqmp_fsbl/zynqmp_fsbl_bsp/Xilinx.spec;-Os;-flto;-ffat-lto-objects;-DARMA53_64;-I/home/kuszman/Magisterka/Intelligent-Vibroacoustic-Machine-Diagnostic-System-on-FPGA/ethernet/vitis/eth_platform/zynqmp_fsbl/zynqmp_fsbl_bsp/include
Id flags: -c 

The output was:
0


Compilation of the CXX compiler identification source "CMakeCXXCompilerId.cpp" produced "CMakeCXXCompilerId.d"

Compilation of the CXX compiler identification source "CMakeCXXCompilerId.cpp" produced "CMakeCXXCompilerId.o"

The CXX compiler identification is GNU, found in "/home/kuszman/Magisterka/Intelligent-Vibroacoustic-Machine-Diagnostic-System-on-FPGA/ethernet/vitis/eth_platform/zynqmp_fsbl/zynqmp_fsbl_bsp/libsrc/build_configs/gen_bsp/CMakeFiles/3.24.2/CompilerIdCXX/CMakeCXXCompilerId.o"

Detecting C compiler ABI info compiled with the following output:
Change Dir: /home/kuszman/Magisterka/Intelligent-Vibroacoustic-Machine-Diagnostic-System-on-FPGA/ethernet/vitis/eth_platform/zynqmp_fsbl/zynqmp_fsbl_bsp/libsrc/build_configs/gen_bsp/CMakeFiles/CMakeTmp

Run Build Command(s):/home/kuszman/Xilinx/2025.2/Vitis/bin/ninja cmTC_c76bd && [1/2] Building C object CMakeFiles/cmTC_c76bd.dir/CMakeCCompilerABI.c.obj
Using built-in specs.
Reading specs from /home/kuszman/Magisterka/Intelligent-Vibroacoustic-Machine-Diagnostic-System-on-FPGA/ethernet/vitis/eth_platform/zynqmp_fsbl/zynqmp_fsbl_bsp/Xilinx.spec
COLLECT_GCC=/home/kuszman/Xilinx/2025.2/Vitis/gnu/aarch64/lin/aarch64-none/bin/../x86_64-oesdk-linux/usr/bin/aarch64-xilinx-elf/aarch64-xilinx-elf-gcc.real
Target: aarch64-xilinx-elf
Configured with: ../../../../../../work-shared/gcc-13.3.0-r0/gcc-13.3.0/configure --build=x86_64-linux --host=x86_64-oesdk-linux --target=aarch64-xilinx-elf --prefix=/usr/local/oe-sdk-hardcoded-buildpath/sysroots/x86_64-oesdk-linux/usr --exec_prefix=/usr/local/oe-sdk-hardcoded-buildpath/sysroots/x86_64-oesdk-linux/usr --bindir=/usr/local/oe-sdk-hardcoded-buildpath/sysroots/x86_64-oesdk-linux/usr/bin/aarch64-xilinx-elf --sbindir=/usr/local/oe-sdk-hardcoded-buildpath/sysroots/x86_64-oesdk-linux/usr/bin/aarch64-xilinx-elf --libexecdir=/usr/local/oe-sdk-hardcoded-buildpath/sysroots/x86_64-oesdk-linux/usr/libexec/aarch64-xilinx-elf --datadir=/usr/local/oe-sdk-hardcoded-buildpath/sysroots/x86_64-oesdk-linux/usr/share --sysconfdir=/usr/local/oe-sdk-hardcoded-buildpath/sysroots/x86_64-oesdk-linux/etc --sharedstatedir=/usr/local/oe-sdk-hardcoded-buildpath/sysroots/x86_64-oesdk-linux/com --localstatedir=/usr/local/oe-sdk-hardcoded-buildpath/sysroots/x86_64-oesdk-linux/var --libdir=/usr/local/oe-sdk-hardcoded-buildpath/sysroots/x86_64-oesdk-linux/usr/lib/aarch64-xilinx-elf --includedir=/usr/local/oe-sdk-hardcoded-buildpath/sysroots/x86_64-oesdk-linux/usr/include --oldincludedir=/usr/local/oe-sdk-hardcoded-buildpath/sysroots/x86_64-oesdk-linux/usr/include --infodir=/usr/local/oe-sdk-hardcoded-buildpath/sysroots/x86_64-oesdk-linux/usr/share/info --mandir=/usr/local/oe-sdk-hardcoded-buildpath/sysroots/x86_64-oesdk-linux/usr/share/man --disable-silent-rules --disable-dependency-tracking --with-libtool-sysroot=/host --with-gnu-ld --enable-shared --enable-languages=c,c++,fortran --enable-threads=posix --enable-multilib --enable-c99 --enable-long-long --enable-libstdcxx-pch --program-prefix=aarch64-xilinx-elf- --without-local-prefix --disable-install-libiberty --disable-libssp --enable-libitm --enable-lto --disable-bootstrap --with-system-zlib --enable-linker-build-id --with-ppl=no --with-cloog=no --enable-checking=release --enable-cheaders=c_global --without-isl --with-gxx-include-dir=/not/exist/usr/include/c++/13.3.0 --with-build-time-tools=/host-native/usr/aarch64-xilinx-elf/bin --with-sysroot=/not/exist --with-build-sysroot=/host --with-plugin-ld=ld --enable-poison-system-directories --disable-static --enable-nls --with-glibc-version=2.28 --enable-initfini-array --enable-multilib --disable-libstdcxx-pch --with-newlib --disable-threads --enable-plugins --with-gnu-as --disable-libitm --disable-tm-clone-registry --disable-multiarch --with-arch=armv8-a --with-sysroot=/not/exist
Thread model: single
Supported LTO compression algorithms: zlib zstd
gcc version 13.3.0 (GCC) 
COLLECT_GCC_OPTIONS='--sysroot=/home/kuszman/Xilinx/2025.2/Vitis/gnu/aarch64/lin/aarch64-none/bin/../aarch64-xilinx-elf' '-mbranch-protection=none' '-D' 'SDT' '-MMD' '-MP' '-specs=/home/kuszman/Magisterka/Intelligent-Vibroacoustic-Machine-Diagnostic-System-on-FPGA/ethernet/vitis/eth_platform/zynqmp_fsbl/zynqmp_fsbl_bsp/Xilinx.spec' '-Os' '-flto' '-ffat-lto-objects' '-D' 'ARMA53_64' '-I' '/home/kuszman/Magisterka/Intelligent-Vibroacoustic-Machine-Diagnostic-System-on-FPGA/ethernet/vitis/eth_platform/zynqmp_fsbl/zynqmp_fsbl_bsp/include' '-v' '-o' 'CMakeFiles/cmTC_c76bd.dir/CMakeCCompilerABI.c.obj' '-c' '-march=armv8-a' '-mlittle-endian' '-mabi=lp64' '-dumpdir' 'CMakeFiles/cmTC_c76bd.dir/'
 /home/kuszman/Xilinx/2025.2/gnu/aarch64/lin/aarch64-none/x86_64-oesdk-linux/usr/bin/aarch64-xilinx-elf/../../libexec/aarch64-xilinx-elf/gcc/aarch64-xilinx-elf/13.3.0/cc1 -quiet -v -I /home/kuszman/Magisterka/Intelligent-Vibroacoustic-Machine-Diagnostic-System-on-FPGA/ethernet/vitis/eth_platform/zynqmp_fsbl/zynqmp_fsbl_bsp/include -iprefix /home/kuszman/Xilinx/2025.2/gnu/aarch64/lin/aarch64-none/x86_64-oesdk-linux/usr/bin/aarch64-xilinx-elf/../../lib/aarch64-xilinx-elf/gcc/aarch64-xilinx-elf/13.3.0/ -isysroot /home/kuszman/Xilinx/2025.2/Vitis/gnu/aarch64/lin/aarch64-none/bin/../aarch64-xilinx-elf -MMD CMakeFiles/cmTC_c76bd.dir/CMakeCCompilerABI.c.d -MP -MQ CMakeFiles/cmTC_c76bd.dir/CMakeCCompilerABI.c.obj -D SDT -D ARMA53_64 /home/kuszman/Xilinx/2025.2/tps/lnx64/cmake-3.24.2/share/cmake-3.24/Modules/CMakeCCompilerABI.c -quiet -dumpdir CMakeFiles/cmTC_c76bd.dir/ -dumpbase CMakeCCompilerABI.c.c -dumpbase-ext .c -mbranch-protection=none -march=armv8-a -mlittle-endian -mabi=lp64 -Os -version -flto -ffat-lto-objects -o /tmp/ccgkPNzF.s
GNU C17 (GCC) version 13.3.0 (aarch64-xilinx-elf)
	compiled by GNU C version 13.3.0, GMP version 6.3.0, MPFR version 4.2.1, MPC version 1.3.1, isl version none
GGC heuristics: --param ggc-min-expand=100 --param ggc-min-heapsize=131072
ignoring nonexistent directory "/home/kuszman/Xilinx/2025.2/gnu/aarch64/lin/aarch64-none/x86_64-oesdk-linux/usr/bin/aarch64-xilinx-elf/../../lib/aarch64-xilinx-elf/gcc/aarch64-xilinx-elf/13.3.0/../../../../../aarch64-xilinx-elf/include"
ignoring duplicate directory "/home/kuszman/Xilinx/2025.2/gnu/aarch64/lin/aarch64-none/x86_64-oesdk-linux/usr/bin/aarch64-xilinx-elf/../../lib/aarch64-xilinx-elf/gcc/../../../lib/aarch64-xilinx-elf/gcc/aarch64-xilinx-elf/13.3.0/include"
ignoring nonexistent directory "/home/kuszman/Xilinx/2025.2/Vitis/gnu/aarch64/lin/aarch64-none/bin/../aarch64-xilinx-elf/usr/lib64/aarch64-xilinx-elf/13.3.0/include"
ignoring nonexistent directory "/home/kuszman/Xilinx/2025.2/Vitis/gnu/aarch64/lin/aarch64-none/bin/../aarch64-xilinx-elf/usr/local/include"
ignoring duplicate directory "/home/kuszman/Xilinx/2025.2/gnu/aarch64/lin/aarch64-none/x86_64-oesdk-linux/usr/bin/aarch64-xilinx-elf/../../lib/aarch64-xilinx-elf/gcc/../../../lib/aarch64-xilinx-elf/gcc/aarch64-xilinx-elf/13.3.0/include-fixed"
ignoring nonexistent directory "/home/kuszman/Xilinx/2025.2/gnu/aarch64/lin/aarch64-none/x86_64-oesdk-linux/usr/bin/aarch64-xilinx-elf/../../lib/aarch64-xilinx-elf/gcc/../../../lib/aarch64-xilinx-elf/gcc/aarch64-xilinx-elf/13.3.0/../../../../../aarch64-xilinx-elf/include"
#include "..." search starts here:
#include <...> search starts here:
 /home/kuszman/Magisterka/Intelligent-Vibroacoustic-Machine-Diagnostic-System-on-FPGA/ethernet/vitis/eth_platform/zynqmp_fsbl/zynqmp_fsbl_bsp/include
 /home/kuszman/Xilinx/2025.2/gnu/aarch64/lin/aarch64-none/x86_64-oesdk-linux/usr/bin/aarch64-xilinx-elf/../../lib/aarch64-xilinx-elf/gcc/aarch64-xilinx-elf/13.3.0/include
 /home/kuszman/Xilinx/2025.2/gnu/aarch64/lin/aarch64-none/x86_64-oesdk-linux/usr/bin/aarch64-xilinx-elf/../../lib/aarch64-xilinx-elf/gcc/aarch64-xilinx-elf/13.3.0/include-fixed
 /home/kuszman/Xilinx/2025.2/Vitis/gnu/aarch64/lin/aarch64-none/bin/../aarch64-xilinx-elf/usr/include/
End of search list.
Compiler executable checksum: bf4f7e99d9c79ea23b0a478fa2e8108a
COLLECT_GCC_OPTIONS='--sysroot=/home/kuszman/Xilinx/2025.2/Vitis/gnu/aarch64/lin/aarch64-none/bin/../aarch64-xilinx-elf' '-mbranch-protection=none' '-D' 'SDT' '-MMD' '-MP' '-specs=/home/kuszman/Magisterka/Intelligent-Vibroacoustic-Machine-Diagnostic-System-on-FPGA/ethernet/vitis/eth_platform/zynqmp_fsbl/zynqmp_fsbl_bsp/Xilinx.spec' '-Os' '-flto' '-ffat-lto-objects' '-D' 'ARMA53_64' '-I' '/home/kuszman/Magisterka/Intelligent-Vibroacoustic-Machine-Diagnostic-System-on-FPGA/ethernet/vitis/eth_platform/zynqmp_fsbl/zynqmp_fsbl_bsp/include' '-v' '-o' 'CMakeFiles/cmTC_c76bd.dir/CMakeCCompilerABI.c.obj' '-c' '-march=armv8-a' '-mlittle-endian' '-mabi=lp64' '-dumpdir' 'CMakeFiles/cmTC_c76bd.dir/'
 /home/kuszman/Xilinx/2025.2/gnu/aarch64/lin/aarch64-none/x86_64-oesdk-linux/usr/bin/aarch64-xilinx-elf/../../libexec/aarch64-xilinx-elf/gcc/aarch64-xilinx-elf/13.3.0/as -v -I /home/kuszman/Magisterka/Intelligent-Vibroacoustic-Machine-Diagnostic-System-on-FPGA/ethernet/vitis/eth_platform/zynqmp_fsbl/zynqmp_fsbl_bsp/include -EL -march=armv8-a -mabi=lp64 -o CMakeFiles/cmTC_c76bd.dir/CMakeCCompilerABI.c.obj /tmp/ccgkPNzF.s
GNU assembler version 2.42.0 (aarch64-xilinx-elf) using BFD version (GNU Binutils) 2.42.0.20240723
COMPILER_PATH=/home/kuszman/Xilinx/2025.2/gnu/aarch64/lin/aarch64-none/x86_64-oesdk-linux/usr/bin/aarch64-xilinx-elf/../../libexec/aarch64-xilinx-elf/gcc/aarch64-xilinx-elf/13.3.0/:/home/kuszman/Xilinx/2025.2/gnu/aarch64/lin/aarch64-none/x86_64-oesdk-linux/usr/bin/aarch64-xilinx-elf/../../libexec/aarch64-xilinx-elf/gcc/
LIBRARY_PATH=/home/kuszman/Xilinx/2025.2/gnu/aarch64/lin/aarch64-none/x86_64-oesdk-linux/usr/bin/aarch64-xilinx-elf/../../lib/aarch64-xilinx-elf/gcc/aarch64-xilinx-elf/13.3.0/:/home/kuszman/Xilinx/2025.2/gnu/aarch64/lin/aarch64-none/x86_64-oesdk-linux/usr/bin/aarch64-xilinx-elf/../../lib/aarch64-xilinx-elf/gcc/:/home/kuszman/Xilinx/2025.2/Vitis/gnu/aarch64/lin/aarch64-none/bin/../aarch64-xilinx-elf/usr/lib64/aarch64-xilinx-elf/13.3.0/:/home/kuszman/Xilinx/2025.2/Vitis/gnu/aarch64/lin/aarch64-none/bin/../aarch64-xilinx-elf/usr/lib64/
COLLECT_GCC_OPTIONS='--sysroot=/home/kuszman/Xilinx/2025.2/Vitis/gnu/aarch64/lin/aarch64-none/bin/../aarch64-xilinx-elf' '-mbranch-protection=none' '-D' 'SDT' '-MMD' '-MP' '-specs=/home/kuszman/Magisterka/Intelligent-Vibroacoustic-Machine-Diagnostic-System-on-FPGA/ethernet/vitis/eth_platform/zynqmp_fsbl/zynqmp_fsbl_bsp/Xilinx.spec' '-Os' '-flto' '-ffat-lto-objects' '-D' 'ARMA53_64' '-I' '/home/kuszman/Magisterka/Intelligent-Vibroacoustic-Machine-Diagnostic-System-on-FPGA/ethernet/vitis/eth_platform/zynqmp_fsbl/zynqmp_fsbl_bsp/include' '-v' '-o' 'CMakeFiles/cmTC_c76bd.dir/CMakeCCompilerABI.c.obj' '-c' '-march=armv8-a' '-mlittle-endian' '-mabi=lp64' '-dumpdir' 'CMakeFiles/cmTC_c76bd.dir/CMakeCCompilerABI.c.'
[2/2] Linking C executable cmTC_c76bd
Using built-in specs.
Reading specs from /home/kuszman/Magisterka/Intelligent-Vibroacoustic-Machine-Diagnostic-System-on-FPGA/ethernet/vitis/eth_platform/zynqmp_fsbl/zynqmp_fsbl_bsp/Xilinx.spec
COLLECT_GCC=/home/kuszman/Xilinx/2025.2/Vitis/gnu/aarch64/lin/aarch64-none/bin/../x86_64-oesdk-linux/usr/bin/aarch64-xilinx-elf/aarch64-xilinx-elf-gcc.real
COLLECT_LTO_WRAPPER=/home/kuszman/Xilinx/2025.2/gnu/aarch64/lin/aarch64-none/x86_64-oesdk-linux/usr/bin/aarch64-xilinx-elf/../../libexec/aarch64-xilinx-elf/gcc/aarch64-xilinx-elf/13.3.0/lto-wrapper
Target: aarch64-xilinx-elf
Configured with: ../../../../../../work-shared/gcc-13.3.0-r0/gcc-13.3.0/configure --build=x86_64-linux --host=x86_64-oesdk-linux --target=aarch64-xilinx-elf --prefix=/usr/local/oe-sdk-hardcoded-buildpath/sysroots/x86_64-oesdk-linux/usr --exec_prefix=/usr/local/oe-sdk-hardcoded-buildpath/sysroots/x86_64-oesdk-linux/usr --bindir=/usr/local/oe-sdk-hardcoded-buildpath/sysroots/x86_64-oesdk-linux/usr/bin/aarch64-xilinx-elf --sbindir=/usr/local/oe-sdk-hardcoded-buildpath/sysroots/x86_64-oesdk-linux/usr/bin/aarch64-xilinx-elf --libexecdir=/usr/local/oe-sdk-hardcoded-buildpath/sysroots/x86_64-oesdk-linux/usr/libexec/aarch64-xilinx-elf --datadir=/usr/local/oe-sdk-hardcoded-buildpath/sysroots/x86_64-oesdk-linux/usr/share --sysconfdir=/usr/local/oe-sdk-hardcoded-buildpath/sysroots/x86_64-oesdk-linux/etc --sharedstatedir=/usr/local/oe-sdk-hardcoded-buildpath/sysroots/x86_64-oesdk-linux/com --localstatedir=/usr/local/oe-sdk-hardcoded-buildpath/sysroots/x86_64-oesdk-linux/var --libdir=/usr/local/oe-sdk-hardcoded-buildpath/sysroots/x86_64-oesdk-linux/usr/lib/aarch64-xilinx-elf --includedir=/usr/local/oe-sdk-hardcoded-buildpath/sysroots/x86_64-oesdk-linux/usr/include --oldincludedir=/usr/local/oe-sdk-hardcoded-buildpath/sysroots/x86_64-oesdk-linux/usr/include --infodir=/usr/local/oe-sdk-hardcoded-buildpath/sysroots/x86_64-oesdk-linux/usr/share/info --mandir=/usr/local/oe-sdk-hardcoded-buildpath/sysroots/x86_64-oesdk-linux/usr/share/man --disable-silent-rules --disable-dependency-tracking --with-libtool-sysroot=/host --with-gnu-ld --enable-shared --enable-languages=c,c++,fortran --enable-threads=posix --enable-multilib --enable-c99 --enable-long-long --enable-libstdcxx-pch --program-prefix=aarch64-xilinx-elf- --without-local-prefix --disable-install-libiberty --disable-libssp --enable-libitm --enable-lto --disable-bootstrap --with-system-zlib --enable-linker-build-id --with-ppl=no --with-cloog=no --enable-checking=release --enable-cheaders=c_global --without-isl --with-gxx-include-dir=/not/exist/usr/include/c++/13.3.0 --with-build-time-tools=/host-native/usr/aarch64-xilinx-elf/bin --with-sysroot=/not/exist --with-build-sysroot=/host --with-plugin-ld=ld --enable-poison-system-directories --disable-static --enable-nls --with-glibc-version=2.28 --enable-initfini-array --enable-multilib --disable-libstdcxx-pch --with-newlib --disable-threads --enable-plugins --with-gnu-as --disable-libitm --disable-tm-clone-registry --disable-multiarch --with-arch=armv8-a --with-sysroot=/not/exist
Thread model: single
Supported LTO compression algorithms: zlib zstd
gcc version 13.3.0 (GCC) 
COMPILER_PATH=/home/kuszman/Xilinx/2025.2/gnu/aarch64/lin/aarch64-none/x86_64-oesdk-linux/usr/bin/aarch64-xilinx-elf/../../libexec/aarch64-xilinx-elf/gcc/aarch64-xilinx-elf/13.3.0/:/home/kuszman/Xilinx/2025.2/gnu/aarch64/lin/aarch64-none/x86_64-oesdk-linux/usr/bin/aarch64-xilinx-elf/../../libexec/aarch64-xilinx-elf/gcc/
LIBRARY_PATH=/home/kuszman/Xilinx/2025.2/gnu/aarch64/lin/aarch64-none/x86_64-oesdk-linux/usr/bin/aarch64-xilinx-elf/../../lib/aarch64-xilinx-elf/gcc/aarch64-xilinx-elf/13.3.0/:/home/kuszman/Xilinx/2025.2/gnu/aarch64/lin/aarch64-none/x86_64-oesdk-linux/usr/bin/aarch64-xilinx-elf/../../lib/aarch64-xilinx-elf/gcc/:/home/kuszman/Xilinx/2025.2/Vitis/gnu/aarch64/lin/aarch64-none/bin/../aarch64-xilinx-elf/usr/lib64/aarch64-xilinx-elf/13.3.0/:/home/kuszman/Xilinx/2025.2/Vitis/gnu/aarch64/lin/aarch64-none/bin/../aarch64-xilinx-elf/usr/lib64/
COLLECT_GCC_OPTIONS='--sysroot=/home/kuszman/Xilinx/2025.2/Vitis/gnu/aarch64/lin/aarch64-none/bin/../aarch64-xilinx-elf' '-mbranch-protection=none' '-D' 'SDT' '-MMD' '-MP' '-specs=/home/kuszman/Magisterka/Intelligent-Vibroacoustic-Machine-Diagnostic-System-on-FPGA/ethernet/vitis/eth_platform/zynqmp_fsbl/zynqmp_fsbl_bsp/Xilinx.spec' '-Os' '-flto' '-ffat-lto-objects' '-D' 'ARMA53_64' '-I' '/home/kuszman/Magisterka/Intelligent-Vibroacoustic-Machine-Diagnostic-System-on-FPGA/ethernet/vitis/eth_platform/zynqmp_fsbl/zynqmp_fsbl_bsp/include' '-v' '-o' 'cmTC_c76bd' '-march=armv8-a' '-mlittle-endian' '-mabi=lp64' '-dumpdir' 'cmTC_c76bd.'
 /home/kuszman/Xilinx/2025.2/gnu/aarch64/lin/aarch64-none/x86_64-oesdk-linux/usr/bin/aarch64-xilinx-elf/../../libexec/aarch64-xilinx-elf/gcc/aarch64-xilinx-elf/13.3.0/collect2 -plugin /home/kuszman/Xilinx/2025.2/gnu/aarch64/lin/aarch64-none/x86_64-oesdk-linux/usr/bin/aarch64-xilinx-elf/../../libexec/aarch64-xilinx-elf/gcc/aarch64-xilinx-elf/13.3.0/liblto_plugin.so -plugin-opt=/home/kuszman/Xilinx/2025.2/gnu/aarch64/lin/aarch64-none/x86_64-oesdk-linux/usr/bin/aarch64-xilinx-elf/../../libexec/aarch64-xilinx-elf/gcc/aarch64-xilinx-elf/13.3.0/lto-wrapper -plugin-opt=-fresolution=/tmp/ccv9339W.res -plugin-opt=-pass-through=-lgcc -plugin-opt=-pass-through=-lc -plugin-opt=-pass-through=-lgcc -flto --sysroot=/home/kuszman/Xilinx/2025.2/Vitis/gnu/aarch64/lin/aarch64-none/bin/../aarch64-xilinx-elf --build-id -EL -X -maarch64elf -o cmTC_c76bd /home/kuszman/Xilinx/2025.2/Vitis/gnu/aarch64/lin/aarch64-none/bin/../aarch64-xilinx-elf/usr/lib64/aarch64-xilinx-elf/13.3.0/crti.o /home/kuszman/Xilinx/2025.2/Vitis/gnu/aarch64/lin/aarch64-none/bin/../aarch64-xilinx-elf/usr/lib64/aarch64-xilinx-elf/13.3.0/crtbegin.o -L/home/kuszman/Xilinx/2025.2/gnu/aarch64/lin/aarch64-none/x86_64-oesdk-linux/usr/bin/aarch64-xilinx-elf/../../lib/aarch64-xilinx-elf/gcc/aarch64-xilinx-elf/13.3.0 -L/home/kuszman/Xilinx/2025.2/gnu/aarch64/lin/aarch64-none/x86_64-oesdk-linux/usr/bin/aarch64-xilinx-elf/../../lib/aarch64-xilinx-elf/gcc -L/home/kuszman/Xilinx/2025.2/Vitis/gnu/aarch64/lin/aarch64-none/bin/../aarch64-xilinx-elf/usr/lib64/aarch64-xilinx-elf/13.3.0 -L/home/kuszman/Xilinx/2025.2/Vitis/gnu/aarch64/lin/aarch64-none/bin/../aarch64-xilinx-elf/usr/lib64 --no-warn-rwx-segment CMakeFiles/cmTC_c76bd.dir/CMakeCCompilerABI.c.obj -lgcc -lc -lgcc /home/kuszman/Xilinx/2025.2/Vitis/gnu/aarch64/lin/aarch64-none/bin/../aarch64-xilinx-elf/usr/lib64/aarch64-xilinx-elf/13.3.0/crtend.o /home/kuszman/Xilinx/2025.2/Vitis/gnu/aarch64/lin/aarch64-none/bin/../aarch64-xilinx-elf/usr/lib64/aarch64-xilinx-elf/13.3.0/crtn.o
/home/kuszman/Xilinx/2025.2/gnu/aarch64/lin/aarch64-none/x86_64-oesdk-linux/usr/bin/aarch64-xilinx-elf/../../libexec/aarch64-xilinx-elf/gcc/aarch64-xilinx-elf/13.3.0/lto-wrapper -fresolution=/tmp/ccv9339W.res -flinker-output=exec CMakeFiles/cmTC_c76bd.dir/CMakeCCompilerABI.c.obj 
/home/kuszman/Xilinx/2025.2/gnu/aarch64/lin/aarch64-none/x86_64-oesdk-linux/usr/bin/aarch64-xilinx-elf/../../libexec/aarch64-xilinx-elf/gcc/aarch64-xilinx-elf/13.3.0/lto-wrapper.real -fresolution=/tmp/ccv9339W.res -flinker-output=exec CMakeFiles/cmTC_c76bd.dir/CMakeCCompilerABI.c.obj 
/home/kuszman/Xilinx/2025.2/Vitis/gnu/aarch64/lin/aarch64-none/bin/../x86_64-oesdk-linux/usr/bin/aarch64-xilinx-elf/aarch64-xilinx-elf-gcc @/tmp/ccschrhm
Using built-in specs.
Reading specs from /home/kuszman/Magisterka/Intelligent-Vibroacoustic-Machine-Diagnostic-System-on-FPGA/ethernet/vitis/eth_platform/zynqmp_fsbl/zynqmp_fsbl_bsp/Xilinx.spec
COLLECT_GCC=/home/kuszman/Xilinx/2025.2/Vitis/gnu/aarch64/lin/aarch64-none/bin/../x86_64-oesdk-linux/usr/bin/aarch64-xilinx-elf/aarch64-xilinx-elf-gcc.real
Target: aarch64-xilinx-elf
Configured with: ../../../../../../work-shared/gcc-13.3.0-r0/gcc-13.3.0/configure --build=x86_64-linux --host=x86_64-oesdk-linux --target=aarch64-xilinx-elf --prefix=/usr/local/oe-sdk-hardcoded-buildpath/sysroots/x86_64-oesdk-linux/usr --exec_prefix=/usr/local/oe-sdk-hardcoded-buildpath/sysroots/x86_64-oesdk-linux/usr --bindir=/usr/local/oe-sdk-hardcoded-buildpath/sysroots/x86_64-oesdk-linux/usr/bin/aarch64-xilinx-elf --sbindir=/usr/local/oe-sdk-hardcoded-buildpath/sysroots/x86_64-oesdk-linux/usr/bin/aarch64-xilinx-elf --libexecdir=/usr/local/oe-sdk-hardcoded-buildpath/sysroots/x86_64-oesdk-linux/usr/libexec/aarch64-xilinx-elf --datadir=/usr/local/oe-sdk-hardcoded-buildpath/sysroots/x86_64-oesdk-linux/usr/share --sysconfdir=/usr/local/oe-sdk-hardcoded-buildpath/sysroots/x86_64-oesdk-linux/etc --sharedstatedir=/usr/local/oe-sdk-hardcoded-buildpath/sysroots/x86_64-oesdk-linux/com --localstatedir=/usr/local/oe-sdk-hardcoded-buildpath/sysroots/x86_64-oesdk-linux/var --libdir=/usr/local/oe-sdk-hardcoded-buildpath/sysroots/x86_64-oesdk-linux/usr/lib/aarch64-xilinx-elf --includedir=/usr/local/oe-sdk-hardcoded-buildpath/sysroots/x86_64-oesdk-linux/usr/include --oldincludedir=/usr/local/oe-sdk-hardcoded-buildpath/sysroots/x86_64-oesdk-linux/usr/include --infodir=/usr/local/oe-sdk-hardcoded-buildpath/sysroots/x86_64-oesdk-linux/usr/share/info --mandir=/usr/local/oe-sdk-hardcoded-buildpath/sysroots/x86_64-oesdk-linux/usr/share/man --disable-silent-rules --disable-dependency-tracking --with-libtool-sysroot=/host --with-gnu-ld --enable-shared --enable-languages=c,c++,fortran --enable-threads=posix --enable-multilib --enable-c99 --enable-long-long --enable-libstdcxx-pch --program-prefix=aarch64-xilinx-elf- --without-local-prefix --disable-install-libiberty --disable-libssp --enable-libitm --enable-lto --disable-bootstrap --with-system-zlib --enable-linker-build-id --with-ppl=no --with-cloog=no --enable-checking=release --enable-cheaders=c_global --without-isl --with-gxx-include-dir=/not/exist/usr/include/c++/13.3.0 --with-build-time-tools=/host-native/usr/aarch64-xilinx-elf/bin --with-sysroot=/not/exist --with-build-sysroot=/host --with-plugin-ld=ld --enable-poison-system-directories --disable-static --enable-nls --with-glibc-version=2.28 --enable-initfini-array --enable-multilib --disable-libstdcxx-pch --with-newlib --disable-threads --enable-plugins --with-gnu-as --disable-libitm --disable-tm-clone-registry --disable-multiarch --with-arch=armv8-a --with-sysroot=/not/exist
Thread model: single
Supported LTO compression algorithms: zlib zstd
gcc version 13.3.0 (GCC) 
COLLECT_GCC_OPTIONS='-c' '-fno-openmp' '-fno-openacc' '-fno-pie' '-fcf-protection=none' '-mbranch-protection=none' '-mlittle-endian' '-mabi=lp64' '-Os' '--sysroot=/home/kuszman/Xilinx/2025.2/Vitis/gnu/aarch64/lin/aarch64-none/bin/../aarch64-xilinx-elf' '-mbranch-protection=none' '-specs=/home/kuszman/Magisterka/Intelligent-Vibroacoustic-Machine-Diagnostic-System-on-FPGA/ethernet/vitis/eth_platform/zynqmp_fsbl/zynqmp_fsbl_bsp/Xilinx.spec' '-Os' '-ffat-lto-objects' '-v' '-march=armv8-a' '-mlittle-endian' '-mabi=lp64'   '-fltrans-output-list=/tmp/ccmocdvL.ltrans.out' '-fwpa' '-fresolution=/tmp/ccv9339W.res' '-flinker-output=exec'
 /home/kuszman/Xilinx/2025.2/gnu/aarch64/lin/aarch64-none/x86_64-oesdk-linux/usr/bin/aarch64-xilinx-elf/../../lib/aarch64-xilinx-elf/gcc/../../../libexec/aarch64-xilinx-elf/gcc/aarch64-xilinx-elf/13.3.0/lto1 -quiet -dumpbase ./cmTC_c76bd.wpa -mbranch-protection=none -mlittle-endian -mabi=lp64 -mbranch-protection=none -march=armv8-a -mlittle-endian -mabi=lp64 -Os -Os -version -fno-openmp -fno-openacc -fno-pie -fcf-protection=none -ffat-lto-objects -fltrans-output-list=/tmp/ccmocdvL.ltrans.out -fwpa -fresolution=/tmp/ccv9339W.res -flinker-output=exec @/tmp/ccevvxdI
GNU GIMPLE (GCC) version 13.3.0 (aarch64-xilinx-elf)
	compiled by GNU C version 13.3.0, GMP version 6.3.0, MPFR version 4.2.1, MPC version 1.3.1, isl version none
GGC heuristics: --param ggc-min-expand=100 --param ggc-min-heapsize=131072
COMPILER_PATH=/home/kuszman/Xilinx/2025.2/gnu/aarch64/lin/aarch64-none/x86_64-oesdk-linux/usr/bin/aarch64-xilinx-elf/../../lib/aarch64-xilinx-elf/gcc/../../../libexec/aarch64-xilinx-elf/gcc/aarch64-xilinx-elf/13.3.0/:/home/kuszman/Xilinx/2025.2/gnu/aarch64/lin/aarch64-none/x86_64-oesdk-linux/usr/bin/aarch64-xilinx-elf/../../lib/aarch64-xilinx-elf/gcc/../../../libexec/aarch64-xilinx-elf/gcc/:/home/kuszman/Xilinx/2025.2/gnu/aarch64/lin/aarch64-none/x86_64-oesdk-linux/usr/bin/aarch64-xilinx-elf/../../libexec/aarch64-xilinx-elf/gcc/aarch64-xilinx-elf/13.3.0/:/home/kuszman/Xilinx/2025.2/gnu/aarch64/lin/aarch64-none/x86_64-oesdk-linux/usr/bin/aarch64-xilinx-elf/../../libexec/aarch64-xilinx-elf/gcc/aarch64-xilinx-elf/13.3.0/:/home/kuszman/Xilinx/2025.2/gnu/aarch64/lin/aarch64-none/x86_64-oesdk-linux/usr/bin/aarch64-xilinx-elf/../../libexec/aarch64-xilinx-elf/gcc/
LIBRARY_PATH=/home/kuszman/Xilinx/2025.2/gnu/aarch64/lin/aarch64-none/x86_64-oesdk-linux/usr/bin/aarch64-xilinx-elf/../../lib/aarch64-xilinx-elf/gcc/aarch64-xilinx-elf/13.3.0/:/home/kuszman/Xilinx/2025.2/gnu/aarch64/lin/aarch64-none/x86_64-oesdk-linux/usr/bin/aarch64-xilinx-elf/../../lib/aarch64-xilinx-elf/gcc/:/home/kuszman/Xilinx/2025.2/Vitis/gnu/aarch64/lin/aarch64-none/bin/../aarch64-xilinx-elf/usr/lib64/aarch64-xilinx-elf/13.3.0/:/home/kuszman/Xilinx/2025.2/Vitis/gnu/aarch64/lin/aarch64-none/bin/../aarch64-xilinx-elf/usr/lib64/
COLLECT_GCC_OPTIONS='-c' '-fno-openmp' '-fno-openacc' '-fno-pie' '-fcf-protection=none' '-mbranch-protection=none' '-mlittle-endian' '-mabi=lp64' '-Os' '--sysroot=/home/kuszman/Xilinx/2025.2/Vitis/gnu/aarch64/lin/aarch64-none/bin/../aarch64-xilinx-elf' '-mbranch-protection=none' '-specs=/home/kuszman/Magisterka/Intelligent-Vibroacoustic-Machine-Diagnostic-System-on-FPGA/ethernet/vitis/eth_platform/zynqmp_fsbl/zynqmp_fsbl_bsp/Xilinx.spec' '-Os' '-ffat-lto-objects' '-v' '-march=armv8-a' '-mlittle-endian' '-mabi=lp64'   '-fltrans-output-list=/tmp/ccmocdvL.ltrans.out' '-fwpa' '-fresolution=/tmp/ccv9339W.res' '-flinker-output=exec' '-dumpdir' './cmTC_c76bd.wpa.'
/home/kuszman/Xilinx/2025.2/Vitis/gnu/aarch64/lin/aarch64-none/bin/../x86_64-oesdk-linux/usr/bin/aarch64-xilinx-elf/aarch64-xilinx-elf-gcc @/tmp/ccwDUGa5
Using built-in specs.
Reading specs from /home/kuszman/Magisterka/Intelligent-Vibroacoustic-Machine-Diagnostic-System-on-FPGA/ethernet/vitis/eth_platform/zynqmp_fsbl/zynqmp_fsbl_bsp/Xilinx.spec
COLLECT_GCC=/home/kuszman/Xilinx/2025.2/Vitis/gnu/aarch64/lin/aarch64-none/bin/../x86_64-oesdk-linux/usr/bin/aarch64-xilinx-elf/aarch64-xilinx-elf-gcc.real
Target: aarch64-xilinx-elf
Configured with: ../../../../../../work-shared/gcc-13.3.0-r0/gcc-13.3.0/configure --build=x86_64-linux --host=x86_64-oesdk-linux --target=aarch64-xilinx-elf --prefix=/usr/local/oe-sdk-hardcoded-buildpath/sysroots/x86_64-oesdk-linux/usr --exec_prefix=/usr/local/oe-sdk-hardcoded-buildpath/sysroots/x86_64-oesdk-linux/usr --bindir=/usr/local/oe-sdk-hardcoded-buildpath/sysroots/x86_64-oesdk-linux/usr/bin/aarch64-xilinx-elf --sbindir=/usr/local/oe-sdk-hardcoded-buildpath/sysroots/x86_64-oesdk-linux/usr/bin/aarch64-xilinx-elf --libexecdir=/usr/local/oe-sdk-hardcoded-buildpath/sysroots/x86_64-oesdk-linux/usr/libexec/aarch64-xilinx-elf --datadir=/usr/local/oe-sdk-hardcoded-buildpath/sysroots/x86_64-oesdk-linux/usr/share --sysconfdir=/usr/local/oe-sdk-hardcoded-buildpath/sysroots/x86_64-oesdk-linux/etc --sharedstatedir=/usr/local/oe-sdk-hardcoded-buildpath/sysroots/x86_64-oesdk-linux/com --localstatedir=/usr/local/oe-sdk-hardcoded-buildpath/sysroots/x86_64-oesdk-linux/var --libdir=/usr/local/oe-sdk-hardcoded-buildpath/sysroots/x86_64-oesdk-linux/usr/lib/aarch64-xilinx-elf --includedir=/usr/local/oe-sdk-hardcoded-buildpath/sysroots/x86_64-oesdk-linux/usr/include --oldincludedir=/usr/local/oe-sdk-hardcoded-buildpath/sysroots/x86_64-oesdk-linux/usr/include --infodir=/usr/local/oe-sdk-hardcoded-buildpath/sysroots/x86_64-oesdk-linux/usr/share/info --mandir=/usr/local/oe-sdk-hardcoded-buildpath/sysroots/x86_64-oesdk-linux/usr/share/man --disable-silent-rules --disable-dependency-tracking --with-libtool-sysroot=/host --with-gnu-ld --enable-shared --enable-languages=c,c++,fortran --enable-threads=posix --enable-multilib --enable-c99 --enable-long-long --enable-libstdcxx-pch --program-prefix=aarch64-xilinx-elf- --without-local-prefix --disable-install-libiberty --disable-libssp --enable-libitm --enable-lto --disable-bootstrap --with-system-zlib --enable-linker-build-id --with-ppl=no --with-cloog=no --enable-checking=release --enable-cheaders=c_global --without-isl --with-gxx-include-dir=/not/exist/usr/include/c++/13.3.0 --with-build-time-tools=/host-native/usr/aarch64-xilinx-elf/bin --with-sysroot=/not/exist --with-build-sysroot=/host --with-plugin-ld=ld --enable-poison-system-directories --disable-static --enable-nls --with-glibc-version=2.28 --enable-initfini-array --enable-multilib --disable-libstdcxx-pch --with-newlib --disable-threads --enable-plugins --with-gnu-as --disable-libitm --disable-tm-clone-registry --disable-multiarch --with-arch=armv8-a --with-sysroot=/not/exist
Thread model: single
Supported LTO compression algorithms: zlib zstd
gcc version 13.3.0 (GCC) 
COLLECT_GCC_OPTIONS='-c' '-fno-openmp' '-fno-openacc' '-fno-pie' '-fcf-protection=none' '-mbranch-protection=none' '-mlittle-endian' '-mabi=lp64' '-Os' '--sysroot=/home/kuszman/Xilinx/2025.2/Vitis/gnu/aarch64/lin/aarch64-none/bin/../aarch64-xilinx-elf' '-mbranch-protection=none' '-specs=/home/kuszman/Magisterka/Intelligent-Vibroacoustic-Machine-Diagnostic-System-on-FPGA/ethernet/vitis/eth_platform/zynqmp_fsbl/zynqmp_fsbl_bsp/Xilinx.spec' '-Os' '-ffat-lto-objects' '-v' '-march=armv8-a' '-mlittle-endian' '-mabi=lp64'   '-fltrans' '-o' '/tmp/ccmocdvL.ltrans0.ltrans.o'
 /home/kuszman/Xilinx/2025.2/gnu/aarch64/lin/aarch64-none/x86_64-oesdk-linux/usr/bin/aarch64-xilinx-elf/../../lib/aarch64-xilinx-elf/gcc/../../../libexec/aarch64-xilinx-elf/gcc/aarch64-xilinx-elf/13.3.0/lto1 -quiet -dumpbase ./cmTC_c76bd.ltrans0.ltrans -mbranch-protection=none -mlittle-endian -mabi=lp64 -mbranch-protection=none -march=armv8-a -mlittle-endian -mabi=lp64 -Os -Os -version -fno-openmp -fno-openacc -fno-pie -fcf-protection=none -ffat-lto-objects -fltrans @/tmp/cchopFSf -o /tmp/ccfBa909.s
GNU GIMPLE (GCC) version 13.3.0 (aarch64-xilinx-elf)
	compiled by GNU C version 13.3.0, GMP version 6.3.0, MPFR version 4.2.1, MPC version 1.3.1, isl version none
GGC heuristics: --param ggc-min-expand=100 --param ggc-min-heapsize=131072
COLLECT_GCC_OPTIONS='-c' '-fno-openmp' '-fno-openacc' '-fno-pie' '-fcf-protection=none' '-mbranch-protection=none' '-mlittle-endian' '-mabi=lp64' '-Os' '--sysroot=/home/kuszman/Xilinx/2025.2/Vitis/gnu/aarch64/lin/aarch64-none/bin/../aarch64-xilinx-elf' '-mbranch-protection=none' '-specs=/home/kuszman/Magisterka/Intelligent-Vibroacoustic-Machine-Diagnostic-System-on-FPGA/ethernet/vitis/eth_platform/zynqmp_fsbl/zynqmp_fsbl_bsp/Xilinx.spec' '-Os' '-ffat-lto-objects' '-v' '-march=armv8-a' '-mlittle-endian' '-mabi=lp64'   '-fltrans' '-o' '/tmp/ccmocdvL.ltrans0.ltrans.o'
 /home/kuszman/Xilinx/2025.2/gnu/aarch64/lin/aarch64-none/x86_64-oesdk-linux/usr/bin/aarch64-xilinx-elf/../../lib/aarch64-xilinx-elf/gcc/../../../libexec/aarch64-xilinx-elf/gcc/aarch64-xilinx-elf/13.3.0/as -v -EL -march=armv8-a -mabi=lp64 -mabi=lp64 -o /tmp/ccmocdvL.ltrans0.ltrans.o /tmp/ccfBa909.s
GNU assembler version 2.42.0 (aarch64-xilinx-elf) using BFD version (GNU Binutils) 2.42.0.20240723
COMPILER_PATH=/home/kuszman/Xilinx/2025.2/gnu/aarch64/lin/aarch64-none/x86_64-oesdk-linux/usr/bin/aarch64-xilinx-elf/../../lib/aarch64-xilinx-elf/gcc/../../../libexec/aarch64-xilinx-elf/gcc/aarch64-xilinx-elf/13.3.0/:/home/kuszman/Xilinx/2025.2/gnu/aarch64/lin/aarch64-none/x86_64-oesdk-linux/usr/bin/aarch64-xilinx-elf/../../lib/aarch64-xilinx-elf/gcc/../../../libexec/aarch64-xilinx-elf/gcc/:/home/kuszman/Xilinx/2025.2/gnu/aarch64/lin/aarch64-none/x86_64-oesdk-linux/usr/bin/aarch64-xilinx-elf/../../libexec/aarch64-xilinx-elf/gcc/aarch64-xilinx-elf/13.3.0/:/home/kuszman/Xilinx/2025.2/gnu/aarch64/lin/aarch64-none/x86_64-oesdk-linux/usr/bin/aarch64-xilinx-elf/../../libexec/aarch64-xilinx-elf/gcc/aarch64-xilinx-elf/13.3.0/:/home/kuszman/Xilinx/2025.2/gnu/aarch64/lin/aarch64-none/x86_64-oesdk-linux/usr/bin/aarch64-xilinx-elf/../../libexec/aarch64-xilinx-elf/gcc/
LIBRARY_PATH=/home/kuszman/Xilinx/2025.2/gnu/aarch64/lin/aarch64-none/x86_64-oesdk-linux/usr/bin/aarch64-xilinx-elf/../../lib/aarch64-xilinx-elf/gcc/aarch64-xilinx-elf/13.3.0/:/home/kuszman/Xilinx/2025.2/gnu/aarch64/lin/aarch64-none/x86_64-oesdk-linux/usr/bin/aarch64-xilinx-elf/../../lib/aarch64-xilinx-elf/gcc/:/home/kuszman/Xilinx/2025.2/Vitis/gnu/aarch64/lin/aarch64-none/bin/../aarch64-xilinx-elf/usr/lib64/aarch64-xilinx-elf/13.3.0/:/home/kuszman/Xilinx/2025.2/Vitis/gnu/aarch64/lin/aarch64-none/bin/../aarch64-xilinx-elf/usr/lib64/
COLLECT_GCC_OPTIONS='-c' '-fno-openmp' '-fno-openacc' '-fno-pie' '-fcf-protection=none' '-mbranch-protection=none' '-mlittle-endian' '-mabi=lp64' '-Os' '--sysroot=/home/kuszman/Xilinx/2025.2/Vitis/gnu/aarch64/lin/aarch64-none/bin/../aarch64-xilinx-elf' '-mbranch-protection=none' '-specs=/home/kuszman/Magisterka/Intelligent-Vibroacoustic-Machine-Diagnostic-System-on-FPGA/ethernet/vitis/eth_platform/zynqmp_fsbl/zynqmp_fsbl_bsp/Xilinx.spec' '-Os' '-ffat-lto-objects' '-v' '-march=armv8-a' '-mlittle-endian' '-mabi=lp64'   '-fltrans' '-o' '/tmp/ccmocdvL.ltrans0.ltrans.o' '-dumpdir' './cmTC_c76bd.ltrans0.ltrans.'
/home/kuszman/Xilinx/2025.2/gnu/aarch64/lin/aarch64-none/x86_64-oesdk-linux/usr/bin/aarch64-xilinx-elf/aarch64-xilinx-elf-ld.real: warning: cannot find entry symbol _start; defaulting to 0000000000400060
COLLECT_GCC_OPTIONS='--sysroot=/home/kuszman/Xilinx/2025.2/Vitis/gnu/aarch64/lin/aarch64-none/bin/../aarch64-xilinx-elf' '-mbranch-protection=none' '-D' 'SDT' '-MMD' '-MP' '-specs=/home/kuszman/Magisterka/Intelligent-Vibroacoustic-Machine-Diagnostic-System-on-FPGA/ethernet/vitis/eth_platform/zynqmp_fsbl/zynqmp_fsbl_bsp/Xilinx.spec' '-Os' '-flto' '-ffat-lto-objects' '-D' 'ARMA53_64' '-I' '/home/kuszman/Magisterka/Intelligent-Vibroacoustic-Machine-Diagnostic-System-on-FPGA/ethernet/vitis/eth_platform/zynqmp_fsbl/zynqmp_fsbl_bsp/include' '-v' '-o' 'cmTC_c76bd' '-march=armv8-a' '-mlittle-endian' '-mabi=lp64' '-dumpdir' 'cmTC_c76bd.'



Parsed C implicit include dir info from above output: rv=done
  found start of include info
  found start of implicit include info
    add: [/home/kuszman/Magisterka/Intelligent-Vibroacoustic-Machine-Diagnostic-System-on-FPGA/ethernet/vitis/eth_platform/zynqmp_fsbl/zynqmp_fsbl_bsp/include]
    add: [/home/kuszman/Xilinx/2025.2/gnu/aarch64/lin/aarch64-none/x86_64-oesdk-linux/usr/bin/aarch64-xilinx-elf/../../lib/aarch64-xilinx-elf/gcc/aarch64-xilinx-elf/13.3.0/include]
    add: [/home/kuszman/Xilinx/2025.2/gnu/aarch64/lin/aarch64-none/x86_64-oesdk-linux/usr/bin/aarch64-xilinx-elf/../../lib/aarch64-xilinx-elf/gcc/aarch64-xilinx-elf/13.3.0/include-fixed]
    add: [/home/kuszman/Xilinx/2025.2/Vitis/gnu/aarch64/lin/aarch64-none/bin/../aarch64-xilinx-elf/usr/include/]
  end of search list found
  collapse include dir [/home/kuszman/Magisterka/Intelligent-Vibroacoustic-Machine-Diagnostic-System-on-FPGA/ethernet/vitis/eth_platform/zynqmp_fsbl/zynqmp_fsbl_bsp/include] ==> [/home/kuszman/Magisterka/Intelligent-Vibroacoustic-Machine-Diagnostic-System-on-FPGA/ethernet/vitis/eth_platform/zynqmp_fsbl/zynqmp_fsbl_bsp/include]
  collapse include dir [/home/kuszman/Xilinx/2025.2/gnu/aarch64/lin/aarch64-none/x86_64-oesdk-linux/usr/bin/aarch64-xilinx-elf/../../lib/aarch64-xilinx-elf/gcc/aarch64-xilinx-elf/13.3.0/include] ==> [/home/kuszman/Xilinx/2025.2/gnu/aarch64/lin/aarch64-none/x86_64-oesdk-linux/usr/lib/aarch64-xilinx-elf/gcc/aarch64-xilinx-elf/13.3.0/include]
  collapse include dir [/home/kuszman/Xilinx/2025.2/gnu/aarch64/lin/aarch64-none/x86_64-oesdk-linux/usr/bin/aarch64-xilinx-elf/../../lib/aarch64-xilinx-elf/gcc/aarch64-xilinx-elf/13.3.0/include-fixed] ==> [/home/kuszman/Xilinx/2025.2/gnu/aarch64/lin/aarch64-none/x86_64-oesdk-linux/usr/lib/aarch64-xilinx-elf/gcc/aarch64-xilinx-elf/13.3.0/include-fixed]
  collapse include dir [/home/kuszman/Xilinx/2025.2/Vitis/gnu/aarch64/lin/aarch64-none/bin/../aarch64-xilinx-elf/usr/include/] ==> [/home/kuszman/Xilinx/2025.2/Vitis/gnu/aarch64/lin/aarch64-none/aarch64-xilinx-elf/usr/include]
  implicit include dirs: [/home/kuszman/Magisterka/Intelligent-Vibroacoustic-Machine-Diagnostic-System-on-FPGA/ethernet/vitis/eth_platform/zynqmp_fsbl/zynqmp_fsbl_bsp/include;/home/kuszman/Xilinx/2025.2/gnu/aarch64/lin/aarch64-none/x86_64-oesdk-linux/usr/lib/aarch64-xilinx-elf/gcc/aarch64-xilinx-elf/13.3.0/include;/home/kuszman/Xilinx/2025.2/gnu/aarch64/lin/aarch64-none/x86_64-oesdk-linux/usr/lib/aarch64-xilinx-elf/gcc/aarch64-xilinx-elf/13.3.0/include-fixed;/home/kuszman/Xilinx/2025.2/Vitis/gnu/aarch64/lin/aarch64-none/aarch64-xilinx-elf/usr/include]


Parsed C implicit link information from above output:
  link line regex: [^( *|.*[/\])(aarch64-none-elf-ld|CMAKE_LINK_STARTFILE-NOTFOUND|([^/\]+-)?ld|collect2)[^/\]*( |$)]
  ignore line: [Change Dir: /home/kuszman/Magisterka/Intelligent-Vibroacoustic-Machine-Diagnostic-System-on-FPGA/ethernet/vitis/eth_platform/zynqmp_fsbl/zynqmp_fsbl_bsp/libsrc/build_configs/gen_bsp/CMakeFiles/CMakeTmp]
  ignore line: []
  ignore line: [Run Build Command(s):/home/kuszman/Xilinx/2025.2/Vitis/bin/ninja cmTC_c76bd && [1/2] Building C object CMakeFiles/cmTC_c76bd.dir/CMakeCCompilerABI.c.obj]
  ignore line: [Using built-in specs.]
  ignore line: [Reading specs from /home/kuszman/Magisterka/Intelligent-Vibroacoustic-Machine-Diagnostic-System-on-FPGA/ethernet/vitis/eth_platform/zynqmp_fsbl/zynqmp_fsbl_bsp/Xilinx.spec]
  ignore line: [COLLECT_GCC=/home/kuszman/Xilinx/2025.2/Vitis/gnu/aarch64/lin/aarch64-none/bin/../x86_64-oesdk-linux/usr/bin/aarch64-xilinx-elf/aarch64-xilinx-elf-gcc.real]
  ignore line: [Target: aarch64-xilinx-elf]
  ignore line: [Configured with: ../../../../../../work-shared/gcc-13.3.0-r0/gcc-13.3.0/configure --build=x86_64-linux --host=x86_64-oesdk-linux --target=aarch64-xilinx-elf --prefix=/usr/local/oe-sdk-hardcoded-buildpath/sysroots/x86_64-oesdk-linux/usr --exec_prefix=/usr/local/oe-sdk-hardcoded-buildpath/sysroots/x86_64-oesdk-linux/usr --bindir=/usr/local/oe-sdk-hardcoded-buildpath/sysroots/x86_64-oesdk-linux/usr/bin/aarch64-xilinx-elf --sbindir=/usr/local/oe-sdk-hardcoded-buildpath/sysroots/x86_64-oesdk-linux/usr/bin/aarch64-xilinx-elf --libexecdir=/usr/local/oe-sdk-hardcoded-buildpath/sysroots/x86_64-oesdk-linux/usr/libexec/aarch64-xilinx-elf --datadir=/usr/local/oe-sdk-hardcoded-buildpath/sysroots/x86_64-oesdk-linux/usr/share --sysconfdir=/usr/local/oe-sdk-hardcoded-buildpath/sysroots/x86_64-oesdk-linux/etc --sharedstatedir=/usr/local/oe-sdk-hardcoded-buildpath/sysroots/x86_64-oesdk-linux/com --localstatedir=/usr/local/oe-sdk-hardcoded-buildpath/sysroots/x86_64-oesdk-linux/var --libdir=/usr/local/oe-sdk-hardcoded-buildpath/sysroots/x86_64-oesdk-linux/usr/lib/aarch64-xilinx-elf --includedir=/usr/local/oe-sdk-hardcoded-buildpath/sysroots/x86_64-oesdk-linux/usr/include --oldincludedir=/usr/local/oe-sdk-hardcoded-buildpath/sysroots/x86_64-oesdk-linux/usr/include --infodir=/usr/local/oe-sdk-hardcoded-buildpath/sysroots/x86_64-oesdk-linux/usr/share/info --mandir=/usr/local/oe-sdk-hardcoded-buildpath/sysroots/x86_64-oesdk-linux/usr/share/man --disable-silent-rules --disable-dependency-tracking --with-libtool-sysroot=/host --with-gnu-ld --enable-shared --enable-languages=c,c++,fortran --enable-threads=posix --enable-multilib --enable-c99 --enable-long-long --enable-libstdcxx-pch --program-prefix=aarch64-xilinx-elf- --without-local-prefix --disable-install-libiberty --disable-libssp --enable-libitm --enable-lto --disable-bootstrap --with-system-zlib --enable-linker-build-id --with-ppl=no --with-cloog=no --enable-checking=release --enable-cheaders=c_global --without-isl --with-gxx-include-dir=/not/exist/usr/include/c++/13.3.0 --with-build-time-tools=/host-native/usr/aarch64-xilinx-elf/bin --with-sysroot=/not/exist --with-build-sysroot=/host --with-plugin-ld=ld --enable-poison-system-directories --disable-static --enable-nls --with-glibc-version=2.28 --enable-initfini-array --enable-multilib --disable-libstdcxx-pch --with-newlib --disable-threads --enable-plugins --with-gnu-as --disable-libitm --disable-tm-clone-registry --disable-multiarch --with-arch=armv8-a --with-sysroot=/not/exist]
  ignore line: [Thread model: single]
  ignore line: [Supported LTO compression algorithms: zlib zstd]
  ignore line: [gcc version 13.3.0 (GCC) ]
  ignore line: [COLLECT_GCC_OPTIONS='--sysroot=/home/kuszman/Xilinx/2025.2/Vitis/gnu/aarch64/lin/aarch64-none/bin/../aarch64-xilinx-elf' '-mbranch-protection=none' '-D' 'SDT' '-MMD' '-MP' '-specs=/home/kuszman/Magisterka/Intelligent-Vibroacoustic-Machine-Diagnostic-System-on-FPGA/ethernet/vitis/eth_platform/zynqmp_fsbl/zynqmp_fsbl_bsp/Xilinx.spec' '-Os' '-flto' '-ffat-lto-objects' '-D' 'ARMA53_64' '-I' '/home/kuszman/Magisterka/Intelligent-Vibroacoustic-Machine-Diagnostic-System-on-FPGA/ethernet/vitis/eth_platform/zynqmp_fsbl/zynqmp_fsbl_bsp/include' '-v' '-o' 'CMakeFiles/cmTC_c76bd.dir/CMakeCCompilerABI.c.obj' '-c' '-march=armv8-a' '-mlittle-endian' '-mabi=lp64' '-dumpdir' 'CMakeFiles/cmTC_c76bd.dir/']
  ignore line: [ /home/kuszman/Xilinx/2025.2/gnu/aarch64/lin/aarch64-none/x86_64-oesdk-linux/usr/bin/aarch64-xilinx-elf/../../libexec/aarch64-xilinx-elf/gcc/aarch64-xilinx-elf/13.3.0/cc1 -quiet -v -I /home/kuszman/Magisterka/Intelligent-Vibroacoustic-Machine-Diagnostic-System-on-FPGA/ethernet/vitis/eth_platform/zynqmp_fsbl/zynqmp_fsbl_bsp/include -iprefix /home/kuszman/Xilinx/2025.2/gnu/aarch64/lin/aarch64-none/x86_64-oesdk-linux/usr/bin/aarch64-xilinx-elf/../../lib/aarch64-xilinx-elf/gcc/aarch64-xilinx-elf/13.3.0/ -isysroot /home/kuszman/Xilinx/2025.2/Vitis/gnu/aarch64/lin/aarch64-none/bin/../aarch64-xilinx-elf -MMD CMakeFiles/cmTC_c76bd.dir/CMakeCCompilerABI.c.d -MP -MQ CMakeFiles/cmTC_c76bd.dir/CMakeCCompilerABI.c.obj -D SDT -D ARMA53_64 /home/kuszman/Xilinx/2025.2/tps/lnx64/cmake-3.24.2/share/cmake-3.24/Modules/CMakeCCompilerABI.c -quiet -dumpdir CMakeFiles/cmTC_c76bd.dir/ -dumpbase CMakeCCompilerABI.c.c -dumpbase-ext .c -mbranch-protection=none -march=armv8-a -mlittle-endian -mabi=lp64 -Os -version -flto -ffat-lto-objects -o /tmp/ccgkPNzF.s]
  ignore line: [GNU C17 (GCC) version 13.3.0 (aarch64-xilinx-elf)]
  ignore line: [	compiled by GNU C version 13.3.0  GMP version 6.3.0  MPFR version 4.2.1  MPC version 1.3.1  isl version none]
  ignore line: [GGC heuristics: --param ggc-min-expand=100 --param ggc-min-heapsize=131072]
  ignore line: [ignoring nonexistent directory "/home/kuszman/Xilinx/2025.2/gnu/aarch64/lin/aarch64-none/x86_64-oesdk-linux/usr/bin/aarch64-xilinx-elf/../../lib/aarch64-xilinx-elf/gcc/aarch64-xilinx-elf/13.3.0/../../../../../aarch64-xilinx-elf/include"]
  ignore line: [ignoring duplicate directory "/home/kuszman/Xilinx/2025.2/gnu/aarch64/lin/aarch64-none/x86_64-oesdk-linux/usr/bin/aarch64-xilinx-elf/../../lib/aarch64-xilinx-elf/gcc/../../../lib/aarch64-xilinx-elf/gcc/aarch64-xilinx-elf/13.3.0/include"]
  ignore line: [ignoring nonexistent directory "/home/kuszman/Xilinx/2025.2/Vitis/gnu/aarch64/lin/aarch64-none/bin/../aarch64-xilinx-elf/usr/lib64/aarch64-xilinx-elf/13.3.0/include"]
  ignore line: [ignoring nonexistent directory "/home/kuszman/Xilinx/2025.2/Vitis/gnu/aarch64/lin/aarch64-none/bin/../aarch64-xilinx-elf/usr/local/include"]
  ignore line: [ignoring duplicate directory "/home/kuszman/Xilinx/2025.2/gnu/aarch64/lin/aarch64-none/x86_64-oesdk-linux/usr/bin/aarch64-xilinx-elf/../../lib/aarch64-xilinx-elf/gcc/../../../lib/aarch64-xilinx-elf/gcc/aarch64-xilinx-elf/13.3.0/include-fixed"]
  ignore line: [ignoring nonexistent directory "/home/kuszman/Xilinx/2025.2/gnu/aarch64/lin/aarch64-none/x86_64-oesdk-linux/usr/bin/aarch64-xilinx-elf/../../lib/aarch64-xilinx-elf/gcc/../../../lib/aarch64-xilinx-elf/gcc/aarch64-xilinx-elf/13.3.0/../../../../../aarch64-xilinx-elf/include"]
  ignore line: [#include "..." search starts here:]
  ignore line: [#include <...> search starts here:]
  ignore line: [ /home/kuszman/Magisterka/Intelligent-Vibroacoustic-Machine-Diagnostic-System-on-FPGA/ethernet/vitis/eth_platform/zynqmp_fsbl/zynqmp_fsbl_bsp/include]
  ignore line: [ /home/kuszman/Xilinx/2025.2/gnu/aarch64/lin/aarch64-none/x86_64-oesdk-linux/usr/bin/aarch64-xilinx-elf/../../lib/aarch64-xilinx-elf/gcc/aarch64-xilinx-elf/13.3.0/include]
  ignore line: [ /home/kuszman/Xilinx/2025.2/gnu/aarch64/lin/aarch64-none/x86_64-oesdk-linux/usr/bin/aarch64-xilinx-elf/../../lib/aarch64-xilinx-elf/gcc/aarch64-xilinx-elf/13.3.0/include-fixed]
  ignore line: [ /home/kuszman/Xilinx/2025.2/Vitis/gnu/aarch64/lin/aarch64-none/bin/../aarch64-xilinx-elf/usr/include/]
  ignore line: [End of search list.]
  ignore line: [Compiler executable checksum: bf4f7e99d9c79ea23b0a478fa2e8108a]
  ignore line: [COLLECT_GCC_OPTIONS='--sysroot=/home/kuszman/Xilinx/2025.2/Vitis/gnu/aarch64/lin/aarch64-none/bin/../aarch64-xilinx-elf' '-mbranch-protection=none' '-D' 'SDT' '-MMD' '-MP' '-specs=/home/kuszman/Magisterka/Intelligent-Vibroacoustic-Machine-Diagnostic-System-on-FPGA/ethernet/vitis/eth_platform/zynqmp_fsbl/zynqmp_fsbl_bsp/Xilinx.spec' '-Os' '-flto' '-ffat-lto-objects' '-D' 'ARMA53_64' '-I' '/home/kuszman/Magisterka/Intelligent-Vibroacoustic-Machine-Diagnostic-System-on-FPGA/ethernet/vitis/eth_platform/zynqmp_fsbl/zynqmp_fsbl_bsp/include' '-v' '-o' 'CMakeFiles/cmTC_c76bd.dir/CMakeCCompilerABI.c.obj' '-c' '-march=armv8-a' '-mlittle-endian' '-mabi=lp64' '-dumpdir' 'CMakeFiles/cmTC_c76bd.dir/']
  ignore line: [ /home/kuszman/Xilinx/2025.2/gnu/aarch64/lin/aarch64-none/x86_64-oesdk-linux/usr/bin/aarch64-xilinx-elf/../../libexec/aarch64-xilinx-elf/gcc/aarch64-xilinx-elf/13.3.0/as -v -I /home/kuszman/Magisterka/Intelligent-Vibroacoustic-Machine-Diagnostic-System-on-FPGA/ethernet/vitis/eth_platform/zynqmp_fsbl/zynqmp_fsbl_bsp/include -EL -march=armv8-a -mabi=lp64 -o CMakeFiles/cmTC_c76bd.dir/CMakeCCompilerABI.c.obj /tmp/ccgkPNzF.s]
  ignore line: [GNU assembler version 2.42.0 (aarch64-xilinx-elf) using BFD version (GNU Binutils) 2.42.0.20240723]
  ignore line: [COMPILER_PATH=/home/kuszman/Xilinx/2025.2/gnu/aarch64/lin/aarch64-none/x86_64-oesdk-linux/usr/bin/aarch64-xilinx-elf/../../libexec/aarch64-xilinx-elf/gcc/aarch64-xilinx-elf/13.3.0/:/home/kuszman/Xilinx/2025.2/gnu/aarch64/lin/aarch64-none/x86_64-oesdk-linux/usr/bin/aarch64-xilinx-elf/../../libexec/aarch64-xilinx-elf/gcc/]
  ignore line: [LIBRARY_PATH=/home/kuszman/Xilinx/2025.2/gnu/aarch64/lin/aarch64-none/x86_64-oesdk-linux/usr/bin/aarch64-xilinx-elf/../../lib/aarch64-xilinx-elf/gcc/aarch64-xilinx-elf/13.3.0/:/home/kuszman/Xilinx/2025.2/gnu/aarch64/lin/aarch64-none/x86_64-oesdk-linux/usr/bin/aarch64-xilinx-elf/../../lib/aarch64-xilinx-elf/gcc/:/home/kuszman/Xilinx/2025.2/Vitis/gnu/aarch64/lin/aarch64-none/bin/../aarch64-xilinx-elf/usr/lib64/aarch64-xilinx-elf/13.3.0/:/home/kuszman/Xilinx/2025.2/Vitis/gnu/aarch64/lin/aarch64-none/bin/../aarch64-xilinx-elf/usr/lib64/]
  ignore line: [COLLECT_GCC_OPTIONS='--sysroot=/home/kuszman/Xilinx/2025.2/Vitis/gnu/aarch64/lin/aarch64-none/bin/../aarch64-xilinx-elf' '-mbranch-protection=none' '-D' 'SDT' '-MMD' '-MP' '-specs=/home/kuszman/Magisterka/Intelligent-Vibroacoustic-Machine-Diagnostic-System-on-FPGA/ethernet/vitis/eth_platform/zynqmp_fsbl/zynqmp_fsbl_bsp/Xilinx.spec' '-Os' '-flto' '-ffat-lto-objects' '-D' 'ARMA53_64' '-I' '/home/kuszman/Magisterka/Intelligent-Vibroacoustic-Machine-Diagnostic-System-on-FPGA/ethernet/vitis/eth_platform/zynqmp_fsbl/zynqmp_fsbl_bsp/include' '-v' '-o' 'CMakeFiles/cmTC_c76bd.dir/CMakeCCompilerABI.c.obj' '-c' '-march=armv8-a' '-mlittle-endian' '-mabi=lp64' '-dumpdir' 'CMakeFiles/cmTC_c76bd.dir/CMakeCCompilerABI.c.']
  ignore line: [[2/2] Linking C executable cmTC_c76bd]
  ignore line: [Using built-in specs.]
  ignore line: [Reading specs from /home/kuszman/Magisterka/Intelligent-Vibroacoustic-Machine-Diagnostic-System-on-FPGA/ethernet/vitis/eth_platform/zynqmp_fsbl/zynqmp_fsbl_bsp/Xilinx.spec]
  ignore line: [COLLECT_GCC=/home/kuszman/Xilinx/2025.2/Vitis/gnu/aarch64/lin/aarch64-none/bin/../x86_64-oesdk-linux/usr/bin/aarch64-xilinx-elf/aarch64-xilinx-elf-gcc.real]
  ignore line: [COLLECT_LTO_WRAPPER=/home/kuszman/Xilinx/2025.2/gnu/aarch64/lin/aarch64-none/x86_64-oesdk-linux/usr/bin/aarch64-xilinx-elf/../../libexec/aarch64-xilinx-elf/gcc/aarch64-xilinx-elf/13.3.0/lto-wrapper]
  ignore line: [Target: aarch64-xilinx-elf]
  ignore line: [Configured with: ../../../../../../work-shared/gcc-13.3.0-r0/gcc-13.3.0/configure --build=x86_64-linux --host=x86_64-oesdk-linux --target=aarch64-xilinx-elf --prefix=/usr/local/oe-sdk-hardcoded-buildpath/sysroots/x86_64-oesdk-linux/usr --exec_prefix=/usr/local/oe-sdk-hardcoded-buildpath/sysroots/x86_64-oesdk-linux/usr --bindir=/usr/local/oe-sdk-hardcoded-buildpath/sysroots/x86_64-oesdk-linux/usr/bin/aarch64-xilinx-elf --sbindir=/usr/local/oe-sdk-hardcoded-buildpath/sysroots/x86_64-oesdk-linux/usr/bin/aarch64-xilinx-elf --libexecdir=/usr/local/oe-sdk-hardcoded-buildpath/sysroots/x86_64-oesdk-linux/usr/libexec/aarch64-xilinx-elf --datadir=/usr/local/oe-sdk-hardcoded-buildpath/sysroots/x86_64-oesdk-linux/usr/share --sysconfdir=/usr/local/oe-sdk-hardcoded-buildpath/sysroots/x86_64-oesdk-linux/etc --sharedstatedir=/usr/local/oe-sdk-hardcoded-buildpath/sysroots/x86_64-oesdk-linux/com --localstatedir=/usr/local/oe-sdk-hardcoded-buildpath/sysroots/x86_64-oesdk-linux/var --libdir=/usr/local/oe-sdk-hardcoded-buildpath/sysroots/x86_64-oesdk-linux/usr/lib/aarch64-xilinx-elf --includedir=/usr/local/oe-sdk-hardcoded-buildpath/sysroots/x86_64-oesdk-linux/usr/include --oldincludedir=/usr/local/oe-sdk-hardcoded-buildpath/sysroots/x86_64-oesdk-linux/usr/include --infodir=/usr/local/oe-sdk-hardcoded-buildpath/sysroots/x86_64-oesdk-linux/usr/share/info --mandir=/usr/local/oe-sdk-hardcoded-buildpath/sysroots/x86_64-oesdk-linux/usr/share/man --disable-silent-rules --disable-dependency-tracking --with-libtool-sysroot=/host --with-gnu-ld --enable-shared --enable-languages=c,c++,fortran --enable-threads=posix --enable-multilib --enable-c99 --enable-long-long --enable-libstdcxx-pch --program-prefix=aarch64-xilinx-elf- --without-local-prefix --disable-install-libiberty --disable-libssp --enable-libitm --enable-lto --disable-bootstrap --with-system-zlib --enable-linker-build-id --with-ppl=no --with-cloog=no --enable-checking=release --enable-cheaders=c_global --without-isl --with-gxx-include-dir=/not/exist/usr/include/c++/13.3.0 --with-build-time-tools=/host-native/usr/aarch64-xilinx-elf/bin --with-sysroot=/not/exist --with-build-sysroot=/host --with-plugin-ld=ld --enable-poison-system-directories --disable-static --enable-nls --with-glibc-version=2.28 --enable-initfini-array --enable-multilib --disable-libstdcxx-pch --with-newlib --disable-threads --enable-plugins --with-gnu-as --disable-libitm --disable-tm-clone-registry --disable-multiarch --with-arch=armv8-a --with-sysroot=/not/exist]
  ignore line: [Thread model: single]
  ignore line: [Supported LTO compression algorithms: zlib zstd]
  ignore line: [gcc version 13.3.0 (GCC) ]
  ignore line: [COMPILER_PATH=/home/kuszman/Xilinx/2025.2/gnu/aarch64/lin/aarch64-none/x86_64-oesdk-linux/usr/bin/aarch64-xilinx-elf/../../libexec/aarch64-xilinx-elf/gcc/aarch64-xilinx-elf/13.3.0/:/home/kuszman/Xilinx/2025.2/gnu/aarch64/lin/aarch64-none/x86_64-oesdk-linux/usr/bin/aarch64-xilinx-elf/../../libexec/aarch64-xilinx-elf/gcc/]
  ignore line: [LIBRARY_PATH=/home/kuszman/Xilinx/2025.2/gnu/aarch64/lin/aarch64-none/x86_64-oesdk-linux/usr/bin/aarch64-xilinx-elf/../../lib/aarch64-xilinx-elf/gcc/aarch64-xilinx-elf/13.3.0/:/home/kuszman/Xilinx/2025.2/gnu/aarch64/lin/aarch64-none/x86_64-oesdk-linux/usr/bin/aarch64-xilinx-elf/../../lib/aarch64-xilinx-elf/gcc/:/home/kuszman/Xilinx/2025.2/Vitis/gnu/aarch64/lin/aarch64-none/bin/../aarch64-xilinx-elf/usr/lib64/aarch64-xilinx-elf/13.3.0/:/home/kuszman/Xilinx/2025.2/Vitis/gnu/aarch64/lin/aarch64-none/bin/../aarch64-xilinx-elf/usr/lib64/]
  ignore line: [COLLECT_GCC_OPTIONS='--sysroot=/home/kuszman/Xilinx/2025.2/Vitis/gnu/aarch64/lin/aarch64-none/bin/../aarch64-xilinx-elf' '-mbranch-protection=none' '-D' 'SDT' '-MMD' '-MP' '-specs=/home/kuszman/Magisterka/Intelligent-Vibroacoustic-Machine-Diagnostic-System-on-FPGA/ethernet/vitis/eth_platform/zynqmp_fsbl/zynqmp_fsbl_bsp/Xilinx.spec' '-Os' '-flto' '-ffat-lto-objects' '-D' 'ARMA53_64' '-I' '/home/kuszman/Magisterka/Intelligent-Vibroacoustic-Machine-Diagnostic-System-on-FPGA/ethernet/vitis/eth_platform/zynqmp_fsbl/zynqmp_fsbl_bsp/include' '-v' '-o' 'cmTC_c76bd' '-march=armv8-a' '-mlittle-endian' '-mabi=lp64' '-dumpdir' 'cmTC_c76bd.']
  link line: [ /home/kuszman/Xilinx/2025.2/gnu/aarch64/lin/aarch64-none/x86_64-oesdk-linux/usr/bin/aarch64-xilinx-elf/../../libexec/aarch64-xilinx-elf/gcc/aarch64-xilinx-elf/13.3.0/collect2 -plugin /home/kuszman/Xilinx/2025.2/gnu/aarch64/lin/aarch64-none/x86_64-oesdk-linux/usr/bin/aarch64-xilinx-elf/../../libexec/aarch64-xilinx-elf/gcc/aarch64-xilinx-elf/13.3.0/liblto_plugin.so -plugin-opt=/home/kuszman/Xilinx/2025.2/gnu/aarch64/lin/aarch64-none/x86_64-oesdk-linux/usr/bin/aarch64-xilinx-elf/../../libexec/aarch64-xilinx-elf/gcc/aarch64-xilinx-elf/13.3.0/lto-wrapper -plugin-opt=-fresolution=/tmp/ccv9339W.res -plugin-opt=-pass-through=-lgcc -plugin-opt=-pass-through=-lc -plugin-opt=-pass-through=-lgcc -flto --sysroot=/home/kuszman/Xilinx/2025.2/Vitis/gnu/aarch64/lin/aarch64-none/bin/../aarch64-xilinx-elf --build-id -EL -X -maarch64elf -o cmTC_c76bd /home/kuszman/Xilinx/2025.2/Vitis/gnu/aarch64/lin/aarch64-none/bin/../aarch64-xilinx-elf/usr/lib64/aarch64-xilinx-elf/13.3.0/crti.o /home/kuszman/Xilinx/2025.2/Vitis/gnu/aarch64/lin/aarch64-none/bin/../aarch64-xilinx-elf/usr/lib64/aarch64-xilinx-elf/13.3.0/crtbegin.o -L/home/kuszman/Xilinx/2025.2/gnu/aarch64/lin/aarch64-none/x86_64-oesdk-linux/usr/bin/aarch64-xilinx-elf/../../lib/aarch64-xilinx-elf/gcc/aarch64-xilinx-elf/13.3.0 -L/home/kuszman/Xilinx/2025.2/gnu/aarch64/lin/aarch64-none/x86_64-oesdk-linux/usr/bin/aarch64-xilinx-elf/../../lib/aarch64-xilinx-elf/gcc -L/home/kuszman/Xilinx/2025.2/Vitis/gnu/aarch64/lin/aarch64-none/bin/../aarch64-xilinx-elf/usr/lib64/aarch64-xilinx-elf/13.3.0 -L/home/kuszman/Xilinx/2025.2/Vitis/gnu/aarch64/lin/aarch64-none/bin/../aarch64-xilinx-elf/usr/lib64 --no-warn-rwx-segment CMakeFiles/cmTC_c76bd.dir/CMakeCCompilerABI.c.obj -lgcc -lc -lgcc /home/kuszman/Xilinx/2025.2/Vitis/gnu/aarch64/lin/aarch64-none/bin/../aarch64-xilinx-elf/usr/lib64/aarch64-xilinx-elf/13.3.0/crtend.o /home/kuszman/Xilinx/2025.2/Vitis/gnu/aarch64/lin/aarch64-none/bin/../aarch64-xilinx-elf/usr/lib64/aarch64-xilinx-elf/13.3.0/crtn.o]
    arg [/home/kuszman/Xilinx/2025.2/gnu/aarch64/lin/aarch64-none/x86_64-oesdk-linux/usr/bin/aarch64-xilinx-elf/../../libexec/aarch64-xilinx-elf/gcc/aarch64-xilinx-elf/13.3.0/collect2] ==> ignore
    arg [-plugin] ==> ignore
    arg [/home/kuszman/Xilinx/2025.2/gnu/aarch64/lin/aarch64-none/x86_64-oesdk-linux/usr/bin/aarch64-xilinx-elf/../../libexec/aarch64-xilinx-elf/gcc/aarch64-xilinx-elf/13.3.0/liblto_plugin.so] ==> ignore
    arg [-plugin-opt=/home/kuszman/Xilinx/2025.2/gnu/aarch64/lin/aarch64-none/x86_64-oesdk-linux/usr/bin/aarch64-xilinx-elf/../../libexec/aarch64-xilinx-elf/gcc/aarch64-xilinx-elf/13.3.0/lto-wrapper] ==> ignore
    arg [-plugin-opt=-fresolution=/tmp/ccv9339W.res] ==> ignore
    arg [-plugin-opt=-pass-through=-lgcc] ==> ignore
    arg [-plugin-opt=-pass-through=-lc] ==> ignore
    arg [-plugin-opt=-pass-through=-lgcc] ==> ignore
    arg [-flto] ==> ignore
    arg [--sysroot=/home/kuszman/Xilinx/2025.2/Vitis/gnu/aarch64/lin/aarch64-none/bin/../aarch64-xilinx-elf] ==> ignore
    arg [--build-id] ==> ignore
    arg [-EL] ==> ignore
    arg [-X] ==> ignore
    arg [-maarch64elf] ==> ignore
    arg [-o] ==> ignore
    arg [cmTC_c76bd] ==> ignore
    arg [/home/kuszman/Xilinx/2025.2/Vitis/gnu/aarch64/lin/aarch64-none/bin/../aarch64-xilinx-elf/usr/lib64/aarch64-xilinx-elf/13.3.0/crti.o] ==> obj [/home/kuszman/Xilinx/2025.2/Vitis/gnu/aarch64/lin/aarch64-none/bin/../aarch64-xilinx-elf/usr/lib64/aarch64-xilinx-elf/13.3.0/crti.o]
    arg [/home/kuszman/Xilinx/2025.2/Vitis/gnu/aarch64/lin/aarch64-none/bin/../aarch64-xilinx-elf/usr/lib64/aarch64-xilinx-elf/13.3.0/crtbegin.o] ==> obj [/home/kuszman/Xilinx/2025.2/Vitis/gnu/aarch64/lin/aarch64-none/bin/../aarch64-xilinx-elf/usr/lib64/aarch64-xilinx-elf/13.3.0/crtbegin.o]
    arg [-L/home/kuszman/Xilinx/2025.2/gnu/aarch64/lin/aarch64-none/x86_64-oesdk-linux/usr/bin/aarch64-xilinx-elf/../../lib/aarch64-xilinx-elf/gcc/aarch64-xilinx-elf/13.3.0] ==> dir [/home/kuszman/Xilinx/2025.2/gnu/aarch64/lin/aarch64-none/x86_64-oesdk-linux/usr/bin/aarch64-xilinx-elf/../../lib/aarch64-xilinx-elf/gcc/aarch64-xilinx-elf/13.3.0]
    arg [-L/home/kuszman/Xilinx/2025.2/gnu/aarch64/lin/aarch64-none/x86_64-oesdk-linux/usr/bin/aarch64-xilinx-elf/../../lib/aarch64-xilinx-elf/gcc] ==> dir [/home/kuszman/Xilinx/2025.2/gnu/aarch64/lin/aarch64-none/x86_64-oesdk-linux/usr/bin/aarch64-xilinx-elf/../../lib/aarch64-xilinx-elf/gcc]
    arg [-L/home/kuszman/Xilinx/2025.2/Vitis/gnu/aarch64/lin/aarch64-none/bin/../aarch64-xilinx-elf/usr/lib64/aarch64-xilinx-elf/13.3.0] ==> dir [/home/kuszman/Xilinx/2025.2/Vitis/gnu/aarch64/lin/aarch64-none/bin/../aarch64-xilinx-elf/usr/lib64/aarch64-xilinx-elf/13.3.0]
    arg [-L/home/kuszman/Xilinx/2025.2/Vitis/gnu/aarch64/lin/aarch64-none/bin/../aarch64-xilinx-elf/usr/lib64] ==> dir [/home/kuszman/Xilinx/2025.2/Vitis/gnu/aarch64/lin/aarch64-none/bin/../aarch64-xilinx-elf/usr/lib64]
    arg [--no-warn-rwx-segment] ==> ignore
    arg [CMakeFiles/cmTC_c76bd.dir/CMakeCCompilerABI.c.obj] ==> ignore
    arg [-lgcc] ==> lib [gcc]
    arg [-lc] ==> lib [c]
    arg [-lgcc] ==> lib [gcc]
    arg [/home/kuszman/Xilinx/2025.2/Vitis/gnu/aarch64/lin/aarch64-none/bin/../aarch64-xilinx-elf/usr/lib64/aarch64-xilinx-elf/13.3.0/crtend.o] ==> obj [/home/kuszman/Xilinx/2025.2/Vitis/gnu/aarch64/lin/aarch64-none/bin/../aarch64-xilinx-elf/usr/lib64/aarch64-xilinx-elf/13.3.0/crtend.o]
    arg [/home/kuszman/Xilinx/2025.2/Vitis/gnu/aarch64/lin/aarch64-none/bin/../aarch64-xilinx-elf/usr/lib64/aarch64-xilinx-elf/13.3.0/crtn.o] ==> obj [/home/kuszman/Xilinx/2025.2/Vitis/gnu/aarch64/lin/aarch64-none/bin/../aarch64-xilinx-elf/usr/lib64/aarch64-xilinx-elf/13.3.0/crtn.o]
  collapse obj [/home/kuszman/Xilinx/2025.2/Vitis/gnu/aarch64/lin/aarch64-none/bin/../aarch64-xilinx-elf/usr/lib64/aarch64-xilinx-elf/13.3.0/crti.o] ==> [/home/kuszman/Xilinx/2025.2/Vitis/gnu/aarch64/lin/aarch64-none/aarch64-xilinx-elf/usr/lib64/aarch64-xilinx-elf/13.3.0/crti.o]
  collapse obj [/home/kuszman/Xilinx/2025.2/Vitis/gnu/aarch64/lin/aarch64-none/bin/../aarch64-xilinx-elf/usr/lib64/aarch64-xilinx-elf/13.3.0/crtbegin.o] ==> [/home/kuszman/Xilinx/2025.2/Vitis/gnu/aarch64/lin/aarch64-none/aarch64-xilinx-elf/usr/lib64/aarch64-xilinx-elf/13.3.0/crtbegin.o]
  collapse obj [/home/kuszman/Xilinx/2025.2/Vitis/gnu/aarch64/lin/aarch64-none/bin/../aarch64-xilinx-elf/usr/lib64/aarch64-xilinx-elf/13.3.0/crtend.o] ==> [/home/kuszman/Xilinx/2025.2/Vitis/gnu/aarch64/lin/aarch64-none/aarch64-xilinx-elf/usr/lib64/aarch64-xilinx-elf/13.3.0/crtend.o]
  collapse obj [/home/kuszman/Xilinx/2025.2/Vitis/gnu/aarch64/lin/aarch64-none/bin/../aarch64-xilinx-elf/usr/lib64/aarch64-xilinx-elf/13.3.0/crtn.o] ==> [/home/kuszman/Xilinx/2025.2/Vitis/gnu/aarch64/lin/aarch64-none/aarch64-xilinx-elf/usr/lib64/aarch64-xilinx-elf/13.3.0/crtn.o]
  collapse library dir [/home/kuszman/Xilinx/2025.2/gnu/aarch64/lin/aarch64-none/x86_64-oesdk-linux/usr/bin/aarch64-xilinx-elf/../../lib/aarch64-xilinx-elf/gcc/aarch64-xilinx-elf/13.3.0] ==> [/home/kuszman/Xilinx/2025.2/gnu/aarch64/lin/aarch64-none/x86_64-oesdk-linux/usr/lib/aarch64-xilinx-elf/gcc/aarch64-xilinx-elf/13.3.0]
  collapse library dir [/home/kuszman/Xilinx/2025.2/gnu/aarch64/lin/aarch64-none/x86_64-oesdk-linux/usr/bin/aarch64-xilinx-elf/../../lib/aarch64-xilinx-elf/gcc] ==> [/home/kuszman/Xilinx/2025.2/gnu/aarch64/lin/aarch64-none/x86_64-oesdk-linux/usr/lib/aarch64-xilinx-elf/gcc]
  collapse library dir [/home/kuszman/Xilinx/2025.2/Vitis/gnu/aarch64/lin/aarch64-none/bin/../aarch64-xilinx-elf/usr/lib64/aarch64-xilinx-elf/13.3.0] ==> [/home/kuszman/Xilinx/2025.2/Vitis/gnu/aarch64/lin/aarch64-none/aarch64-xilinx-elf/usr/lib64/aarch64-xilinx-elf/13.3.0]
  collapse library dir [/home/kuszman/Xilinx/2025.2/Vitis/gnu/aarch64/lin/aarch64-none/bin/../aarch64-xilinx-elf/usr/lib64] ==> [/home/kuszman/Xilinx/2025.2/Vitis/gnu/aarch64/lin/aarch64-none/aarch64-xilinx-elf/usr/lib64]
  implicit libs: [gcc;c;gcc]
  implicit objs: [/home/kuszman/Xilinx/2025.2/Vitis/gnu/aarch64/lin/aarch64-none/aarch64-xilinx-elf/usr/lib64/aarch64-xilinx-elf/13.3.0/crti.o;/home/kuszman/Xilinx/2025.2/Vitis/gnu/aarch64/lin/aarch64-none/aarch64-xilinx-elf/usr/lib64/aarch64-xilinx-elf/13.3.0/crtbegin.o;/home/kuszman/Xilinx/2025.2/Vitis/gnu/aarch64/lin/aarch64-none/aarch64-xilinx-elf/usr/lib64/aarch64-xilinx-elf/13.3.0/crtend.o;/home/kuszman/Xilinx/2025.2/Vitis/gnu/aarch64/lin/aarch64-none/aarch64-xilinx-elf/usr/lib64/aarch64-xilinx-elf/13.3.0/crtn.o]
  implicit dirs: [/home/kuszman/Xilinx/2025.2/gnu/aarch64/lin/aarch64-none/x86_64-oesdk-linux/usr/lib/aarch64-xilinx-elf/gcc/aarch64-xilinx-elf/13.3.0;/home/kuszman/Xilinx/2025.2/gnu/aarch64/lin/aarch64-none/x86_64-oesdk-linux/usr/lib/aarch64-xilinx-elf/gcc;/home/kuszman/Xilinx/2025.2/Vitis/gnu/aarch64/lin/aarch64-none/aarch64-xilinx-elf/usr/lib64/aarch64-xilinx-elf/13.3.0;/home/kuszman/Xilinx/2025.2/Vitis/gnu/aarch64/lin/aarch64-none/aarch64-xilinx-elf/usr/lib64]
  implicit fwks: []


Detecting CXX compiler ABI info compiled with the following output:
Change Dir: /home/kuszman/Magisterka/Intelligent-Vibroacoustic-Machine-Diagnostic-System-on-FPGA/ethernet/vitis/eth_platform/zynqmp_fsbl/zynqmp_fsbl_bsp/libsrc/build_configs/gen_bsp/CMakeFiles/CMakeTmp

Run Build Command(s):/home/kuszman/Xilinx/2025.2/Vitis/bin/ninja cmTC_3326c && [1/2] Building CXX object CMakeFiles/cmTC_3326c.dir/CMakeCXXCompilerABI.cpp.obj
Using built-in specs.
Reading specs from /home/kuszman/Magisterka/Intelligent-Vibroacoustic-Machine-Diagnostic-System-on-FPGA/ethernet/vitis/eth_platform/zynqmp_fsbl/zynqmp_fsbl_bsp/Xilinx.spec
COLLECT_GCC=/home/kuszman/Xilinx/2025.2/Vitis/gnu/aarch64/lin/aarch64-none/bin/../x86_64-oesdk-linux/usr/bin/aarch64-xilinx-elf/aarch64-xilinx-elf-g++.real
Target: aarch64-xilinx-elf
Configured with: ../../../../../../work-shared/gcc-13.3.0-r0/gcc-13.3.0/configure --build=x86_64-linux --host=x86_64-oesdk-linux --target=aarch64-xilinx-elf --prefix=/usr/local/oe-sdk-hardcoded-buildpath/sysroots/x86_64-oesdk-linux/usr --exec_prefix=/usr/local/oe-sdk-hardcoded-buildpath/sysroots/x86_64-oesdk-linux/usr --bindir=/usr/local/oe-sdk-hardcoded-buildpath/sysroots/x86_64-oesdk-linux/usr/bin/aarch64-xilinx-elf --sbindir=/usr/local/oe-sdk-hardcoded-buildpath/sysroots/x86_64-oesdk-linux/usr/bin/aarch64-xilinx-elf --libexecdir=/usr/local/oe-sdk-hardcoded-buildpath/sysroots/x86_64-oesdk-linux/usr/libexec/aarch64-xilinx-elf --datadir=/usr/local/oe-sdk-hardcoded-buildpath/sysroots/x86_64-oesdk-linux/usr/share --sysconfdir=/usr/local/oe-sdk-hardcoded-buildpath/sysroots/x86_64-oesdk-linux/etc --sharedstatedir=/usr/local/oe-sdk-hardcoded-buildpath/sysroots/x86_64-oesdk-linux/com --localstatedir=/usr/local/oe-sdk-hardcoded-buildpath/sysroots/x86_64-oesdk-linux/var --libdir=/usr/local/oe-sdk-hardcoded-buildpath/sysroots/x86_64-oesdk-linux/usr/lib/aarch64-xilinx-elf --includedir=/usr/local/oe-sdk-hardcoded-buildpath/sysroots/x86_64-oesdk-linux/usr/include --oldincludedir=/usr/local/oe-sdk-hardcoded-buildpath/sysroots/x86_64-oesdk-linux/usr/include --infodir=/usr/local/oe-sdk-hardcoded-buildpath/sysroots/x86_64-oesdk-linux/usr/share/info --mandir=/usr/local/oe-sdk-hardcoded-buildpath/sysroots/x86_64-oesdk-linux/usr/share/man --disable-silent-rules --disable-dependency-tracking --with-libtool-sysroot=/host --with-gnu-ld --enable-shared --enable-languages=c,c++,fortran --enable-threads=posix --enable-multilib --enable-c99 --enable-long-long --enable-libstdcxx-pch --program-prefix=aarch64-xilinx-elf- --without-local-prefix --disable-install-libiberty --disable-libssp --enable-libitm --enable-lto --disable-bootstrap --with-system-zlib --enable-linker-build-id --with-ppl=no --with-cloog=no --enable-checking=release --enable-cheaders=c_global --without-isl --with-gxx-include-dir=/not/exist/usr/include/c++/13.3.0 --with-build-time-tools=/host-native/usr/aarch64-xilinx-elf/bin --with-sysroot=/not/exist --with-build-sysroot=/host --with-plugin-ld=ld --enable-poison-system-directories --disable-static --enable-nls --with-glibc-version=2.28 --enable-initfini-array --enable-multilib --disable-libstdcxx-pch --with-newlib --disable-threads --enable-plugins --with-gnu-as --disable-libitm --disable-tm-clone-registry --disable-multiarch --with-arch=armv8-a --with-sysroot=/not/exist
Thread model: single
Supported LTO compression algorithms: zlib zstd
gcc version 13.3.0 (GCC) 
COLLECT_GCC_OPTIONS='--sysroot=/home/kuszman/Xilinx/2025.2/Vitis/gnu/aarch64/lin/aarch64-none/bin/../aarch64-xilinx-elf' '-mbranch-protection=none' '-D' 'SDT' '-MMD' '-MP' '-specs=/home/kuszman/Magisterka/Intelligent-Vibroacoustic-Machine-Diagnostic-System-on-FPGA/ethernet/vitis/eth_platform/zynqmp_fsbl/zynqmp_fsbl_bsp/Xilinx.spec' '-Os' '-flto' '-ffat-lto-objects' '-D' 'ARMA53_64' '-I' '/home/kuszman/Magisterka/Intelligent-Vibroacoustic-Machine-Diagnostic-System-on-FPGA/ethernet/vitis/eth_platform/zynqmp_fsbl/zynqmp_fsbl_bsp/include' '-v' '-o' 'CMakeFiles/cmTC_3326c.dir/CMakeCXXCompilerABI.cpp.obj' '-c' '-march=armv8-a' '-mlittle-endian' '-mabi=lp64' '-dumpdir' 'CMakeFiles/cmTC_3326c.dir/'
 /home/kuszman/Xilinx/2025.2/gnu/aarch64/lin/aarch64-none/x86_64-oesdk-linux/usr/bin/aarch64-xilinx-elf/../../libexec/aarch64-xilinx-elf/gcc/aarch64-xilinx-elf/13.3.0/cc1plus -quiet -v -I /home/kuszman/Magisterka/Intelligent-Vibroacoustic-Machine-Diagnostic-System-on-FPGA/ethernet/vitis/eth_platform/zynqmp_fsbl/zynqmp_fsbl_bsp/include -iprefix /home/kuszman/Xilinx/2025.2/gnu/aarch64/lin/aarch64-none/x86_64-oesdk-linux/usr/bin/aarch64-xilinx-elf/../../lib/aarch64-xilinx-elf/gcc/aarch64-xilinx-elf/13.3.0/ -isysroot /home/kuszman/Xilinx/2025.2/Vitis/gnu/aarch64/lin/aarch64-none/bin/../aarch64-xilinx-elf -MMD CMakeFiles/cmTC_3326c.dir/CMakeCXXCompilerABI.cpp.d -MP -MQ CMakeFiles/cmTC_3326c.dir/CMakeCXXCompilerABI.cpp.obj -D SDT -D ARMA53_64 /home/kuszman/Xilinx/2025.2/tps/lnx64/cmake-3.24.2/share/cmake-3.24/Modules/CMakeCXXCompilerABI.cpp -quiet -dumpdir CMakeFiles/cmTC_3326c.dir/ -dumpbase CMakeCXXCompilerABI.cpp.cpp -dumpbase-ext .cpp -mbranch-protection=none -march=armv8-a -mlittle-endian -mabi=lp64 -Os -version -flto -ffat-lto-objects -o /tmp/ccdEH86c.s
GNU C++17 (GCC) version 13.3.0 (aarch64-xilinx-elf)
	compiled by GNU C version 13.3.0, GMP version 6.3.0, MPFR version 4.2.1, MPC version 1.3.1, isl version none
GGC heuristics: --param ggc-min-expand=100 --param ggc-min-heapsize=131072
ignoring nonexistent directory "/home/kuszman/Xilinx/2025.2/gnu/aarch64/lin/aarch64-none/x86_64-oesdk-linux/usr/bin/aarch64-xilinx-elf/../../lib/aarch64-xilinx-elf/gcc/aarch64-xilinx-elf/13.3.0/../../../../../aarch64-xilinx-elf/include"
ignoring duplicate directory "/home/kuszman/Xilinx/2025.2/gnu/aarch64/lin/aarch64-none/x86_64-oesdk-linux/usr/bin/aarch64-xilinx-elf/../../lib/aarch64-xilinx-elf/gcc/../../../lib/aarch64-xilinx-elf/gcc/aarch64-xilinx-elf/13.3.0/include"
ignoring nonexistent directory "/home/kuszman/Xilinx/2025.2/Vitis/gnu/aarch64/lin/aarch64-none/bin/../aarch64-xilinx-elf/usr/lib64/aarch64-xilinx-elf/13.3.0/include"
ignoring nonexistent directory "/home/kuszman/Xilinx/2025.2/Vitis/gnu/aarch64/lin/aarch64-none/bin/../aarch64-xilinx-elf/usr/local/include"
ignoring duplicate directory "/home/kuszman/Xilinx/2025.2/gnu/aarch64/lin/aarch64-none/x86_64-oesdk-linux/usr/bin/aarch64-xilinx-elf/../../lib/aarch64-xilinx-elf/gcc/../../../lib/aarch64-xilinx-elf/gcc/aarch64-xilinx-elf/13.3.0/include-fixed"
ignoring nonexistent directory "/home/kuszman/Xilinx/2025.2/gnu/aarch64/lin/aarch64-none/x86_64-oesdk-linux/usr/bin/aarch64-xilinx-elf/../../lib/aarch64-xilinx-elf/gcc/../../../lib/aarch64-xilinx-elf/gcc/aarch64-xilinx-elf/13.3.0/../../../../../aarch64-xilinx-elf/include"
#include "..." search starts here:
#include <...> search starts here:
 /home/kuszman/Magisterka/Intelligent-Vibroacoustic-Machine-Diagnostic-System-on-FPGA/ethernet/vitis/eth_platform/zynqmp_fsbl/zynqmp_fsbl_bsp/include
 /home/kuszman/Xilinx/2025.2/gnu/aarch64/lin/aarch64-none/x86_64-oesdk-linux/usr/bin/aarch64-xilinx-elf/../../lib/aarch64-xilinx-elf/gcc/aarch64-xilinx-elf/13.3.0/include
 /home/kuszman/Xilinx/2025.2/gnu/aarch64/lin/aarch64-none/x86_64-oesdk-linux/usr/bin/aarch64-xilinx-elf/../../lib/aarch64-xilinx-elf/gcc/aarch64-xilinx-elf/13.3.0/include-fixed
 /home/kuszman/Xilinx/2025.2/Vitis/gnu/aarch64/lin/aarch64-none/bin/../aarch64-xilinx-elf/usr/include/c++/13.3.0
 /home/kuszman/Xilinx/2025.2/Vitis/gnu/aarch64/lin/aarch64-none/bin/../aarch64-xilinx-elf/usr/include/c++/13.3.0/aarch64-xilinx-elf
 /home/kuszman/Xilinx/2025.2/Vitis/gnu/aarch64/lin/aarch64-none/bin/../aarch64-xilinx-elf/usr/include/c++/13.3.0/backward
 /home/kuszman/Xilinx/2025.2/Vitis/gnu/aarch64/lin/aarch64-none/bin/../aarch64-xilinx-elf/usr/include/
End of search list.
Compiler executable checksum: ad182f738cfb6404092bcf9bf3548eda
COLLECT_GCC_OPTIONS='--sysroot=/home/kuszman/Xilinx/2025.2/Vitis/gnu/aarch64/lin/aarch64-none/bin/../aarch64-xilinx-elf' '-mbranch-protection=none' '-D' 'SDT' '-MMD' '-MP' '-specs=/home/kuszman/Magisterka/Intelligent-Vibroacoustic-Machine-Diagnostic-System-on-FPGA/ethernet/vitis/eth_platform/zynqmp_fsbl/zynqmp_fsbl_bsp/Xilinx.spec' '-Os' '-flto' '-ffat-lto-objects' '-D' 'ARMA53_64' '-I' '/home/kuszman/Magisterka/Intelligent-Vibroacoustic-Machine-Diagnostic-System-on-FPGA/ethernet/vitis/eth_platform/zynqmp_fsbl/zynqmp_fsbl_bsp/include' '-v' '-o' 'CMakeFiles/cmTC_3326c.dir/CMakeCXXCompilerABI.cpp.obj' '-c' '-march=armv8-a' '-mlittle-endian' '-mabi=lp64' '-dumpdir' 'CMakeFiles/cmTC_3326c.dir/'
 /home/kuszman/Xilinx/2025.2/gnu/aarch64/lin/aarch64-none/x86_64-oesdk-linux/usr/bin/aarch64-xilinx-elf/../../libexec/aarch64-xilinx-elf/gcc/aarch64-xilinx-elf/13.3.0/as -v -I /home/kuszman/Magisterka/Intelligent-Vibroacoustic-Machine-Diagnostic-System-on-FPGA/ethernet/vitis/eth_platform/zynqmp_fsbl/zynqmp_fsbl_bsp/include -EL -march=armv8-a -mabi=lp64 -o CMakeFiles/cmTC_3326c.dir/CMakeCXXCompilerABI.cpp.obj /tmp/ccdEH86c.s
GNU assembler version 2.42.0 (aarch64-xilinx-elf) using BFD version (GNU Binutils) 2.42.0.20240723
COMPILER_PATH=/home/kuszman/Xilinx/2025.2/gnu/aarch64/lin/aarch64-none/x86_64-oesdk-linux/usr/bin/aarch64-xilinx-elf/../../libexec/aarch64-xilinx-elf/gcc/aarch64-xilinx-elf/13.3.0/:/home/kuszman/Xilinx/2025.2/gnu/aarch64/lin/aarch64-none/x86_64-oesdk-linux/usr/bin/aarch64-xilinx-elf/../../libexec/aarch64-xilinx-elf/gcc/
LIBRARY_PATH=/home/kuszman/Xilinx/2025.2/gnu/aarch64/lin/aarch64-none/x86_64-oesdk-linux/usr/bin/aarch64-xilinx-elf/../../lib/aarch64-xilinx-elf/gcc/aarch64-xilinx-elf/13.3.0/:/home/kuszman/Xilinx/2025.2/gnu/aarch64/lin/aarch64-none/x86_64-oesdk-linux/usr/bin/aarch64-xilinx-elf/../../lib/aarch64-xilinx-elf/gcc/:/home/kuszman/Xilinx/2025.2/Vitis/gnu/aarch64/lin/aarch64-none/bin/../aarch64-xilinx-elf/usr/lib64/aarch64-xilinx-elf/13.3.0/:/home/kuszman/Xilinx/2025.2/Vitis/gnu/aarch64/lin/aarch64-none/bin/../aarch64-xilinx-elf/usr/lib64/
COLLECT_GCC_OPTIONS='--sysroot=/home/kuszman/Xilinx/2025.2/Vitis/gnu/aarch64/lin/aarch64-none/bin/../aarch64-xilinx-elf' '-mbranch-protection=none' '-D' 'SDT' '-MMD' '-MP' '-specs=/home/kuszman/Magisterka/Intelligent-Vibroacoustic-Machine-Diagnostic-System-on-FPGA/ethernet/vitis/eth_platform/zynqmp_fsbl/zynqmp_fsbl_bsp/Xilinx.spec' '-Os' '-flto' '-ffat-lto-objects' '-D' 'ARMA53_64' '-I' '/home/kuszman/Magisterka/Intelligent-Vibroacoustic-Machine-Diagnostic-System-on-FPGA/ethernet/vitis/eth_platform/zynqmp_fsbl/zynqmp_fsbl_bsp/include' '-v' '-o' 'CMakeFiles/cmTC_3326c.dir/CMakeCXXCompilerABI.cpp.obj' '-c' '-march=armv8-a' '-mlittle-endian' '-mabi=lp64' '-dumpdir' 'CMakeFiles/cmTC_3326c.dir/CMakeCXXCompilerABI.cpp.'
[2/2] Linking CXX executable cmTC_3326c
Using built-in specs.
Reading specs from /home/kuszman/Magisterka/Intelligent-Vibroacoustic-Machine-Diagnostic-System-on-FPGA/ethernet/vitis/eth_platform/zynqmp_fsbl/zynqmp_fsbl_bsp/Xilinx.spec
COLLECT_GCC=/home/kuszman/Xilinx/2025.2/Vitis/gnu/aarch64/lin/aarch64-none/bin/../x86_64-oesdk-linux/usr/bin/aarch64-xilinx-elf/aarch64-xilinx-elf-g++.real
COLLECT_LTO_WRAPPER=/home/kuszman/Xilinx/2025.2/gnu/aarch64/lin/aarch64-none/x86_64-oesdk-linux/usr/bin/aarch64-xilinx-elf/../../libexec/aarch64-xilinx-elf/gcc/aarch64-xilinx-elf/13.3.0/lto-wrapper
Target: aarch64-xilinx-elf
Configured with: ../../../../../../work-shared/gcc-13.3.0-r0/gcc-13.3.0/configure --build=x86_64-linux --host=x86_64-oesdk-linux --target=aarch64-xilinx-elf --prefix=/usr/local/oe-sdk-hardcoded-buildpath/sysroots/x86_64-oesdk-linux/usr --exec_prefix=/usr/local/oe-sdk-hardcoded-buildpath/sysroots/x86_64-oesdk-linux/usr --bindir=/usr/local/oe-sdk-hardcoded-buildpath/sysroots/x86_64-oesdk-linux/usr/bin/aarch64-xilinx-elf --sbindir=/usr/local/oe-sdk-hardcoded-buildpath/sysroots/x86_64-oesdk-linux/usr/bin/aarch64-xilinx-elf --libexecdir=/usr/local/oe-sdk-hardcoded-buildpath/sysroots/x86_64-oesdk-linux/usr/libexec/aarch64-xilinx-elf --datadir=/usr/local/oe-sdk-hardcoded-buildpath/sysroots/x86_64-oesdk-linux/usr/share --sysconfdir=/usr/local/oe-sdk-hardcoded-buildpath/sysroots/x86_64-oesdk-linux/etc --sharedstatedir=/usr/local/oe-sdk-hardcoded-buildpath/sysroots/x86_64-oesdk-linux/com --localstatedir=/usr/local/oe-sdk-hardcoded-buildpath/sysroots/x86_64-oesdk-linux/var --libdir=/usr/local/oe-sdk-hardcoded-buildpath/sysroots/x86_64-oesdk-linux/usr/lib/aarch64-xilinx-elf --includedir=/usr/local/oe-sdk-hardcoded-buildpath/sysroots/x86_64-oesdk-linux/usr/include --oldincludedir=/usr/local/oe-sdk-hardcoded-buildpath/sysroots/x86_64-oesdk-linux/usr/include --infodir=/usr/local/oe-sdk-hardcoded-buildpath/sysroots/x86_64-oesdk-linux/usr/share/info --mandir=/usr/local/oe-sdk-hardcoded-buildpath/sysroots/x86_64-oesdk-linux/usr/share/man --disable-silent-rules --disable-dependency-tracking --with-libtool-sysroot=/host --with-gnu-ld --enable-shared --enable-languages=c,c++,fortran --enable-threads=posix --enable-multilib --enable-c99 --enable-long-long --enable-libstdcxx-pch --program-prefix=aarch64-xilinx-elf- --without-local-prefix --disable-install-libiberty --disable-libssp --enable-libitm --enable-lto --disable-bootstrap --with-system-zlib --enable-linker-build-id --with-ppl=no --with-cloog=no --enable-checking=release --enable-cheaders=c_global --without-isl --with-gxx-include-dir=/not/exist/usr/include/c++/13.3.0 --with-build-time-tools=/host-native/usr/aarch64-xilinx-elf/bin --with-sysroot=/not/exist --with-build-sysroot=/host --with-plugin-ld=ld --enable-poison-system-directories --disable-static --enable-nls --with-glibc-version=2.28 --enable-initfini-array --enable-multilib --disable-libstdcxx-pch --with-newlib --disable-threads --enable-plugins --with-gnu-as --disable-libitm --disable-tm-clone-registry --disable-multiarch --with-arch=armv8-a --with-sysroot=/not/exist
Thread model: single
Supported LTO compression algorithms: zlib zstd
gcc version 13.3.0 (GCC) 
COMPILER_PATH=/home/kuszman/Xilinx/2025.2/gnu/aarch64/lin/aarch64-none/x86_64-oesdk-linux/usr/bin/aarch64-xilinx-elf/../../libexec/aarch64-xilinx-elf/gcc/aarch64-xilinx-elf/13.3.0/:/home/kuszman/Xilinx/2025.2/gnu/aarch64/lin/aarch64-none/x86_64-oesdk-linux/usr/bin/aarch64-xilinx-elf/../../libexec/aarch64-xilinx-elf/gcc/
LIBRARY_PATH=/home/kuszman/Xilinx/2025.2/gnu/aarch64/lin/aarch64-none/x86_64-oesdk-linux/usr/bin/aarch64-xilinx-elf/../../lib/aarch64-xilinx-elf/gcc/aarch64-xilinx-elf/13.3.0/:/home/kuszman/Xilinx/2025.2/gnu/aarch64/lin/aarch64-none/x86_64-oesdk-linux/usr/bin/aarch64-xilinx-elf/../../lib/aarch64-xilinx-elf/gcc/:/home/kuszman/Xilinx/2025.2/Vitis/gnu/aarch64/lin/aarch64-none/bin/../aarch64-xilinx-elf/usr/lib64/aarch64-xilinx-elf/13.3.0/:/home/kuszman/Xilinx/2025.2/Vitis/gnu/aarch64/lin/aarch64-none/bin/../aarch64-xilinx-elf/usr/lib64/
COLLECT_GCC_OPTIONS='--sysroot=/home/kuszman/Xilinx/2025.2/Vitis/gnu/aarch64/lin/aarch64-none/bin/../aarch64-xilinx-elf' '-mbranch-protection=none' '-D' 'SDT' '-MMD' '-MP' '-specs=/home/kuszman/Magisterka/Intelligent-Vibroacoustic-Machine-Diagnostic-System-on-FPGA/ethernet/vitis/eth_platform/zynqmp_fsbl/zynqmp_fsbl_bsp/Xilinx.spec' '-Os' '-flto' '-ffat-lto-objects' '-D' 'ARMA53_64' '-I' '/home/kuszman/Magisterka/Intelligent-Vibroacoustic-Machine-Diagnostic-System-on-FPGA/ethernet/vitis/eth_platform/zynqmp_fsbl/zynqmp_fsbl_bsp/include' '-v' '-o' 'cmTC_3326c' '-march=armv8-a' '-mlittle-endian' '-mabi=lp64' '-dumpdir' 'cmTC_3326c.'
 /home/kuszman/Xilinx/2025.2/gnu/aarch64/lin/aarch64-none/x86_64-oesdk-linux/usr/bin/aarch64-xilinx-elf/../../libexec/aarch64-xilinx-elf/gcc/aarch64-xilinx-elf/13.3.0/collect2 -plugin /home/kuszman/Xilinx/2025.2/gnu/aarch64/lin/aarch64-none/x86_64-oesdk-linux/usr/bin/aarch64-xilinx-elf/../../libexec/aarch64-xilinx-elf/gcc/aarch64-xilinx-elf/13.3.0/liblto_plugin.so -plugin-opt=/home/kuszman/Xilinx/2025.2/gnu/aarch64/lin/aarch64-none/x86_64-oesdk-linux/usr/bin/aarch64-xilinx-elf/../../libexec/aarch64-xilinx-elf/gcc/aarch64-xilinx-elf/13.3.0/lto-wrapper -plugin-opt=-fresolution=/tmp/cc5qcKru.res -plugin-opt=-pass-through=-lgcc -plugin-opt=-pass-through=-lc -plugin-opt=-pass-through=-lgcc -flto --sysroot=/home/kuszman/Xilinx/2025.2/Vitis/gnu/aarch64/lin/aarch64-none/bin/../aarch64-xilinx-elf --build-id -EL -X -maarch64elf -o cmTC_3326c /home/kuszman/Xilinx/2025.2/Vitis/gnu/aarch64/lin/aarch64-none/bin/../aarch64-xilinx-elf/usr/lib64/aarch64-xilinx-elf/13.3.0/crti.o /home/kuszman/Xilinx/2025.2/Vitis/gnu/aarch64/lin/aarch64-none/bin/../aarch64-xilinx-elf/usr/lib64/aarch64-xilinx-elf/13.3.0/crtbegin.o -L/home/kuszman/Xilinx/2025.2/gnu/aarch64/lin/aarch64-none/x86_64-oesdk-linux/usr/bin/aarch64-xilinx-elf/../../lib/aarch64-xilinx-elf/gcc/aarch64-xilinx-elf/13.3.0 -L/home/kuszman/Xilinx/2025.2/gnu/aarch64/lin/aarch64-none/x86_64-oesdk-linux/usr/bin/aarch64-xilinx-elf/../../lib/aarch64-xilinx-elf/gcc -L/home/kuszman/Xilinx/2025.2/Vitis/gnu/aarch64/lin/aarch64-none/bin/../aarch64-xilinx-elf/usr/lib64/aarch64-xilinx-elf/13.3.0 -L/home/kuszman/Xilinx/2025.2/Vitis/gnu/aarch64/lin/aarch64-none/bin/../aarch64-xilinx-elf/usr/lib64 --no-warn-rwx-segment CMakeFiles/cmTC_3326c.dir/CMakeCXXCompilerABI.cpp.obj -lstdc++ -lm -lgcc -lc -lgcc /home/kuszman/Xilinx/2025.2/Vitis/gnu/aarch64/lin/aarch64-none/bin/../aarch64-xilinx-elf/usr/lib64/aarch64-xilinx-elf/13.3.0/crtend.o /home/kuszman/Xilinx/2025.2/Vitis/gnu/aarch64/lin/aarch64-none/bin/../aarch64-xilinx-elf/usr/lib64/aarch64-xilinx-elf/13.3.0/crtn.o
/home/kuszman/Xilinx/2025.2/gnu/aarch64/lin/aarch64-none/x86_64-oesdk-linux/usr/bin/aarch64-xilinx-elf/../../libexec/aarch64-xilinx-elf/gcc/aarch64-xilinx-elf/13.3.0/lto-wrapper -fresolution=/tmp/cc5qcKru.res -flinker-output=exec CMakeFiles/cmTC_3326c.dir/CMakeCXXCompilerABI.cpp.obj 
/home/kuszman/Xilinx/2025.2/gnu/aarch64/lin/aarch64-none/x86_64-oesdk-linux/usr/bin/aarch64-xilinx-elf/../../libexec/aarch64-xilinx-elf/gcc/aarch64-xilinx-elf/13.3.0/lto-wrapper.real -fresolution=/tmp/cc5qcKru.res -flinker-output=exec CMakeFiles/cmTC_3326c.dir/CMakeCXXCompilerABI.cpp.obj 
/home/kuszman/Xilinx/2025.2/Vitis/gnu/aarch64/lin/aarch64-none/bin/../x86_64-oesdk-linux/usr/bin/aarch64-xilinx-elf/aarch64-xilinx-elf-g++ @/tmp/ccLnjfrg
Using built-in specs.
Reading specs from /home/kuszman/Magisterka/Intelligent-Vibroacoustic-Machine-Diagnostic-System-on-FPGA/ethernet/vitis/eth_platform/zynqmp_fsbl/zynqmp_fsbl_bsp/Xilinx.spec
COLLECT_GCC=/home/kuszman/Xilinx/2025.2/Vitis/gnu/aarch64/lin/aarch64-none/bin/../x86_64-oesdk-linux/usr/bin/aarch64-xilinx-elf/aarch64-xilinx-elf-g++.real
Target: aarch64-xilinx-elf
Configured with: ../../../../../../work-shared/gcc-13.3.0-r0/gcc-13.3.0/configure --build=x86_64-linux --host=x86_64-oesdk-linux --target=aarch64-xilinx-elf --prefix=/usr/local/oe-sdk-hardcoded-buildpath/sysroots/x86_64-oesdk-linux/usr --exec_prefix=/usr/local/oe-sdk-hardcoded-buildpath/sysroots/x86_64-oesdk-linux/usr --bindir=/usr/local/oe-sdk-hardcoded-buildpath/sysroots/x86_64-oesdk-linux/usr/bin/aarch64-xilinx-elf --sbindir=/usr/local/oe-sdk-hardcoded-buildpath/sysroots/x86_64-oesdk-linux/usr/bin/aarch64-xilinx-elf --libexecdir=/usr/local/oe-sdk-hardcoded-buildpath/sysroots/x86_64-oesdk-linux/usr/libexec/aarch64-xilinx-elf --datadir=/usr/local/oe-sdk-hardcoded-buildpath/sysroots/x86_64-oesdk-linux/usr/share --sysconfdir=/usr/local/oe-sdk-hardcoded-buildpath/sysroots/x86_64-oesdk-linux/etc --sharedstatedir=/usr/local/oe-sdk-hardcoded-buildpath/sysroots/x86_64-oesdk-linux/com --localstatedir=/usr/local/oe-sdk-hardcoded-buildpath/sysroots/x86_64-oesdk-linux/var --libdir=/usr/local/oe-sdk-hardcoded-buildpath/sysroots/x86_64-oesdk-linux/usr/lib/aarch64-xilinx-elf --includedir=/usr/local/oe-sdk-hardcoded-buildpath/sysroots/x86_64-oesdk-linux/usr/include --oldincludedir=/usr/local/oe-sdk-hardcoded-buildpath/sysroots/x86_64-oesdk-linux/usr/include --infodir=/usr/local/oe-sdk-hardcoded-buildpath/sysroots/x86_64-oesdk-linux/usr/share/info --mandir=/usr/local/oe-sdk-hardcoded-buildpath/sysroots/x86_64-oesdk-linux/usr/share/man --disable-silent-rules --disable-dependency-tracking --with-libtool-sysroot=/host --with-gnu-ld --enable-shared --enable-languages=c,c++,fortran --enable-threads=posix --enable-multilib --enable-c99 --enable-long-long --enable-libstdcxx-pch --program-prefix=aarch64-xilinx-elf- --without-local-prefix --disable-install-libiberty --disable-libssp --enable-libitm --enable-lto --disable-bootstrap --with-system-zlib --enable-linker-build-id --with-ppl=no --with-cloog=no --enable-checking=release --enable-cheaders=c_global --without-isl --with-gxx-include-dir=/not/exist/usr/include/c++/13.3.0 --with-build-time-tools=/host-native/usr/aarch64-xilinx-elf/bin --with-sysroot=/not/exist --with-build-sysroot=/host --with-plugin-ld=ld --enable-poison-system-directories --disable-static --enable-nls --with-glibc-version=2.28 --enable-initfini-array --enable-multilib --disable-libstdcxx-pch --with-newlib --disable-threads --enable-plugins --with-gnu-as --disable-libitm --disable-tm-clone-registry --disable-multiarch --with-arch=armv8-a --with-sysroot=/not/exist
Thread model: single
Supported LTO compression algorithms: zlib zstd
gcc version 13.3.0 (GCC) 
COLLECT_GCC_OPTIONS='-c' '-fno-openmp' '-fno-openacc' '-fno-pie' '-fcf-protection=none' '-mbranch-protection=none' '-mlittle-endian' '-mabi=lp64' '-Os' '--sysroot=/home/kuszman/Xilinx/2025.2/Vitis/gnu/aarch64/lin/aarch64-none/bin/../aarch64-xilinx-elf' '-mbranch-protection=none' '-specs=/home/kuszman/Magisterka/Intelligent-Vibroacoustic-Machine-Diagnostic-System-on-FPGA/ethernet/vitis/eth_platform/zynqmp_fsbl/zynqmp_fsbl_bsp/Xilinx.spec' '-Os' '-ffat-lto-objects' '-v' '-march=armv8-a' '-mlittle-endian' '-mabi=lp64'   '-fltrans-output-list=/tmp/cczn01uj.ltrans.out' '-fwpa' '-fresolution=/tmp/cc5qcKru.res' '-flinker-output=exec'
 /home/kuszman/Xilinx/2025.2/gnu/aarch64/lin/aarch64-none/x86_64-oesdk-linux/usr/bin/aarch64-xilinx-elf/../../lib/aarch64-xilinx-elf/gcc/../../../libexec/aarch64-xilinx-elf/gcc/aarch64-xilinx-elf/13.3.0/lto1 -quiet -dumpbase ./cmTC_3326c.wpa -mbranch-protection=none -mlittle-endian -mabi=lp64 -mbranch-protection=none -march=armv8-a -mlittle-endian -mabi=lp64 -Os -Os -version -fno-openmp -fno-openacc -fno-pie -fcf-protection=none -ffat-lto-objects -fltrans-output-list=/tmp/cczn01uj.ltrans.out -fwpa -fresolution=/tmp/cc5qcKru.res -flinker-output=exec @/tmp/cc32yW6g
GNU GIMPLE (GCC) version 13.3.0 (aarch64-xilinx-elf)
	compiled by GNU C version 13.3.0, GMP version 6.3.0, MPFR version 4.2.1, MPC version 1.3.1, isl version none
GGC heuristics: --param ggc-min-expand=100 --param ggc-min-heapsize=131072
COMPILER_PATH=/home/kuszman/Xilinx/2025.2/gnu/aarch64/lin/aarch64-none/x86_64-oesdk-linux/usr/bin/aarch64-xilinx-elf/../../lib/aarch64-xilinx-elf/gcc/../../../libexec/aarch64-xilinx-elf/gcc/aarch64-xilinx-elf/13.3.0/:/home/kuszman/Xilinx/2025.2/gnu/aarch64/lin/aarch64-none/x86_64-oesdk-linux/usr/bin/aarch64-xilinx-elf/../../lib/aarch64-xilinx-elf/gcc/../../../libexec/aarch64-xilinx-elf/gcc/:/home/kuszman/Xilinx/2025.2/gnu/aarch64/lin/aarch64-none/x86_64-oesdk-linux/usr/bin/aarch64-xilinx-elf/../../libexec/aarch64-xilinx-elf/gcc/aarch64-xilinx-elf/13.3.0/:/home/kuszman/Xilinx/2025.2/gnu/aarch64/lin/aarch64-none/x86_64-oesdk-linux/usr/bin/aarch64-xilinx-elf/../../libexec/aarch64-xilinx-elf/gcc/aarch64-xilinx-elf/13.3.0/:/home/kuszman/Xilinx/2025.2/gnu/aarch64/lin/aarch64-none/x86_64-oesdk-linux/usr/bin/aarch64-xilinx-elf/../../libexec/aarch64-xilinx-elf/gcc/
LIBRARY_PATH=/home/kuszman/Xilinx/2025.2/gnu/aarch64/lin/aarch64-none/x86_64-oesdk-linux/usr/bin/aarch64-xilinx-elf/../../lib/aarch64-xilinx-elf/gcc/aarch64-xilinx-elf/13.3.0/:/home/kuszman/Xilinx/2025.2/gnu/aarch64/lin/aarch64-none/x86_64-oesdk-linux/usr/bin/aarch64-xilinx-elf/../../lib/aarch64-xilinx-elf/gcc/:/home/kuszman/Xilinx/2025.2/Vitis/gnu/aarch64/lin/aarch64-none/bin/../aarch64-xilinx-elf/usr/lib64/aarch64-xilinx-elf/13.3.0/:/home/kuszman/Xilinx/2025.2/Vitis/gnu/aarch64/lin/aarch64-none/bin/../aarch64-xilinx-elf/usr/lib64/
COLLECT_GCC_OPTIONS='-c' '-fno-openmp' '-fno-openacc' '-fno-pie' '-fcf-protection=none' '-mbranch-protection=none' '-mlittle-endian' '-mabi=lp64' '-Os' '--sysroot=/home/kuszman/Xilinx/2025.2/Vitis/gnu/aarch64/lin/aarch64-none/bin/../aarch64-xilinx-elf' '-mbranch-protection=none' '-specs=/home/kuszman/Magisterka/Intelligent-Vibroacoustic-Machine-Diagnostic-System-on-FPGA/ethernet/vitis/eth_platform/zynqmp_fsbl/zynqmp_fsbl_bsp/Xilinx.spec' '-Os' '-ffat-lto-objects' '-v' '-march=armv8-a' '-mlittle-endian' '-mabi=lp64'   '-fltrans-output-list=/tmp/cczn01uj.ltrans.out' '-fwpa' '-fresolution=/tmp/cc5qcKru.res' '-flinker-output=exec' '-dumpdir' './cmTC_3326c.wpa.'
/home/kuszman/Xilinx/2025.2/Vitis/gnu/aarch64/lin/aarch64-none/bin/../x86_64-oesdk-linux/usr/bin/aarch64-xilinx-elf/aarch64-xilinx-elf-g++ @/tmp/ccafDE8e
Using built-in specs.
Reading specs from /home/kuszman/Magisterka/Intelligent-Vibroacoustic-Machine-Diagnostic-System-on-FPGA/ethernet/vitis/eth_platform/zynqmp_fsbl/zynqmp_fsbl_bsp/Xilinx.spec
COLLECT_GCC=/home/kuszman/Xilinx/2025.2/Vitis/gnu/aarch64/lin/aarch64-none/bin/../x86_64-oesdk-linux/usr/bin/aarch64-xilinx-elf/aarch64-xilinx-elf-g++.real
Target: aarch64-xilinx-elf
Configured with: ../../../../../../work-shared/gcc-13.3.0-r0/gcc-13.3.0/configure --build=x86_64-linux --host=x86_64-oesdk-linux --target=aarch64-xilinx-elf --prefix=/usr/local/oe-sdk-hardcoded-buildpath/sysroots/x86_64-oesdk-linux/usr --exec_prefix=/usr/local/oe-sdk-hardcoded-buildpath/sysroots/x86_64-oesdk-linux/usr --bindir=/usr/local/oe-sdk-hardcoded-buildpath/sysroots/x86_64-oesdk-linux/usr/bin/aarch64-xilinx-elf --sbindir=/usr/local/oe-sdk-hardcoded-buildpath/sysroots/x86_64-oesdk-linux/usr/bin/aarch64-xilinx-elf --libexecdir=/usr/local/oe-sdk-hardcoded-buildpath/sysroots/x86_64-oesdk-linux/usr/libexec/aarch64-xilinx-elf --datadir=/usr/local/oe-sdk-hardcoded-buildpath/sysroots/x86_64-oesdk-linux/usr/share --sysconfdir=/usr/local/oe-sdk-hardcoded-buildpath/sysroots/x86_64-oesdk-linux/etc --sharedstatedir=/usr/local/oe-sdk-hardcoded-buildpath/sysroots/x86_64-oesdk-linux/com --localstatedir=/usr/local/oe-sdk-hardcoded-buildpath/sysroots/x86_64-oesdk-linux/var --libdir=/usr/local/oe-sdk-hardcoded-buildpath/sysroots/x86_64-oesdk-linux/usr/lib/aarch64-xilinx-elf --includedir=/usr/local/oe-sdk-hardcoded-buildpath/sysroots/x86_64-oesdk-linux/usr/include --oldincludedir=/usr/local/oe-sdk-hardcoded-buildpath/sysroots/x86_64-oesdk-linux/usr/include --infodir=/usr/local/oe-sdk-hardcoded-buildpath/sysroots/x86_64-oesdk-linux/usr/share/info --mandir=/usr/local/oe-sdk-hardcoded-buildpath/sysroots/x86_64-oesdk-linux/usr/share/man --disable-silent-rules --disable-dependency-tracking --with-libtool-sysroot=/host --with-gnu-ld --enable-shared --enable-languages=c,c++,fortran --enable-threads=posix --enable-multilib --enable-c99 --enable-long-long --enable-libstdcxx-pch --program-prefix=aarch64-xilinx-elf- --without-local-prefix --disable-install-libiberty --disable-libssp --enable-libitm --enable-lto --disable-bootstrap --with-system-zlib --enable-linker-build-id --with-ppl=no --with-cloog=no --enable-checking=release --enable-cheaders=c_global --without-isl --with-gxx-include-dir=/not/exist/usr/include/c++/13.3.0 --with-build-time-tools=/host-native/usr/aarch64-xilinx-elf/bin --with-sysroot=/not/exist --with-build-sysroot=/host --with-plugin-ld=ld --enable-poison-system-directories --disable-static --enable-nls --with-glibc-version=2.28 --enable-initfini-array --enable-multilib --disable-libstdcxx-pch --with-newlib --disable-threads --enable-plugins --with-gnu-as --disable-libitm --disable-tm-clone-registry --disable-multiarch --with-arch=armv8-a --with-sysroot=/not/exist
Thread model: single
Supported LTO compression algorithms: zlib zstd
gcc version 13.3.0 (GCC) 
COLLECT_GCC_OPTIONS='-c' '-fno-openmp' '-fno-openacc' '-fno-pie' '-fcf-protection=none' '-mbranch-protection=none' '-mlittle-endian' '-mabi=lp64' '-Os' '--sysroot=/home/kuszman/Xilinx/2025.2/Vitis/gnu/aarch64/lin/aarch64-none/bin/../aarch64-xilinx-elf' '-mbranch-protection=none' '-specs=/home/kuszman/Magisterka/Intelligent-Vibroacoustic-Machine-Diagnostic-System-on-FPGA/ethernet/vitis/eth_platform/zynqmp_fsbl/zynqmp_fsbl_bsp/Xilinx.spec' '-Os' '-ffat-lto-objects' '-v' '-march=armv8-a' '-mlittle-endian' '-mabi=lp64'   '-fltrans' '-o' '/tmp/cczn01uj.ltrans0.ltrans.o'
 /home/kuszman/Xilinx/2025.2/gnu/aarch64/lin/aarch64-none/x86_64-oesdk-linux/usr/bin/aarch64-xilinx-elf/../../lib/aarch64-xilinx-elf/gcc/../../../libexec/aarch64-xilinx-elf/gcc/aarch64-xilinx-elf/13.3.0/lto1 -quiet -dumpbase ./cmTC_3326c.ltrans0.ltrans -mbranch-protection=none -mlittle-endian -mabi=lp64 -mbranch-protection=none -march=armv8-a -mlittle-endian -mabi=lp64 -Os -Os -version -fno-openmp -fno-openacc -fno-pie -fcf-protection=none -ffat-lto-objects -fltrans @/tmp/ccvLAuW8 -o /tmp/ccDwYeU0.s
GNU GIMPLE (GCC) version 13.3.0 (aarch64-xilinx-elf)
	compiled by GNU C version 13.3.0, GMP version 6.3.0, MPFR version 4.2.1, MPC version 1.3.1, isl version none
GGC heuristics: --param ggc-min-expand=100 --param ggc-min-heapsize=131072
COLLECT_GCC_OPTIONS='-c' '-fno-openmp' '-fno-openacc' '-fno-pie' '-fcf-protection=none' '-mbranch-protection=none' '-mlittle-endian' '-mabi=lp64' '-Os' '--sysroot=/home/kuszman/Xilinx/2025.2/Vitis/gnu/aarch64/lin/aarch64-none/bin/../aarch64-xilinx-elf' '-mbranch-protection=none' '-specs=/home/kuszman/Magisterka/Intelligent-Vibroacoustic-Machine-Diagnostic-System-on-FPGA/ethernet/vitis/eth_platform/zynqmp_fsbl/zynqmp_fsbl_bsp/Xilinx.spec' '-Os' '-ffat-lto-objects' '-v' '-march=armv8-a' '-mlittle-endian' '-mabi=lp64'   '-fltrans' '-o' '/tmp/cczn01uj.ltrans0.ltrans.o'
 /home/kuszman/Xilinx/2025.2/gnu/aarch64/lin/aarch64-none/x86_64-oesdk-linux/usr/bin/aarch64-xilinx-elf/../../lib/aarch64-xilinx-elf/gcc/../../../libexec/aarch64-xilinx-elf/gcc/aarch64-xilinx-elf/13.3.0/as -v -EL -march=armv8-a -mabi=lp64 -mabi=lp64 -o /tmp/cczn01uj.ltrans0.ltrans.o /tmp/ccDwYeU0.s
GNU assembler version 2.42.0 (aarch64-xilinx-elf) using BFD version (GNU Binutils) 2.42.0.20240723
COMPILER_PATH=/home/kuszman/Xilinx/2025.2/gnu/aarch64/lin/aarch64-none/x86_64-oesdk-linux/usr/bin/aarch64-xilinx-elf/../../lib/aarch64-xilinx-elf/gcc/../../../libexec/aarch64-xilinx-elf/gcc/aarch64-xilinx-elf/13.3.0/:/home/kuszman/Xilinx/2025.2/gnu/aarch64/lin/aarch64-none/x86_64-oesdk-linux/usr/bin/aarch64-xilinx-elf/../../lib/aarch64-xilinx-elf/gcc/../../../libexec/aarch64-xilinx-elf/gcc/:/home/kuszman/Xilinx/2025.2/gnu/aarch64/lin/aarch64-none/x86_64-oesdk-linux/usr/bin/aarch64-xilinx-elf/../../libexec/aarch64-xilinx-elf/gcc/aarch64-xilinx-elf/13.3.0/:/home/kuszman/Xilinx/2025.2/gnu/aarch64/lin/aarch64-none/x86_64-oesdk-linux/usr/bin/aarch64-xilinx-elf/../../libexec/aarch64-xilinx-elf/gcc/aarch64-xilinx-elf/13.3.0/:/home/kuszman/Xilinx/2025.2/gnu/aarch64/lin/aarch64-none/x86_64-oesdk-linux/usr/bin/aarch64-xilinx-elf/../../libexec/aarch64-xilinx-elf/gcc/
LIBRARY_PATH=/home/kuszman/Xilinx/2025.2/gnu/aarch64/lin/aarch64-none/x86_64-oesdk-linux/usr/bin/aarch64-xilinx-elf/../../lib/aarch64-xilinx-elf/gcc/aarch64-xilinx-elf/13.3.0/:/home/kuszman/Xilinx/2025.2/gnu/aarch64/lin/aarch64-none/x86_64-oesdk-linux/usr/bin/aarch64-xilinx-elf/../../lib/aarch64-xilinx-elf/gcc/:/home/kuszman/Xilinx/2025.2/Vitis/gnu/aarch64/lin/aarch64-none/bin/../aarch64-xilinx-elf/usr/lib64/aarch64-xilinx-elf/13.3.0/:/home/kuszman/Xilinx/2025.2/Vitis/gnu/aarch64/lin/aarch64-none/bin/../aarch64-xilinx-elf/usr/lib64/
COLLECT_GCC_OPTIONS='-c' '-fno-openmp' '-fno-openacc' '-fno-pie' '-fcf-protection=none' '-mbranch-protection=none' '-mlittle-endian' '-mabi=lp64' '-Os' '--sysroot=/home/kuszman/Xilinx/2025.2/Vitis/gnu/aarch64/lin/aarch64-none/bin/../aarch64-xilinx-elf' '-mbranch-protection=none' '-specs=/home/kuszman/Magisterka/Intelligent-Vibroacoustic-Machine-Diagnostic-System-on-FPGA/ethernet/vitis/eth_platform/zynqmp_fsbl/zynqmp_fsbl_bsp/Xilinx.spec' '-Os' '-ffat-lto-objects' '-v' '-march=armv8-a' '-mlittle-endian' '-mabi=lp64'   '-fltrans' '-o' '/tmp/cczn01uj.ltrans0.ltrans.o' '-dumpdir' './cmTC_3326c.ltrans0.ltrans.'
/home/kuszman/Xilinx/2025.2/gnu/aarch64/lin/aarch64-none/x86_64-oesdk-linux/usr/bin/aarch64-xilinx-elf/aarch64-xilinx-elf-ld.real: warning: cannot find entry symbol _start; defaulting to 0000000000400060
COLLECT_GCC_OPTIONS='--sysroot=/home/kuszman/Xilinx/2025.2/Vitis/gnu/aarch64/lin/aarch64-none/bin/../aarch64-xilinx-elf' '-mbranch-protection=none' '-D' 'SDT' '-MMD' '-MP' '-specs=/home/kuszman/Magisterka/Intelligent-Vibroacoustic-Machine-Diagnostic-System-on-FPGA/ethernet/vitis/eth_platform/zynqmp_fsbl/zynqmp_fsbl_bsp/Xilinx.spec' '-Os' '-flto' '-ffat-lto-objects' '-D' 'ARMA53_64' '-I' '/home/kuszman/Magisterka/Intelligent-Vibroacoustic-Machine-Diagnostic-System-on-FPGA/ethernet/vitis/eth_platform/zynqmp_fsbl/zynqmp_fsbl_bsp/include' '-v' '-o' 'cmTC_3326c' '-march=armv8-a' '-mlittle-endian' '-mabi=lp64' '-dumpdir' 'cmTC_3326c.'



Parsed CXX implicit include dir info from above output: rv=done
  found start of include info
  found start of implicit include info
    add: [/home/kuszman/Magisterka/Intelligent-Vibroacoustic-Machine-Diagnostic-System-on-FPGA/ethernet/vitis/eth_platform/zynqmp_fsbl/zynqmp_fsbl_bsp/include]
    add: [/home/kuszman/Xilinx/2025.2/gnu/aarch64/lin/aarch64-none/x86_64-oesdk-linux/usr/bin/aarch64-xilinx-elf/../../lib/aarch64-xilinx-elf/gcc/aarch64-xilinx-elf/13.3.0/include]
    add: [/home/kuszman/Xilinx/2025.2/gnu/aarch64/lin/aarch64-none/x86_64-oesdk-linux/usr/bin/aarch64-xilinx-elf/../../lib/aarch64-xilinx-elf/gcc/aarch64-xilinx-elf/13.3.0/include-fixed]
    add: [/home/kuszman/Xilinx/2025.2/Vitis/gnu/aarch64/lin/aarch64-none/bin/../aarch64-xilinx-elf/usr/include/c++/13.3.0]
    add: [/home/kuszman/Xilinx/2025.2/Vitis/gnu/aarch64/lin/aarch64-none/bin/../aarch64-xilinx-elf/usr/include/c++/13.3.0/aarch64-xilinx-elf]
    add: [/home/kuszman/Xilinx/2025.2/Vitis/gnu/aarch64/lin/aarch64-none/bin/../aarch64-xilinx-elf/usr/include/c++/13.3.0/backward]
    add: [/home/kuszman/Xilinx/2025.2/Vitis/gnu/aarch64/lin/aarch64-none/bin/../aarch64-xilinx-elf/usr/include/]
  end of search list found
  collapse include dir [/home/kuszman/Magisterka/Intelligent-Vibroacoustic-Machine-Diagnostic-System-on-FPGA/ethernet/vitis/eth_platform/zynqmp_fsbl/zynqmp_fsbl_bsp/include] ==> [/home/kuszman/Magisterka/Intelligent-Vibroacoustic-Machine-Diagnostic-System-on-FPGA/ethernet/vitis/eth_platform/zynqmp_fsbl/zynqmp_fsbl_bsp/include]
  collapse include dir [/home/kuszman/Xilinx/2025.2/gnu/aarch64/lin/aarch64-none/x86_64-oesdk-linux/usr/bin/aarch64-xilinx-elf/../../lib/aarch64-xilinx-elf/gcc/aarch64-xilinx-elf/13.3.0/include] ==> [/home/kuszman/Xilinx/2025.2/gnu/aarch64/lin/aarch64-none/x86_64-oesdk-linux/usr/lib/aarch64-xilinx-elf/gcc/aarch64-xilinx-elf/13.3.0/include]
  collapse include dir [/home/kuszman/Xilinx/2025.2/gnu/aarch64/lin/aarch64-none/x86_64-oesdk-linux/usr/bin/aarch64-xilinx-elf/../../lib/aarch64-xilinx-elf/gcc/aarch64-xilinx-elf/13.3.0/include-fixed] ==> [/home/kuszman/Xilinx/2025.2/gnu/aarch64/lin/aarch64-none/x86_64-oesdk-linux/usr/lib/aarch64-xilinx-elf/gcc/aarch64-xilinx-elf/13.3.0/include-fixed]
  collapse include dir [/home/kuszman/Xilinx/2025.2/Vitis/gnu/aarch64/lin/aarch64-none/bin/../aarch64-xilinx-elf/usr/include/c++/13.3.0] ==> [/home/kuszman/Xilinx/2025.2/Vitis/gnu/aarch64/lin/aarch64-none/aarch64-xilinx-elf/usr/include/c++/13.3.0]
  collapse include dir [/home/kuszman/Xilinx/2025.2/Vitis/gnu/aarch64/lin/aarch64-none/bin/../aarch64-xilinx-elf/usr/include/c++/13.3.0/aarch64-xilinx-elf] ==> [/home/kuszman/Xilinx/2025.2/Vitis/gnu/aarch64/lin/aarch64-none/aarch64-xilinx-elf/usr/include/c++/13.3.0/aarch64-xilinx-elf]
  collapse include dir [/home/kuszman/Xilinx/2025.2/Vitis/gnu/aarch64/lin/aarch64-none/bin/../aarch64-xilinx-elf/usr/include/c++/13.3.0/backward] ==> [/home/kuszman/Xilinx/2025.2/Vitis/gnu/aarch64/lin/aarch64-none/aarch64-xilinx-elf/usr/include/c++/13.3.0/backward]
  collapse include dir [/home/kuszman/Xilinx/2025.2/Vitis/gnu/aarch64/lin/aarch64-none/bin/../aarch64-xilinx-elf/usr/include/] ==> [/home/kuszman/Xilinx/2025.2/Vitis/gnu/aarch64/lin/aarch64-none/aarch64-xilinx-elf/usr/include]
  implicit include dirs: [/home/kuszman/Magisterka/Intelligent-Vibroacoustic-Machine-Diagnostic-System-on-FPGA/ethernet/vitis/eth_platform/zynqmp_fsbl/zynqmp_fsbl_bsp/include;/home/kuszman/Xilinx/2025.2/gnu/aarch64/lin/aarch64-none/x86_64-oesdk-linux/usr/lib/aarch64-xilinx-elf/gcc/aarch64-xilinx-elf/13.3.0/include;/home/kuszman/Xilinx/2025.2/gnu/aarch64/lin/aarch64-none/x86_64-oesdk-linux/usr/lib/aarch64-xilinx-elf/gcc/aarch64-xilinx-elf/13.3.0/include-fixed;/home/kuszman/Xilinx/2025.2/Vitis/gnu/aarch64/lin/aarch64-none/aarch64-xilinx-elf/usr/include/c++/13.3.0;/home/kuszman/Xilinx/2025.2/Vitis/gnu/aarch64/lin/aarch64-none/aarch64-xilinx-elf/usr/include/c++/13.3.0/aarch64-xilinx-elf;/home/kuszman/Xilinx/2025.2/Vitis/gnu/aarch64/lin/aarch64-none/aarch64-xilinx-elf/usr/include/c++/13.3.0/backward;/home/kuszman/Xilinx/2025.2/Vitis/gnu/aarch64/lin/aarch64-none/aarch64-xilinx-elf/usr/include]


Parsed CXX implicit link information from above output:
  link line regex: [^( *|.*[/\])(aarch64-none-elf-ld|CMAKE_LINK_STARTFILE-NOTFOUND|([^/\]+-)?ld|collect2)[^/\]*( |$)]
  ignore line: [Change Dir: /home/kuszman/Magisterka/Intelligent-Vibroacoustic-Machine-Diagnostic-System-on-FPGA/ethernet/vitis/eth_platform/zynqmp_fsbl/zynqmp_fsbl_bsp/libsrc/build_configs/gen_bsp/CMakeFiles/CMakeTmp]
  ignore line: []
  ignore line: [Run Build Command(s):/home/kuszman/Xilinx/2025.2/Vitis/bin/ninja cmTC_3326c && [1/2] Building CXX object CMakeFiles/cmTC_3326c.dir/CMakeCXXCompilerABI.cpp.obj]
  ignore line: [Using built-in specs.]
  ignore line: [Reading specs from /home/kuszman/Magisterka/Intelligent-Vibroacoustic-Machine-Diagnostic-System-on-FPGA/ethernet/vitis/eth_platform/zynqmp_fsbl/zynqmp_fsbl_bsp/Xilinx.spec]
  ignore line: [COLLECT_GCC=/home/kuszman/Xilinx/2025.2/Vitis/gnu/aarch64/lin/aarch64-none/bin/../x86_64-oesdk-linux/usr/bin/aarch64-xilinx-elf/aarch64-xilinx-elf-g++.real]
  ignore line: [Target: aarch64-xilinx-elf]
  ignore line: [Configured with: ../../../../../../work-shared/gcc-13.3.0-r0/gcc-13.3.0/configure --build=x86_64-linux --host=x86_64-oesdk-linux --target=aarch64-xilinx-elf --prefix=/usr/local/oe-sdk-hardcoded-buildpath/sysroots/x86_64-oesdk-linux/usr --exec_prefix=/usr/local/oe-sdk-hardcoded-buildpath/sysroots/x86_64-oesdk-linux/usr --bindir=/usr/local/oe-sdk-hardcoded-buildpath/sysroots/x86_64-oesdk-linux/usr/bin/aarch64-xilinx-elf --sbindir=/usr/local/oe-sdk-hardcoded-buildpath/sysroots/x86_64-oesdk-linux/usr/bin/aarch64-xilinx-elf --libexecdir=/usr/local/oe-sdk-hardcoded-buildpath/sysroots/x86_64-oesdk-linux/usr/libexec/aarch64-xilinx-elf --datadir=/usr/local/oe-sdk-hardcoded-buildpath/sysroots/x86_64-oesdk-linux/usr/share --sysconfdir=/usr/local/oe-sdk-hardcoded-buildpath/sysroots/x86_64-oesdk-linux/etc --sharedstatedir=/usr/local/oe-sdk-hardcoded-buildpath/sysroots/x86_64-oesdk-linux/com --localstatedir=/usr/local/oe-sdk-hardcoded-buildpath/sysroots/x86_64-oesdk-linux/var --libdir=/usr/local/oe-sdk-hardcoded-buildpath/sysroots/x86_64-oesdk-linux/usr/lib/aarch64-xilinx-elf --includedir=/usr/local/oe-sdk-hardcoded-buildpath/sysroots/x86_64-oesdk-linux/usr/include --oldincludedir=/usr/local/oe-sdk-hardcoded-buildpath/sysroots/x86_64-oesdk-linux/usr/include --infodir=/usr/local/oe-sdk-hardcoded-buildpath/sysroots/x86_64-oesdk-linux/usr/share/info --mandir=/usr/local/oe-sdk-hardcoded-buildpath/sysroots/x86_64-oesdk-linux/usr/share/man --disable-silent-rules --disable-dependency-tracking --with-libtool-sysroot=/host --with-gnu-ld --enable-shared --enable-languages=c,c++,fortran --enable-threads=posix --enable-multilib --enable-c99 --enable-long-long --enable-libstdcxx-pch --program-prefix=aarch64-xilinx-elf- --without-local-prefix --disable-install-libiberty --disable-libssp --enable-libitm --enable-lto --disable-bootstrap --with-system-zlib --enable-linker-build-id --with-ppl=no --with-cloog=no --enable-checking=release --enable-cheaders=c_global --without-isl --with-gxx-include-dir=/not/exist/usr/include/c++/13.3.0 --with-build-time-tools=/host-native/usr/aarch64-xilinx-elf/bin --with-sysroot=/not/exist --with-build-sysroot=/host --with-plugin-ld=ld --enable-poison-system-directories --disable-static --enable-nls --with-glibc-version=2.28 --enable-initfini-array --enable-multilib --disable-libstdcxx-pch --with-newlib --disable-threads --enable-plugins --with-gnu-as --disable-libitm --disable-tm-clone-registry --disable-multiarch --with-arch=armv8-a --with-sysroot=/not/exist]
  ignore line: [Thread model: single]
  ignore line: [Supported LTO compression algorithms: zlib zstd]
  ignore line: [gcc version 13.3.0 (GCC) ]
  ignore line: [COLLECT_GCC_OPTIONS='--sysroot=/home/kuszman/Xilinx/2025.2/Vitis/gnu/aarch64/lin/aarch64-none/bin/../aarch64-xilinx-elf' '-mbranch-protection=none' '-D' 'SDT' '-MMD' '-MP' '-specs=/home/kuszman/Magisterka/Intelligent-Vibroacoustic-Machine-Diagnostic-System-on-FPGA/ethernet/vitis/eth_platform/zynqmp_fsbl/zynqmp_fsbl_bsp/Xilinx.spec' '-Os' '-flto' '-ffat-lto-objects' '-D' 'ARMA53_64' '-I' '/home/kuszman/Magisterka/Intelligent-Vibroacoustic-Machine-Diagnostic-System-on-FPGA/ethernet/vitis/eth_platform/zynqmp_fsbl/zynqmp_fsbl_bsp/include' '-v' '-o' 'CMakeFiles/cmTC_3326c.dir/CMakeCXXCompilerABI.cpp.obj' '-c' '-march=armv8-a' '-mlittle-endian' '-mabi=lp64' '-dumpdir' 'CMakeFiles/cmTC_3326c.dir/']
  ignore line: [ /home/kuszman/Xilinx/2025.2/gnu/aarch64/lin/aarch64-none/x86_64-oesdk-linux/usr/bin/aarch64-xilinx-elf/../../libexec/aarch64-xilinx-elf/gcc/aarch64-xilinx-elf/13.3.0/cc1plus -quiet -v -I /home/kuszman/Magisterka/Intelligent-Vibroacoustic-Machine-Diagnostic-System-on-FPGA/ethernet/vitis/eth_platform/zynqmp_fsbl/zynqmp_fsbl_bsp/include -iprefix /home/kuszman/Xilinx/2025.2/gnu/aarch64/lin/aarch64-none/x86_64-oesdk-linux/usr/bin/aarch64-xilinx-elf/../../lib/aarch64-xilinx-elf/gcc/aarch64-xilinx-elf/13.3.0/ -isysroot /home/kuszman/Xilinx/2025.2/Vitis/gnu/aarch64/lin/aarch64-none/bin/../aarch64-xilinx-elf -MMD CMakeFiles/cmTC_3326c.dir/CMakeCXXCompilerABI.cpp.d -MP -MQ CMakeFiles/cmTC_3326c.dir/CMakeCXXCompilerABI.cpp.obj -D SDT -D ARMA53_64 /home/kuszman/Xilinx/2025.2/tps/lnx64/cmake-3.24.2/share/cmake-3.24/Modules/CMakeCXXCompilerABI.cpp -quiet -dumpdir CMakeFiles/cmTC_3326c.dir/ -dumpbase CMakeCXXCompilerABI.cpp.cpp -dumpbase-ext .cpp -mbranch-protection=none -march=armv8-a -mlittle-endian -mabi=lp64 -Os -version -flto -ffat-lto-objects -o /tmp/ccdEH86c.s]
  ignore line: [GNU C++17 (GCC) version 13.3.0 (aarch64-xilinx-elf)]
  ignore line: [	compiled by GNU C version 13.3.0  GMP version 6.3.0  MPFR version 4.2.1  MPC version 1.3.1  isl version none]
  ignore line: [GGC heuristics: --param ggc-min-expand=100 --param ggc-min-heapsize=131072]
  ignore line: [ignoring nonexistent directory "/home/kuszman/Xilinx/2025.2/gnu/aarch64/lin/aarch64-none/x86_64-oesdk-linux/usr/bin/aarch64-xilinx-elf/../../lib/aarch64-xilinx-elf/gcc/aarch64-xilinx-elf/13.3.0/../../../../../aarch64-xilinx-elf/include"]
  ignore line: [ignoring duplicate directory "/home/kuszman/Xilinx/2025.2/gnu/aarch64/lin/aarch64-none/x86_64-oesdk-linux/usr/bin/aarch64-xilinx-elf/../../lib/aarch64-xilinx-elf/gcc/../../../lib/aarch64-xilinx-elf/gcc/aarch64-xilinx-elf/13.3.0/include"]
  ignore line: [ignoring nonexistent directory "/home/kuszman/Xilinx/2025.2/Vitis/gnu/aarch64/lin/aarch64-none/bin/../aarch64-xilinx-elf/usr/lib64/aarch64-xilinx-elf/13.3.0/include"]
  ignore line: [ignoring nonexistent directory "/home/kuszman/Xilinx/2025.2/Vitis/gnu/aarch64/lin/aarch64-none/bin/../aarch64-xilinx-elf/usr/local/include"]
  ignore line: [ignoring duplicate directory "/home/kuszman/Xilinx/2025.2/gnu/aarch64/lin/aarch64-none/x86_64-oesdk-linux/usr/bin/aarch64-xilinx-elf/../../lib/aarch64-xilinx-elf/gcc/../../../lib/aarch64-xilinx-elf/gcc/aarch64-xilinx-elf/13.3.0/include-fixed"]
  ignore line: [ignoring nonexistent directory "/home/kuszman/Xilinx/2025.2/gnu/aarch64/lin/aarch64-none/x86_64-oesdk-linux/usr/bin/aarch64-xilinx-elf/../../lib/aarch64-xilinx-elf/gcc/../../../lib/aarch64-xilinx-elf/gcc/aarch64-xilinx-elf/13.3.0/../../../../../aarch64-xilinx-elf/include"]
  ignore line: [#include "..." search starts here:]
  ignore line: [#include <...> search starts here:]
  ignore line: [ /home/kuszman/Magisterka/Intelligent-Vibroacoustic-Machine-Diagnostic-System-on-FPGA/ethernet/vitis/eth_platform/zynqmp_fsbl/zynqmp_fsbl_bsp/include]
  ignore line: [ /home/kuszman/Xilinx/2025.2/gnu/aarch64/lin/aarch64-none/x86_64-oesdk-linux/usr/bin/aarch64-xilinx-elf/../../lib/aarch64-xilinx-elf/gcc/aarch64-xilinx-elf/13.3.0/include]
  ignore line: [ /home/kuszman/Xilinx/2025.2/gnu/aarch64/lin/aarch64-none/x86_64-oesdk-linux/usr/bin/aarch64-xilinx-elf/../../lib/aarch64-xilinx-elf/gcc/aarch64-xilinx-elf/13.3.0/include-fixed]
  ignore line: [ /home/kuszman/Xilinx/2025.2/Vitis/gnu/aarch64/lin/aarch64-none/bin/../aarch64-xilinx-elf/usr/include/c++/13.3.0]
  ignore line: [ /home/kuszman/Xilinx/2025.2/Vitis/gnu/aarch64/lin/aarch64-none/bin/../aarch64-xilinx-elf/usr/include/c++/13.3.0/aarch64-xilinx-elf]
  ignore line: [ /home/kuszman/Xilinx/2025.2/Vitis/gnu/aarch64/lin/aarch64-none/bin/../aarch64-xilinx-elf/usr/include/c++/13.3.0/backward]
  ignore line: [ /home/kuszman/Xilinx/2025.2/Vitis/gnu/aarch64/lin/aarch64-none/bin/../aarch64-xilinx-elf/usr/include/]
  ignore line: [End of search list.]
  ignore line: [Compiler executable checksum: ad182f738cfb6404092bcf9bf3548eda]
  ignore line: [COLLECT_GCC_OPTIONS='--sysroot=/home/kuszman/Xilinx/2025.2/Vitis/gnu/aarch64/lin/aarch64-none/bin/../aarch64-xilinx-elf' '-mbranch-protection=none' '-D' 'SDT' '-MMD' '-MP' '-specs=/home/kuszman/Magisterka/Intelligent-Vibroacoustic-Machine-Diagnostic-System-on-FPGA/ethernet/vitis/eth_platform/zynqmp_fsbl/zynqmp_fsbl_bsp/Xilinx.spec' '-Os' '-flto' '-ffat-lto-objects' '-D' 'ARMA53_64' '-I' '/home/kuszman/Magisterka/Intelligent-Vibroacoustic-Machine-Diagnostic-System-on-FPGA/ethernet/vitis/eth_platform/zynqmp_fsbl/zynqmp_fsbl_bsp/include' '-v' '-o' 'CMakeFiles/cmTC_3326c.dir/CMakeCXXCompilerABI.cpp.obj' '-c' '-march=armv8-a' '-mlittle-endian' '-mabi=lp64' '-dumpdir' 'CMakeFiles/cmTC_3326c.dir/']
  ignore line: [ /home/kuszman/Xilinx/2025.2/gnu/aarch64/lin/aarch64-none/x86_64-oesdk-linux/usr/bin/aarch64-xilinx-elf/../../libexec/aarch64-xilinx-elf/gcc/aarch64-xilinx-elf/13.3.0/as -v -I /home/kuszman/Magisterka/Intelligent-Vibroacoustic-Machine-Diagnostic-System-on-FPGA/ethernet/vitis/eth_platform/zynqmp_fsbl/zynqmp_fsbl_bsp/include -EL -march=armv8-a -mabi=lp64 -o CMakeFiles/cmTC_3326c.dir/CMakeCXXCompilerABI.cpp.obj /tmp/ccdEH86c.s]
  ignore line: [GNU assembler version 2.42.0 (aarch64-xilinx-elf) using BFD version (GNU Binutils) 2.42.0.20240723]
  ignore line: [COMPILER_PATH=/home/kuszman/Xilinx/2025.2/gnu/aarch64/lin/aarch64-none/x86_64-oesdk-linux/usr/bin/aarch64-xilinx-elf/../../libexec/aarch64-xilinx-elf/gcc/aarch64-xilinx-elf/13.3.0/:/home/kuszman/Xilinx/2025.2/gnu/aarch64/lin/aarch64-none/x86_64-oesdk-linux/usr/bin/aarch64-xilinx-elf/../../libexec/aarch64-xilinx-elf/gcc/]
  ignore line: [LIBRARY_PATH=/home/kuszman/Xilinx/2025.2/gnu/aarch64/lin/aarch64-none/x86_64-oesdk-linux/usr/bin/aarch64-xilinx-elf/../../lib/aarch64-xilinx-elf/gcc/aarch64-xilinx-elf/13.3.0/:/home/kuszman/Xilinx/2025.2/gnu/aarch64/lin/aarch64-none/x86_64-oesdk-linux/usr/bin/aarch64-xilinx-elf/../../lib/aarch64-xilinx-elf/gcc/:/home/kuszman/Xilinx/2025.2/Vitis/gnu/aarch64/lin/aarch64-none/bin/../aarch64-xilinx-elf/usr/lib64/aarch64-xilinx-elf/13.3.0/:/home/kuszman/Xilinx/2025.2/Vitis/gnu/aarch64/lin/aarch64-none/bin/../aarch64-xilinx-elf/usr/lib64/]
  ignore line: [COLLECT_GCC_OPTIONS='--sysroot=/home/kuszman/Xilinx/2025.2/Vitis/gnu/aarch64/lin/aarch64-none/bin/../aarch64-xilinx-elf' '-mbranch-protection=none' '-D' 'SDT' '-MMD' '-MP' '-specs=/home/kuszman/Magisterka/Intelligent-Vibroacoustic-Machine-Diagnostic-System-on-FPGA/ethernet/vitis/eth_platform/zynqmp_fsbl/zynqmp_fsbl_bsp/Xilinx.spec' '-Os' '-flto' '-ffat-lto-objects' '-D' 'ARMA53_64' '-I' '/home/kuszman/Magisterka/Intelligent-Vibroacoustic-Machine-Diagnostic-System-on-FPGA/ethernet/vitis/eth_platform/zynqmp_fsbl/zynqmp_fsbl_bsp/include' '-v' '-o' 'CMakeFiles/cmTC_3326c.dir/CMakeCXXCompilerABI.cpp.obj' '-c' '-march=armv8-a' '-mlittle-endian' '-mabi=lp64' '-dumpdir' 'CMakeFiles/cmTC_3326c.dir/CMakeCXXCompilerABI.cpp.']
  ignore line: [[2/2] Linking CXX executable cmTC_3326c]
  ignore line: [Using built-in specs.]
  ignore line: [Reading specs from /home/kuszman/Magisterka/Intelligent-Vibroacoustic-Machine-Diagnostic-System-on-FPGA/ethernet/vitis/eth_platform/zynqmp_fsbl/zynqmp_fsbl_bsp/Xilinx.spec]
  ignore line: [COLLECT_GCC=/home/kuszman/Xilinx/2025.2/Vitis/gnu/aarch64/lin/aarch64-none/bin/../x86_64-oesdk-linux/usr/bin/aarch64-xilinx-elf/aarch64-xilinx-elf-g++.real]
  ignore line: [COLLECT_LTO_WRAPPER=/home/kuszman/Xilinx/2025.2/gnu/aarch64/lin/aarch64-none/x86_64-oesdk-linux/usr/bin/aarch64-xilinx-elf/../../libexec/aarch64-xilinx-elf/gcc/aarch64-xilinx-elf/13.3.0/lto-wrapper]
  ignore line: [Target: aarch64-xilinx-elf]
  ignore line: [Configured with: ../../../../../../work-shared/gcc-13.3.0-r0/gcc-13.3.0/configure --build=x86_64-linux --host=x86_64-oesdk-linux --target=aarch64-xilinx-elf --prefix=/usr/local/oe-sdk-hardcoded-buildpath/sysroots/x86_64-oesdk-linux/usr --exec_prefix=/usr/local/oe-sdk-hardcoded-buildpath/sysroots/x86_64-oesdk-linux/usr --bindir=/usr/local/oe-sdk-hardcoded-buildpath/sysroots/x86_64-oesdk-linux/usr/bin/aarch64-xilinx-elf --sbindir=/usr/local/oe-sdk-hardcoded-buildpath/sysroots/x86_64-oesdk-linux/usr/bin/aarch64-xilinx-elf --libexecdir=/usr/local/oe-sdk-hardcoded-buildpath/sysroots/x86_64-oesdk-linux/usr/libexec/aarch64-xilinx-elf --datadir=/usr/local/oe-sdk-hardcoded-buildpath/sysroots/x86_64-oesdk-linux/usr/share --sysconfdir=/usr/local/oe-sdk-hardcoded-buildpath/sysroots/x86_64-oesdk-linux/etc --sharedstatedir=/usr/local/oe-sdk-hardcoded-buildpath/sysroots/x86_64-oesdk-linux/com --localstatedir=/usr/local/oe-sdk-hardcoded-buildpath/sysroots/x86_64-oesdk-linux/var --libdir=/usr/local/oe-sdk-hardcoded-buildpath/sysroots/x86_64-oesdk-linux/usr/lib/aarch64-xilinx-elf --includedir=/usr/local/oe-sdk-hardcoded-buildpath/sysroots/x86_64-oesdk-linux/usr/include --oldincludedir=/usr/local/oe-sdk-hardcoded-buildpath/sysroots/x86_64-oesdk-linux/usr/include --infodir=/usr/local/oe-sdk-hardcoded-buildpath/sysroots/x86_64-oesdk-linux/usr/share/info --mandir=/usr/local/oe-sdk-hardcoded-buildpath/sysroots/x86_64-oesdk-linux/usr/share/man --disable-silent-rules --disable-dependency-tracking --with-libtool-sysroot=/host --with-gnu-ld --enable-shared --enable-languages=c,c++,fortran --enable-threads=posix --enable-multilib --enable-c99 --enable-long-long --enable-libstdcxx-pch --program-prefix=aarch64-xilinx-elf- --without-local-prefix --disable-install-libiberty --disable-libssp --enable-libitm --enable-lto --disable-bootstrap --with-system-zlib --enable-linker-build-id --with-ppl=no --with-cloog=no --enable-checking=release --enable-cheaders=c_global --without-isl --with-gxx-include-dir=/not/exist/usr/include/c++/13.3.0 --with-build-time-tools=/host-native/usr/aarch64-xilinx-elf/bin --with-sysroot=/not/exist --with-build-sysroot=/host --with-plugin-ld=ld --enable-poison-system-directories --disable-static --enable-nls --with-glibc-version=2.28 --enable-initfini-array --enable-multilib --disable-libstdcxx-pch --with-newlib --disable-threads --enable-plugins --with-gnu-as --disable-libitm --disable-tm-clone-registry --disable-multiarch --with-arch=armv8-a --with-sysroot=/not/exist]
  ignore line: [Thread model: single]
  ignore line: [Supported LTO compression algorithms: zlib zstd]
  ignore line: [gcc version 13.3.0 (GCC) ]
  ignore line: [COMPILER_PATH=/home/kuszman/Xilinx/2025.2/gnu/aarch64/lin/aarch64-none/x86_64-oesdk-linux/usr/bin/aarch64-xilinx-elf/../../libexec/aarch64-xilinx-elf/gcc/aarch64-xilinx-elf/13.3.0/:/home/kuszman/Xilinx/2025.2/gnu/aarch64/lin/aarch64-none/x86_64-oesdk-linux/usr/bin/aarch64-xilinx-elf/../../libexec/aarch64-xilinx-elf/gcc/]
  ignore line: [LIBRARY_PATH=/home/kuszman/Xilinx/2025.2/gnu/aarch64/lin/aarch64-none/x86_64-oesdk-linux/usr/bin/aarch64-xilinx-elf/../../lib/aarch64-xilinx-elf/gcc/aarch64-xilinx-elf/13.3.0/:/home/kuszman/Xilinx/2025.2/gnu/aarch64/lin/aarch64-none/x86_64-oesdk-linux/usr/bin/aarch64-xilinx-elf/../../lib/aarch64-xilinx-elf/gcc/:/home/kuszman/Xilinx/2025.2/Vitis/gnu/aarch64/lin/aarch64-none/bin/../aarch64-xilinx-elf/usr/lib64/aarch64-xilinx-elf/13.3.0/:/home/kuszman/Xilinx/2025.2/Vitis/gnu/aarch64/lin/aarch64-none/bin/../aarch64-xilinx-elf/usr/lib64/]
  ignore line: [COLLECT_GCC_OPTIONS='--sysroot=/home/kuszman/Xilinx/2025.2/Vitis/gnu/aarch64/lin/aarch64-none/bin/../aarch64-xilinx-elf' '-mbranch-protection=none' '-D' 'SDT' '-MMD' '-MP' '-specs=/home/kuszman/Magisterka/Intelligent-Vibroacoustic-Machine-Diagnostic-System-on-FPGA/ethernet/vitis/eth_platform/zynqmp_fsbl/zynqmp_fsbl_bsp/Xilinx.spec' '-Os' '-flto' '-ffat-lto-objects' '-D' 'ARMA53_64' '-I' '/home/kuszman/Magisterka/Intelligent-Vibroacoustic-Machine-Diagnostic-System-on-FPGA/ethernet/vitis/eth_platform/zynqmp_fsbl/zynqmp_fsbl_bsp/include' '-v' '-o' 'cmTC_3326c' '-march=armv8-a' '-mlittle-endian' '-mabi=lp64' '-dumpdir' 'cmTC_3326c.']
  link line: [ /home/kuszman/Xilinx/2025.2/gnu/aarch64/lin/aarch64-none/x86_64-oesdk-linux/usr/bin/aarch64-xilinx-elf/../../libexec/aarch64-xilinx-elf/gcc/aarch64-xilinx-elf/13.3.0/collect2 -plugin /home/kuszman/Xilinx/2025.2/gnu/aarch64/lin/aarch64-none/x86_64-oesdk-linux/usr/bin/aarch64-xilinx-elf/../../libexec/aarch64-xilinx-elf/gcc/aarch64-xilinx-elf/13.3.0/liblto_plugin.so -plugin-opt=/home/kuszman/Xilinx/2025.2/gnu/aarch64/lin/aarch64-none/x86_64-oesdk-linux/usr/bin/aarch64-xilinx-elf/../../libexec/aarch64-xilinx-elf/gcc/aarch64-xilinx-elf/13.3.0/lto-wrapper -plugin-opt=-fresolution=/tmp/cc5qcKru.res -plugin-opt=-pass-through=-lgcc -plugin-opt=-pass-through=-lc -plugin-opt=-pass-through=-lgcc -flto --sysroot=/home/kuszman/Xilinx/2025.2/Vitis/gnu/aarch64/lin/aarch64-none/bin/../aarch64-xilinx-elf --build-id -EL -X -maarch64elf -o cmTC_3326c /home/kuszman/Xilinx/2025.2/Vitis/gnu/aarch64/lin/aarch64-none/bin/../aarch64-xilinx-elf/usr/lib64/aarch64-xilinx-elf/13.3.0/crti.o /home/kuszman/Xilinx/2025.2/Vitis/gnu/aarch64/lin/aarch64-none/bin/../aarch64-xilinx-elf/usr/lib64/aarch64-xilinx-elf/13.3.0/crtbegin.o -L/home/kuszman/Xilinx/2025.2/gnu/aarch64/lin/aarch64-none/x86_64-oesdk-linux/usr/bin/aarch64-xilinx-elf/../../lib/aarch64-xilinx-elf/gcc/aarch64-xilinx-elf/13.3.0 -L/home/kuszman/Xilinx/2025.2/gnu/aarch64/lin/aarch64-none/x86_64-oesdk-linux/usr/bin/aarch64-xilinx-elf/../../lib/aarch64-xilinx-elf/gcc -L/home/kuszman/Xilinx/2025.2/Vitis/gnu/aarch64/lin/aarch64-none/bin/../aarch64-xilinx-elf/usr/lib64/aarch64-xilinx-elf/13.3.0 -L/home/kuszman/Xilinx/2025.2/Vitis/gnu/aarch64/lin/aarch64-none/bin/../aarch64-xilinx-elf/usr/lib64 --no-warn-rwx-segment CMakeFiles/cmTC_3326c.dir/CMakeCXXCompilerABI.cpp.obj -lstdc++ -lm -lgcc -lc -lgcc /home/kuszman/Xilinx/2025.2/Vitis/gnu/aarch64/lin/aarch64-none/bin/../aarch64-xilinx-elf/usr/lib64/aarch64-xilinx-elf/13.3.0/crtend.o /home/kuszman/Xilinx/2025.2/Vitis/gnu/aarch64/lin/aarch64-none/bin/../aarch64-xilinx-elf/usr/lib64/aarch64-xilinx-elf/13.3.0/crtn.o]
    arg [/home/kuszman/Xilinx/2025.2/gnu/aarch64/lin/aarch64-none/x86_64-oesdk-linux/usr/bin/aarch64-xilinx-elf/../../libexec/aarch64-xilinx-elf/gcc/aarch64-xilinx-elf/13.3.0/collect2] ==> ignore
    arg [-plugin] ==> ignore
    arg [/home/kuszman/Xilinx/2025.2/gnu/aarch64/lin/aarch64-none/x86_64-oesdk-linux/usr/bin/aarch64-xilinx-elf/../../libexec/aarch64-xilinx-elf/gcc/aarch64-xilinx-elf/13.3.0/liblto_plugin.so] ==> ignore
    arg [-plugin-opt=/home/kuszman/Xilinx/2025.2/gnu/aarch64/lin/aarch64-none/x86_64-oesdk-linux/usr/bin/aarch64-xilinx-elf/../../libexec/aarch64-xilinx-elf/gcc/aarch64-xilinx-elf/13.3.0/lto-wrapper] ==> ignore
    arg [-plugin-opt=-fresolution=/tmp/cc5qcKru.res] ==> ignore
    arg [-plugin-opt=-pass-through=-lgcc] ==> ignore
    arg [-plugin-opt=-pass-through=-lc] ==> ignore
    arg [-plugin-opt=-pass-through=-lgcc] ==> ignore
    arg [-flto] ==> ignore
    arg [--sysroot=/home/kuszman/Xilinx/2025.2/Vitis/gnu/aarch64/lin/aarch64-none/bin/../aarch64-xilinx-elf] ==> ignore
    arg [--build-id] ==> ignore
    arg [-EL] ==> ignore
    arg [-X] ==> ignore
    arg [-maarch64elf] ==> ignore
    arg [-o] ==> ignore
    arg [cmTC_3326c] ==> ignore
    arg [/home/kuszman/Xilinx/2025.2/Vitis/gnu/aarch64/lin/aarch64-none/bin/../aarch64-xilinx-elf/usr/lib64/aarch64-xilinx-elf/13.3.0/crti.o] ==> obj [/home/kuszman/Xilinx/2025.2/Vitis/gnu/aarch64/lin/aarch64-none/bin/../aarch64-xilinx-elf/usr/lib64/aarch64-xilinx-elf/13.3.0/crti.o]
    arg [/home/kuszman/Xilinx/2025.2/Vitis/gnu/aarch64/lin/aarch64-none/bin/../aarch64-xilinx-elf/usr/lib64/aarch64-xilinx-elf/13.3.0/crtbegin.o] ==> obj [/home/kuszman/Xilinx/2025.2/Vitis/gnu/aarch64/lin/aarch64-none/bin/../aarch64-xilinx-elf/usr/lib64/aarch64-xilinx-elf/13.3.0/crtbegin.o]
    arg [-L/home/kuszman/Xilinx/2025.2/gnu/aarch64/lin/aarch64-none/x86_64-oesdk-linux/usr/bin/aarch64-xilinx-elf/../../lib/aarch64-xilinx-elf/gcc/aarch64-xilinx-elf/13.3.0] ==> dir [/home/kuszman/Xilinx/2025.2/gnu/aarch64/lin/aarch64-none/x86_64-oesdk-linux/usr/bin/aarch64-xilinx-elf/../../lib/aarch64-xilinx-elf/gcc/aarch64-xilinx-elf/13.3.0]
    arg [-L/home/kuszman/Xilinx/2025.2/gnu/aarch64/lin/aarch64-none/x86_64-oesdk-linux/usr/bin/aarch64-xilinx-elf/../../lib/aarch64-xilinx-elf/gcc] ==> dir [/home/kuszman/Xilinx/2025.2/gnu/aarch64/lin/aarch64-none/x86_64-oesdk-linux/usr/bin/aarch64-xilinx-elf/../../lib/aarch64-xilinx-elf/gcc]
    arg [-L/home/kuszman/Xilinx/2025.2/Vitis/gnu/aarch64/lin/aarch64-none/bin/../aarch64-xilinx-elf/usr/lib64/aarch64-xilinx-elf/13.3.0] ==> dir [/home/kuszman/Xilinx/2025.2/Vitis/gnu/aarch64/lin/aarch64-none/bin/../aarch64-xilinx-elf/usr/lib64/aarch64-xilinx-elf/13.3.0]
    arg [-L/home/kuszman/Xilinx/2025.2/Vitis/gnu/aarch64/lin/aarch64-none/bin/../aarch64-xilinx-elf/usr/lib64] ==> dir [/home/kuszman/Xilinx/2025.2/Vitis/gnu/aarch64/lin/aarch64-none/bin/../aarch64-xilinx-elf/usr/lib64]
    arg [--no-warn-rwx-segment] ==> ignore
    arg [CMakeFiles/cmTC_3326c.dir/CMakeCXXCompilerABI.cpp.obj] ==> ignore
    arg [-lstdc++] ==> lib [stdc++]
    arg [-lm] ==> lib [m]
    arg [-lgcc] ==> lib [gcc]
    arg [-lc] ==> lib [c]
    arg [-lgcc] ==> lib [gcc]
    arg [/home/kuszman/Xilinx/2025.2/Vitis/gnu/aarch64/lin/aarch64-none/bin/../aarch64-xilinx-elf/usr/lib64/aarch64-xilinx-elf/13.3.0/crtend.o] ==> obj [/home/kuszman/Xilinx/2025.2/Vitis/gnu/aarch64/lin/aarch64-none/bin/../aarch64-xilinx-elf/usr/lib64/aarch64-xilinx-elf/13.3.0/crtend.o]
    arg [/home/kuszman/Xilinx/2025.2/Vitis/gnu/aarch64/lin/aarch64-none/bin/../aarch64-xilinx-elf/usr/lib64/aarch64-xilinx-elf/13.3.0/crtn.o] ==> obj [/home/kuszman/Xilinx/2025.2/Vitis/gnu/aarch64/lin/aarch64-none/bin/../aarch64-xilinx-elf/usr/lib64/aarch64-xilinx-elf/13.3.0/crtn.o]
  collapse obj [/home/kuszman/Xilinx/2025.2/Vitis/gnu/aarch64/lin/aarch64-none/bin/../aarch64-xilinx-elf/usr/lib64/aarch64-xilinx-elf/13.3.0/crti.o] ==> [/home/kuszman/Xilinx/2025.2/Vitis/gnu/aarch64/lin/aarch64-none/aarch64-xilinx-elf/usr/lib64/aarch64-xilinx-elf/13.3.0/crti.o]
  collapse obj [/home/kuszman/Xilinx/2025.2/Vitis/gnu/aarch64/lin/aarch64-none/bin/../aarch64-xilinx-elf/usr/lib64/aarch64-xilinx-elf/13.3.0/crtbegin.o] ==> [/home/kuszman/Xilinx/2025.2/Vitis/gnu/aarch64/lin/aarch64-none/aarch64-xilinx-elf/usr/lib64/aarch64-xilinx-elf/13.3.0/crtbegin.o]
  collapse obj [/home/kuszman/Xilinx/2025.2/Vitis/gnu/aarch64/lin/aarch64-none/bin/../aarch64-xilinx-elf/usr/lib64/aarch64-xilinx-elf/13.3.0/crtend.o] ==> [/home/kuszman/Xilinx/2025.2/Vitis/gnu/aarch64/lin/aarch64-none/aarch64-xilinx-elf/usr/lib64/aarch64-xilinx-elf/13.3.0/crtend.o]
  collapse obj [/home/kuszman/Xilinx/2025.2/Vitis/gnu/aarch64/lin/aarch64-none/bin/../aarch64-xilinx-elf/usr/lib64/aarch64-xilinx-elf/13.3.0/crtn.o] ==> [/home/kuszman/Xilinx/2025.2/Vitis/gnu/aarch64/lin/aarch64-none/aarch64-xilinx-elf/usr/lib64/aarch64-xilinx-elf/13.3.0/crtn.o]
  collapse library dir [/home/kuszman/Xilinx/2025.2/gnu/aarch64/lin/aarch64-none/x86_64-oesdk-linux/usr/bin/aarch64-xilinx-elf/../../lib/aarch64-xilinx-elf/gcc/aarch64-xilinx-elf/13.3.0] ==> [/home/kuszman/Xilinx/2025.2/gnu/aarch64/lin/aarch64-none/x86_64-oesdk-linux/usr/lib/aarch64-xilinx-elf/gcc/aarch64-xilinx-elf/13.3.0]
  collapse library dir [/home/kuszman/Xilinx/2025.2/gnu/aarch64/lin/aarch64-none/x86_64-oesdk-linux/usr/bin/aarch64-xilinx-elf/../../lib/aarch64-xilinx-elf/gcc] ==> [/home/kuszman/Xilinx/2025.2/gnu/aarch64/lin/aarch64-none/x86_64-oesdk-linux/usr/lib/aarch64-xilinx-elf/gcc]
  collapse library dir [/home/kuszman/Xilinx/2025.2/Vitis/gnu/aarch64/lin/aarch64-none/bin/../aarch64-xilinx-elf/usr/lib64/aarch64-xilinx-elf/13.3.0] ==> [/home/kuszman/Xilinx/2025.2/Vitis/gnu/aarch64/lin/aarch64-none/aarch64-xilinx-elf/usr/lib64/aarch64-xilinx-elf/13.3.0]
  collapse library dir [/home/kuszman/Xilinx/2025.2/Vitis/gnu/aarch64/lin/aarch64-none/bin/../aarch64-xilinx-elf/usr/lib64] ==> [/home/kuszman/Xilinx/2025.2/Vitis/gnu/aarch64/lin/aarch64-none/aarch64-xilinx-elf/usr/lib64]
  implicit libs: [stdc++;m;gcc;c;gcc]
  implicit objs: [/home/kuszman/Xilinx/2025.2/Vitis/gnu/aarch64/lin/aarch64-none/aarch64-xilinx-elf/usr/lib64/aarch64-xilinx-elf/13.3.0/crti.o;/home/kuszman/Xilinx/2025.2/Vitis/gnu/aarch64/lin/aarch64-none/aarch64-xilinx-elf/usr/lib64/aarch64-xilinx-elf/13.3.0/crtbegin.o;/home/kuszman/Xilinx/2025.2/Vitis/gnu/aarch64/lin/aarch64-none/aarch64-xilinx-elf/usr/lib64/aarch64-xilinx-elf/13.3.0/crtend.o;/home/kuszman/Xilinx/2025.2/Vitis/gnu/aarch64/lin/aarch64-none/aarch64-xilinx-elf/usr/lib64/aarch64-xilinx-elf/13.3.0/crtn.o]
  implicit dirs: [/home/kuszman/Xilinx/2025.2/gnu/aarch64/lin/aarch64-none/x86_64-oesdk-linux/usr/lib/aarch64-xilinx-elf/gcc/aarch64-xilinx-elf/13.3.0;/home/kuszman/Xilinx/2025.2/gnu/aarch64/lin/aarch64-none/x86_64-oesdk-linux/usr/lib/aarch64-xilinx-elf/gcc;/home/kuszman/Xilinx/2025.2/Vitis/gnu/aarch64/lin/aarch64-none/aarch64-xilinx-elf/usr/lib64/aarch64-xilinx-elf/13.3.0;/home/kuszman/Xilinx/2025.2/Vitis/gnu/aarch64/lin/aarch64-none/aarch64-xilinx-elf/usr/lib64]
  implicit fwks: []


Checking whether the ASM compiler is GNU using "--version" matched "(GNU assembler)|(GCC)|(Free Software Foundation)":
aarch64-xilinx-elf-gcc.real (GCC) 13.3.0
Copyright (C) 2023 Free Software Foundation, Inc.
This is free software; see the source for copying conditions.  There is NO
warranty; not even for MERCHANTABILITY or FITNESS FOR A PARTICULAR PURPOSE.

The target system is: Generic -  - cortexa53
The host system is: Linux - 7.0.0-28-generic - x86_64
Compiling the C compiler identification source file "CMakeCCompilerId.c" succeeded.
Compiler: /home/kuszman/Xilinx/2025.2/Vitis/gnu/aarch64/lin/aarch64-none/bin/aarch64-none-elf-gcc 
Build flags: ;-DSDT;;-MMD;-MP;-specs=/home/kuszman/Magisterka/Intelligent-Vibroacoustic-Machine-Diagnostic-System-on-FPGA/ethernet/vitis/eth_platform/zynqmp_fsbl/zynqmp_fsbl_bsp/Xilinx.spec;-Os;-flto;-ffat-lto-objects;-DARMA53_64;-I/home/kuszman/Magisterka/Intelligent-Vibroacoustic-Machine-Diagnostic-System-on-FPGA/ethernet/vitis/eth_platform/zynqmp_fsbl/zynqmp_fsbl_bsp/include
Id flags:  

The output was:
0
/home/kuszman/Xilinx/2025.2/gnu/aarch64/lin/aarch64-none/x86_64-oesdk-linux/usr/bin/aarch64-xilinx-elf/aarch64-xilinx-elf-ld.real: warning: cannot find entry symbol _start; defaulting to 0000000000400060


Compilation of the C compiler identification source "CMakeCCompilerId.c" produced "a-CMakeCCompilerId.d"

Compilation of the C compiler identification source "CMakeCCompilerId.c" produced "a.out"

Compiling the C compiler identification source file "CMakeCCompilerId.c" succeeded.
Compiler: /home/kuszman/Xilinx/2025.2/Vitis/gnu/aarch64/lin/aarch64-none/bin/aarch64-none-elf-gcc 
Build flags: ;-DSDT;;-MMD;-MP;-specs=/home/kuszman/Magisterka/Intelligent-Vibroacoustic-Machine-Diagnostic-System-on-FPGA/ethernet/vitis/eth_platform/zynqmp_fsbl/zynqmp_fsbl_bsp/Xilinx.spec;-Os;-flto;-ffat-lto-objects;-DARMA53_64;-I/home/kuszman/Magisterka/Intelligent-Vibroacoustic-Machine-Diagnostic-System-on-FPGA/ethernet/vitis/eth_platform/zynqmp_fsbl/zynqmp_fsbl_bsp/include
Id flags: -c 

The output was:
0


Compilation of the C compiler identification source "CMakeCCompilerId.c" produced "CMakeCCompilerId.d"

Compilation of the C compiler identification source "CMakeCCompilerId.c" produced "CMakeCCompilerId.o"

The C compiler identification is GNU, found in "/home/kuszman/Magisterka/Intelligent-Vibroacoustic-Machine-Diagnostic-System-on-FPGA/ethernet/vitis/eth_platform/zynqmp_fsbl/zynqmp_fsbl_bsp/libsrc/build_configs/gen_bsp/CMakeFiles/3.24.2/CompilerIdC/CMakeCCompilerId.o"

Compiling the CXX compiler identification source file "CMakeCXXCompilerId.cpp" succeeded.
Compiler: /home/kuszman/Xilinx/2025.2/Vitis/gnu/aarch64/lin/aarch64-none/bin/aarch64-none-elf-g++ 
Build flags: ;-DSDT;;-MMD;-MP;-specs=/home/kuszman/Magisterka/Intelligent-Vibroacoustic-Machine-Diagnostic-System-on-FPGA/ethernet/vitis/eth_platform/zynqmp_fsbl/zynqmp_fsbl_bsp/Xilinx.spec;-Os;-flto;-ffat-lto-objects;-DARMA53_64;-I/home/kuszman/Magisterka/Intelligent-Vibroacoustic-Machine-Diagnostic-System-on-FPGA/ethernet/vitis/eth_platform/zynqmp_fsbl/zynqmp_fsbl_bsp/include
Id flags:  

The output was:
0
/home/kuszman/Xilinx/2025.2/gnu/aarch64/lin/aarch64-none/x86_64-oesdk-linux/usr/bin/aarch64-xilinx-elf/aarch64-xilinx-elf-ld.real: warning: cannot find entry symbol _start; defaulting to 0000000000400060


Compilation of the CXX compiler identification source "CMakeCXXCompilerId.cpp" produced "a-CMakeCXXCompilerId.d"

Compilation of the CXX compiler identification source "CMakeCXXCompilerId.cpp" produced "a.out"

Compiling the CXX compiler identification source file "CMakeCXXCompilerId.cpp" succeeded.
Compiler: /home/kuszman/Xilinx/2025.2/Vitis/gnu/aarch64/lin/aarch64-none/bin/aarch64-none-elf-g++ 
Build flags: ;-DSDT;;-MMD;-MP;-specs=/home/kuszman/Magisterka/Intelligent-Vibroacoustic-Machine-Diagnostic-System-on-FPGA/ethernet/vitis/eth_platform/zynqmp_fsbl/zynqmp_fsbl_bsp/Xilinx.spec;-Os;-flto;-ffat-lto-objects;-DARMA53_64;-I/home/kuszman/Magisterka/Intelligent-Vibroacoustic-Machine-Diagnostic-System-on-FPGA/ethernet/vitis/eth_platform/zynqmp_fsbl/zynqmp_fsbl_bsp/include
Id flags: -c 

The output was:
0


Compilation of the CXX compiler identification source "CMakeCXXCompilerId.cpp" produced "CMakeCXXCompilerId.d"

Compilation of the CXX compiler identification source "CMakeCXXCompilerId.cpp" produced "CMakeCXXCompilerId.o"

The CXX compiler identification is GNU, found in "/home/kuszman/Magisterka/Intelligent-Vibroacoustic-Machine-Diagnostic-System-on-FPGA/ethernet/vitis/eth_platform/zynqmp_fsbl/zynqmp_fsbl_bsp/libsrc/build_configs/gen_bsp/CMakeFiles/3.24.2/CompilerIdCXX/CMakeCXXCompilerId.o"

Detecting C compiler ABI info compiled with the following output:
Change Dir: /home/kuszman/Magisterka/Intelligent-Vibroacoustic-Machine-Diagnostic-System-on-FPGA/ethernet/vitis/eth_platform/zynqmp_fsbl/zynqmp_fsbl_bsp/libsrc/build_configs/gen_bsp/CMakeFiles/CMakeTmp

Run Build Command(s):/home/kuszman/Xilinx/2025.2/Vitis/bin/ninja cmTC_fbb0e && [1/2] Building C object CMakeFiles/cmTC_fbb0e.dir/CMakeCCompilerABI.c.obj
Using built-in specs.
Reading specs from /home/kuszman/Magisterka/Intelligent-Vibroacoustic-Machine-Diagnostic-System-on-FPGA/ethernet/vitis/eth_platform/zynqmp_fsbl/zynqmp_fsbl_bsp/Xilinx.spec
COLLECT_GCC=/home/kuszman/Xilinx/2025.2/Vitis/gnu/aarch64/lin/aarch64-none/bin/../x86_64-oesdk-linux/usr/bin/aarch64-xilinx-elf/aarch64-xilinx-elf-gcc.real
Target: aarch64-xilinx-elf
Configured with: ../../../../../../work-shared/gcc-13.3.0-r0/gcc-13.3.0/configure --build=x86_64-linux --host=x86_64-oesdk-linux --target=aarch64-xilinx-elf --prefix=/usr/local/oe-sdk-hardcoded-buildpath/sysroots/x86_64-oesdk-linux/usr --exec_prefix=/usr/local/oe-sdk-hardcoded-buildpath/sysroots/x86_64-oesdk-linux/usr --bindir=/usr/local/oe-sdk-hardcoded-buildpath/sysroots/x86_64-oesdk-linux/usr/bin/aarch64-xilinx-elf --sbindir=/usr/local/oe-sdk-hardcoded-buildpath/sysroots/x86_64-oesdk-linux/usr/bin/aarch64-xilinx-elf --libexecdir=/usr/local/oe-sdk-hardcoded-buildpath/sysroots/x86_64-oesdk-linux/usr/libexec/aarch64-xilinx-elf --datadir=/usr/local/oe-sdk-hardcoded-buildpath/sysroots/x86_64-oesdk-linux/usr/share --sysconfdir=/usr/local/oe-sdk-hardcoded-buildpath/sysroots/x86_64-oesdk-linux/etc --sharedstatedir=/usr/local/oe-sdk-hardcoded-buildpath/sysroots/x86_64-oesdk-linux/com --localstatedir=/usr/local/oe-sdk-hardcoded-buildpath/sysroots/x86_64-oesdk-linux/var --libdir=/usr/local/oe-sdk-hardcoded-buildpath/sysroots/x86_64-oesdk-linux/usr/lib/aarch64-xilinx-elf --includedir=/usr/local/oe-sdk-hardcoded-buildpath/sysroots/x86_64-oesdk-linux/usr/include --oldincludedir=/usr/local/oe-sdk-hardcoded-buildpath/sysroots/x86_64-oesdk-linux/usr/include --infodir=/usr/local/oe-sdk-hardcoded-buildpath/sysroots/x86_64-oesdk-linux/usr/share/info --mandir=/usr/local/oe-sdk-hardcoded-buildpath/sysroots/x86_64-oesdk-linux/usr/share/man --disable-silent-rules --disable-dependency-tracking --with-libtool-sysroot=/host --with-gnu-ld --enable-shared --enable-languages=c,c++,fortran --enable-threads=posix --enable-multilib --enable-c99 --enable-long-long --enable-libstdcxx-pch --program-prefix=aarch64-xilinx-elf- --without-local-prefix --disable-install-libiberty --disable-libssp --enable-libitm --enable-lto --disable-bootstrap --with-system-zlib --enable-linker-build-id --with-ppl=no --with-cloog=no --enable-checking=release --enable-cheaders=c_global --without-isl --with-gxx-include-dir=/not/exist/usr/include/c++/13.3.0 --with-build-time-tools=/host-native/usr/aarch64-xilinx-elf/bin --with-sysroot=/not/exist --with-build-sysroot=/host --with-plugin-ld=ld --enable-poison-system-directories --disable-static --enable-nls --with-glibc-version=2.28 --enable-initfini-array --enable-multilib --disable-libstdcxx-pch --with-newlib --disable-threads --enable-plugins --with-gnu-as --disable-libitm --disable-tm-clone-registry --disable-multiarch --with-arch=armv8-a --with-sysroot=/not/exist
Thread model: single
Supported LTO compression algorithms: zlib zstd
gcc version 13.3.0 (GCC) 
COLLECT_GCC_OPTIONS='--sysroot=/home/kuszman/Xilinx/2025.2/Vitis/gnu/aarch64/lin/aarch64-none/bin/../aarch64-xilinx-elf' '-mbranch-protection=none' '-D' 'SDT' '-MMD' '-MP' '-specs=/home/kuszman/Magisterka/Intelligent-Vibroacoustic-Machine-Diagnostic-System-on-FPGA/ethernet/vitis/eth_platform/zynqmp_fsbl/zynqmp_fsbl_bsp/Xilinx.spec' '-Os' '-flto' '-ffat-lto-objects' '-D' 'ARMA53_64' '-I' '/home/kuszman/Magisterka/Intelligent-Vibroacoustic-Machine-Diagnostic-System-on-FPGA/ethernet/vitis/eth_platform/zynqmp_fsbl/zynqmp_fsbl_bsp/include' '-v' '-o' 'CMakeFiles/cmTC_fbb0e.dir/CMakeCCompilerABI.c.obj' '-c' '-march=armv8-a' '-mlittle-endian' '-mabi=lp64' '-dumpdir' 'CMakeFiles/cmTC_fbb0e.dir/'
 /home/kuszman/Xilinx/2025.2/gnu/aarch64/lin/aarch64-none/x86_64-oesdk-linux/usr/bin/aarch64-xilinx-elf/../../libexec/aarch64-xilinx-elf/gcc/aarch64-xilinx-elf/13.3.0/cc1 -quiet -v -I /home/kuszman/Magisterka/Intelligent-Vibroacoustic-Machine-Diagnostic-System-on-FPGA/ethernet/vitis/eth_platform/zynqmp_fsbl/zynqmp_fsbl_bsp/include -iprefix /home/kuszman/Xilinx/2025.2/gnu/aarch64/lin/aarch64-none/x86_64-oesdk-linux/usr/bin/aarch64-xilinx-elf/../../lib/aarch64-xilinx-elf/gcc/aarch64-xilinx-elf/13.3.0/ -isysroot /home/kuszman/Xilinx/2025.2/Vitis/gnu/aarch64/lin/aarch64-none/bin/../aarch64-xilinx-elf -MMD CMakeFiles/cmTC_fbb0e.dir/CMakeCCompilerABI.c.d -MP -MQ CMakeFiles/cmTC_fbb0e.dir/CMakeCCompilerABI.c.obj -D SDT -D ARMA53_64 /home/kuszman/Xilinx/2025.2/tps/lnx64/cmake-3.24.2/share/cmake-3.24/Modules/CMakeCCompilerABI.c -quiet -dumpdir CMakeFiles/cmTC_fbb0e.dir/ -dumpbase CMakeCCompilerABI.c.c -dumpbase-ext .c -mbranch-protection=none -march=armv8-a -mlittle-endian -mabi=lp64 -Os -version -flto -ffat-lto-objects -o /tmp/cchCx0qO.s
GNU C17 (GCC) version 13.3.0 (aarch64-xilinx-elf)
	compiled by GNU C version 13.3.0, GMP version 6.3.0, MPFR version 4.2.1, MPC version 1.3.1, isl version none
GGC heuristics: --param ggc-min-expand=100 --param ggc-min-heapsize=131072
ignoring nonexistent directory "/home/kuszman/Xilinx/2025.2/gnu/aarch64/lin/aarch64-none/x86_64-oesdk-linux/usr/bin/aarch64-xilinx-elf/../../lib/aarch64-xilinx-elf/gcc/aarch64-xilinx-elf/13.3.0/../../../../../aarch64-xilinx-elf/include"
ignoring duplicate directory "/home/kuszman/Xilinx/2025.2/gnu/aarch64/lin/aarch64-none/x86_64-oesdk-linux/usr/bin/aarch64-xilinx-elf/../../lib/aarch64-xilinx-elf/gcc/../../../lib/aarch64-xilinx-elf/gcc/aarch64-xilinx-elf/13.3.0/include"
ignoring nonexistent directory "/home/kuszman/Xilinx/2025.2/Vitis/gnu/aarch64/lin/aarch64-none/bin/../aarch64-xilinx-elf/usr/lib64/aarch64-xilinx-elf/13.3.0/include"
ignoring nonexistent directory "/home/kuszman/Xilinx/2025.2/Vitis/gnu/aarch64/lin/aarch64-none/bin/../aarch64-xilinx-elf/usr/local/include"
ignoring duplicate directory "/home/kuszman/Xilinx/2025.2/gnu/aarch64/lin/aarch64-none/x86_64-oesdk-linux/usr/bin/aarch64-xilinx-elf/../../lib/aarch64-xilinx-elf/gcc/../../../lib/aarch64-xilinx-elf/gcc/aarch64-xilinx-elf/13.3.0/include-fixed"
ignoring nonexistent directory "/home/kuszman/Xilinx/2025.2/gnu/aarch64/lin/aarch64-none/x86_64-oesdk-linux/usr/bin/aarch64-xilinx-elf/../../lib/aarch64-xilinx-elf/gcc/../../../lib/aarch64-xilinx-elf/gcc/aarch64-xilinx-elf/13.3.0/../../../../../aarch64-xilinx-elf/include"
#include "..." search starts here:
#include <...> search starts here:
 /home/kuszman/Magisterka/Intelligent-Vibroacoustic-Machine-Diagnostic-System-on-FPGA/ethernet/vitis/eth_platform/zynqmp_fsbl/zynqmp_fsbl_bsp/include
 /home/kuszman/Xilinx/2025.2/gnu/aarch64/lin/aarch64-none/x86_64-oesdk-linux/usr/bin/aarch64-xilinx-elf/../../lib/aarch64-xilinx-elf/gcc/aarch64-xilinx-elf/13.3.0/include
 /home/kuszman/Xilinx/2025.2/gnu/aarch64/lin/aarch64-none/x86_64-oesdk-linux/usr/bin/aarch64-xilinx-elf/../../lib/aarch64-xilinx-elf/gcc/aarch64-xilinx-elf/13.3.0/include-fixed
 /home/kuszman/Xilinx/2025.2/Vitis/gnu/aarch64/lin/aarch64-none/bin/../aarch64-xilinx-elf/usr/include/
End of search list.
Compiler executable checksum: bf4f7e99d9c79ea23b0a478fa2e8108a
COLLECT_GCC_OPTIONS='--sysroot=/home/kuszman/Xilinx/2025.2/Vitis/gnu/aarch64/lin/aarch64-none/bin/../aarch64-xilinx-elf' '-mbranch-protection=none' '-D' 'SDT' '-MMD' '-MP' '-specs=/home/kuszman/Magisterka/Intelligent-Vibroacoustic-Machine-Diagnostic-System-on-FPGA/ethernet/vitis/eth_platform/zynqmp_fsbl/zynqmp_fsbl_bsp/Xilinx.spec' '-Os' '-flto' '-ffat-lto-objects' '-D' 'ARMA53_64' '-I' '/home/kuszman/Magisterka/Intelligent-Vibroacoustic-Machine-Diagnostic-System-on-FPGA/ethernet/vitis/eth_platform/zynqmp_fsbl/zynqmp_fsbl_bsp/include' '-v' '-o' 'CMakeFiles/cmTC_fbb0e.dir/CMakeCCompilerABI.c.obj' '-c' '-march=armv8-a' '-mlittle-endian' '-mabi=lp64' '-dumpdir' 'CMakeFiles/cmTC_fbb0e.dir/'
 /home/kuszman/Xilinx/2025.2/gnu/aarch64/lin/aarch64-none/x86_64-oesdk-linux/usr/bin/aarch64-xilinx-elf/../../libexec/aarch64-xilinx-elf/gcc/aarch64-xilinx-elf/13.3.0/as -v -I /home/kuszman/Magisterka/Intelligent-Vibroacoustic-Machine-Diagnostic-System-on-FPGA/ethernet/vitis/eth_platform/zynqmp_fsbl/zynqmp_fsbl_bsp/include -EL -march=armv8-a -mabi=lp64 -o CMakeFiles/cmTC_fbb0e.dir/CMakeCCompilerABI.c.obj /tmp/cchCx0qO.s
GNU assembler version 2.42.0 (aarch64-xilinx-elf) using BFD version (GNU Binutils) 2.42.0.20240723
COMPILER_PATH=/home/kuszman/Xilinx/2025.2/gnu/aarch64/lin/aarch64-none/x86_64-oesdk-linux/usr/bin/aarch64-xilinx-elf/../../libexec/aarch64-xilinx-elf/gcc/aarch64-xilinx-elf/13.3.0/:/home/kuszman/Xilinx/2025.2/gnu/aarch64/lin/aarch64-none/x86_64-oesdk-linux/usr/bin/aarch64-xilinx-elf/../../libexec/aarch64-xilinx-elf/gcc/
LIBRARY_PATH=/home/kuszman/Xilinx/2025.2/gnu/aarch64/lin/aarch64-none/x86_64-oesdk-linux/usr/bin/aarch64-xilinx-elf/../../lib/aarch64-xilinx-elf/gcc/aarch64-xilinx-elf/13.3.0/:/home/kuszman/Xilinx/2025.2/gnu/aarch64/lin/aarch64-none/x86_64-oesdk-linux/usr/bin/aarch64-xilinx-elf/../../lib/aarch64-xilinx-elf/gcc/:/home/kuszman/Xilinx/2025.2/Vitis/gnu/aarch64/lin/aarch64-none/bin/../aarch64-xilinx-elf/usr/lib64/aarch64-xilinx-elf/13.3.0/:/home/kuszman/Xilinx/2025.2/Vitis/gnu/aarch64/lin/aarch64-none/bin/../aarch64-xilinx-elf/usr/lib64/
COLLECT_GCC_OPTIONS='--sysroot=/home/kuszman/Xilinx/2025.2/Vitis/gnu/aarch64/lin/aarch64-none/bin/../aarch64-xilinx-elf' '-mbranch-protection=none' '-D' 'SDT' '-MMD' '-MP' '-specs=/home/kuszman/Magisterka/Intelligent-Vibroacoustic-Machine-Diagnostic-System-on-FPGA/ethernet/vitis/eth_platform/zynqmp_fsbl/zynqmp_fsbl_bsp/Xilinx.spec' '-Os' '-flto' '-ffat-lto-objects' '-D' 'ARMA53_64' '-I' '/home/kuszman/Magisterka/Intelligent-Vibroacoustic-Machine-Diagnostic-System-on-FPGA/ethernet/vitis/eth_platform/zynqmp_fsbl/zynqmp_fsbl_bsp/include' '-v' '-o' 'CMakeFiles/cmTC_fbb0e.dir/CMakeCCompilerABI.c.obj' '-c' '-march=armv8-a' '-mlittle-endian' '-mabi=lp64' '-dumpdir' 'CMakeFiles/cmTC_fbb0e.dir/CMakeCCompilerABI.c.'
[2/2] Linking C executable cmTC_fbb0e
Using built-in specs.
Reading specs from /home/kuszman/Magisterka/Intelligent-Vibroacoustic-Machine-Diagnostic-System-on-FPGA/ethernet/vitis/eth_platform/zynqmp_fsbl/zynqmp_fsbl_bsp/Xilinx.spec
COLLECT_GCC=/home/kuszman/Xilinx/2025.2/Vitis/gnu/aarch64/lin/aarch64-none/bin/../x86_64-oesdk-linux/usr/bin/aarch64-xilinx-elf/aarch64-xilinx-elf-gcc.real
COLLECT_LTO_WRAPPER=/home/kuszman/Xilinx/2025.2/gnu/aarch64/lin/aarch64-none/x86_64-oesdk-linux/usr/bin/aarch64-xilinx-elf/../../libexec/aarch64-xilinx-elf/gcc/aarch64-xilinx-elf/13.3.0/lto-wrapper
Target: aarch64-xilinx-elf
Configured with: ../../../../../../work-shared/gcc-13.3.0-r0/gcc-13.3.0/configure --build=x86_64-linux --host=x86_64-oesdk-linux --target=aarch64-xilinx-elf --prefix=/usr/local/oe-sdk-hardcoded-buildpath/sysroots/x86_64-oesdk-linux/usr --exec_prefix=/usr/local/oe-sdk-hardcoded-buildpath/sysroots/x86_64-oesdk-linux/usr --bindir=/usr/local/oe-sdk-hardcoded-buildpath/sysroots/x86_64-oesdk-linux/usr/bin/aarch64-xilinx-elf --sbindir=/usr/local/oe-sdk-hardcoded-buildpath/sysroots/x86_64-oesdk-linux/usr/bin/aarch64-xilinx-elf --libexecdir=/usr/local/oe-sdk-hardcoded-buildpath/sysroots/x86_64-oesdk-linux/usr/libexec/aarch64-xilinx-elf --datadir=/usr/local/oe-sdk-hardcoded-buildpath/sysroots/x86_64-oesdk-linux/usr/share --sysconfdir=/usr/local/oe-sdk-hardcoded-buildpath/sysroots/x86_64-oesdk-linux/etc --sharedstatedir=/usr/local/oe-sdk-hardcoded-buildpath/sysroots/x86_64-oesdk-linux/com --localstatedir=/usr/local/oe-sdk-hardcoded-buildpath/sysroots/x86_64-oesdk-linux/var --libdir=/usr/local/oe-sdk-hardcoded-buildpath/sysroots/x86_64-oesdk-linux/usr/lib/aarch64-xilinx-elf --includedir=/usr/local/oe-sdk-hardcoded-buildpath/sysroots/x86_64-oesdk-linux/usr/include --oldincludedir=/usr/local/oe-sdk-hardcoded-buildpath/sysroots/x86_64-oesdk-linux/usr/include --infodir=/usr/local/oe-sdk-hardcoded-buildpath/sysroots/x86_64-oesdk-linux/usr/share/info --mandir=/usr/local/oe-sdk-hardcoded-buildpath/sysroots/x86_64-oesdk-linux/usr/share/man --disable-silent-rules --disable-dependency-tracking --with-libtool-sysroot=/host --with-gnu-ld --enable-shared --enable-languages=c,c++,fortran --enable-threads=posix --enable-multilib --enable-c99 --enable-long-long --enable-libstdcxx-pch --program-prefix=aarch64-xilinx-elf- --without-local-prefix --disable-install-libiberty --disable-libssp --enable-libitm --enable-lto --disable-bootstrap --with-system-zlib --enable-linker-build-id --with-ppl=no --with-cloog=no --enable-checking=release --enable-cheaders=c_global --without-isl --with-gxx-include-dir=/not/exist/usr/include/c++/13.3.0 --with-build-time-tools=/host-native/usr/aarch64-xilinx-elf/bin --with-sysroot=/not/exist --with-build-sysroot=/host --with-plugin-ld=ld --enable-poison-system-directories --disable-static --enable-nls --with-glibc-version=2.28 --enable-initfini-array --enable-multilib --disable-libstdcxx-pch --with-newlib --disable-threads --enable-plugins --with-gnu-as --disable-libitm --disable-tm-clone-registry --disable-multiarch --with-arch=armv8-a --with-sysroot=/not/exist
Thread model: single
Supported LTO compression algorithms: zlib zstd
gcc version 13.3.0 (GCC) 
COMPILER_PATH=/home/kuszman/Xilinx/2025.2/gnu/aarch64/lin/aarch64-none/x86_64-oesdk-linux/usr/bin/aarch64-xilinx-elf/../../libexec/aarch64-xilinx-elf/gcc/aarch64-xilinx-elf/13.3.0/:/home/kuszman/Xilinx/2025.2/gnu/aarch64/lin/aarch64-none/x86_64-oesdk-linux/usr/bin/aarch64-xilinx-elf/../../libexec/aarch64-xilinx-elf/gcc/
LIBRARY_PATH=/home/kuszman/Xilinx/2025.2/gnu/aarch64/lin/aarch64-none/x86_64-oesdk-linux/usr/bin/aarch64-xilinx-elf/../../lib/aarch64-xilinx-elf/gcc/aarch64-xilinx-elf/13.3.0/:/home/kuszman/Xilinx/2025.2/gnu/aarch64/lin/aarch64-none/x86_64-oesdk-linux/usr/bin/aarch64-xilinx-elf/../../lib/aarch64-xilinx-elf/gcc/:/home/kuszman/Xilinx/2025.2/Vitis/gnu/aarch64/lin/aarch64-none/bin/../aarch64-xilinx-elf/usr/lib64/aarch64-xilinx-elf/13.3.0/:/home/kuszman/Xilinx/2025.2/Vitis/gnu/aarch64/lin/aarch64-none/bin/../aarch64-xilinx-elf/usr/lib64/
COLLECT_GCC_OPTIONS='--sysroot=/home/kuszman/Xilinx/2025.2/Vitis/gnu/aarch64/lin/aarch64-none/bin/../aarch64-xilinx-elf' '-mbranch-protection=none' '-D' 'SDT' '-MMD' '-MP' '-specs=/home/kuszman/Magisterka/Intelligent-Vibroacoustic-Machine-Diagnostic-System-on-FPGA/ethernet/vitis/eth_platform/zynqmp_fsbl/zynqmp_fsbl_bsp/Xilinx.spec' '-Os' '-flto' '-ffat-lto-objects' '-D' 'ARMA53_64' '-I' '/home/kuszman/Magisterka/Intelligent-Vibroacoustic-Machine-Diagnostic-System-on-FPGA/ethernet/vitis/eth_platform/zynqmp_fsbl/zynqmp_fsbl_bsp/include' '-v' '-o' 'cmTC_fbb0e' '-march=armv8-a' '-mlittle-endian' '-mabi=lp64' '-dumpdir' 'cmTC_fbb0e.'
 /home/kuszman/Xilinx/2025.2/gnu/aarch64/lin/aarch64-none/x86_64-oesdk-linux/usr/bin/aarch64-xilinx-elf/../../libexec/aarch64-xilinx-elf/gcc/aarch64-xilinx-elf/13.3.0/collect2 -plugin /home/kuszman/Xilinx/2025.2/gnu/aarch64/lin/aarch64-none/x86_64-oesdk-linux/usr/bin/aarch64-xilinx-elf/../../libexec/aarch64-xilinx-elf/gcc/aarch64-xilinx-elf/13.3.0/liblto_plugin.so -plugin-opt=/home/kuszman/Xilinx/2025.2/gnu/aarch64/lin/aarch64-none/x86_64-oesdk-linux/usr/bin/aarch64-xilinx-elf/../../libexec/aarch64-xilinx-elf/gcc/aarch64-xilinx-elf/13.3.0/lto-wrapper -plugin-opt=-fresolution=/tmp/ccU5i9Qt.res -plugin-opt=-pass-through=-lgcc -plugin-opt=-pass-through=-lc -plugin-opt=-pass-through=-lgcc -flto --sysroot=/home/kuszman/Xilinx/2025.2/Vitis/gnu/aarch64/lin/aarch64-none/bin/../aarch64-xilinx-elf --build-id -EL -X -maarch64elf -o cmTC_fbb0e /home/kuszman/Xilinx/2025.2/Vitis/gnu/aarch64/lin/aarch64-none/bin/../aarch64-xilinx-elf/usr/lib64/aarch64-xilinx-elf/13.3.0/crti.o /home/kuszman/Xilinx/2025.2/Vitis/gnu/aarch64/lin/aarch64-none/bin/../aarch64-xilinx-elf/usr/lib64/aarch64-xilinx-elf/13.3.0/crtbegin.o -L/home/kuszman/Xilinx/2025.2/gnu/aarch64/lin/aarch64-none/x86_64-oesdk-linux/usr/bin/aarch64-xilinx-elf/../../lib/aarch64-xilinx-elf/gcc/aarch64-xilinx-elf/13.3.0 -L/home/kuszman/Xilinx/2025.2/gnu/aarch64/lin/aarch64-none/x86_64-oesdk-linux/usr/bin/aarch64-xilinx-elf/../../lib/aarch64-xilinx-elf/gcc -L/home/kuszman/Xilinx/2025.2/Vitis/gnu/aarch64/lin/aarch64-none/bin/../aarch64-xilinx-elf/usr/lib64/aarch64-xilinx-elf/13.3.0 -L/home/kuszman/Xilinx/2025.2/Vitis/gnu/aarch64/lin/aarch64-none/bin/../aarch64-xilinx-elf/usr/lib64 --no-warn-rwx-segment CMakeFiles/cmTC_fbb0e.dir/CMakeCCompilerABI.c.obj -lgcc -lc -lgcc /home/kuszman/Xilinx/2025.2/Vitis/gnu/aarch64/lin/aarch64-none/bin/../aarch64-xilinx-elf/usr/lib64/aarch64-xilinx-elf/13.3.0/crtend.o /home/kuszman/Xilinx/2025.2/Vitis/gnu/aarch64/lin/aarch64-none/bin/../aarch64-xilinx-elf/usr/lib64/aarch64-xilinx-elf/13.3.0/crtn.o
/home/kuszman/Xilinx/2025.2/gnu/aarch64/lin/aarch64-none/x86_64-oesdk-linux/usr/bin/aarch64-xilinx-elf/../../libexec/aarch64-xilinx-elf/gcc/aarch64-xilinx-elf/13.3.0/lto-wrapper -fresolution=/tmp/ccU5i9Qt.res -flinker-output=exec CMakeFiles/cmTC_fbb0e.dir/CMakeCCompilerABI.c.obj 
/home/kuszman/Xilinx/2025.2/gnu/aarch64/lin/aarch64-none/x86_64-oesdk-linux/usr/bin/aarch64-xilinx-elf/../../libexec/aarch64-xilinx-elf/gcc/aarch64-xilinx-elf/13.3.0/lto-wrapper.real -fresolution=/tmp/ccU5i9Qt.res -flinker-output=exec CMakeFiles/cmTC_fbb0e.dir/CMakeCCompilerABI.c.obj 
/home/kuszman/Xilinx/2025.2/Vitis/gnu/aarch64/lin/aarch64-none/bin/../x86_64-oesdk-linux/usr/bin/aarch64-xilinx-elf/aarch64-xilinx-elf-gcc @/tmp/ccVuV9Bk
Using built-in specs.
Reading specs from /home/kuszman/Magisterka/Intelligent-Vibroacoustic-Machine-Diagnostic-System-on-FPGA/ethernet/vitis/eth_platform/zynqmp_fsbl/zynqmp_fsbl_bsp/Xilinx.spec
COLLECT_GCC=/home/kuszman/Xilinx/2025.2/Vitis/gnu/aarch64/lin/aarch64-none/bin/../x86_64-oesdk-linux/usr/bin/aarch64-xilinx-elf/aarch64-xilinx-elf-gcc.real
Target: aarch64-xilinx-elf
Configured with: ../../../../../../work-shared/gcc-13.3.0-r0/gcc-13.3.0/configure --build=x86_64-linux --host=x86_64-oesdk-linux --target=aarch64-xilinx-elf --prefix=/usr/local/oe-sdk-hardcoded-buildpath/sysroots/x86_64-oesdk-linux/usr --exec_prefix=/usr/local/oe-sdk-hardcoded-buildpath/sysroots/x86_64-oesdk-linux/usr --bindir=/usr/local/oe-sdk-hardcoded-buildpath/sysroots/x86_64-oesdk-linux/usr/bin/aarch64-xilinx-elf --sbindir=/usr/local/oe-sdk-hardcoded-buildpath/sysroots/x86_64-oesdk-linux/usr/bin/aarch64-xilinx-elf --libexecdir=/usr/local/oe-sdk-hardcoded-buildpath/sysroots/x86_64-oesdk-linux/usr/libexec/aarch64-xilinx-elf --datadir=/usr/local/oe-sdk-hardcoded-buildpath/sysroots/x86_64-oesdk-linux/usr/share --sysconfdir=/usr/local/oe-sdk-hardcoded-buildpath/sysroots/x86_64-oesdk-linux/etc --sharedstatedir=/usr/local/oe-sdk-hardcoded-buildpath/sysroots/x86_64-oesdk-linux/com --localstatedir=/usr/local/oe-sdk-hardcoded-buildpath/sysroots/x86_64-oesdk-linux/var --libdir=/usr/local/oe-sdk-hardcoded-buildpath/sysroots/x86_64-oesdk-linux/usr/lib/aarch64-xilinx-elf --includedir=/usr/local/oe-sdk-hardcoded-buildpath/sysroots/x86_64-oesdk-linux/usr/include --oldincludedir=/usr/local/oe-sdk-hardcoded-buildpath/sysroots/x86_64-oesdk-linux/usr/include --infodir=/usr/local/oe-sdk-hardcoded-buildpath/sysroots/x86_64-oesdk-linux/usr/share/info --mandir=/usr/local/oe-sdk-hardcoded-buildpath/sysroots/x86_64-oesdk-linux/usr/share/man --disable-silent-rules --disable-dependency-tracking --with-libtool-sysroot=/host --with-gnu-ld --enable-shared --enable-languages=c,c++,fortran --enable-threads=posix --enable-multilib --enable-c99 --enable-long-long --enable-libstdcxx-pch --program-prefix=aarch64-xilinx-elf- --without-local-prefix --disable-install-libiberty --disable-libssp --enable-libitm --enable-lto --disable-bootstrap --with-system-zlib --enable-linker-build-id --with-ppl=no --with-cloog=no --enable-checking=release --enable-cheaders=c_global --without-isl --with-gxx-include-dir=/not/exist/usr/include/c++/13.3.0 --with-build-time-tools=/host-native/usr/aarch64-xilinx-elf/bin --with-sysroot=/not/exist --with-build-sysroot=/host --with-plugin-ld=ld --enable-poison-system-directories --disable-static --enable-nls --with-glibc-version=2.28 --enable-initfini-array --enable-multilib --disable-libstdcxx-pch --with-newlib --disable-threads --enable-plugins --with-gnu-as --disable-libitm --disable-tm-clone-registry --disable-multiarch --with-arch=armv8-a --with-sysroot=/not/exist
Thread model: single
Supported LTO compression algorithms: zlib zstd
gcc version 13.3.0 (GCC) 
COLLECT_GCC_OPTIONS='-c' '-fno-openmp' '-fno-openacc' '-fno-pie' '-fcf-protection=none' '-mbranch-protection=none' '-mlittle-endian' '-mabi=lp64' '-Os' '--sysroot=/home/kuszman/Xilinx/2025.2/Vitis/gnu/aarch64/lin/aarch64-none/bin/../aarch64-xilinx-elf' '-mbranch-protection=none' '-specs=/home/kuszman/Magisterka/Intelligent-Vibroacoustic-Machine-Diagnostic-System-on-FPGA/ethernet/vitis/eth_platform/zynqmp_fsbl/zynqmp_fsbl_bsp/Xilinx.spec' '-Os' '-ffat-lto-objects' '-v' '-march=armv8-a' '-mlittle-endian' '-mabi=lp64'   '-fltrans-output-list=/tmp/cc9TPKNm.ltrans.out' '-fwpa' '-fresolution=/tmp/ccU5i9Qt.res' '-flinker-output=exec'
 /home/kuszman/Xilinx/2025.2/gnu/aarch64/lin/aarch64-none/x86_64-oesdk-linux/usr/bin/aarch64-xilinx-elf/../../lib/aarch64-xilinx-elf/gcc/../../../libexec/aarch64-xilinx-elf/gcc/aarch64-xilinx-elf/13.3.0/lto1 -quiet -dumpbase ./cmTC_fbb0e.wpa -mbranch-protection=none -mlittle-endian -mabi=lp64 -mbranch-protection=none -march=armv8-a -mlittle-endian -mabi=lp64 -Os -Os -version -fno-openmp -fno-openacc -fno-pie -fcf-protection=none -ffat-lto-objects -fltrans-output-list=/tmp/cc9TPKNm.ltrans.out -fwpa -fresolution=/tmp/ccU5i9Qt.res -flinker-output=exec @/tmp/ccY8hCTo
GNU GIMPLE (GCC) version 13.3.0 (aarch64-xilinx-elf)
	compiled by GNU C version 13.3.0, GMP version 6.3.0, MPFR version 4.2.1, MPC version 1.3.1, isl version none
GGC heuristics: --param ggc-min-expand=100 --param ggc-min-heapsize=131072
COMPILER_PATH=/home/kuszman/Xilinx/2025.2/gnu/aarch64/lin/aarch64-none/x86_64-oesdk-linux/usr/bin/aarch64-xilinx-elf/../../lib/aarch64-xilinx-elf/gcc/../../../libexec/aarch64-xilinx-elf/gcc/aarch64-xilinx-elf/13.3.0/:/home/kuszman/Xilinx/2025.2/gnu/aarch64/lin/aarch64-none/x86_64-oesdk-linux/usr/bin/aarch64-xilinx-elf/../../lib/aarch64-xilinx-elf/gcc/../../../libexec/aarch64-xilinx-elf/gcc/:/home/kuszman/Xilinx/2025.2/gnu/aarch64/lin/aarch64-none/x86_64-oesdk-linux/usr/bin/aarch64-xilinx-elf/../../libexec/aarch64-xilinx-elf/gcc/aarch64-xilinx-elf/13.3.0/:/home/kuszman/Xilinx/2025.2/gnu/aarch64/lin/aarch64-none/x86_64-oesdk-linux/usr/bin/aarch64-xilinx-elf/../../libexec/aarch64-xilinx-elf/gcc/aarch64-xilinx-elf/13.3.0/:/home/kuszman/Xilinx/2025.2/gnu/aarch64/lin/aarch64-none/x86_64-oesdk-linux/usr/bin/aarch64-xilinx-elf/../../libexec/aarch64-xilinx-elf/gcc/
LIBRARY_PATH=/home/kuszman/Xilinx/2025.2/gnu/aarch64/lin/aarch64-none/x86_64-oesdk-linux/usr/bin/aarch64-xilinx-elf/../../lib/aarch64-xilinx-elf/gcc/aarch64-xilinx-elf/13.3.0/:/home/kuszman/Xilinx/2025.2/gnu/aarch64/lin/aarch64-none/x86_64-oesdk-linux/usr/bin/aarch64-xilinx-elf/../../lib/aarch64-xilinx-elf/gcc/:/home/kuszman/Xilinx/2025.2/Vitis/gnu/aarch64/lin/aarch64-none/bin/../aarch64-xilinx-elf/usr/lib64/aarch64-xilinx-elf/13.3.0/:/home/kuszman/Xilinx/2025.2/Vitis/gnu/aarch64/lin/aarch64-none/bin/../aarch64-xilinx-elf/usr/lib64/
COLLECT_GCC_OPTIONS='-c' '-fno-openmp' '-fno-openacc' '-fno-pie' '-fcf-protection=none' '-mbranch-protection=none' '-mlittle-endian' '-mabi=lp64' '-Os' '--sysroot=/home/kuszman/Xilinx/2025.2/Vitis/gnu/aarch64/lin/aarch64-none/bin/../aarch64-xilinx-elf' '-mbranch-protection=none' '-specs=/home/kuszman/Magisterka/Intelligent-Vibroacoustic-Machine-Diagnostic-System-on-FPGA/ethernet/vitis/eth_platform/zynqmp_fsbl/zynqmp_fsbl_bsp/Xilinx.spec' '-Os' '-ffat-lto-objects' '-v' '-march=armv8-a' '-mlittle-endian' '-mabi=lp64'   '-fltrans-output-list=/tmp/cc9TPKNm.ltrans.out' '-fwpa' '-fresolution=/tmp/ccU5i9Qt.res' '-flinker-output=exec' '-dumpdir' './cmTC_fbb0e.wpa.'
/home/kuszman/Xilinx/2025.2/Vitis/gnu/aarch64/lin/aarch64-none/bin/../x86_64-oesdk-linux/usr/bin/aarch64-xilinx-elf/aarch64-xilinx-elf-gcc @/tmp/cc7AkfVW
Using built-in specs.
Reading specs from /home/kuszman/Magisterka/Intelligent-Vibroacoustic-Machine-Diagnostic-System-on-FPGA/ethernet/vitis/eth_platform/zynqmp_fsbl/zynqmp_fsbl_bsp/Xilinx.spec
COLLECT_GCC=/home/kuszman/Xilinx/2025.2/Vitis/gnu/aarch64/lin/aarch64-none/bin/../x86_64-oesdk-linux/usr/bin/aarch64-xilinx-elf/aarch64-xilinx-elf-gcc.real
Target: aarch64-xilinx-elf
Configured with: ../../../../../../work-shared/gcc-13.3.0-r0/gcc-13.3.0/configure --build=x86_64-linux --host=x86_64-oesdk-linux --target=aarch64-xilinx-elf --prefix=/usr/local/oe-sdk-hardcoded-buildpath/sysroots/x86_64-oesdk-linux/usr --exec_prefix=/usr/local/oe-sdk-hardcoded-buildpath/sysroots/x86_64-oesdk-linux/usr --bindir=/usr/local/oe-sdk-hardcoded-buildpath/sysroots/x86_64-oesdk-linux/usr/bin/aarch64-xilinx-elf --sbindir=/usr/local/oe-sdk-hardcoded-buildpath/sysroots/x86_64-oesdk-linux/usr/bin/aarch64-xilinx-elf --libexecdir=/usr/local/oe-sdk-hardcoded-buildpath/sysroots/x86_64-oesdk-linux/usr/libexec/aarch64-xilinx-elf --datadir=/usr/local/oe-sdk-hardcoded-buildpath/sysroots/x86_64-oesdk-linux/usr/share --sysconfdir=/usr/local/oe-sdk-hardcoded-buildpath/sysroots/x86_64-oesdk-linux/etc --sharedstatedir=/usr/local/oe-sdk-hardcoded-buildpath/sysroots/x86_64-oesdk-linux/com --localstatedir=/usr/local/oe-sdk-hardcoded-buildpath/sysroots/x86_64-oesdk-linux/var --libdir=/usr/local/oe-sdk-hardcoded-buildpath/sysroots/x86_64-oesdk-linux/usr/lib/aarch64-xilinx-elf --includedir=/usr/local/oe-sdk-hardcoded-buildpath/sysroots/x86_64-oesdk-linux/usr/include --oldincludedir=/usr/local/oe-sdk-hardcoded-buildpath/sysroots/x86_64-oesdk-linux/usr/include --infodir=/usr/local/oe-sdk-hardcoded-buildpath/sysroots/x86_64-oesdk-linux/usr/share/info --mandir=/usr/local/oe-sdk-hardcoded-buildpath/sysroots/x86_64-oesdk-linux/usr/share/man --disable-silent-rules --disable-dependency-tracking --with-libtool-sysroot=/host --with-gnu-ld --enable-shared --enable-languages=c,c++,fortran --enable-threads=posix --enable-multilib --enable-c99 --enable-long-long --enable-libstdcxx-pch --program-prefix=aarch64-xilinx-elf- --without-local-prefix --disable-install-libiberty --disable-libssp --enable-libitm --enable-lto --disable-bootstrap --with-system-zlib --enable-linker-build-id --with-ppl=no --with-cloog=no --enable-checking=release --enable-cheaders=c_global --without-isl --with-gxx-include-dir=/not/exist/usr/include/c++/13.3.0 --with-build-time-tools=/host-native/usr/aarch64-xilinx-elf/bin --with-sysroot=/not/exist --with-build-sysroot=/host --with-plugin-ld=ld --enable-poison-system-directories --disable-static --enable-nls --with-glibc-version=2.28 --enable-initfini-array --enable-multilib --disable-libstdcxx-pch --with-newlib --disable-threads --enable-plugins --with-gnu-as --disable-libitm --disable-tm-clone-registry --disable-multiarch --with-arch=armv8-a --with-sysroot=/not/exist
Thread model: single
Supported LTO compression algorithms: zlib zstd
gcc version 13.3.0 (GCC) 
COLLECT_GCC_OPTIONS='-c' '-fno-openmp' '-fno-openacc' '-fno-pie' '-fcf-protection=none' '-mbranch-protection=none' '-mlittle-endian' '-mabi=lp64' '-Os' '--sysroot=/home/kuszman/Xilinx/2025.2/Vitis/gnu/aarch64/lin/aarch64-none/bin/../aarch64-xilinx-elf' '-mbranch-protection=none' '-specs=/home/kuszman/Magisterka/Intelligent-Vibroacoustic-Machine-Diagnostic-System-on-FPGA/ethernet/vitis/eth_platform/zynqmp_fsbl/zynqmp_fsbl_bsp/Xilinx.spec' '-Os' '-ffat-lto-objects' '-v' '-march=armv8-a' '-mlittle-endian' '-mabi=lp64'   '-fltrans' '-o' '/tmp/cc9TPKNm.ltrans0.ltrans.o'
 /home/kuszman/Xilinx/2025.2/gnu/aarch64/lin/aarch64-none/x86_64-oesdk-linux/usr/bin/aarch64-xilinx-elf/../../lib/aarch64-xilinx-elf/gcc/../../../libexec/aarch64-xilinx-elf/gcc/aarch64-xilinx-elf/13.3.0/lto1 -quiet -dumpbase ./cmTC_fbb0e.ltrans0.ltrans -mbranch-protection=none -mlittle-endian -mabi=lp64 -mbranch-protection=none -march=armv8-a -mlittle-endian -mabi=lp64 -Os -Os -version -fno-openmp -fno-openacc -fno-pie -fcf-protection=none -ffat-lto-objects -fltrans @/tmp/ccrPcQpH -o /tmp/ccp8QyZa.s
GNU GIMPLE (GCC) version 13.3.0 (aarch64-xilinx-elf)
	compiled by GNU C version 13.3.0, GMP version 6.3.0, MPFR version 4.2.1, MPC version 1.3.1, isl version none
GGC heuristics: --param ggc-min-expand=100 --param ggc-min-heapsize=131072
COLLECT_GCC_OPTIONS='-c' '-fno-openmp' '-fno-openacc' '-fno-pie' '-fcf-protection=none' '-mbranch-protection=none' '-mlittle-endian' '-mabi=lp64' '-Os' '--sysroot=/home/kuszman/Xilinx/2025.2/Vitis/gnu/aarch64/lin/aarch64-none/bin/../aarch64-xilinx-elf' '-mbranch-protection=none' '-specs=/home/kuszman/Magisterka/Intelligent-Vibroacoustic-Machine-Diagnostic-System-on-FPGA/ethernet/vitis/eth_platform/zynqmp_fsbl/zynqmp_fsbl_bsp/Xilinx.spec' '-Os' '-ffat-lto-objects' '-v' '-march=armv8-a' '-mlittle-endian' '-mabi=lp64'   '-fltrans' '-o' '/tmp/cc9TPKNm.ltrans0.ltrans.o'
 /home/kuszman/Xilinx/2025.2/gnu/aarch64/lin/aarch64-none/x86_64-oesdk-linux/usr/bin/aarch64-xilinx-elf/../../lib/aarch64-xilinx-elf/gcc/../../../libexec/aarch64-xilinx-elf/gcc/aarch64-xilinx-elf/13.3.0/as -v -EL -march=armv8-a -mabi=lp64 -mabi=lp64 -o /tmp/cc9TPKNm.ltrans0.ltrans.o /tmp/ccp8QyZa.s
GNU assembler version 2.42.0 (aarch64-xilinx-elf) using BFD version (GNU Binutils) 2.42.0.20240723
COMPILER_PATH=/home/kuszman/Xilinx/2025.2/gnu/aarch64/lin/aarch64-none/x86_64-oesdk-linux/usr/bin/aarch64-xilinx-elf/../../lib/aarch64-xilinx-elf/gcc/../../../libexec/aarch64-xilinx-elf/gcc/aarch64-xilinx-elf/13.3.0/:/home/kuszman/Xilinx/2025.2/gnu/aarch64/lin/aarch64-none/x86_64-oesdk-linux/usr/bin/aarch64-xilinx-elf/../../lib/aarch64-xilinx-elf/gcc/../../../libexec/aarch64-xilinx-elf/gcc/:/home/kuszman/Xilinx/2025.2/gnu/aarch64/lin/aarch64-none/x86_64-oesdk-linux/usr/bin/aarch64-xilinx-elf/../../libexec/aarch64-xilinx-elf/gcc/aarch64-xilinx-elf/13.3.0/:/home/kuszman/Xilinx/2025.2/gnu/aarch64/lin/aarch64-none/x86_64-oesdk-linux/usr/bin/aarch64-xilinx-elf/../../libexec/aarch64-xilinx-elf/gcc/aarch64-xilinx-elf/13.3.0/:/home/kuszman/Xilinx/2025.2/gnu/aarch64/lin/aarch64-none/x86_64-oesdk-linux/usr/bin/aarch64-xilinx-elf/../../libexec/aarch64-xilinx-elf/gcc/
LIBRARY_PATH=/home/kuszman/Xilinx/2025.2/gnu/aarch64/lin/aarch64-none/x86_64-oesdk-linux/usr/bin/aarch64-xilinx-elf/../../lib/aarch64-xilinx-elf/gcc/aarch64-xilinx-elf/13.3.0/:/home/kuszman/Xilinx/2025.2/gnu/aarch64/lin/aarch64-none/x86_64-oesdk-linux/usr/bin/aarch64-xilinx-elf/../../lib/aarch64-xilinx-elf/gcc/:/home/kuszman/Xilinx/2025.2/Vitis/gnu/aarch64/lin/aarch64-none/bin/../aarch64-xilinx-elf/usr/lib64/aarch64-xilinx-elf/13.3.0/:/home/kuszman/Xilinx/2025.2/Vitis/gnu/aarch64/lin/aarch64-none/bin/../aarch64-xilinx-elf/usr/lib64/
COLLECT_GCC_OPTIONS='-c' '-fno-openmp' '-fno-openacc' '-fno-pie' '-fcf-protection=none' '-mbranch-protection=none' '-mlittle-endian' '-mabi=lp64' '-Os' '--sysroot=/home/kuszman/Xilinx/2025.2/Vitis/gnu/aarch64/lin/aarch64-none/bin/../aarch64-xilinx-elf' '-mbranch-protection=none' '-specs=/home/kuszman/Magisterka/Intelligent-Vibroacoustic-Machine-Diagnostic-System-on-FPGA/ethernet/vitis/eth_platform/zynqmp_fsbl/zynqmp_fsbl_bsp/Xilinx.spec' '-Os' '-ffat-lto-objects' '-v' '-march=armv8-a' '-mlittle-endian' '-mabi=lp64'   '-fltrans' '-o' '/tmp/cc9TPKNm.ltrans0.ltrans.o' '-dumpdir' './cmTC_fbb0e.ltrans0.ltrans.'
/home/kuszman/Xilinx/2025.2/gnu/aarch64/lin/aarch64-none/x86_64-oesdk-linux/usr/bin/aarch64-xilinx-elf/aarch64-xilinx-elf-ld.real: warning: cannot find entry symbol _start; defaulting to 0000000000400060
COLLECT_GCC_OPTIONS='--sysroot=/home/kuszman/Xilinx/2025.2/Vitis/gnu/aarch64/lin/aarch64-none/bin/../aarch64-xilinx-elf' '-mbranch-protection=none' '-D' 'SDT' '-MMD' '-MP' '-specs=/home/kuszman/Magisterka/Intelligent-Vibroacoustic-Machine-Diagnostic-System-on-FPGA/ethernet/vitis/eth_platform/zynqmp_fsbl/zynqmp_fsbl_bsp/Xilinx.spec' '-Os' '-flto' '-ffat-lto-objects' '-D' 'ARMA53_64' '-I' '/home/kuszman/Magisterka/Intelligent-Vibroacoustic-Machine-Diagnostic-System-on-FPGA/ethernet/vitis/eth_platform/zynqmp_fsbl/zynqmp_fsbl_bsp/include' '-v' '-o' 'cmTC_fbb0e' '-march=armv8-a' '-mlittle-endian' '-mabi=lp64' '-dumpdir' 'cmTC_fbb0e.'



Parsed C implicit include dir info from above output: rv=done
  found start of include info
  found start of implicit include info
    add: [/home/kuszman/Magisterka/Intelligent-Vibroacoustic-Machine-Diagnostic-System-on-FPGA/ethernet/vitis/eth_platform/zynqmp_fsbl/zynqmp_fsbl_bsp/include]
    add: [/home/kuszman/Xilinx/2025.2/gnu/aarch64/lin/aarch64-none/x86_64-oesdk-linux/usr/bin/aarch64-xilinx-elf/../../lib/aarch64-xilinx-elf/gcc/aarch64-xilinx-elf/13.3.0/include]
    add: [/home/kuszman/Xilinx/2025.2/gnu/aarch64/lin/aarch64-none/x86_64-oesdk-linux/usr/bin/aarch64-xilinx-elf/../../lib/aarch64-xilinx-elf/gcc/aarch64-xilinx-elf/13.3.0/include-fixed]
    add: [/home/kuszman/Xilinx/2025.2/Vitis/gnu/aarch64/lin/aarch64-none/bin/../aarch64-xilinx-elf/usr/include/]
  end of search list found
  collapse include dir [/home/kuszman/Magisterka/Intelligent-Vibroacoustic-Machine-Diagnostic-System-on-FPGA/ethernet/vitis/eth_platform/zynqmp_fsbl/zynqmp_fsbl_bsp/include] ==> [/home/kuszman/Magisterka/Intelligent-Vibroacoustic-Machine-Diagnostic-System-on-FPGA/ethernet/vitis/eth_platform/zynqmp_fsbl/zynqmp_fsbl_bsp/include]
  collapse include dir [/home/kuszman/Xilinx/2025.2/gnu/aarch64/lin/aarch64-none/x86_64-oesdk-linux/usr/bin/aarch64-xilinx-elf/../../lib/aarch64-xilinx-elf/gcc/aarch64-xilinx-elf/13.3.0/include] ==> [/home/kuszman/Xilinx/2025.2/gnu/aarch64/lin/aarch64-none/x86_64-oesdk-linux/usr/lib/aarch64-xilinx-elf/gcc/aarch64-xilinx-elf/13.3.0/include]
  collapse include dir [/home/kuszman/Xilinx/2025.2/gnu/aarch64/lin/aarch64-none/x86_64-oesdk-linux/usr/bin/aarch64-xilinx-elf/../../lib/aarch64-xilinx-elf/gcc/aarch64-xilinx-elf/13.3.0/include-fixed] ==> [/home/kuszman/Xilinx/2025.2/gnu/aarch64/lin/aarch64-none/x86_64-oesdk-linux/usr/lib/aarch64-xilinx-elf/gcc/aarch64-xilinx-elf/13.3.0/include-fixed]
  collapse include dir [/home/kuszman/Xilinx/2025.2/Vitis/gnu/aarch64/lin/aarch64-none/bin/../aarch64-xilinx-elf/usr/include/] ==> [/home/kuszman/Xilinx/2025.2/Vitis/gnu/aarch64/lin/aarch64-none/aarch64-xilinx-elf/usr/include]
  implicit include dirs: [/home/kuszman/Magisterka/Intelligent-Vibroacoustic-Machine-Diagnostic-System-on-FPGA/ethernet/vitis/eth_platform/zynqmp_fsbl/zynqmp_fsbl_bsp/include;/home/kuszman/Xilinx/2025.2/gnu/aarch64/lin/aarch64-none/x86_64-oesdk-linux/usr/lib/aarch64-xilinx-elf/gcc/aarch64-xilinx-elf/13.3.0/include;/home/kuszman/Xilinx/2025.2/gnu/aarch64/lin/aarch64-none/x86_64-oesdk-linux/usr/lib/aarch64-xilinx-elf/gcc/aarch64-xilinx-elf/13.3.0/include-fixed;/home/kuszman/Xilinx/2025.2/Vitis/gnu/aarch64/lin/aarch64-none/aarch64-xilinx-elf/usr/include]


Parsed C implicit link information from above output:
  link line regex: [^( *|.*[/\])(aarch64-none-elf-ld|CMAKE_LINK_STARTFILE-NOTFOUND|([^/\]+-)?ld|collect2)[^/\]*( |$)]
  ignore line: [Change Dir: /home/kuszman/Magisterka/Intelligent-Vibroacoustic-Machine-Diagnostic-System-on-FPGA/ethernet/vitis/eth_platform/zynqmp_fsbl/zynqmp_fsbl_bsp/libsrc/build_configs/gen_bsp/CMakeFiles/CMakeTmp]
  ignore line: []
  ignore line: [Run Build Command(s):/home/kuszman/Xilinx/2025.2/Vitis/bin/ninja cmTC_fbb0e && [1/2] Building C object CMakeFiles/cmTC_fbb0e.dir/CMakeCCompilerABI.c.obj]
  ignore line: [Using built-in specs.]
  ignore line: [Reading specs from /home/kuszman/Magisterka/Intelligent-Vibroacoustic-Machine-Diagnostic-System-on-FPGA/ethernet/vitis/eth_platform/zynqmp_fsbl/zynqmp_fsbl_bsp/Xilinx.spec]
  ignore line: [COLLECT_GCC=/home/kuszman/Xilinx/2025.2/Vitis/gnu/aarch64/lin/aarch64-none/bin/../x86_64-oesdk-linux/usr/bin/aarch64-xilinx-elf/aarch64-xilinx-elf-gcc.real]
  ignore line: [Target: aarch64-xilinx-elf]
  ignore line: [Configured with: ../../../../../../work-shared/gcc-13.3.0-r0/gcc-13.3.0/configure --build=x86_64-linux --host=x86_64-oesdk-linux --target=aarch64-xilinx-elf --prefix=/usr/local/oe-sdk-hardcoded-buildpath/sysroots/x86_64-oesdk-linux/usr --exec_prefix=/usr/local/oe-sdk-hardcoded-buildpath/sysroots/x86_64-oesdk-linux/usr --bindir=/usr/local/oe-sdk-hardcoded-buildpath/sysroots/x86_64-oesdk-linux/usr/bin/aarch64-xilinx-elf --sbindir=/usr/local/oe-sdk-hardcoded-buildpath/sysroots/x86_64-oesdk-linux/usr/bin/aarch64-xilinx-elf --libexecdir=/usr/local/oe-sdk-hardcoded-buildpath/sysroots/x86_64-oesdk-linux/usr/libexec/aarch64-xilinx-elf --datadir=/usr/local/oe-sdk-hardcoded-buildpath/sysroots/x86_64-oesdk-linux/usr/share --sysconfdir=/usr/local/oe-sdk-hardcoded-buildpath/sysroots/x86_64-oesdk-linux/etc --sharedstatedir=/usr/local/oe-sdk-hardcoded-buildpath/sysroots/x86_64-oesdk-linux/com --localstatedir=/usr/local/oe-sdk-hardcoded-buildpath/sysroots/x86_64-oesdk-linux/var --libdir=/usr/local/oe-sdk-hardcoded-buildpath/sysroots/x86_64-oesdk-linux/usr/lib/aarch64-xilinx-elf --includedir=/usr/local/oe-sdk-hardcoded-buildpath/sysroots/x86_64-oesdk-linux/usr/include --oldincludedir=/usr/local/oe-sdk-hardcoded-buildpath/sysroots/x86_64-oesdk-linux/usr/include --infodir=/usr/local/oe-sdk-hardcoded-buildpath/sysroots/x86_64-oesdk-linux/usr/share/info --mandir=/usr/local/oe-sdk-hardcoded-buildpath/sysroots/x86_64-oesdk-linux/usr/share/man --disable-silent-rules --disable-dependency-tracking --with-libtool-sysroot=/host --with-gnu-ld --enable-shared --enable-languages=c,c++,fortran --enable-threads=posix --enable-multilib --enable-c99 --enable-long-long --enable-libstdcxx-pch --program-prefix=aarch64-xilinx-elf- --without-local-prefix --disable-install-libiberty --disable-libssp --enable-libitm --enable-lto --disable-bootstrap --with-system-zlib --enable-linker-build-id --with-ppl=no --with-cloog=no --enable-checking=release --enable-cheaders=c_global --without-isl --with-gxx-include-dir=/not/exist/usr/include/c++/13.3.0 --with-build-time-tools=/host-native/usr/aarch64-xilinx-elf/bin --with-sysroot=/not/exist --with-build-sysroot=/host --with-plugin-ld=ld --enable-poison-system-directories --disable-static --enable-nls --with-glibc-version=2.28 --enable-initfini-array --enable-multilib --disable-libstdcxx-pch --with-newlib --disable-threads --enable-plugins --with-gnu-as --disable-libitm --disable-tm-clone-registry --disable-multiarch --with-arch=armv8-a --with-sysroot=/not/exist]
  ignore line: [Thread model: single]
  ignore line: [Supported LTO compression algorithms: zlib zstd]
  ignore line: [gcc version 13.3.0 (GCC) ]
  ignore line: [COLLECT_GCC_OPTIONS='--sysroot=/home/kuszman/Xilinx/2025.2/Vitis/gnu/aarch64/lin/aarch64-none/bin/../aarch64-xilinx-elf' '-mbranch-protection=none' '-D' 'SDT' '-MMD' '-MP' '-specs=/home/kuszman/Magisterka/Intelligent-Vibroacoustic-Machine-Diagnostic-System-on-FPGA/ethernet/vitis/eth_platform/zynqmp_fsbl/zynqmp_fsbl_bsp/Xilinx.spec' '-Os' '-flto' '-ffat-lto-objects' '-D' 'ARMA53_64' '-I' '/home/kuszman/Magisterka/Intelligent-Vibroacoustic-Machine-Diagnostic-System-on-FPGA/ethernet/vitis/eth_platform/zynqmp_fsbl/zynqmp_fsbl_bsp/include' '-v' '-o' 'CMakeFiles/cmTC_fbb0e.dir/CMakeCCompilerABI.c.obj' '-c' '-march=armv8-a' '-mlittle-endian' '-mabi=lp64' '-dumpdir' 'CMakeFiles/cmTC_fbb0e.dir/']
  ignore line: [ /home/kuszman/Xilinx/2025.2/gnu/aarch64/lin/aarch64-none/x86_64-oesdk-linux/usr/bin/aarch64-xilinx-elf/../../libexec/aarch64-xilinx-elf/gcc/aarch64-xilinx-elf/13.3.0/cc1 -quiet -v -I /home/kuszman/Magisterka/Intelligent-Vibroacoustic-Machine-Diagnostic-System-on-FPGA/ethernet/vitis/eth_platform/zynqmp_fsbl/zynqmp_fsbl_bsp/include -iprefix /home/kuszman/Xilinx/2025.2/gnu/aarch64/lin/aarch64-none/x86_64-oesdk-linux/usr/bin/aarch64-xilinx-elf/../../lib/aarch64-xilinx-elf/gcc/aarch64-xilinx-elf/13.3.0/ -isysroot /home/kuszman/Xilinx/2025.2/Vitis/gnu/aarch64/lin/aarch64-none/bin/../aarch64-xilinx-elf -MMD CMakeFiles/cmTC_fbb0e.dir/CMakeCCompilerABI.c.d -MP -MQ CMakeFiles/cmTC_fbb0e.dir/CMakeCCompilerABI.c.obj -D SDT -D ARMA53_64 /home/kuszman/Xilinx/2025.2/tps/lnx64/cmake-3.24.2/share/cmake-3.24/Modules/CMakeCCompilerABI.c -quiet -dumpdir CMakeFiles/cmTC_fbb0e.dir/ -dumpbase CMakeCCompilerABI.c.c -dumpbase-ext .c -mbranch-protection=none -march=armv8-a -mlittle-endian -mabi=lp64 -Os -version -flto -ffat-lto-objects -o /tmp/cchCx0qO.s]
  ignore line: [GNU C17 (GCC) version 13.3.0 (aarch64-xilinx-elf)]
  ignore line: [	compiled by GNU C version 13.3.0  GMP version 6.3.0  MPFR version 4.2.1  MPC version 1.3.1  isl version none]
  ignore line: [GGC heuristics: --param ggc-min-expand=100 --param ggc-min-heapsize=131072]
  ignore line: [ignoring nonexistent directory "/home/kuszman/Xilinx/2025.2/gnu/aarch64/lin/aarch64-none/x86_64-oesdk-linux/usr/bin/aarch64-xilinx-elf/../../lib/aarch64-xilinx-elf/gcc/aarch64-xilinx-elf/13.3.0/../../../../../aarch64-xilinx-elf/include"]
  ignore line: [ignoring duplicate directory "/home/kuszman/Xilinx/2025.2/gnu/aarch64/lin/aarch64-none/x86_64-oesdk-linux/usr/bin/aarch64-xilinx-elf/../../lib/aarch64-xilinx-elf/gcc/../../../lib/aarch64-xilinx-elf/gcc/aarch64-xilinx-elf/13.3.0/include"]
  ignore line: [ignoring nonexistent directory "/home/kuszman/Xilinx/2025.2/Vitis/gnu/aarch64/lin/aarch64-none/bin/../aarch64-xilinx-elf/usr/lib64/aarch64-xilinx-elf/13.3.0/include"]
  ignore line: [ignoring nonexistent directory "/home/kuszman/Xilinx/2025.2/Vitis/gnu/aarch64/lin/aarch64-none/bin/../aarch64-xilinx-elf/usr/local/include"]
  ignore line: [ignoring duplicate directory "/home/kuszman/Xilinx/2025.2/gnu/aarch64/lin/aarch64-none/x86_64-oesdk-linux/usr/bin/aarch64-xilinx-elf/../../lib/aarch64-xilinx-elf/gcc/../../../lib/aarch64-xilinx-elf/gcc/aarch64-xilinx-elf/13.3.0/include-fixed"]
  ignore line: [ignoring nonexistent directory "/home/kuszman/Xilinx/2025.2/gnu/aarch64/lin/aarch64-none/x86_64-oesdk-linux/usr/bin/aarch64-xilinx-elf/../../lib/aarch64-xilinx-elf/gcc/../../../lib/aarch64-xilinx-elf/gcc/aarch64-xilinx-elf/13.3.0/../../../../../aarch64-xilinx-elf/include"]
  ignore line: [#include "..." search starts here:]
  ignore line: [#include <...> search starts here:]
  ignore line: [ /home/kuszman/Magisterka/Intelligent-Vibroacoustic-Machine-Diagnostic-System-on-FPGA/ethernet/vitis/eth_platform/zynqmp_fsbl/zynqmp_fsbl_bsp/include]
  ignore line: [ /home/kuszman/Xilinx/2025.2/gnu/aarch64/lin/aarch64-none/x86_64-oesdk-linux/usr/bin/aarch64-xilinx-elf/../../lib/aarch64-xilinx-elf/gcc/aarch64-xilinx-elf/13.3.0/include]
  ignore line: [ /home/kuszman/Xilinx/2025.2/gnu/aarch64/lin/aarch64-none/x86_64-oesdk-linux/usr/bin/aarch64-xilinx-elf/../../lib/aarch64-xilinx-elf/gcc/aarch64-xilinx-elf/13.3.0/include-fixed]
  ignore line: [ /home/kuszman/Xilinx/2025.2/Vitis/gnu/aarch64/lin/aarch64-none/bin/../aarch64-xilinx-elf/usr/include/]
  ignore line: [End of search list.]
  ignore line: [Compiler executable checksum: bf4f7e99d9c79ea23b0a478fa2e8108a]
  ignore line: [COLLECT_GCC_OPTIONS='--sysroot=/home/kuszman/Xilinx/2025.2/Vitis/gnu/aarch64/lin/aarch64-none/bin/../aarch64-xilinx-elf' '-mbranch-protection=none' '-D' 'SDT' '-MMD' '-MP' '-specs=/home/kuszman/Magisterka/Intelligent-Vibroacoustic-Machine-Diagnostic-System-on-FPGA/ethernet/vitis/eth_platform/zynqmp_fsbl/zynqmp_fsbl_bsp/Xilinx.spec' '-Os' '-flto' '-ffat-lto-objects' '-D' 'ARMA53_64' '-I' '/home/kuszman/Magisterka/Intelligent-Vibroacoustic-Machine-Diagnostic-System-on-FPGA/ethernet/vitis/eth_platform/zynqmp_fsbl/zynqmp_fsbl_bsp/include' '-v' '-o' 'CMakeFiles/cmTC_fbb0e.dir/CMakeCCompilerABI.c.obj' '-c' '-march=armv8-a' '-mlittle-endian' '-mabi=lp64' '-dumpdir' 'CMakeFiles/cmTC_fbb0e.dir/']
  ignore line: [ /home/kuszman/Xilinx/2025.2/gnu/aarch64/lin/aarch64-none/x86_64-oesdk-linux/usr/bin/aarch64-xilinx-elf/../../libexec/aarch64-xilinx-elf/gcc/aarch64-xilinx-elf/13.3.0/as -v -I /home/kuszman/Magisterka/Intelligent-Vibroacoustic-Machine-Diagnostic-System-on-FPGA/ethernet/vitis/eth_platform/zynqmp_fsbl/zynqmp_fsbl_bsp/include -EL -march=armv8-a -mabi=lp64 -o CMakeFiles/cmTC_fbb0e.dir/CMakeCCompilerABI.c.obj /tmp/cchCx0qO.s]
  ignore line: [GNU assembler version 2.42.0 (aarch64-xilinx-elf) using BFD version (GNU Binutils) 2.42.0.20240723]
  ignore line: [COMPILER_PATH=/home/kuszman/Xilinx/2025.2/gnu/aarch64/lin/aarch64-none/x86_64-oesdk-linux/usr/bin/aarch64-xilinx-elf/../../libexec/aarch64-xilinx-elf/gcc/aarch64-xilinx-elf/13.3.0/:/home/kuszman/Xilinx/2025.2/gnu/aarch64/lin/aarch64-none/x86_64-oesdk-linux/usr/bin/aarch64-xilinx-elf/../../libexec/aarch64-xilinx-elf/gcc/]
  ignore line: [LIBRARY_PATH=/home/kuszman/Xilinx/2025.2/gnu/aarch64/lin/aarch64-none/x86_64-oesdk-linux/usr/bin/aarch64-xilinx-elf/../../lib/aarch64-xilinx-elf/gcc/aarch64-xilinx-elf/13.3.0/:/home/kuszman/Xilinx/2025.2/gnu/aarch64/lin/aarch64-none/x86_64-oesdk-linux/usr/bin/aarch64-xilinx-elf/../../lib/aarch64-xilinx-elf/gcc/:/home/kuszman/Xilinx/2025.2/Vitis/gnu/aarch64/lin/aarch64-none/bin/../aarch64-xilinx-elf/usr/lib64/aarch64-xilinx-elf/13.3.0/:/home/kuszman/Xilinx/2025.2/Vitis/gnu/aarch64/lin/aarch64-none/bin/../aarch64-xilinx-elf/usr/lib64/]
  ignore line: [COLLECT_GCC_OPTIONS='--sysroot=/home/kuszman/Xilinx/2025.2/Vitis/gnu/aarch64/lin/aarch64-none/bin/../aarch64-xilinx-elf' '-mbranch-protection=none' '-D' 'SDT' '-MMD' '-MP' '-specs=/home/kuszman/Magisterka/Intelligent-Vibroacoustic-Machine-Diagnostic-System-on-FPGA/ethernet/vitis/eth_platform/zynqmp_fsbl/zynqmp_fsbl_bsp/Xilinx.spec' '-Os' '-flto' '-ffat-lto-objects' '-D' 'ARMA53_64' '-I' '/home/kuszman/Magisterka/Intelligent-Vibroacoustic-Machine-Diagnostic-System-on-FPGA/ethernet/vitis/eth_platform/zynqmp_fsbl/zynqmp_fsbl_bsp/include' '-v' '-o' 'CMakeFiles/cmTC_fbb0e.dir/CMakeCCompilerABI.c.obj' '-c' '-march=armv8-a' '-mlittle-endian' '-mabi=lp64' '-dumpdir' 'CMakeFiles/cmTC_fbb0e.dir/CMakeCCompilerABI.c.']
  ignore line: [[2/2] Linking C executable cmTC_fbb0e]
  ignore line: [Using built-in specs.]
  ignore line: [Reading specs from /home/kuszman/Magisterka/Intelligent-Vibroacoustic-Machine-Diagnostic-System-on-FPGA/ethernet/vitis/eth_platform/zynqmp_fsbl/zynqmp_fsbl_bsp/Xilinx.spec]
  ignore line: [COLLECT_GCC=/home/kuszman/Xilinx/2025.2/Vitis/gnu/aarch64/lin/aarch64-none/bin/../x86_64-oesdk-linux/usr/bin/aarch64-xilinx-elf/aarch64-xilinx-elf-gcc.real]
  ignore line: [COLLECT_LTO_WRAPPER=/home/kuszman/Xilinx/2025.2/gnu/aarch64/lin/aarch64-none/x86_64-oesdk-linux/usr/bin/aarch64-xilinx-elf/../../libexec/aarch64-xilinx-elf/gcc/aarch64-xilinx-elf/13.3.0/lto-wrapper]
  ignore line: [Target: aarch64-xilinx-elf]
  ignore line: [Configured with: ../../../../../../work-shared/gcc-13.3.0-r0/gcc-13.3.0/configure --build=x86_64-linux --host=x86_64-oesdk-linux --target=aarch64-xilinx-elf --prefix=/usr/local/oe-sdk-hardcoded-buildpath/sysroots/x86_64-oesdk-linux/usr --exec_prefix=/usr/local/oe-sdk-hardcoded-buildpath/sysroots/x86_64-oesdk-linux/usr --bindir=/usr/local/oe-sdk-hardcoded-buildpath/sysroots/x86_64-oesdk-linux/usr/bin/aarch64-xilinx-elf --sbindir=/usr/local/oe-sdk-hardcoded-buildpath/sysroots/x86_64-oesdk-linux/usr/bin/aarch64-xilinx-elf --libexecdir=/usr/local/oe-sdk-hardcoded-buildpath/sysroots/x86_64-oesdk-linux/usr/libexec/aarch64-xilinx-elf --datadir=/usr/local/oe-sdk-hardcoded-buildpath/sysroots/x86_64-oesdk-linux/usr/share --sysconfdir=/usr/local/oe-sdk-hardcoded-buildpath/sysroots/x86_64-oesdk-linux/etc --sharedstatedir=/usr/local/oe-sdk-hardcoded-buildpath/sysroots/x86_64-oesdk-linux/com --localstatedir=/usr/local/oe-sdk-hardcoded-buildpath/sysroots/x86_64-oesdk-linux/var --libdir=/usr/local/oe-sdk-hardcoded-buildpath/sysroots/x86_64-oesdk-linux/usr/lib/aarch64-xilinx-elf --includedir=/usr/local/oe-sdk-hardcoded-buildpath/sysroots/x86_64-oesdk-linux/usr/include --oldincludedir=/usr/local/oe-sdk-hardcoded-buildpath/sysroots/x86_64-oesdk-linux/usr/include --infodir=/usr/local/oe-sdk-hardcoded-buildpath/sysroots/x86_64-oesdk-linux/usr/share/info --mandir=/usr/local/oe-sdk-hardcoded-buildpath/sysroots/x86_64-oesdk-linux/usr/share/man --disable-silent-rules --disable-dependency-tracking --with-libtool-sysroot=/host --with-gnu-ld --enable-shared --enable-languages=c,c++,fortran --enable-threads=posix --enable-multilib --enable-c99 --enable-long-long --enable-libstdcxx-pch --program-prefix=aarch64-xilinx-elf- --without-local-prefix --disable-install-libiberty --disable-libssp --enable-libitm --enable-lto --disable-bootstrap --with-system-zlib --enable-linker-build-id --with-ppl=no --with-cloog=no --enable-checking=release --enable-cheaders=c_global --without-isl --with-gxx-include-dir=/not/exist/usr/include/c++/13.3.0 --with-build-time-tools=/host-native/usr/aarch64-xilinx-elf/bin --with-sysroot=/not/exist --with-build-sysroot=/host --with-plugin-ld=ld --enable-poison-system-directories --disable-static --enable-nls --with-glibc-version=2.28 --enable-initfini-array --enable-multilib --disable-libstdcxx-pch --with-newlib --disable-threads --enable-plugins --with-gnu-as --disable-libitm --disable-tm-clone-registry --disable-multiarch --with-arch=armv8-a --with-sysroot=/not/exist]
  ignore line: [Thread model: single]
  ignore line: [Supported LTO compression algorithms: zlib zstd]
  ignore line: [gcc version 13.3.0 (GCC) ]
  ignore line: [COMPILER_PATH=/home/kuszman/Xilinx/2025.2/gnu/aarch64/lin/aarch64-none/x86_64-oesdk-linux/usr/bin/aarch64-xilinx-elf/../../libexec/aarch64-xilinx-elf/gcc/aarch64-xilinx-elf/13.3.0/:/home/kuszman/Xilinx/2025.2/gnu/aarch64/lin/aarch64-none/x86_64-oesdk-linux/usr/bin/aarch64-xilinx-elf/../../libexec/aarch64-xilinx-elf/gcc/]
  ignore line: [LIBRARY_PATH=/home/kuszman/Xilinx/2025.2/gnu/aarch64/lin/aarch64-none/x86_64-oesdk-linux/usr/bin/aarch64-xilinx-elf/../../lib/aarch64-xilinx-elf/gcc/aarch64-xilinx-elf/13.3.0/:/home/kuszman/Xilinx/2025.2/gnu/aarch64/lin/aarch64-none/x86_64-oesdk-linux/usr/bin/aarch64-xilinx-elf/../../lib/aarch64-xilinx-elf/gcc/:/home/kuszman/Xilinx/2025.2/Vitis/gnu/aarch64/lin/aarch64-none/bin/../aarch64-xilinx-elf/usr/lib64/aarch64-xilinx-elf/13.3.0/:/home/kuszman/Xilinx/2025.2/Vitis/gnu/aarch64/lin/aarch64-none/bin/../aarch64-xilinx-elf/usr/lib64/]
  ignore line: [COLLECT_GCC_OPTIONS='--sysroot=/home/kuszman/Xilinx/2025.2/Vitis/gnu/aarch64/lin/aarch64-none/bin/../aarch64-xilinx-elf' '-mbranch-protection=none' '-D' 'SDT' '-MMD' '-MP' '-specs=/home/kuszman/Magisterka/Intelligent-Vibroacoustic-Machine-Diagnostic-System-on-FPGA/ethernet/vitis/eth_platform/zynqmp_fsbl/zynqmp_fsbl_bsp/Xilinx.spec' '-Os' '-flto' '-ffat-lto-objects' '-D' 'ARMA53_64' '-I' '/home/kuszman/Magisterka/Intelligent-Vibroacoustic-Machine-Diagnostic-System-on-FPGA/ethernet/vitis/eth_platform/zynqmp_fsbl/zynqmp_fsbl_bsp/include' '-v' '-o' 'cmTC_fbb0e' '-march=armv8-a' '-mlittle-endian' '-mabi=lp64' '-dumpdir' 'cmTC_fbb0e.']
  link line: [ /home/kuszman/Xilinx/2025.2/gnu/aarch64/lin/aarch64-none/x86_64-oesdk-linux/usr/bin/aarch64-xilinx-elf/../../libexec/aarch64-xilinx-elf/gcc/aarch64-xilinx-elf/13.3.0/collect2 -plugin /home/kuszman/Xilinx/2025.2/gnu/aarch64/lin/aarch64-none/x86_64-oesdk-linux/usr/bin/aarch64-xilinx-elf/../../libexec/aarch64-xilinx-elf/gcc/aarch64-xilinx-elf/13.3.0/liblto_plugin.so -plugin-opt=/home/kuszman/Xilinx/2025.2/gnu/aarch64/lin/aarch64-none/x86_64-oesdk-linux/usr/bin/aarch64-xilinx-elf/../../libexec/aarch64-xilinx-elf/gcc/aarch64-xilinx-elf/13.3.0/lto-wrapper -plugin-opt=-fresolution=/tmp/ccU5i9Qt.res -plugin-opt=-pass-through=-lgcc -plugin-opt=-pass-through=-lc -plugin-opt=-pass-through=-lgcc -flto --sysroot=/home/kuszman/Xilinx/2025.2/Vitis/gnu/aarch64/lin/aarch64-none/bin/../aarch64-xilinx-elf --build-id -EL -X -maarch64elf -o cmTC_fbb0e /home/kuszman/Xilinx/2025.2/Vitis/gnu/aarch64/lin/aarch64-none/bin/../aarch64-xilinx-elf/usr/lib64/aarch64-xilinx-elf/13.3.0/crti.o /home/kuszman/Xilinx/2025.2/Vitis/gnu/aarch64/lin/aarch64-none/bin/../aarch64-xilinx-elf/usr/lib64/aarch64-xilinx-elf/13.3.0/crtbegin.o -L/home/kuszman/Xilinx/2025.2/gnu/aarch64/lin/aarch64-none/x86_64-oesdk-linux/usr/bin/aarch64-xilinx-elf/../../lib/aarch64-xilinx-elf/gcc/aarch64-xilinx-elf/13.3.0 -L/home/kuszman/Xilinx/2025.2/gnu/aarch64/lin/aarch64-none/x86_64-oesdk-linux/usr/bin/aarch64-xilinx-elf/../../lib/aarch64-xilinx-elf/gcc -L/home/kuszman/Xilinx/2025.2/Vitis/gnu/aarch64/lin/aarch64-none/bin/../aarch64-xilinx-elf/usr/lib64/aarch64-xilinx-elf/13.3.0 -L/home/kuszman/Xilinx/2025.2/Vitis/gnu/aarch64/lin/aarch64-none/bin/../aarch64-xilinx-elf/usr/lib64 --no-warn-rwx-segment CMakeFiles/cmTC_fbb0e.dir/CMakeCCompilerABI.c.obj -lgcc -lc -lgcc /home/kuszman/Xilinx/2025.2/Vitis/gnu/aarch64/lin/aarch64-none/bin/../aarch64-xilinx-elf/usr/lib64/aarch64-xilinx-elf/13.3.0/crtend.o /home/kuszman/Xilinx/2025.2/Vitis/gnu/aarch64/lin/aarch64-none/bin/../aarch64-xilinx-elf/usr/lib64/aarch64-xilinx-elf/13.3.0/crtn.o]
    arg [/home/kuszman/Xilinx/2025.2/gnu/aarch64/lin/aarch64-none/x86_64-oesdk-linux/usr/bin/aarch64-xilinx-elf/../../libexec/aarch64-xilinx-elf/gcc/aarch64-xilinx-elf/13.3.0/collect2] ==> ignore
    arg [-plugin] ==> ignore
    arg [/home/kuszman/Xilinx/2025.2/gnu/aarch64/lin/aarch64-none/x86_64-oesdk-linux/usr/bin/aarch64-xilinx-elf/../../libexec/aarch64-xilinx-elf/gcc/aarch64-xilinx-elf/13.3.0/liblto_plugin.so] ==> ignore
    arg [-plugin-opt=/home/kuszman/Xilinx/2025.2/gnu/aarch64/lin/aarch64-none/x86_64-oesdk-linux/usr/bin/aarch64-xilinx-elf/../../libexec/aarch64-xilinx-elf/gcc/aarch64-xilinx-elf/13.3.0/lto-wrapper] ==> ignore
    arg [-plugin-opt=-fresolution=/tmp/ccU5i9Qt.res] ==> ignore
    arg [-plugin-opt=-pass-through=-lgcc] ==> ignore
    arg [-plugin-opt=-pass-through=-lc] ==> ignore
    arg [-plugin-opt=-pass-through=-lgcc] ==> ignore
    arg [-flto] ==> ignore
    arg [--sysroot=/home/kuszman/Xilinx/2025.2/Vitis/gnu/aarch64/lin/aarch64-none/bin/../aarch64-xilinx-elf] ==> ignore
    arg [--build-id] ==> ignore
    arg [-EL] ==> ignore
    arg [-X] ==> ignore
    arg [-maarch64elf] ==> ignore
    arg [-o] ==> ignore
    arg [cmTC_fbb0e] ==> ignore
    arg [/home/kuszman/Xilinx/2025.2/Vitis/gnu/aarch64/lin/aarch64-none/bin/../aarch64-xilinx-elf/usr/lib64/aarch64-xilinx-elf/13.3.0/crti.o] ==> obj [/home/kuszman/Xilinx/2025.2/Vitis/gnu/aarch64/lin/aarch64-none/bin/../aarch64-xilinx-elf/usr/lib64/aarch64-xilinx-elf/13.3.0/crti.o]
    arg [/home/kuszman/Xilinx/2025.2/Vitis/gnu/aarch64/lin/aarch64-none/bin/../aarch64-xilinx-elf/usr/lib64/aarch64-xilinx-elf/13.3.0/crtbegin.o] ==> obj [/home/kuszman/Xilinx/2025.2/Vitis/gnu/aarch64/lin/aarch64-none/bin/../aarch64-xilinx-elf/usr/lib64/aarch64-xilinx-elf/13.3.0/crtbegin.o]
    arg [-L/home/kuszman/Xilinx/2025.2/gnu/aarch64/lin/aarch64-none/x86_64-oesdk-linux/usr/bin/aarch64-xilinx-elf/../../lib/aarch64-xilinx-elf/gcc/aarch64-xilinx-elf/13.3.0] ==> dir [/home/kuszman/Xilinx/2025.2/gnu/aarch64/lin/aarch64-none/x86_64-oesdk-linux/usr/bin/aarch64-xilinx-elf/../../lib/aarch64-xilinx-elf/gcc/aarch64-xilinx-elf/13.3.0]
    arg [-L/home/kuszman/Xilinx/2025.2/gnu/aarch64/lin/aarch64-none/x86_64-oesdk-linux/usr/bin/aarch64-xilinx-elf/../../lib/aarch64-xilinx-elf/gcc] ==> dir [/home/kuszman/Xilinx/2025.2/gnu/aarch64/lin/aarch64-none/x86_64-oesdk-linux/usr/bin/aarch64-xilinx-elf/../../lib/aarch64-xilinx-elf/gcc]
    arg [-L/home/kuszman/Xilinx/2025.2/Vitis/gnu/aarch64/lin/aarch64-none/bin/../aarch64-xilinx-elf/usr/lib64/aarch64-xilinx-elf/13.3.0] ==> dir [/home/kuszman/Xilinx/2025.2/Vitis/gnu/aarch64/lin/aarch64-none/bin/../aarch64-xilinx-elf/usr/lib64/aarch64-xilinx-elf/13.3.0]
    arg [-L/home/kuszman/Xilinx/2025.2/Vitis/gnu/aarch64/lin/aarch64-none/bin/../aarch64-xilinx-elf/usr/lib64] ==> dir [/home/kuszman/Xilinx/2025.2/Vitis/gnu/aarch64/lin/aarch64-none/bin/../aarch64-xilinx-elf/usr/lib64]
    arg [--no-warn-rwx-segment] ==> ignore
    arg [CMakeFiles/cmTC_fbb0e.dir/CMakeCCompilerABI.c.obj] ==> ignore
    arg [-lgcc] ==> lib [gcc]
    arg [-lc] ==> lib [c]
    arg [-lgcc] ==> lib [gcc]
    arg [/home/kuszman/Xilinx/2025.2/Vitis/gnu/aarch64/lin/aarch64-none/bin/../aarch64-xilinx-elf/usr/lib64/aarch64-xilinx-elf/13.3.0/crtend.o] ==> obj [/home/kuszman/Xilinx/2025.2/Vitis/gnu/aarch64/lin/aarch64-none/bin/../aarch64-xilinx-elf/usr/lib64/aarch64-xilinx-elf/13.3.0/crtend.o]
    arg [/home/kuszman/Xilinx/2025.2/Vitis/gnu/aarch64/lin/aarch64-none/bin/../aarch64-xilinx-elf/usr/lib64/aarch64-xilinx-elf/13.3.0/crtn.o] ==> obj [/home/kuszman/Xilinx/2025.2/Vitis/gnu/aarch64/lin/aarch64-none/bin/../aarch64-xilinx-elf/usr/lib64/aarch64-xilinx-elf/13.3.0/crtn.o]
  collapse obj [/home/kuszman/Xilinx/2025.2/Vitis/gnu/aarch64/lin/aarch64-none/bin/../aarch64-xilinx-elf/usr/lib64/aarch64-xilinx-elf/13.3.0/crti.o] ==> [/home/kuszman/Xilinx/2025.2/Vitis/gnu/aarch64/lin/aarch64-none/aarch64-xilinx-elf/usr/lib64/aarch64-xilinx-elf/13.3.0/crti.o]
  collapse obj [/home/kuszman/Xilinx/2025.2/Vitis/gnu/aarch64/lin/aarch64-none/bin/../aarch64-xilinx-elf/usr/lib64/aarch64-xilinx-elf/13.3.0/crtbegin.o] ==> [/home/kuszman/Xilinx/2025.2/Vitis/gnu/aarch64/lin/aarch64-none/aarch64-xilinx-elf/usr/lib64/aarch64-xilinx-elf/13.3.0/crtbegin.o]
  collapse obj [/home/kuszman/Xilinx/2025.2/Vitis/gnu/aarch64/lin/aarch64-none/bin/../aarch64-xilinx-elf/usr/lib64/aarch64-xilinx-elf/13.3.0/crtend.o] ==> [/home/kuszman/Xilinx/2025.2/Vitis/gnu/aarch64/lin/aarch64-none/aarch64-xilinx-elf/usr/lib64/aarch64-xilinx-elf/13.3.0/crtend.o]
  collapse obj [/home/kuszman/Xilinx/2025.2/Vitis/gnu/aarch64/lin/aarch64-none/bin/../aarch64-xilinx-elf/usr/lib64/aarch64-xilinx-elf/13.3.0/crtn.o] ==> [/home/kuszman/Xilinx/2025.2/Vitis/gnu/aarch64/lin/aarch64-none/aarch64-xilinx-elf/usr/lib64/aarch64-xilinx-elf/13.3.0/crtn.o]
  collapse library dir [/home/kuszman/Xilinx/2025.2/gnu/aarch64/lin/aarch64-none/x86_64-oesdk-linux/usr/bin/aarch64-xilinx-elf/../../lib/aarch64-xilinx-elf/gcc/aarch64-xilinx-elf/13.3.0] ==> [/home/kuszman/Xilinx/2025.2/gnu/aarch64/lin/aarch64-none/x86_64-oesdk-linux/usr/lib/aarch64-xilinx-elf/gcc/aarch64-xilinx-elf/13.3.0]
  collapse library dir [/home/kuszman/Xilinx/2025.2/gnu/aarch64/lin/aarch64-none/x86_64-oesdk-linux/usr/bin/aarch64-xilinx-elf/../../lib/aarch64-xilinx-elf/gcc] ==> [/home/kuszman/Xilinx/2025.2/gnu/aarch64/lin/aarch64-none/x86_64-oesdk-linux/usr/lib/aarch64-xilinx-elf/gcc]
  collapse library dir [/home/kuszman/Xilinx/2025.2/Vitis/gnu/aarch64/lin/aarch64-none/bin/../aarch64-xilinx-elf/usr/lib64/aarch64-xilinx-elf/13.3.0] ==> [/home/kuszman/Xilinx/2025.2/Vitis/gnu/aarch64/lin/aarch64-none/aarch64-xilinx-elf/usr/lib64/aarch64-xilinx-elf/13.3.0]
  collapse library dir [/home/kuszman/Xilinx/2025.2/Vitis/gnu/aarch64/lin/aarch64-none/bin/../aarch64-xilinx-elf/usr/lib64] ==> [/home/kuszman/Xilinx/2025.2/Vitis/gnu/aarch64/lin/aarch64-none/aarch64-xilinx-elf/usr/lib64]
  implicit libs: [gcc;c;gcc]
  implicit objs: [/home/kuszman/Xilinx/2025.2/Vitis/gnu/aarch64/lin/aarch64-none/aarch64-xilinx-elf/usr/lib64/aarch64-xilinx-elf/13.3.0/crti.o;/home/kuszman/Xilinx/2025.2/Vitis/gnu/aarch64/lin/aarch64-none/aarch64-xilinx-elf/usr/lib64/aarch64-xilinx-elf/13.3.0/crtbegin.o;/home/kuszman/Xilinx/2025.2/Vitis/gnu/aarch64/lin/aarch64-none/aarch64-xilinx-elf/usr/lib64/aarch64-xilinx-elf/13.3.0/crtend.o;/home/kuszman/Xilinx/2025.2/Vitis/gnu/aarch64/lin/aarch64-none/aarch64-xilinx-elf/usr/lib64/aarch64-xilinx-elf/13.3.0/crtn.o]
  implicit dirs: [/home/kuszman/Xilinx/2025.2/gnu/aarch64/lin/aarch64-none/x86_64-oesdk-linux/usr/lib/aarch64-xilinx-elf/gcc/aarch64-xilinx-elf/13.3.0;/home/kuszman/Xilinx/2025.2/gnu/aarch64/lin/aarch64-none/x86_64-oesdk-linux/usr/lib/aarch64-xilinx-elf/gcc;/home/kuszman/Xilinx/2025.2/Vitis/gnu/aarch64/lin/aarch64-none/aarch64-xilinx-elf/usr/lib64/aarch64-xilinx-elf/13.3.0;/home/kuszman/Xilinx/2025.2/Vitis/gnu/aarch64/lin/aarch64-none/aarch64-xilinx-elf/usr/lib64]
  implicit fwks: []


Detecting CXX compiler ABI info compiled with the following output:
Change Dir: /home/kuszman/Magisterka/Intelligent-Vibroacoustic-Machine-Diagnostic-System-on-FPGA/ethernet/vitis/eth_platform/zynqmp_fsbl/zynqmp_fsbl_bsp/libsrc/build_configs/gen_bsp/CMakeFiles/CMakeTmp

Run Build Command(s):/home/kuszman/Xilinx/2025.2/Vitis/bin/ninja cmTC_8f57c && [1/2] Building CXX object CMakeFiles/cmTC_8f57c.dir/CMakeCXXCompilerABI.cpp.obj
Using built-in specs.
Reading specs from /home/kuszman/Magisterka/Intelligent-Vibroacoustic-Machine-Diagnostic-System-on-FPGA/ethernet/vitis/eth_platform/zynqmp_fsbl/zynqmp_fsbl_bsp/Xilinx.spec
COLLECT_GCC=/home/kuszman/Xilinx/2025.2/Vitis/gnu/aarch64/lin/aarch64-none/bin/../x86_64-oesdk-linux/usr/bin/aarch64-xilinx-elf/aarch64-xilinx-elf-g++.real
Target: aarch64-xilinx-elf
Configured with: ../../../../../../work-shared/gcc-13.3.0-r0/gcc-13.3.0/configure --build=x86_64-linux --host=x86_64-oesdk-linux --target=aarch64-xilinx-elf --prefix=/usr/local/oe-sdk-hardcoded-buildpath/sysroots/x86_64-oesdk-linux/usr --exec_prefix=/usr/local/oe-sdk-hardcoded-buildpath/sysroots/x86_64-oesdk-linux/usr --bindir=/usr/local/oe-sdk-hardcoded-buildpath/sysroots/x86_64-oesdk-linux/usr/bin/aarch64-xilinx-elf --sbindir=/usr/local/oe-sdk-hardcoded-buildpath/sysroots/x86_64-oesdk-linux/usr/bin/aarch64-xilinx-elf --libexecdir=/usr/local/oe-sdk-hardcoded-buildpath/sysroots/x86_64-oesdk-linux/usr/libexec/aarch64-xilinx-elf --datadir=/usr/local/oe-sdk-hardcoded-buildpath/sysroots/x86_64-oesdk-linux/usr/share --sysconfdir=/usr/local/oe-sdk-hardcoded-buildpath/sysroots/x86_64-oesdk-linux/etc --sharedstatedir=/usr/local/oe-sdk-hardcoded-buildpath/sysroots/x86_64-oesdk-linux/com --localstatedir=/usr/local/oe-sdk-hardcoded-buildpath/sysroots/x86_64-oesdk-linux/var --libdir=/usr/local/oe-sdk-hardcoded-buildpath/sysroots/x86_64-oesdk-linux/usr/lib/aarch64-xilinx-elf --includedir=/usr/local/oe-sdk-hardcoded-buildpath/sysroots/x86_64-oesdk-linux/usr/include --oldincludedir=/usr/local/oe-sdk-hardcoded-buildpath/sysroots/x86_64-oesdk-linux/usr/include --infodir=/usr/local/oe-sdk-hardcoded-buildpath/sysroots/x86_64-oesdk-linux/usr/share/info --mandir=/usr/local/oe-sdk-hardcoded-buildpath/sysroots/x86_64-oesdk-linux/usr/share/man --disable-silent-rules --disable-dependency-tracking --with-libtool-sysroot=/host --with-gnu-ld --enable-shared --enable-languages=c,c++,fortran --enable-threads=posix --enable-multilib --enable-c99 --enable-long-long --enable-libstdcxx-pch --program-prefix=aarch64-xilinx-elf- --without-local-prefix --disable-install-libiberty --disable-libssp --enable-libitm --enable-lto --disable-bootstrap --with-system-zlib --enable-linker-build-id --with-ppl=no --with-cloog=no --enable-checking=release --enable-cheaders=c_global --without-isl --with-gxx-include-dir=/not/exist/usr/include/c++/13.3.0 --with-build-time-tools=/host-native/usr/aarch64-xilinx-elf/bin --with-sysroot=/not/exist --with-build-sysroot=/host --with-plugin-ld=ld --enable-poison-system-directories --disable-static --enable-nls --with-glibc-version=2.28 --enable-initfini-array --enable-multilib --disable-libstdcxx-pch --with-newlib --disable-threads --enable-plugins --with-gnu-as --disable-libitm --disable-tm-clone-registry --disable-multiarch --with-arch=armv8-a --with-sysroot=/not/exist
Thread model: single
Supported LTO compression algorithms: zlib zstd
gcc version 13.3.0 (GCC) 
COLLECT_GCC_OPTIONS='--sysroot=/home/kuszman/Xilinx/2025.2/Vitis/gnu/aarch64/lin/aarch64-none/bin/../aarch64-xilinx-elf' '-mbranch-protection=none' '-D' 'SDT' '-MMD' '-MP' '-specs=/home/kuszman/Magisterka/Intelligent-Vibroacoustic-Machine-Diagnostic-System-on-FPGA/ethernet/vitis/eth_platform/zynqmp_fsbl/zynqmp_fsbl_bsp/Xilinx.spec' '-Os' '-flto' '-ffat-lto-objects' '-D' 'ARMA53_64' '-I' '/home/kuszman/Magisterka/Intelligent-Vibroacoustic-Machine-Diagnostic-System-on-FPGA/ethernet/vitis/eth_platform/zynqmp_fsbl/zynqmp_fsbl_bsp/include' '-v' '-o' 'CMakeFiles/cmTC_8f57c.dir/CMakeCXXCompilerABI.cpp.obj' '-c' '-march=armv8-a' '-mlittle-endian' '-mabi=lp64' '-dumpdir' 'CMakeFiles/cmTC_8f57c.dir/'
 /home/kuszman/Xilinx/2025.2/gnu/aarch64/lin/aarch64-none/x86_64-oesdk-linux/usr/bin/aarch64-xilinx-elf/../../libexec/aarch64-xilinx-elf/gcc/aarch64-xilinx-elf/13.3.0/cc1plus -quiet -v -I /home/kuszman/Magisterka/Intelligent-Vibroacoustic-Machine-Diagnostic-System-on-FPGA/ethernet/vitis/eth_platform/zynqmp_fsbl/zynqmp_fsbl_bsp/include -iprefix /home/kuszman/Xilinx/2025.2/gnu/aarch64/lin/aarch64-none/x86_64-oesdk-linux/usr/bin/aarch64-xilinx-elf/../../lib/aarch64-xilinx-elf/gcc/aarch64-xilinx-elf/13.3.0/ -isysroot /home/kuszman/Xilinx/2025.2/Vitis/gnu/aarch64/lin/aarch64-none/bin/../aarch64-xilinx-elf -MMD CMakeFiles/cmTC_8f57c.dir/CMakeCXXCompilerABI.cpp.d -MP -MQ CMakeFiles/cmTC_8f57c.dir/CMakeCXXCompilerABI.cpp.obj -D SDT -D ARMA53_64 /home/kuszman/Xilinx/2025.2/tps/lnx64/cmake-3.24.2/share/cmake-3.24/Modules/CMakeCXXCompilerABI.cpp -quiet -dumpdir CMakeFiles/cmTC_8f57c.dir/ -dumpbase CMakeCXXCompilerABI.cpp.cpp -dumpbase-ext .cpp -mbranch-protection=none -march=armv8-a -mlittle-endian -mabi=lp64 -Os -version -flto -ffat-lto-objects -o /tmp/ccrfdq1f.s
GNU C++17 (GCC) version 13.3.0 (aarch64-xilinx-elf)
	compiled by GNU C version 13.3.0, GMP version 6.3.0, MPFR version 4.2.1, MPC version 1.3.1, isl version none
GGC heuristics: --param ggc-min-expand=100 --param ggc-min-heapsize=131072
ignoring nonexistent directory "/home/kuszman/Xilinx/2025.2/gnu/aarch64/lin/aarch64-none/x86_64-oesdk-linux/usr/bin/aarch64-xilinx-elf/../../lib/aarch64-xilinx-elf/gcc/aarch64-xilinx-elf/13.3.0/../../../../../aarch64-xilinx-elf/include"
ignoring duplicate directory "/home/kuszman/Xilinx/2025.2/gnu/aarch64/lin/aarch64-none/x86_64-oesdk-linux/usr/bin/aarch64-xilinx-elf/../../lib/aarch64-xilinx-elf/gcc/../../../lib/aarch64-xilinx-elf/gcc/aarch64-xilinx-elf/13.3.0/include"
ignoring nonexistent directory "/home/kuszman/Xilinx/2025.2/Vitis/gnu/aarch64/lin/aarch64-none/bin/../aarch64-xilinx-elf/usr/lib64/aarch64-xilinx-elf/13.3.0/include"
ignoring nonexistent directory "/home/kuszman/Xilinx/2025.2/Vitis/gnu/aarch64/lin/aarch64-none/bin/../aarch64-xilinx-elf/usr/local/include"
ignoring duplicate directory "/home/kuszman/Xilinx/2025.2/gnu/aarch64/lin/aarch64-none/x86_64-oesdk-linux/usr/bin/aarch64-xilinx-elf/../../lib/aarch64-xilinx-elf/gcc/../../../lib/aarch64-xilinx-elf/gcc/aarch64-xilinx-elf/13.3.0/include-fixed"
ignoring nonexistent directory "/home/kuszman/Xilinx/2025.2/gnu/aarch64/lin/aarch64-none/x86_64-oesdk-linux/usr/bin/aarch64-xilinx-elf/../../lib/aarch64-xilinx-elf/gcc/../../../lib/aarch64-xilinx-elf/gcc/aarch64-xilinx-elf/13.3.0/../../../../../aarch64-xilinx-elf/include"
#include "..." search starts here:
#include <...> search starts here:
 /home/kuszman/Magisterka/Intelligent-Vibroacoustic-Machine-Diagnostic-System-on-FPGA/ethernet/vitis/eth_platform/zynqmp_fsbl/zynqmp_fsbl_bsp/include
 /home/kuszman/Xilinx/2025.2/gnu/aarch64/lin/aarch64-none/x86_64-oesdk-linux/usr/bin/aarch64-xilinx-elf/../../lib/aarch64-xilinx-elf/gcc/aarch64-xilinx-elf/13.3.0/include
 /home/kuszman/Xilinx/2025.2/gnu/aarch64/lin/aarch64-none/x86_64-oesdk-linux/usr/bin/aarch64-xilinx-elf/../../lib/aarch64-xilinx-elf/gcc/aarch64-xilinx-elf/13.3.0/include-fixed
 /home/kuszman/Xilinx/2025.2/Vitis/gnu/aarch64/lin/aarch64-none/bin/../aarch64-xilinx-elf/usr/include/c++/13.3.0
 /home/kuszman/Xilinx/2025.2/Vitis/gnu/aarch64/lin/aarch64-none/bin/../aarch64-xilinx-elf/usr/include/c++/13.3.0/aarch64-xilinx-elf
 /home/kuszman/Xilinx/2025.2/Vitis/gnu/aarch64/lin/aarch64-none/bin/../aarch64-xilinx-elf/usr/include/c++/13.3.0/backward
 /home/kuszman/Xilinx/2025.2/Vitis/gnu/aarch64/lin/aarch64-none/bin/../aarch64-xilinx-elf/usr/include/
End of search list.
Compiler executable checksum: ad182f738cfb6404092bcf9bf3548eda
COLLECT_GCC_OPTIONS='--sysroot=/home/kuszman/Xilinx/2025.2/Vitis/gnu/aarch64/lin/aarch64-none/bin/../aarch64-xilinx-elf' '-mbranch-protection=none' '-D' 'SDT' '-MMD' '-MP' '-specs=/home/kuszman/Magisterka/Intelligent-Vibroacoustic-Machine-Diagnostic-System-on-FPGA/ethernet/vitis/eth_platform/zynqmp_fsbl/zynqmp_fsbl_bsp/Xilinx.spec' '-Os' '-flto' '-ffat-lto-objects' '-D' 'ARMA53_64' '-I' '/home/kuszman/Magisterka/Intelligent-Vibroacoustic-Machine-Diagnostic-System-on-FPGA/ethernet/vitis/eth_platform/zynqmp_fsbl/zynqmp_fsbl_bsp/include' '-v' '-o' 'CMakeFiles/cmTC_8f57c.dir/CMakeCXXCompilerABI.cpp.obj' '-c' '-march=armv8-a' '-mlittle-endian' '-mabi=lp64' '-dumpdir' 'CMakeFiles/cmTC_8f57c.dir/'
 /home/kuszman/Xilinx/2025.2/gnu/aarch64/lin/aarch64-none/x86_64-oesdk-linux/usr/bin/aarch64-xilinx-elf/../../libexec/aarch64-xilinx-elf/gcc/aarch64-xilinx-elf/13.3.0/as -v -I /home/kuszman/Magisterka/Intelligent-Vibroacoustic-Machine-Diagnostic-System-on-FPGA/ethernet/vitis/eth_platform/zynqmp_fsbl/zynqmp_fsbl_bsp/include -EL -march=armv8-a -mabi=lp64 -o CMakeFiles/cmTC_8f57c.dir/CMakeCXXCompilerABI.cpp.obj /tmp/ccrfdq1f.s
GNU assembler version 2.42.0 (aarch64-xilinx-elf) using BFD version (GNU Binutils) 2.42.0.20240723
COMPILER_PATH=/home/kuszman/Xilinx/2025.2/gnu/aarch64/lin/aarch64-none/x86_64-oesdk-linux/usr/bin/aarch64-xilinx-elf/../../libexec/aarch64-xilinx-elf/gcc/aarch64-xilinx-elf/13.3.0/:/home/kuszman/Xilinx/2025.2/gnu/aarch64/lin/aarch64-none/x86_64-oesdk-linux/usr/bin/aarch64-xilinx-elf/../../libexec/aarch64-xilinx-elf/gcc/
LIBRARY_PATH=/home/kuszman/Xilinx/2025.2/gnu/aarch64/lin/aarch64-none/x86_64-oesdk-linux/usr/bin/aarch64-xilinx-elf/../../lib/aarch64-xilinx-elf/gcc/aarch64-xilinx-elf/13.3.0/:/home/kuszman/Xilinx/2025.2/gnu/aarch64/lin/aarch64-none/x86_64-oesdk-linux/usr/bin/aarch64-xilinx-elf/../../lib/aarch64-xilinx-elf/gcc/:/home/kuszman/Xilinx/2025.2/Vitis/gnu/aarch64/lin/aarch64-none/bin/../aarch64-xilinx-elf/usr/lib64/aarch64-xilinx-elf/13.3.0/:/home/kuszman/Xilinx/2025.2/Vitis/gnu/aarch64/lin/aarch64-none/bin/../aarch64-xilinx-elf/usr/lib64/
COLLECT_GCC_OPTIONS='--sysroot=/home/kuszman/Xilinx/2025.2/Vitis/gnu/aarch64/lin/aarch64-none/bin/../aarch64-xilinx-elf' '-mbranch-protection=none' '-D' 'SDT' '-MMD' '-MP' '-specs=/home/kuszman/Magisterka/Intelligent-Vibroacoustic-Machine-Diagnostic-System-on-FPGA/ethernet/vitis/eth_platform/zynqmp_fsbl/zynqmp_fsbl_bsp/Xilinx.spec' '-Os' '-flto' '-ffat-lto-objects' '-D' 'ARMA53_64' '-I' '/home/kuszman/Magisterka/Intelligent-Vibroacoustic-Machine-Diagnostic-System-on-FPGA/ethernet/vitis/eth_platform/zynqmp_fsbl/zynqmp_fsbl_bsp/include' '-v' '-o' 'CMakeFiles/cmTC_8f57c.dir/CMakeCXXCompilerABI.cpp.obj' '-c' '-march=armv8-a' '-mlittle-endian' '-mabi=lp64' '-dumpdir' 'CMakeFiles/cmTC_8f57c.dir/CMakeCXXCompilerABI.cpp.'
[2/2] Linking CXX executable cmTC_8f57c
Using built-in specs.
Reading specs from /home/kuszman/Magisterka/Intelligent-Vibroacoustic-Machine-Diagnostic-System-on-FPGA/ethernet/vitis/eth_platform/zynqmp_fsbl/zynqmp_fsbl_bsp/Xilinx.spec
COLLECT_GCC=/home/kuszman/Xilinx/2025.2/Vitis/gnu/aarch64/lin/aarch64-none/bin/../x86_64-oesdk-linux/usr/bin/aarch64-xilinx-elf/aarch64-xilinx-elf-g++.real
COLLECT_LTO_WRAPPER=/home/kuszman/Xilinx/2025.2/gnu/aarch64/lin/aarch64-none/x86_64-oesdk-linux/usr/bin/aarch64-xilinx-elf/../../libexec/aarch64-xilinx-elf/gcc/aarch64-xilinx-elf/13.3.0/lto-wrapper
Target: aarch64-xilinx-elf
Configured with: ../../../../../../work-shared/gcc-13.3.0-r0/gcc-13.3.0/configure --build=x86_64-linux --host=x86_64-oesdk-linux --target=aarch64-xilinx-elf --prefix=/usr/local/oe-sdk-hardcoded-buildpath/sysroots/x86_64-oesdk-linux/usr --exec_prefix=/usr/local/oe-sdk-hardcoded-buildpath/sysroots/x86_64-oesdk-linux/usr --bindir=/usr/local/oe-sdk-hardcoded-buildpath/sysroots/x86_64-oesdk-linux/usr/bin/aarch64-xilinx-elf --sbindir=/usr/local/oe-sdk-hardcoded-buildpath/sysroots/x86_64-oesdk-linux/usr/bin/aarch64-xilinx-elf --libexecdir=/usr/local/oe-sdk-hardcoded-buildpath/sysroots/x86_64-oesdk-linux/usr/libexec/aarch64-xilinx-elf --datadir=/usr/local/oe-sdk-hardcoded-buildpath/sysroots/x86_64-oesdk-linux/usr/share --sysconfdir=/usr/local/oe-sdk-hardcoded-buildpath/sysroots/x86_64-oesdk-linux/etc --sharedstatedir=/usr/local/oe-sdk-hardcoded-buildpath/sysroots/x86_64-oesdk-linux/com --localstatedir=/usr/local/oe-sdk-hardcoded-buildpath/sysroots/x86_64-oesdk-linux/var --libdir=/usr/local/oe-sdk-hardcoded-buildpath/sysroots/x86_64-oesdk-linux/usr/lib/aarch64-xilinx-elf --includedir=/usr/local/oe-sdk-hardcoded-buildpath/sysroots/x86_64-oesdk-linux/usr/include --oldincludedir=/usr/local/oe-sdk-hardcoded-buildpath/sysroots/x86_64-oesdk-linux/usr/include --infodir=/usr/local/oe-sdk-hardcoded-buildpath/sysroots/x86_64-oesdk-linux/usr/share/info --mandir=/usr/local/oe-sdk-hardcoded-buildpath/sysroots/x86_64-oesdk-linux/usr/share/man --disable-silent-rules --disable-dependency-tracking --with-libtool-sysroot=/host --with-gnu-ld --enable-shared --enable-languages=c,c++,fortran --enable-threads=posix --enable-multilib --enable-c99 --enable-long-long --enable-libstdcxx-pch --program-prefix=aarch64-xilinx-elf- --without-local-prefix --disable-install-libiberty --disable-libssp --enable-libitm --enable-lto --disable-bootstrap --with-system-zlib --enable-linker-build-id --with-ppl=no --with-cloog=no --enable-checking=release --enable-cheaders=c_global --without-isl --with-gxx-include-dir=/not/exist/usr/include/c++/13.3.0 --with-build-time-tools=/host-native/usr/aarch64-xilinx-elf/bin --with-sysroot=/not/exist --with-build-sysroot=/host --with-plugin-ld=ld --enable-poison-system-directories --disable-static --enable-nls --with-glibc-version=2.28 --enable-initfini-array --enable-multilib --disable-libstdcxx-pch --with-newlib --disable-threads --enable-plugins --with-gnu-as --disable-libitm --disable-tm-clone-registry --disable-multiarch --with-arch=armv8-a --with-sysroot=/not/exist
Thread model: single
Supported LTO compression algorithms: zlib zstd
gcc version 13.3.0 (GCC) 
COMPILER_PATH=/home/kuszman/Xilinx/2025.2/gnu/aarch64/lin/aarch64-none/x86_64-oesdk-linux/usr/bin/aarch64-xilinx-elf/../../libexec/aarch64-xilinx-elf/gcc/aarch64-xilinx-elf/13.3.0/:/home/kuszman/Xilinx/2025.2/gnu/aarch64/lin/aarch64-none/x86_64-oesdk-linux/usr/bin/aarch64-xilinx-elf/../../libexec/aarch64-xilinx-elf/gcc/
LIBRARY_PATH=/home/kuszman/Xilinx/2025.2/gnu/aarch64/lin/aarch64-none/x86_64-oesdk-linux/usr/bin/aarch64-xilinx-elf/../../lib/aarch64-xilinx-elf/gcc/aarch64-xilinx-elf/13.3.0/:/home/kuszman/Xilinx/2025.2/gnu/aarch64/lin/aarch64-none/x86_64-oesdk-linux/usr/bin/aarch64-xilinx-elf/../../lib/aarch64-xilinx-elf/gcc/:/home/kuszman/Xilinx/2025.2/Vitis/gnu/aarch64/lin/aarch64-none/bin/../aarch64-xilinx-elf/usr/lib64/aarch64-xilinx-elf/13.3.0/:/home/kuszman/Xilinx/2025.2/Vitis/gnu/aarch64/lin/aarch64-none/bin/../aarch64-xilinx-elf/usr/lib64/
COLLECT_GCC_OPTIONS='--sysroot=/home/kuszman/Xilinx/2025.2/Vitis/gnu/aarch64/lin/aarch64-none/bin/../aarch64-xilinx-elf' '-mbranch-protection=none' '-D' 'SDT' '-MMD' '-MP' '-specs=/home/kuszman/Magisterka/Intelligent-Vibroacoustic-Machine-Diagnostic-System-on-FPGA/ethernet/vitis/eth_platform/zynqmp_fsbl/zynqmp_fsbl_bsp/Xilinx.spec' '-Os' '-flto' '-ffat-lto-objects' '-D' 'ARMA53_64' '-I' '/home/kuszman/Magisterka/Intelligent-Vibroacoustic-Machine-Diagnostic-System-on-FPGA/ethernet/vitis/eth_platform/zynqmp_fsbl/zynqmp_fsbl_bsp/include' '-v' '-o' 'cmTC_8f57c' '-march=armv8-a' '-mlittle-endian' '-mabi=lp64' '-dumpdir' 'cmTC_8f57c.'
 /home/kuszman/Xilinx/2025.2/gnu/aarch64/lin/aarch64-none/x86_64-oesdk-linux/usr/bin/aarch64-xilinx-elf/../../libexec/aarch64-xilinx-elf/gcc/aarch64-xilinx-elf/13.3.0/collect2 -plugin /home/kuszman/Xilinx/2025.2/gnu/aarch64/lin/aarch64-none/x86_64-oesdk-linux/usr/bin/aarch64-xilinx-elf/../../libexec/aarch64-xilinx-elf/gcc/aarch64-xilinx-elf/13.3.0/liblto_plugin.so -plugin-opt=/home/kuszman/Xilinx/2025.2/gnu/aarch64/lin/aarch64-none/x86_64-oesdk-linux/usr/bin/aarch64-xilinx-elf/../../libexec/aarch64-xilinx-elf/gcc/aarch64-xilinx-elf/13.3.0/lto-wrapper -plugin-opt=-fresolution=/tmp/ccI1YOS9.res -plugin-opt=-pass-through=-lgcc -plugin-opt=-pass-through=-lc -plugin-opt=-pass-through=-lgcc -flto --sysroot=/home/kuszman/Xilinx/2025.2/Vitis/gnu/aarch64/lin/aarch64-none/bin/../aarch64-xilinx-elf --build-id -EL -X -maarch64elf -o cmTC_8f57c /home/kuszman/Xilinx/2025.2/Vitis/gnu/aarch64/lin/aarch64-none/bin/../aarch64-xilinx-elf/usr/lib64/aarch64-xilinx-elf/13.3.0/crti.o /home/kuszman/Xilinx/2025.2/Vitis/gnu/aarch64/lin/aarch64-none/bin/../aarch64-xilinx-elf/usr/lib64/aarch64-xilinx-elf/13.3.0/crtbegin.o -L/home/kuszman/Xilinx/2025.2/gnu/aarch64/lin/aarch64-none/x86_64-oesdk-linux/usr/bin/aarch64-xilinx-elf/../../lib/aarch64-xilinx-elf/gcc/aarch64-xilinx-elf/13.3.0 -L/home/kuszman/Xilinx/2025.2/gnu/aarch64/lin/aarch64-none/x86_64-oesdk-linux/usr/bin/aarch64-xilinx-elf/../../lib/aarch64-xilinx-elf/gcc -L/home/kuszman/Xilinx/2025.2/Vitis/gnu/aarch64/lin/aarch64-none/bin/../aarch64-xilinx-elf/usr/lib64/aarch64-xilinx-elf/13.3.0 -L/home/kuszman/Xilinx/2025.2/Vitis/gnu/aarch64/lin/aarch64-none/bin/../aarch64-xilinx-elf/usr/lib64 --no-warn-rwx-segment CMakeFiles/cmTC_8f57c.dir/CMakeCXXCompilerABI.cpp.obj -lstdc++ -lm -lgcc -lc -lgcc /home/kuszman/Xilinx/2025.2/Vitis/gnu/aarch64/lin/aarch64-none/bin/../aarch64-xilinx-elf/usr/lib64/aarch64-xilinx-elf/13.3.0/crtend.o /home/kuszman/Xilinx/2025.2/Vitis/gnu/aarch64/lin/aarch64-none/bin/../aarch64-xilinx-elf/usr/lib64/aarch64-xilinx-elf/13.3.0/crtn.o
/home/kuszman/Xilinx/2025.2/gnu/aarch64/lin/aarch64-none/x86_64-oesdk-linux/usr/bin/aarch64-xilinx-elf/../../libexec/aarch64-xilinx-elf/gcc/aarch64-xilinx-elf/13.3.0/lto-wrapper -fresolution=/tmp/ccI1YOS9.res -flinker-output=exec CMakeFiles/cmTC_8f57c.dir/CMakeCXXCompilerABI.cpp.obj 
/home/kuszman/Xilinx/2025.2/gnu/aarch64/lin/aarch64-none/x86_64-oesdk-linux/usr/bin/aarch64-xilinx-elf/../../libexec/aarch64-xilinx-elf/gcc/aarch64-xilinx-elf/13.3.0/lto-wrapper.real -fresolution=/tmp/ccI1YOS9.res -flinker-output=exec CMakeFiles/cmTC_8f57c.dir/CMakeCXXCompilerABI.cpp.obj 
/home/kuszman/Xilinx/2025.2/Vitis/gnu/aarch64/lin/aarch64-none/bin/../x86_64-oesdk-linux/usr/bin/aarch64-xilinx-elf/aarch64-xilinx-elf-g++ @/tmp/ccavNSG7
Using built-in specs.
Reading specs from /home/kuszman/Magisterka/Intelligent-Vibroacoustic-Machine-Diagnostic-System-on-FPGA/ethernet/vitis/eth_platform/zynqmp_fsbl/zynqmp_fsbl_bsp/Xilinx.spec
COLLECT_GCC=/home/kuszman/Xilinx/2025.2/Vitis/gnu/aarch64/lin/aarch64-none/bin/../x86_64-oesdk-linux/usr/bin/aarch64-xilinx-elf/aarch64-xilinx-elf-g++.real
Target: aarch64-xilinx-elf
Configured with: ../../../../../../work-shared/gcc-13.3.0-r0/gcc-13.3.0/configure --build=x86_64-linux --host=x86_64-oesdk-linux --target=aarch64-xilinx-elf --prefix=/usr/local/oe-sdk-hardcoded-buildpath/sysroots/x86_64-oesdk-linux/usr --exec_prefix=/usr/local/oe-sdk-hardcoded-buildpath/sysroots/x86_64-oesdk-linux/usr --bindir=/usr/local/oe-sdk-hardcoded-buildpath/sysroots/x86_64-oesdk-linux/usr/bin/aarch64-xilinx-elf --sbindir=/usr/local/oe-sdk-hardcoded-buildpath/sysroots/x86_64-oesdk-linux/usr/bin/aarch64-xilinx-elf --libexecdir=/usr/local/oe-sdk-hardcoded-buildpath/sysroots/x86_64-oesdk-linux/usr/libexec/aarch64-xilinx-elf --datadir=/usr/local/oe-sdk-hardcoded-buildpath/sysroots/x86_64-oesdk-linux/usr/share --sysconfdir=/usr/local/oe-sdk-hardcoded-buildpath/sysroots/x86_64-oesdk-linux/etc --sharedstatedir=/usr/local/oe-sdk-hardcoded-buildpath/sysroots/x86_64-oesdk-linux/com --localstatedir=/usr/local/oe-sdk-hardcoded-buildpath/sysroots/x86_64-oesdk-linux/var --libdir=/usr/local/oe-sdk-hardcoded-buildpath/sysroots/x86_64-oesdk-linux/usr/lib/aarch64-xilinx-elf --includedir=/usr/local/oe-sdk-hardcoded-buildpath/sysroots/x86_64-oesdk-linux/usr/include --oldincludedir=/usr/local/oe-sdk-hardcoded-buildpath/sysroots/x86_64-oesdk-linux/usr/include --infodir=/usr/local/oe-sdk-hardcoded-buildpath/sysroots/x86_64-oesdk-linux/usr/share/info --mandir=/usr/local/oe-sdk-hardcoded-buildpath/sysroots/x86_64-oesdk-linux/usr/share/man --disable-silent-rules --disable-dependency-tracking --with-libtool-sysroot=/host --with-gnu-ld --enable-shared --enable-languages=c,c++,fortran --enable-threads=posix --enable-multilib --enable-c99 --enable-long-long --enable-libstdcxx-pch --program-prefix=aarch64-xilinx-elf- --without-local-prefix --disable-install-libiberty --disable-libssp --enable-libitm --enable-lto --disable-bootstrap --with-system-zlib --enable-linker-build-id --with-ppl=no --with-cloog=no --enable-checking=release --enable-cheaders=c_global --without-isl --with-gxx-include-dir=/not/exist/usr/include/c++/13.3.0 --with-build-time-tools=/host-native/usr/aarch64-xilinx-elf/bin --with-sysroot=/not/exist --with-build-sysroot=/host --with-plugin-ld=ld --enable-poison-system-directories --disable-static --enable-nls --with-glibc-version=2.28 --enable-initfini-array --enable-multilib --disable-libstdcxx-pch --with-newlib --disable-threads --enable-plugins --with-gnu-as --disable-libitm --disable-tm-clone-registry --disable-multiarch --with-arch=armv8-a --with-sysroot=/not/exist
Thread model: single
Supported LTO compression algorithms: zlib zstd
gcc version 13.3.0 (GCC) 
COLLECT_GCC_OPTIONS='-c' '-fno-openmp' '-fno-openacc' '-fno-pie' '-fcf-protection=none' '-mbranch-protection=none' '-mlittle-endian' '-mabi=lp64' '-Os' '--sysroot=/home/kuszman/Xilinx/2025.2/Vitis/gnu/aarch64/lin/aarch64-none/bin/../aarch64-xilinx-elf' '-mbranch-protection=none' '-specs=/home/kuszman/Magisterka/Intelligent-Vibroacoustic-Machine-Diagnostic-System-on-FPGA/ethernet/vitis/eth_platform/zynqmp_fsbl/zynqmp_fsbl_bsp/Xilinx.spec' '-Os' '-ffat-lto-objects' '-v' '-march=armv8-a' '-mlittle-endian' '-mabi=lp64'   '-fltrans-output-list=/tmp/ccq6LYfH.ltrans.out' '-fwpa' '-fresolution=/tmp/ccI1YOS9.res' '-flinker-output=exec'
 /home/kuszman/Xilinx/2025.2/gnu/aarch64/lin/aarch64-none/x86_64-oesdk-linux/usr/bin/aarch64-xilinx-elf/../../lib/aarch64-xilinx-elf/gcc/../../../libexec/aarch64-xilinx-elf/gcc/aarch64-xilinx-elf/13.3.0/lto1 -quiet -dumpbase ./cmTC_8f57c.wpa -mbranch-protection=none -mlittle-endian -mabi=lp64 -mbranch-protection=none -march=armv8-a -mlittle-endian -mabi=lp64 -Os -Os -version -fno-openmp -fno-openacc -fno-pie -fcf-protection=none -ffat-lto-objects -fltrans-output-list=/tmp/ccq6LYfH.ltrans.out -fwpa -fresolution=/tmp/ccI1YOS9.res -flinker-output=exec @/tmp/ccLZFycN
GNU GIMPLE (GCC) version 13.3.0 (aarch64-xilinx-elf)
	compiled by GNU C version 13.3.0, GMP version 6.3.0, MPFR version 4.2.1, MPC version 1.3.1, isl version none
GGC heuristics: --param ggc-min-expand=100 --param ggc-min-heapsize=131072
COMPILER_PATH=/home/kuszman/Xilinx/2025.2/gnu/aarch64/lin/aarch64-none/x86_64-oesdk-linux/usr/bin/aarch64-xilinx-elf/../../lib/aarch64-xilinx-elf/gcc/../../../libexec/aarch64-xilinx-elf/gcc/aarch64-xilinx-elf/13.3.0/:/home/kuszman/Xilinx/2025.2/gnu/aarch64/lin/aarch64-none/x86_64-oesdk-linux/usr/bin/aarch64-xilinx-elf/../../lib/aarch64-xilinx-elf/gcc/../../../libexec/aarch64-xilinx-elf/gcc/:/home/kuszman/Xilinx/2025.2/gnu/aarch64/lin/aarch64-none/x86_64-oesdk-linux/usr/bin/aarch64-xilinx-elf/../../libexec/aarch64-xilinx-elf/gcc/aarch64-xilinx-elf/13.3.0/:/home/kuszman/Xilinx/2025.2/gnu/aarch64/lin/aarch64-none/x86_64-oesdk-linux/usr/bin/aarch64-xilinx-elf/../../libexec/aarch64-xilinx-elf/gcc/aarch64-xilinx-elf/13.3.0/:/home/kuszman/Xilinx/2025.2/gnu/aarch64/lin/aarch64-none/x86_64-oesdk-linux/usr/bin/aarch64-xilinx-elf/../../libexec/aarch64-xilinx-elf/gcc/
LIBRARY_PATH=/home/kuszman/Xilinx/2025.2/gnu/aarch64/lin/aarch64-none/x86_64-oesdk-linux/usr/bin/aarch64-xilinx-elf/../../lib/aarch64-xilinx-elf/gcc/aarch64-xilinx-elf/13.3.0/:/home/kuszman/Xilinx/2025.2/gnu/aarch64/lin/aarch64-none/x86_64-oesdk-linux/usr/bin/aarch64-xilinx-elf/../../lib/aarch64-xilinx-elf/gcc/:/home/kuszman/Xilinx/2025.2/Vitis/gnu/aarch64/lin/aarch64-none/bin/../aarch64-xilinx-elf/usr/lib64/aarch64-xilinx-elf/13.3.0/:/home/kuszman/Xilinx/2025.2/Vitis/gnu/aarch64/lin/aarch64-none/bin/../aarch64-xilinx-elf/usr/lib64/
COLLECT_GCC_OPTIONS='-c' '-fno-openmp' '-fno-openacc' '-fno-pie' '-fcf-protection=none' '-mbranch-protection=none' '-mlittle-endian' '-mabi=lp64' '-Os' '--sysroot=/home/kuszman/Xilinx/2025.2/Vitis/gnu/aarch64/lin/aarch64-none/bin/../aarch64-xilinx-elf' '-mbranch-protection=none' '-specs=/home/kuszman/Magisterka/Intelligent-Vibroacoustic-Machine-Diagnostic-System-on-FPGA/ethernet/vitis/eth_platform/zynqmp_fsbl/zynqmp_fsbl_bsp/Xilinx.spec' '-Os' '-ffat-lto-objects' '-v' '-march=armv8-a' '-mlittle-endian' '-mabi=lp64'   '-fltrans-output-list=/tmp/ccq6LYfH.ltrans.out' '-fwpa' '-fresolution=/tmp/ccI1YOS9.res' '-flinker-output=exec' '-dumpdir' './cmTC_8f57c.wpa.'
/home/kuszman/Xilinx/2025.2/Vitis/gnu/aarch64/lin/aarch64-none/bin/../x86_64-oesdk-linux/usr/bin/aarch64-xilinx-elf/aarch64-xilinx-elf-g++ @/tmp/ccK5HfAa
Using built-in specs.
Reading specs from /home/kuszman/Magisterka/Intelligent-Vibroacoustic-Machine-Diagnostic-System-on-FPGA/ethernet/vitis/eth_platform/zynqmp_fsbl/zynqmp_fsbl_bsp/Xilinx.spec
COLLECT_GCC=/home/kuszman/Xilinx/2025.2/Vitis/gnu/aarch64/lin/aarch64-none/bin/../x86_64-oesdk-linux/usr/bin/aarch64-xilinx-elf/aarch64-xilinx-elf-g++.real
Target: aarch64-xilinx-elf
Configured with: ../../../../../../work-shared/gcc-13.3.0-r0/gcc-13.3.0/configure --build=x86_64-linux --host=x86_64-oesdk-linux --target=aarch64-xilinx-elf --prefix=/usr/local/oe-sdk-hardcoded-buildpath/sysroots/x86_64-oesdk-linux/usr --exec_prefix=/usr/local/oe-sdk-hardcoded-buildpath/sysroots/x86_64-oesdk-linux/usr --bindir=/usr/local/oe-sdk-hardcoded-buildpath/sysroots/x86_64-oesdk-linux/usr/bin/aarch64-xilinx-elf --sbindir=/usr/local/oe-sdk-hardcoded-buildpath/sysroots/x86_64-oesdk-linux/usr/bin/aarch64-xilinx-elf --libexecdir=/usr/local/oe-sdk-hardcoded-buildpath/sysroots/x86_64-oesdk-linux/usr/libexec/aarch64-xilinx-elf --datadir=/usr/local/oe-sdk-hardcoded-buildpath/sysroots/x86_64-oesdk-linux/usr/share --sysconfdir=/usr/local/oe-sdk-hardcoded-buildpath/sysroots/x86_64-oesdk-linux/etc --sharedstatedir=/usr/local/oe-sdk-hardcoded-buildpath/sysroots/x86_64-oesdk-linux/com --localstatedir=/usr/local/oe-sdk-hardcoded-buildpath/sysroots/x86_64-oesdk-linux/var --libdir=/usr/local/oe-sdk-hardcoded-buildpath/sysroots/x86_64-oesdk-linux/usr/lib/aarch64-xilinx-elf --includedir=/usr/local/oe-sdk-hardcoded-buildpath/sysroots/x86_64-oesdk-linux/usr/include --oldincludedir=/usr/local/oe-sdk-hardcoded-buildpath/sysroots/x86_64-oesdk-linux/usr/include --infodir=/usr/local/oe-sdk-hardcoded-buildpath/sysroots/x86_64-oesdk-linux/usr/share/info --mandir=/usr/local/oe-sdk-hardcoded-buildpath/sysroots/x86_64-oesdk-linux/usr/share/man --disable-silent-rules --disable-dependency-tracking --with-libtool-sysroot=/host --with-gnu-ld --enable-shared --enable-languages=c,c++,fortran --enable-threads=posix --enable-multilib --enable-c99 --enable-long-long --enable-libstdcxx-pch --program-prefix=aarch64-xilinx-elf- --without-local-prefix --disable-install-libiberty --disable-libssp --enable-libitm --enable-lto --disable-bootstrap --with-system-zlib --enable-linker-build-id --with-ppl=no --with-cloog=no --enable-checking=release --enable-cheaders=c_global --without-isl --with-gxx-include-dir=/not/exist/usr/include/c++/13.3.0 --with-build-time-tools=/host-native/usr/aarch64-xilinx-elf/bin --with-sysroot=/not/exist --with-build-sysroot=/host --with-plugin-ld=ld --enable-poison-system-directories --disable-static --enable-nls --with-glibc-version=2.28 --enable-initfini-array --enable-multilib --disable-libstdcxx-pch --with-newlib --disable-threads --enable-plugins --with-gnu-as --disable-libitm --disable-tm-clone-registry --disable-multiarch --with-arch=armv8-a --with-sysroot=/not/exist
Thread model: single
Supported LTO compression algorithms: zlib zstd
gcc version 13.3.0 (GCC) 
COLLECT_GCC_OPTIONS='-c' '-fno-openmp' '-fno-openacc' '-fno-pie' '-fcf-protection=none' '-mbranch-protection=none' '-mlittle-endian' '-mabi=lp64' '-Os' '--sysroot=/home/kuszman/Xilinx/2025.2/Vitis/gnu/aarch64/lin/aarch64-none/bin/../aarch64-xilinx-elf' '-mbranch-protection=none' '-specs=/home/kuszman/Magisterka/Intelligent-Vibroacoustic-Machine-Diagnostic-System-on-FPGA/ethernet/vitis/eth_platform/zynqmp_fsbl/zynqmp_fsbl_bsp/Xilinx.spec' '-Os' '-ffat-lto-objects' '-v' '-march=armv8-a' '-mlittle-endian' '-mabi=lp64'   '-fltrans' '-o' '/tmp/ccq6LYfH.ltrans0.ltrans.o'
 /home/kuszman/Xilinx/2025.2/gnu/aarch64/lin/aarch64-none/x86_64-oesdk-linux/usr/bin/aarch64-xilinx-elf/../../lib/aarch64-xilinx-elf/gcc/../../../libexec/aarch64-xilinx-elf/gcc/aarch64-xilinx-elf/13.3.0/lto1 -quiet -dumpbase ./cmTC_8f57c.ltrans0.ltrans -mbranch-protection=none -mlittle-endian -mabi=lp64 -mbranch-protection=none -march=armv8-a -mlittle-endian -mabi=lp64 -Os -Os -version -fno-openmp -fno-openacc -fno-pie -fcf-protection=none -ffat-lto-objects -fltrans @/tmp/cc2x3Jdf -o /tmp/ccUWXAYk.s
GNU GIMPLE (GCC) version 13.3.0 (aarch64-xilinx-elf)
	compiled by GNU C version 13.3.0, GMP version 6.3.0, MPFR version 4.2.1, MPC version 1.3.1, isl version none
GGC heuristics: --param ggc-min-expand=100 --param ggc-min-heapsize=131072
COLLECT_GCC_OPTIONS='-c' '-fno-openmp' '-fno-openacc' '-fno-pie' '-fcf-protection=none' '-mbranch-protection=none' '-mlittle-endian' '-mabi=lp64' '-Os' '--sysroot=/home/kuszman/Xilinx/2025.2/Vitis/gnu/aarch64/lin/aarch64-none/bin/../aarch64-xilinx-elf' '-mbranch-protection=none' '-specs=/home/kuszman/Magisterka/Intelligent-Vibroacoustic-Machine-Diagnostic-System-on-FPGA/ethernet/vitis/eth_platform/zynqmp_fsbl/zynqmp_fsbl_bsp/Xilinx.spec' '-Os' '-ffat-lto-objects' '-v' '-march=armv8-a' '-mlittle-endian' '-mabi=lp64'   '-fltrans' '-o' '/tmp/ccq6LYfH.ltrans0.ltrans.o'
 /home/kuszman/Xilinx/2025.2/gnu/aarch64/lin/aarch64-none/x86_64-oesdk-linux/usr/bin/aarch64-xilinx-elf/../../lib/aarch64-xilinx-elf/gcc/../../../libexec/aarch64-xilinx-elf/gcc/aarch64-xilinx-elf/13.3.0/as -v -EL -march=armv8-a -mabi=lp64 -mabi=lp64 -o /tmp/ccq6LYfH.ltrans0.ltrans.o /tmp/ccUWXAYk.s
GNU assembler version 2.42.0 (aarch64-xilinx-elf) using BFD version (GNU Binutils) 2.42.0.20240723
COMPILER_PATH=/home/kuszman/Xilinx/2025.2/gnu/aarch64/lin/aarch64-none/x86_64-oesdk-linux/usr/bin/aarch64-xilinx-elf/../../lib/aarch64-xilinx-elf/gcc/../../../libexec/aarch64-xilinx-elf/gcc/aarch64-xilinx-elf/13.3.0/:/home/kuszman/Xilinx/2025.2/gnu/aarch64/lin/aarch64-none/x86_64-oesdk-linux/usr/bin/aarch64-xilinx-elf/../../lib/aarch64-xilinx-elf/gcc/../../../libexec/aarch64-xilinx-elf/gcc/:/home/kuszman/Xilinx/2025.2/gnu/aarch64/lin/aarch64-none/x86_64-oesdk-linux/usr/bin/aarch64-xilinx-elf/../../libexec/aarch64-xilinx-elf/gcc/aarch64-xilinx-elf/13.3.0/:/home/kuszman/Xilinx/2025.2/gnu/aarch64/lin/aarch64-none/x86_64-oesdk-linux/usr/bin/aarch64-xilinx-elf/../../libexec/aarch64-xilinx-elf/gcc/aarch64-xilinx-elf/13.3.0/:/home/kuszman/Xilinx/2025.2/gnu/aarch64/lin/aarch64-none/x86_64-oesdk-linux/usr/bin/aarch64-xilinx-elf/../../libexec/aarch64-xilinx-elf/gcc/
LIBRARY_PATH=/home/kuszman/Xilinx/2025.2/gnu/aarch64/lin/aarch64-none/x86_64-oesdk-linux/usr/bin/aarch64-xilinx-elf/../../lib/aarch64-xilinx-elf/gcc/aarch64-xilinx-elf/13.3.0/:/home/kuszman/Xilinx/2025.2/gnu/aarch64/lin/aarch64-none/x86_64-oesdk-linux/usr/bin/aarch64-xilinx-elf/../../lib/aarch64-xilinx-elf/gcc/:/home/kuszman/Xilinx/2025.2/Vitis/gnu/aarch64/lin/aarch64-none/bin/../aarch64-xilinx-elf/usr/lib64/aarch64-xilinx-elf/13.3.0/:/home/kuszman/Xilinx/2025.2/Vitis/gnu/aarch64/lin/aarch64-none/bin/../aarch64-xilinx-elf/usr/lib64/
COLLECT_GCC_OPTIONS='-c' '-fno-openmp' '-fno-openacc' '-fno-pie' '-fcf-protection=none' '-mbranch-protection=none' '-mlittle-endian' '-mabi=lp64' '-Os' '--sysroot=/home/kuszman/Xilinx/2025.2/Vitis/gnu/aarch64/lin/aarch64-none/bin/../aarch64-xilinx-elf' '-mbranch-protection=none' '-specs=/home/kuszman/Magisterka/Intelligent-Vibroacoustic-Machine-Diagnostic-System-on-FPGA/ethernet/vitis/eth_platform/zynqmp_fsbl/zynqmp_fsbl_bsp/Xilinx.spec' '-Os' '-ffat-lto-objects' '-v' '-march=armv8-a' '-mlittle-endian' '-mabi=lp64'   '-fltrans' '-o' '/tmp/ccq6LYfH.ltrans0.ltrans.o' '-dumpdir' './cmTC_8f57c.ltrans0.ltrans.'
/home/kuszman/Xilinx/2025.2/gnu/aarch64/lin/aarch64-none/x86_64-oesdk-linux/usr/bin/aarch64-xilinx-elf/aarch64-xilinx-elf-ld.real: warning: cannot find entry symbol _start; defaulting to 0000000000400060
COLLECT_GCC_OPTIONS='--sysroot=/home/kuszman/Xilinx/2025.2/Vitis/gnu/aarch64/lin/aarch64-none/bin/../aarch64-xilinx-elf' '-mbranch-protection=none' '-D' 'SDT' '-MMD' '-MP' '-specs=/home/kuszman/Magisterka/Intelligent-Vibroacoustic-Machine-Diagnostic-System-on-FPGA/ethernet/vitis/eth_platform/zynqmp_fsbl/zynqmp_fsbl_bsp/Xilinx.spec' '-Os' '-flto' '-ffat-lto-objects' '-D' 'ARMA53_64' '-I' '/home/kuszman/Magisterka/Intelligent-Vibroacoustic-Machine-Diagnostic-System-on-FPGA/ethernet/vitis/eth_platform/zynqmp_fsbl/zynqmp_fsbl_bsp/include' '-v' '-o' 'cmTC_8f57c' '-march=armv8-a' '-mlittle-endian' '-mabi=lp64' '-dumpdir' 'cmTC_8f57c.'



Parsed CXX implicit include dir info from above output: rv=done
  found start of include info
  found start of implicit include info
    add: [/home/kuszman/Magisterka/Intelligent-Vibroacoustic-Machine-Diagnostic-System-on-FPGA/ethernet/vitis/eth_platform/zynqmp_fsbl/zynqmp_fsbl_bsp/include]
    add: [/home/kuszman/Xilinx/2025.2/gnu/aarch64/lin/aarch64-none/x86_64-oesdk-linux/usr/bin/aarch64-xilinx-elf/../../lib/aarch64-xilinx-elf/gcc/aarch64-xilinx-elf/13.3.0/include]
    add: [/home/kuszman/Xilinx/2025.2/gnu/aarch64/lin/aarch64-none/x86_64-oesdk-linux/usr/bin/aarch64-xilinx-elf/../../lib/aarch64-xilinx-elf/gcc/aarch64-xilinx-elf/13.3.0/include-fixed]
    add: [/home/kuszman/Xilinx/2025.2/Vitis/gnu/aarch64/lin/aarch64-none/bin/../aarch64-xilinx-elf/usr/include/c++/13.3.0]
    add: [/home/kuszman/Xilinx/2025.2/Vitis/gnu/aarch64/lin/aarch64-none/bin/../aarch64-xilinx-elf/usr/include/c++/13.3.0/aarch64-xilinx-elf]
    add: [/home/kuszman/Xilinx/2025.2/Vitis/gnu/aarch64/lin/aarch64-none/bin/../aarch64-xilinx-elf/usr/include/c++/13.3.0/backward]
    add: [/home/kuszman/Xilinx/2025.2/Vitis/gnu/aarch64/lin/aarch64-none/bin/../aarch64-xilinx-elf/usr/include/]
  end of search list found
  collapse include dir [/home/kuszman/Magisterka/Intelligent-Vibroacoustic-Machine-Diagnostic-System-on-FPGA/ethernet/vitis/eth_platform/zynqmp_fsbl/zynqmp_fsbl_bsp/include] ==> [/home/kuszman/Magisterka/Intelligent-Vibroacoustic-Machine-Diagnostic-System-on-FPGA/ethernet/vitis/eth_platform/zynqmp_fsbl/zynqmp_fsbl_bsp/include]
  collapse include dir [/home/kuszman/Xilinx/2025.2/gnu/aarch64/lin/aarch64-none/x86_64-oesdk-linux/usr/bin/aarch64-xilinx-elf/../../lib/aarch64-xilinx-elf/gcc/aarch64-xilinx-elf/13.3.0/include] ==> [/home/kuszman/Xilinx/2025.2/gnu/aarch64/lin/aarch64-none/x86_64-oesdk-linux/usr/lib/aarch64-xilinx-elf/gcc/aarch64-xilinx-elf/13.3.0/include]
  collapse include dir [/home/kuszman/Xilinx/2025.2/gnu/aarch64/lin/aarch64-none/x86_64-oesdk-linux/usr/bin/aarch64-xilinx-elf/../../lib/aarch64-xilinx-elf/gcc/aarch64-xilinx-elf/13.3.0/include-fixed] ==> [/home/kuszman/Xilinx/2025.2/gnu/aarch64/lin/aarch64-none/x86_64-oesdk-linux/usr/lib/aarch64-xilinx-elf/gcc/aarch64-xilinx-elf/13.3.0/include-fixed]
  collapse include dir [/home/kuszman/Xilinx/2025.2/Vitis/gnu/aarch64/lin/aarch64-none/bin/../aarch64-xilinx-elf/usr/include/c++/13.3.0] ==> [/home/kuszman/Xilinx/2025.2/Vitis/gnu/aarch64/lin/aarch64-none/aarch64-xilinx-elf/usr/include/c++/13.3.0]
  collapse include dir [/home/kuszman/Xilinx/2025.2/Vitis/gnu/aarch64/lin/aarch64-none/bin/../aarch64-xilinx-elf/usr/include/c++/13.3.0/aarch64-xilinx-elf] ==> [/home/kuszman/Xilinx/2025.2/Vitis/gnu/aarch64/lin/aarch64-none/aarch64-xilinx-elf/usr/include/c++/13.3.0/aarch64-xilinx-elf]
  collapse include dir [/home/kuszman/Xilinx/2025.2/Vitis/gnu/aarch64/lin/aarch64-none/bin/../aarch64-xilinx-elf/usr/include/c++/13.3.0/backward] ==> [/home/kuszman/Xilinx/2025.2/Vitis/gnu/aarch64/lin/aarch64-none/aarch64-xilinx-elf/usr/include/c++/13.3.0/backward]
  collapse include dir [/home/kuszman/Xilinx/2025.2/Vitis/gnu/aarch64/lin/aarch64-none/bin/../aarch64-xilinx-elf/usr/include/] ==> [/home/kuszman/Xilinx/2025.2/Vitis/gnu/aarch64/lin/aarch64-none/aarch64-xilinx-elf/usr/include]
  implicit include dirs: [/home/kuszman/Magisterka/Intelligent-Vibroacoustic-Machine-Diagnostic-System-on-FPGA/ethernet/vitis/eth_platform/zynqmp_fsbl/zynqmp_fsbl_bsp/include;/home/kuszman/Xilinx/2025.2/gnu/aarch64/lin/aarch64-none/x86_64-oesdk-linux/usr/lib/aarch64-xilinx-elf/gcc/aarch64-xilinx-elf/13.3.0/include;/home/kuszman/Xilinx/2025.2/gnu/aarch64/lin/aarch64-none/x86_64-oesdk-linux/usr/lib/aarch64-xilinx-elf/gcc/aarch64-xilinx-elf/13.3.0/include-fixed;/home/kuszman/Xilinx/2025.2/Vitis/gnu/aarch64/lin/aarch64-none/aarch64-xilinx-elf/usr/include/c++/13.3.0;/home/kuszman/Xilinx/2025.2/Vitis/gnu/aarch64/lin/aarch64-none/aarch64-xilinx-elf/usr/include/c++/13.3.0/aarch64-xilinx-elf;/home/kuszman/Xilinx/2025.2/Vitis/gnu/aarch64/lin/aarch64-none/aarch64-xilinx-elf/usr/include/c++/13.3.0/backward;/home/kuszman/Xilinx/2025.2/Vitis/gnu/aarch64/lin/aarch64-none/aarch64-xilinx-elf/usr/include]


Parsed CXX implicit link information from above output:
  link line regex: [^( *|.*[/\])(aarch64-none-elf-ld|CMAKE_LINK_STARTFILE-NOTFOUND|([^/\]+-)?ld|collect2)[^/\]*( |$)]
  ignore line: [Change Dir: /home/kuszman/Magisterka/Intelligent-Vibroacoustic-Machine-Diagnostic-System-on-FPGA/ethernet/vitis/eth_platform/zynqmp_fsbl/zynqmp_fsbl_bsp/libsrc/build_configs/gen_bsp/CMakeFiles/CMakeTmp]
  ignore line: []
  ignore line: [Run Build Command(s):/home/kuszman/Xilinx/2025.2/Vitis/bin/ninja cmTC_8f57c && [1/2] Building CXX object CMakeFiles/cmTC_8f57c.dir/CMakeCXXCompilerABI.cpp.obj]
  ignore line: [Using built-in specs.]
  ignore line: [Reading specs from /home/kuszman/Magisterka/Intelligent-Vibroacoustic-Machine-Diagnostic-System-on-FPGA/ethernet/vitis/eth_platform/zynqmp_fsbl/zynqmp_fsbl_bsp/Xilinx.spec]
  ignore line: [COLLECT_GCC=/home/kuszman/Xilinx/2025.2/Vitis/gnu/aarch64/lin/aarch64-none/bin/../x86_64-oesdk-linux/usr/bin/aarch64-xilinx-elf/aarch64-xilinx-elf-g++.real]
  ignore line: [Target: aarch64-xilinx-elf]
  ignore line: [Configured with: ../../../../../../work-shared/gcc-13.3.0-r0/gcc-13.3.0/configure --build=x86_64-linux --host=x86_64-oesdk-linux --target=aarch64-xilinx-elf --prefix=/usr/local/oe-sdk-hardcoded-buildpath/sysroots/x86_64-oesdk-linux/usr --exec_prefix=/usr/local/oe-sdk-hardcoded-buildpath/sysroots/x86_64-oesdk-linux/usr --bindir=/usr/local/oe-sdk-hardcoded-buildpath/sysroots/x86_64-oesdk-linux/usr/bin/aarch64-xilinx-elf --sbindir=/usr/local/oe-sdk-hardcoded-buildpath/sysroots/x86_64-oesdk-linux/usr/bin/aarch64-xilinx-elf --libexecdir=/usr/local/oe-sdk-hardcoded-buildpath/sysroots/x86_64-oesdk-linux/usr/libexec/aarch64-xilinx-elf --datadir=/usr/local/oe-sdk-hardcoded-buildpath/sysroots/x86_64-oesdk-linux/usr/share --sysconfdir=/usr/local/oe-sdk-hardcoded-buildpath/sysroots/x86_64-oesdk-linux/etc --sharedstatedir=/usr/local/oe-sdk-hardcoded-buildpath/sysroots/x86_64-oesdk-linux/com --localstatedir=/usr/local/oe-sdk-hardcoded-buildpath/sysroots/x86_64-oesdk-linux/var --libdir=/usr/local/oe-sdk-hardcoded-buildpath/sysroots/x86_64-oesdk-linux/usr/lib/aarch64-xilinx-elf --includedir=/usr/local/oe-sdk-hardcoded-buildpath/sysroots/x86_64-oesdk-linux/usr/include --oldincludedir=/usr/local/oe-sdk-hardcoded-buildpath/sysroots/x86_64-oesdk-linux/usr/include --infodir=/usr/local/oe-sdk-hardcoded-buildpath/sysroots/x86_64-oesdk-linux/usr/share/info --mandir=/usr/local/oe-sdk-hardcoded-buildpath/sysroots/x86_64-oesdk-linux/usr/share/man --disable-silent-rules --disable-dependency-tracking --with-libtool-sysroot=/host --with-gnu-ld --enable-shared --enable-languages=c,c++,fortran --enable-threads=posix --enable-multilib --enable-c99 --enable-long-long --enable-libstdcxx-pch --program-prefix=aarch64-xilinx-elf- --without-local-prefix --disable-install-libiberty --disable-libssp --enable-libitm --enable-lto --disable-bootstrap --with-system-zlib --enable-linker-build-id --with-ppl=no --with-cloog=no --enable-checking=release --enable-cheaders=c_global --without-isl --with-gxx-include-dir=/not/exist/usr/include/c++/13.3.0 --with-build-time-tools=/host-native/usr/aarch64-xilinx-elf/bin --with-sysroot=/not/exist --with-build-sysroot=/host --with-plugin-ld=ld --enable-poison-system-directories --disable-static --enable-nls --with-glibc-version=2.28 --enable-initfini-array --enable-multilib --disable-libstdcxx-pch --with-newlib --disable-threads --enable-plugins --with-gnu-as --disable-libitm --disable-tm-clone-registry --disable-multiarch --with-arch=armv8-a --with-sysroot=/not/exist]
  ignore line: [Thread model: single]
  ignore line: [Supported LTO compression algorithms: zlib zstd]
  ignore line: [gcc version 13.3.0 (GCC) ]
  ignore line: [COLLECT_GCC_OPTIONS='--sysroot=/home/kuszman/Xilinx/2025.2/Vitis/gnu/aarch64/lin/aarch64-none/bin/../aarch64-xilinx-elf' '-mbranch-protection=none' '-D' 'SDT' '-MMD' '-MP' '-specs=/home/kuszman/Magisterka/Intelligent-Vibroacoustic-Machine-Diagnostic-System-on-FPGA/ethernet/vitis/eth_platform/zynqmp_fsbl/zynqmp_fsbl_bsp/Xilinx.spec' '-Os' '-flto' '-ffat-lto-objects' '-D' 'ARMA53_64' '-I' '/home/kuszman/Magisterka/Intelligent-Vibroacoustic-Machine-Diagnostic-System-on-FPGA/ethernet/vitis/eth_platform/zynqmp_fsbl/zynqmp_fsbl_bsp/include' '-v' '-o' 'CMakeFiles/cmTC_8f57c.dir/CMakeCXXCompilerABI.cpp.obj' '-c' '-march=armv8-a' '-mlittle-endian' '-mabi=lp64' '-dumpdir' 'CMakeFiles/cmTC_8f57c.dir/']
  ignore line: [ /home/kuszman/Xilinx/2025.2/gnu/aarch64/lin/aarch64-none/x86_64-oesdk-linux/usr/bin/aarch64-xilinx-elf/../../libexec/aarch64-xilinx-elf/gcc/aarch64-xilinx-elf/13.3.0/cc1plus -quiet -v -I /home/kuszman/Magisterka/Intelligent-Vibroacoustic-Machine-Diagnostic-System-on-FPGA/ethernet/vitis/eth_platform/zynqmp_fsbl/zynqmp_fsbl_bsp/include -iprefix /home/kuszman/Xilinx/2025.2/gnu/aarch64/lin/aarch64-none/x86_64-oesdk-linux/usr/bin/aarch64-xilinx-elf/../../lib/aarch64-xilinx-elf/gcc/aarch64-xilinx-elf/13.3.0/ -isysroot /home/kuszman/Xilinx/2025.2/Vitis/gnu/aarch64/lin/aarch64-none/bin/../aarch64-xilinx-elf -MMD CMakeFiles/cmTC_8f57c.dir/CMakeCXXCompilerABI.cpp.d -MP -MQ CMakeFiles/cmTC_8f57c.dir/CMakeCXXCompilerABI.cpp.obj -D SDT -D ARMA53_64 /home/kuszman/Xilinx/2025.2/tps/lnx64/cmake-3.24.2/share/cmake-3.24/Modules/CMakeCXXCompilerABI.cpp -quiet -dumpdir CMakeFiles/cmTC_8f57c.dir/ -dumpbase CMakeCXXCompilerABI.cpp.cpp -dumpbase-ext .cpp -mbranch-protection=none -march=armv8-a -mlittle-endian -mabi=lp64 -Os -version -flto -ffat-lto-objects -o /tmp/ccrfdq1f.s]
  ignore line: [GNU C++17 (GCC) version 13.3.0 (aarch64-xilinx-elf)]
  ignore line: [	compiled by GNU C version 13.3.0  GMP version 6.3.0  MPFR version 4.2.1  MPC version 1.3.1  isl version none]
  ignore line: [GGC heuristics: --param ggc-min-expand=100 --param ggc-min-heapsize=131072]
  ignore line: [ignoring nonexistent directory "/home/kuszman/Xilinx/2025.2/gnu/aarch64/lin/aarch64-none/x86_64-oesdk-linux/usr/bin/aarch64-xilinx-elf/../../lib/aarch64-xilinx-elf/gcc/aarch64-xilinx-elf/13.3.0/../../../../../aarch64-xilinx-elf/include"]
  ignore line: [ignoring duplicate directory "/home/kuszman/Xilinx/2025.2/gnu/aarch64/lin/aarch64-none/x86_64-oesdk-linux/usr/bin/aarch64-xilinx-elf/../../lib/aarch64-xilinx-elf/gcc/../../../lib/aarch64-xilinx-elf/gcc/aarch64-xilinx-elf/13.3.0/include"]
  ignore line: [ignoring nonexistent directory "/home/kuszman/Xilinx/2025.2/Vitis/gnu/aarch64/lin/aarch64-none/bin/../aarch64-xilinx-elf/usr/lib64/aarch64-xilinx-elf/13.3.0/include"]
  ignore line: [ignoring nonexistent directory "/home/kuszman/Xilinx/2025.2/Vitis/gnu/aarch64/lin/aarch64-none/bin/../aarch64-xilinx-elf/usr/local/include"]
  ignore line: [ignoring duplicate directory "/home/kuszman/Xilinx/2025.2/gnu/aarch64/lin/aarch64-none/x86_64-oesdk-linux/usr/bin/aarch64-xilinx-elf/../../lib/aarch64-xilinx-elf/gcc/../../../lib/aarch64-xilinx-elf/gcc/aarch64-xilinx-elf/13.3.0/include-fixed"]
  ignore line: [ignoring nonexistent directory "/home/kuszman/Xilinx/2025.2/gnu/aarch64/lin/aarch64-none/x86_64-oesdk-linux/usr/bin/aarch64-xilinx-elf/../../lib/aarch64-xilinx-elf/gcc/../../../lib/aarch64-xilinx-elf/gcc/aarch64-xilinx-elf/13.3.0/../../../../../aarch64-xilinx-elf/include"]
  ignore line: [#include "..." search starts here:]
  ignore line: [#include <...> search starts here:]
  ignore line: [ /home/kuszman/Magisterka/Intelligent-Vibroacoustic-Machine-Diagnostic-System-on-FPGA/ethernet/vitis/eth_platform/zynqmp_fsbl/zynqmp_fsbl_bsp/include]
  ignore line: [ /home/kuszman/Xilinx/2025.2/gnu/aarch64/lin/aarch64-none/x86_64-oesdk-linux/usr/bin/aarch64-xilinx-elf/../../lib/aarch64-xilinx-elf/gcc/aarch64-xilinx-elf/13.3.0/include]
  ignore line: [ /home/kuszman/Xilinx/2025.2/gnu/aarch64/lin/aarch64-none/x86_64-oesdk-linux/usr/bin/aarch64-xilinx-elf/../../lib/aarch64-xilinx-elf/gcc/aarch64-xilinx-elf/13.3.0/include-fixed]
  ignore line: [ /home/kuszman/Xilinx/2025.2/Vitis/gnu/aarch64/lin/aarch64-none/bin/../aarch64-xilinx-elf/usr/include/c++/13.3.0]
  ignore line: [ /home/kuszman/Xilinx/2025.2/Vitis/gnu/aarch64/lin/aarch64-none/bin/../aarch64-xilinx-elf/usr/include/c++/13.3.0/aarch64-xilinx-elf]
  ignore line: [ /home/kuszman/Xilinx/2025.2/Vitis/gnu/aarch64/lin/aarch64-none/bin/../aarch64-xilinx-elf/usr/include/c++/13.3.0/backward]
  ignore line: [ /home/kuszman/Xilinx/2025.2/Vitis/gnu/aarch64/lin/aarch64-none/bin/../aarch64-xilinx-elf/usr/include/]
  ignore line: [End of search list.]
  ignore line: [Compiler executable checksum: ad182f738cfb6404092bcf9bf3548eda]
  ignore line: [COLLECT_GCC_OPTIONS='--sysroot=/home/kuszman/Xilinx/2025.2/Vitis/gnu/aarch64/lin/aarch64-none/bin/../aarch64-xilinx-elf' '-mbranch-protection=none' '-D' 'SDT' '-MMD' '-MP' '-specs=/home/kuszman/Magisterka/Intelligent-Vibroacoustic-Machine-Diagnostic-System-on-FPGA/ethernet/vitis/eth_platform/zynqmp_fsbl/zynqmp_fsbl_bsp/Xilinx.spec' '-Os' '-flto' '-ffat-lto-objects' '-D' 'ARMA53_64' '-I' '/home/kuszman/Magisterka/Intelligent-Vibroacoustic-Machine-Diagnostic-System-on-FPGA/ethernet/vitis/eth_platform/zynqmp_fsbl/zynqmp_fsbl_bsp/include' '-v' '-o' 'CMakeFiles/cmTC_8f57c.dir/CMakeCXXCompilerABI.cpp.obj' '-c' '-march=armv8-a' '-mlittle-endian' '-mabi=lp64' '-dumpdir' 'CMakeFiles/cmTC_8f57c.dir/']
  ignore line: [ /home/kuszman/Xilinx/2025.2/gnu/aarch64/lin/aarch64-none/x86_64-oesdk-linux/usr/bin/aarch64-xilinx-elf/../../libexec/aarch64-xilinx-elf/gcc/aarch64-xilinx-elf/13.3.0/as -v -I /home/kuszman/Magisterka/Intelligent-Vibroacoustic-Machine-Diagnostic-System-on-FPGA/ethernet/vitis/eth_platform/zynqmp_fsbl/zynqmp_fsbl_bsp/include -EL -march=armv8-a -mabi=lp64 -o CMakeFiles/cmTC_8f57c.dir/CMakeCXXCompilerABI.cpp.obj /tmp/ccrfdq1f.s]
  ignore line: [GNU assembler version 2.42.0 (aarch64-xilinx-elf) using BFD version (GNU Binutils) 2.42.0.20240723]
  ignore line: [COMPILER_PATH=/home/kuszman/Xilinx/2025.2/gnu/aarch64/lin/aarch64-none/x86_64-oesdk-linux/usr/bin/aarch64-xilinx-elf/../../libexec/aarch64-xilinx-elf/gcc/aarch64-xilinx-elf/13.3.0/:/home/kuszman/Xilinx/2025.2/gnu/aarch64/lin/aarch64-none/x86_64-oesdk-linux/usr/bin/aarch64-xilinx-elf/../../libexec/aarch64-xilinx-elf/gcc/]
  ignore line: [LIBRARY_PATH=/home/kuszman/Xilinx/2025.2/gnu/aarch64/lin/aarch64-none/x86_64-oesdk-linux/usr/bin/aarch64-xilinx-elf/../../lib/aarch64-xilinx-elf/gcc/aarch64-xilinx-elf/13.3.0/:/home/kuszman/Xilinx/2025.2/gnu/aarch64/lin/aarch64-none/x86_64-oesdk-linux/usr/bin/aarch64-xilinx-elf/../../lib/aarch64-xilinx-elf/gcc/:/home/kuszman/Xilinx/2025.2/Vitis/gnu/aarch64/lin/aarch64-none/bin/../aarch64-xilinx-elf/usr/lib64/aarch64-xilinx-elf/13.3.0/:/home/kuszman/Xilinx/2025.2/Vitis/gnu/aarch64/lin/aarch64-none/bin/../aarch64-xilinx-elf/usr/lib64/]
  ignore line: [COLLECT_GCC_OPTIONS='--sysroot=/home/kuszman/Xilinx/2025.2/Vitis/gnu/aarch64/lin/aarch64-none/bin/../aarch64-xilinx-elf' '-mbranch-protection=none' '-D' 'SDT' '-MMD' '-MP' '-specs=/home/kuszman/Magisterka/Intelligent-Vibroacoustic-Machine-Diagnostic-System-on-FPGA/ethernet/vitis/eth_platform/zynqmp_fsbl/zynqmp_fsbl_bsp/Xilinx.spec' '-Os' '-flto' '-ffat-lto-objects' '-D' 'ARMA53_64' '-I' '/home/kuszman/Magisterka/Intelligent-Vibroacoustic-Machine-Diagnostic-System-on-FPGA/ethernet/vitis/eth_platform/zynqmp_fsbl/zynqmp_fsbl_bsp/include' '-v' '-o' 'CMakeFiles/cmTC_8f57c.dir/CMakeCXXCompilerABI.cpp.obj' '-c' '-march=armv8-a' '-mlittle-endian' '-mabi=lp64' '-dumpdir' 'CMakeFiles/cmTC_8f57c.dir/CMakeCXXCompilerABI.cpp.']
  ignore line: [[2/2] Linking CXX executable cmTC_8f57c]
  ignore line: [Using built-in specs.]
  ignore line: [Reading specs from /home/kuszman/Magisterka/Intelligent-Vibroacoustic-Machine-Diagnostic-System-on-FPGA/ethernet/vitis/eth_platform/zynqmp_fsbl/zynqmp_fsbl_bsp/Xilinx.spec]
  ignore line: [COLLECT_GCC=/home/kuszman/Xilinx/2025.2/Vitis/gnu/aarch64/lin/aarch64-none/bin/../x86_64-oesdk-linux/usr/bin/aarch64-xilinx-elf/aarch64-xilinx-elf-g++.real]
  ignore line: [COLLECT_LTO_WRAPPER=/home/kuszman/Xilinx/2025.2/gnu/aarch64/lin/aarch64-none/x86_64-oesdk-linux/usr/bin/aarch64-xilinx-elf/../../libexec/aarch64-xilinx-elf/gcc/aarch64-xilinx-elf/13.3.0/lto-wrapper]
  ignore line: [Target: aarch64-xilinx-elf]
  ignore line: [Configured with: ../../../../../../work-shared/gcc-13.3.0-r0/gcc-13.3.0/configure --build=x86_64-linux --host=x86_64-oesdk-linux --target=aarch64-xilinx-elf --prefix=/usr/local/oe-sdk-hardcoded-buildpath/sysroots/x86_64-oesdk-linux/usr --exec_prefix=/usr/local/oe-sdk-hardcoded-buildpath/sysroots/x86_64-oesdk-linux/usr --bindir=/usr/local/oe-sdk-hardcoded-buildpath/sysroots/x86_64-oesdk-linux/usr/bin/aarch64-xilinx-elf --sbindir=/usr/local/oe-sdk-hardcoded-buildpath/sysroots/x86_64-oesdk-linux/usr/bin/aarch64-xilinx-elf --libexecdir=/usr/local/oe-sdk-hardcoded-buildpath/sysroots/x86_64-oesdk-linux/usr/libexec/aarch64-xilinx-elf --datadir=/usr/local/oe-sdk-hardcoded-buildpath/sysroots/x86_64-oesdk-linux/usr/share --sysconfdir=/usr/local/oe-sdk-hardcoded-buildpath/sysroots/x86_64-oesdk-linux/etc --sharedstatedir=/usr/local/oe-sdk-hardcoded-buildpath/sysroots/x86_64-oesdk-linux/com --localstatedir=/usr/local/oe-sdk-hardcoded-buildpath/sysroots/x86_64-oesdk-linux/var --libdir=/usr/local/oe-sdk-hardcoded-buildpath/sysroots/x86_64-oesdk-linux/usr/lib/aarch64-xilinx-elf --includedir=/usr/local/oe-sdk-hardcoded-buildpath/sysroots/x86_64-oesdk-linux/usr/include --oldincludedir=/usr/local/oe-sdk-hardcoded-buildpath/sysroots/x86_64-oesdk-linux/usr/include --infodir=/usr/local/oe-sdk-hardcoded-buildpath/sysroots/x86_64-oesdk-linux/usr/share/info --mandir=/usr/local/oe-sdk-hardcoded-buildpath/sysroots/x86_64-oesdk-linux/usr/share/man --disable-silent-rules --disable-dependency-tracking --with-libtool-sysroot=/host --with-gnu-ld --enable-shared --enable-languages=c,c++,fortran --enable-threads=posix --enable-multilib --enable-c99 --enable-long-long --enable-libstdcxx-pch --program-prefix=aarch64-xilinx-elf- --without-local-prefix --disable-install-libiberty --disable-libssp --enable-libitm --enable-lto --disable-bootstrap --with-system-zlib --enable-linker-build-id --with-ppl=no --with-cloog=no --enable-checking=release --enable-cheaders=c_global --without-isl --with-gxx-include-dir=/not/exist/usr/include/c++/13.3.0 --with-build-time-tools=/host-native/usr/aarch64-xilinx-elf/bin --with-sysroot=/not/exist --with-build-sysroot=/host --with-plugin-ld=ld --enable-poison-system-directories --disable-static --enable-nls --with-glibc-version=2.28 --enable-initfini-array --enable-multilib --disable-libstdcxx-pch --with-newlib --disable-threads --enable-plugins --with-gnu-as --disable-libitm --disable-tm-clone-registry --disable-multiarch --with-arch=armv8-a --with-sysroot=/not/exist]
  ignore line: [Thread model: single]
  ignore line: [Supported LTO compression algorithms: zlib zstd]
  ignore line: [gcc version 13.3.0 (GCC) ]
  ignore line: [COMPILER_PATH=/home/kuszman/Xilinx/2025.2/gnu/aarch64/lin/aarch64-none/x86_64-oesdk-linux/usr/bin/aarch64-xilinx-elf/../../libexec/aarch64-xilinx-elf/gcc/aarch64-xilinx-elf/13.3.0/:/home/kuszman/Xilinx/2025.2/gnu/aarch64/lin/aarch64-none/x86_64-oesdk-linux/usr/bin/aarch64-xilinx-elf/../../libexec/aarch64-xilinx-elf/gcc/]
  ignore line: [LIBRARY_PATH=/home/kuszman/Xilinx/2025.2/gnu/aarch64/lin/aarch64-none/x86_64-oesdk-linux/usr/bin/aarch64-xilinx-elf/../../lib/aarch64-xilinx-elf/gcc/aarch64-xilinx-elf/13.3.0/:/home/kuszman/Xilinx/2025.2/gnu/aarch64/lin/aarch64-none/x86_64-oesdk-linux/usr/bin/aarch64-xilinx-elf/../../lib/aarch64-xilinx-elf/gcc/:/home/kuszman/Xilinx/2025.2/Vitis/gnu/aarch64/lin/aarch64-none/bin/../aarch64-xilinx-elf/usr/lib64/aarch64-xilinx-elf/13.3.0/:/home/kuszman/Xilinx/2025.2/Vitis/gnu/aarch64/lin/aarch64-none/bin/../aarch64-xilinx-elf/usr/lib64/]
  ignore line: [COLLECT_GCC_OPTIONS='--sysroot=/home/kuszman/Xilinx/2025.2/Vitis/gnu/aarch64/lin/aarch64-none/bin/../aarch64-xilinx-elf' '-mbranch-protection=none' '-D' 'SDT' '-MMD' '-MP' '-specs=/home/kuszman/Magisterka/Intelligent-Vibroacoustic-Machine-Diagnostic-System-on-FPGA/ethernet/vitis/eth_platform/zynqmp_fsbl/zynqmp_fsbl_bsp/Xilinx.spec' '-Os' '-flto' '-ffat-lto-objects' '-D' 'ARMA53_64' '-I' '/home/kuszman/Magisterka/Intelligent-Vibroacoustic-Machine-Diagnostic-System-on-FPGA/ethernet/vitis/eth_platform/zynqmp_fsbl/zynqmp_fsbl_bsp/include' '-v' '-o' 'cmTC_8f57c' '-march=armv8-a' '-mlittle-endian' '-mabi=lp64' '-dumpdir' 'cmTC_8f57c.']
  link line: [ /home/kuszman/Xilinx/2025.2/gnu/aarch64/lin/aarch64-none/x86_64-oesdk-linux/usr/bin/aarch64-xilinx-elf/../../libexec/aarch64-xilinx-elf/gcc/aarch64-xilinx-elf/13.3.0/collect2 -plugin /home/kuszman/Xilinx/2025.2/gnu/aarch64/lin/aarch64-none/x86_64-oesdk-linux/usr/bin/aarch64-xilinx-elf/../../libexec/aarch64-xilinx-elf/gcc/aarch64-xilinx-elf/13.3.0/liblto_plugin.so -plugin-opt=/home/kuszman/Xilinx/2025.2/gnu/aarch64/lin/aarch64-none/x86_64-oesdk-linux/usr/bin/aarch64-xilinx-elf/../../libexec/aarch64-xilinx-elf/gcc/aarch64-xilinx-elf/13.3.0/lto-wrapper -plugin-opt=-fresolution=/tmp/ccI1YOS9.res -plugin-opt=-pass-through=-lgcc -plugin-opt=-pass-through=-lc -plugin-opt=-pass-through=-lgcc -flto --sysroot=/home/kuszman/Xilinx/2025.2/Vitis/gnu/aarch64/lin/aarch64-none/bin/../aarch64-xilinx-elf --build-id -EL -X -maarch64elf -o cmTC_8f57c /home/kuszman/Xilinx/2025.2/Vitis/gnu/aarch64/lin/aarch64-none/bin/../aarch64-xilinx-elf/usr/lib64/aarch64-xilinx-elf/13.3.0/crti.o /home/kuszman/Xilinx/2025.2/Vitis/gnu/aarch64/lin/aarch64-none/bin/../aarch64-xilinx-elf/usr/lib64/aarch64-xilinx-elf/13.3.0/crtbegin.o -L/home/kuszman/Xilinx/2025.2/gnu/aarch64/lin/aarch64-none/x86_64-oesdk-linux/usr/bin/aarch64-xilinx-elf/../../lib/aarch64-xilinx-elf/gcc/aarch64-xilinx-elf/13.3.0 -L/home/kuszman/Xilinx/2025.2/gnu/aarch64/lin/aarch64-none/x86_64-oesdk-linux/usr/bin/aarch64-xilinx-elf/../../lib/aarch64-xilinx-elf/gcc -L/home/kuszman/Xilinx/2025.2/Vitis/gnu/aarch64/lin/aarch64-none/bin/../aarch64-xilinx-elf/usr/lib64/aarch64-xilinx-elf/13.3.0 -L/home/kuszman/Xilinx/2025.2/Vitis/gnu/aarch64/lin/aarch64-none/bin/../aarch64-xilinx-elf/usr/lib64 --no-warn-rwx-segment CMakeFiles/cmTC_8f57c.dir/CMakeCXXCompilerABI.cpp.obj -lstdc++ -lm -lgcc -lc -lgcc /home/kuszman/Xilinx/2025.2/Vitis/gnu/aarch64/lin/aarch64-none/bin/../aarch64-xilinx-elf/usr/lib64/aarch64-xilinx-elf/13.3.0/crtend.o /home/kuszman/Xilinx/2025.2/Vitis/gnu/aarch64/lin/aarch64-none/bin/../aarch64-xilinx-elf/usr/lib64/aarch64-xilinx-elf/13.3.0/crtn.o]
    arg [/home/kuszman/Xilinx/2025.2/gnu/aarch64/lin/aarch64-none/x86_64-oesdk-linux/usr/bin/aarch64-xilinx-elf/../../libexec/aarch64-xilinx-elf/gcc/aarch64-xilinx-elf/13.3.0/collect2] ==> ignore
    arg [-plugin] ==> ignore
    arg [/home/kuszman/Xilinx/2025.2/gnu/aarch64/lin/aarch64-none/x86_64-oesdk-linux/usr/bin/aarch64-xilinx-elf/../../libexec/aarch64-xilinx-elf/gcc/aarch64-xilinx-elf/13.3.0/liblto_plugin.so] ==> ignore
    arg [-plugin-opt=/home/kuszman/Xilinx/2025.2/gnu/aarch64/lin/aarch64-none/x86_64-oesdk-linux/usr/bin/aarch64-xilinx-elf/../../libexec/aarch64-xilinx-elf/gcc/aarch64-xilinx-elf/13.3.0/lto-wrapper] ==> ignore
    arg [-plugin-opt=-fresolution=/tmp/ccI1YOS9.res] ==> ignore
    arg [-plugin-opt=-pass-through=-lgcc] ==> ignore
    arg [-plugin-opt=-pass-through=-lc] ==> ignore
    arg [-plugin-opt=-pass-through=-lgcc] ==> ignore
    arg [-flto] ==> ignore
    arg [--sysroot=/home/kuszman/Xilinx/2025.2/Vitis/gnu/aarch64/lin/aarch64-none/bin/../aarch64-xilinx-elf] ==> ignore
    arg [--build-id] ==> ignore
    arg [-EL] ==> ignore
    arg [-X] ==> ignore
    arg [-maarch64elf] ==> ignore
    arg [-o] ==> ignore
    arg [cmTC_8f57c] ==> ignore
    arg [/home/kuszman/Xilinx/2025.2/Vitis/gnu/aarch64/lin/aarch64-none/bin/../aarch64-xilinx-elf/usr/lib64/aarch64-xilinx-elf/13.3.0/crti.o] ==> obj [/home/kuszman/Xilinx/2025.2/Vitis/gnu/aarch64/lin/aarch64-none/bin/../aarch64-xilinx-elf/usr/lib64/aarch64-xilinx-elf/13.3.0/crti.o]
    arg [/home/kuszman/Xilinx/2025.2/Vitis/gnu/aarch64/lin/aarch64-none/bin/../aarch64-xilinx-elf/usr/lib64/aarch64-xilinx-elf/13.3.0/crtbegin.o] ==> obj [/home/kuszman/Xilinx/2025.2/Vitis/gnu/aarch64/lin/aarch64-none/bin/../aarch64-xilinx-elf/usr/lib64/aarch64-xilinx-elf/13.3.0/crtbegin.o]
    arg [-L/home/kuszman/Xilinx/2025.2/gnu/aarch64/lin/aarch64-none/x86_64-oesdk-linux/usr/bin/aarch64-xilinx-elf/../../lib/aarch64-xilinx-elf/gcc/aarch64-xilinx-elf/13.3.0] ==> dir [/home/kuszman/Xilinx/2025.2/gnu/aarch64/lin/aarch64-none/x86_64-oesdk-linux/usr/bin/aarch64-xilinx-elf/../../lib/aarch64-xilinx-elf/gcc/aarch64-xilinx-elf/13.3.0]
    arg [-L/home/kuszman/Xilinx/2025.2/gnu/aarch64/lin/aarch64-none/x86_64-oesdk-linux/usr/bin/aarch64-xilinx-elf/../../lib/aarch64-xilinx-elf/gcc] ==> dir [/home/kuszman/Xilinx/2025.2/gnu/aarch64/lin/aarch64-none/x86_64-oesdk-linux/usr/bin/aarch64-xilinx-elf/../../lib/aarch64-xilinx-elf/gcc]
    arg [-L/home/kuszman/Xilinx/2025.2/Vitis/gnu/aarch64/lin/aarch64-none/bin/../aarch64-xilinx-elf/usr/lib64/aarch64-xilinx-elf/13.3.0] ==> dir [/home/kuszman/Xilinx/2025.2/Vitis/gnu/aarch64/lin/aarch64-none/bin/../aarch64-xilinx-elf/usr/lib64/aarch64-xilinx-elf/13.3.0]
    arg [-L/home/kuszman/Xilinx/2025.2/Vitis/gnu/aarch64/lin/aarch64-none/bin/../aarch64-xilinx-elf/usr/lib64] ==> dir [/home/kuszman/Xilinx/2025.2/Vitis/gnu/aarch64/lin/aarch64-none/bin/../aarch64-xilinx-elf/usr/lib64]
    arg [--no-warn-rwx-segment] ==> ignore
    arg [CMakeFiles/cmTC_8f57c.dir/CMakeCXXCompilerABI.cpp.obj] ==> ignore
    arg [-lstdc++] ==> lib [stdc++]
    arg [-lm] ==> lib [m]
    arg [-lgcc] ==> lib [gcc]
    arg [-lc] ==> lib [c]
    arg [-lgcc] ==> lib [gcc]
    arg [/home/kuszman/Xilinx/2025.2/Vitis/gnu/aarch64/lin/aarch64-none/bin/../aarch64-xilinx-elf/usr/lib64/aarch64-xilinx-elf/13.3.0/crtend.o] ==> obj [/home/kuszman/Xilinx/2025.2/Vitis/gnu/aarch64/lin/aarch64-none/bin/../aarch64-xilinx-elf/usr/lib64/aarch64-xilinx-elf/13.3.0/crtend.o]
    arg [/home/kuszman/Xilinx/2025.2/Vitis/gnu/aarch64/lin/aarch64-none/bin/../aarch64-xilinx-elf/usr/lib64/aarch64-xilinx-elf/13.3.0/crtn.o] ==> obj [/home/kuszman/Xilinx/2025.2/Vitis/gnu/aarch64/lin/aarch64-none/bin/../aarch64-xilinx-elf/usr/lib64/aarch64-xilinx-elf/13.3.0/crtn.o]
  collapse obj [/home/kuszman/Xilinx/2025.2/Vitis/gnu/aarch64/lin/aarch64-none/bin/../aarch64-xilinx-elf/usr/lib64/aarch64-xilinx-elf/13.3.0/crti.o] ==> [/home/kuszman/Xilinx/2025.2/Vitis/gnu/aarch64/lin/aarch64-none/aarch64-xilinx-elf/usr/lib64/aarch64-xilinx-elf/13.3.0/crti.o]
  collapse obj [/home/kuszman/Xilinx/2025.2/Vitis/gnu/aarch64/lin/aarch64-none/bin/../aarch64-xilinx-elf/usr/lib64/aarch64-xilinx-elf/13.3.0/crtbegin.o] ==> [/home/kuszman/Xilinx/2025.2/Vitis/gnu/aarch64/lin/aarch64-none/aarch64-xilinx-elf/usr/lib64/aarch64-xilinx-elf/13.3.0/crtbegin.o]
  collapse obj [/home/kuszman/Xilinx/2025.2/Vitis/gnu/aarch64/lin/aarch64-none/bin/../aarch64-xilinx-elf/usr/lib64/aarch64-xilinx-elf/13.3.0/crtend.o] ==> [/home/kuszman/Xilinx/2025.2/Vitis/gnu/aarch64/lin/aarch64-none/aarch64-xilinx-elf/usr/lib64/aarch64-xilinx-elf/13.3.0/crtend.o]
  collapse obj [/home/kuszman/Xilinx/2025.2/Vitis/gnu/aarch64/lin/aarch64-none/bin/../aarch64-xilinx-elf/usr/lib64/aarch64-xilinx-elf/13.3.0/crtn.o] ==> [/home/kuszman/Xilinx/2025.2/Vitis/gnu/aarch64/lin/aarch64-none/aarch64-xilinx-elf/usr/lib64/aarch64-xilinx-elf/13.3.0/crtn.o]
  collapse library dir [/home/kuszman/Xilinx/2025.2/gnu/aarch64/lin/aarch64-none/x86_64-oesdk-linux/usr/bin/aarch64-xilinx-elf/../../lib/aarch64-xilinx-elf/gcc/aarch64-xilinx-elf/13.3.0] ==> [/home/kuszman/Xilinx/2025.2/gnu/aarch64/lin/aarch64-none/x86_64-oesdk-linux/usr/lib/aarch64-xilinx-elf/gcc/aarch64-xilinx-elf/13.3.0]
  collapse library dir [/home/kuszman/Xilinx/2025.2/gnu/aarch64/lin/aarch64-none/x86_64-oesdk-linux/usr/bin/aarch64-xilinx-elf/../../lib/aarch64-xilinx-elf/gcc] ==> [/home/kuszman/Xilinx/2025.2/gnu/aarch64/lin/aarch64-none/x86_64-oesdk-linux/usr/lib/aarch64-xilinx-elf/gcc]
  collapse library dir [/home/kuszman/Xilinx/2025.2/Vitis/gnu/aarch64/lin/aarch64-none/bin/../aarch64-xilinx-elf/usr/lib64/aarch64-xilinx-elf/13.3.0] ==> [/home/kuszman/Xilinx/2025.2/Vitis/gnu/aarch64/lin/aarch64-none/aarch64-xilinx-elf/usr/lib64/aarch64-xilinx-elf/13.3.0]
  collapse library dir [/home/kuszman/Xilinx/2025.2/Vitis/gnu/aarch64/lin/aarch64-none/bin/../aarch64-xilinx-elf/usr/lib64] ==> [/home/kuszman/Xilinx/2025.2/Vitis/gnu/aarch64/lin/aarch64-none/aarch64-xilinx-elf/usr/lib64]
  implicit libs: [stdc++;m;gcc;c;gcc]
  implicit objs: [/home/kuszman/Xilinx/2025.2/Vitis/gnu/aarch64/lin/aarch64-none/aarch64-xilinx-elf/usr/lib64/aarch64-xilinx-elf/13.3.0/crti.o;/home/kuszman/Xilinx/2025.2/Vitis/gnu/aarch64/lin/aarch64-none/aarch64-xilinx-elf/usr/lib64/aarch64-xilinx-elf/13.3.0/crtbegin.o;/home/kuszman/Xilinx/2025.2/Vitis/gnu/aarch64/lin/aarch64-none/aarch64-xilinx-elf/usr/lib64/aarch64-xilinx-elf/13.3.0/crtend.o;/home/kuszman/Xilinx/2025.2/Vitis/gnu/aarch64/lin/aarch64-none/aarch64-xilinx-elf/usr/lib64/aarch64-xilinx-elf/13.3.0/crtn.o]
  implicit dirs: [/home/kuszman/Xilinx/2025.2/gnu/aarch64/lin/aarch64-none/x86_64-oesdk-linux/usr/lib/aarch64-xilinx-elf/gcc/aarch64-xilinx-elf/13.3.0;/home/kuszman/Xilinx/2025.2/gnu/aarch64/lin/aarch64-none/x86_64-oesdk-linux/usr/lib/aarch64-xilinx-elf/gcc;/home/kuszman/Xilinx/2025.2/Vitis/gnu/aarch64/lin/aarch64-none/aarch64-xilinx-elf/usr/lib64/aarch64-xilinx-elf/13.3.0;/home/kuszman/Xilinx/2025.2/Vitis/gnu/aarch64/lin/aarch64-none/aarch64-xilinx-elf/usr/lib64]
  implicit fwks: []


Checking whether the ASM compiler is GNU using "--version" matched "(GNU assembler)|(GCC)|(Free Software Foundation)":
aarch64-xilinx-elf-gcc.real (GCC) 13.3.0
Copyright (C) 2023 Free Software Foundation, Inc.
This is free software; see the source for copying conditions.  There is NO
warranty; not even for MERCHANTABILITY or FITNESS FOR A PARTICULAR PURPOSE.

